phase,dataset,model,label_fraction,design,scenario,method,seed,fdp,power,discoveries,true_discoveries,nonempty,reference_labels,training_labels,n_reference
acquisition,amazon,hgb_attributes,0.0,exposure_80,moderate,equal_alpha,0,0.05104604340504235,0.35924324324324325,71.28,66.46,0.9,2445.28,864.0,2282.22
acquisition,amazon,hgb_attributes,0.0,exposure_80,moderate,equal_alpha,1,0.05791575553404222,0.5081967213114754,99.3,93.0,1.0,2444.68,864.0,2286.32
acquisition,amazon,hgb_attributes,0.0,exposure_80,moderate,equal_alpha,2,0.06472798911711908,0.44808743169398907,88.92,82.0,1.0,2457.6,864.0,2293.88
acquisition,amazon,hgb_attributes,0.0,exposure_80,moderate,equal_alpha,3,0.04613293035960019,0.42634408602150536,84.06,79.3,1.0,2446.48,864.0,2280.22
acquisition,amazon,hgb_attributes,0.0,exposure_80,moderate,equal_alpha,4,0.05583530162569555,0.40108695652173915,78.58,73.8,1.0,2440.44,864.0,2285.84
acquisition,amazon,hgb_attributes,0.0,exposure_80,moderate,equal_alpha,5,0.042095098295604386,0.35301075268817206,69.1,65.66,0.98,2451.78,864.0,2291.9
acquisition,amazon,hgb_attributes,0.0,exposure_80,moderate,equal_alpha,6,0.032791368657961596,0.35776595744680845,69.96,67.26,1.0,2450.1,864.0,2279.7
acquisition,amazon,hgb_attributes,0.0,exposure_80,moderate,equal_alpha,7,0.034676201886738124,0.332192513368984,65.16,62.12,1.0,2442.68,864.0,2266.82
acquisition,amazon,hgb_attributes,0.0,exposure_80,moderate,equal_alpha,8,0.050955964510428046,0.2785945945945946,55.46,51.54,0.84,2444.08,864.0,2287.28
acquisition,amazon,hgb_attributes,0.0,exposure_80,moderate,equal_alpha,9,0.04868347983641204,0.27623655913978495,54.74,51.38,0.86,2451.0,864.0,2284.5
acquisition,amazon,hgb_attributes,0.0,exposure_80,moderate,pooled_reference,0,0.10953500680025088,0.7806486486486487,162.7,144.42,1.0,2445.28,864.0,2282.22
acquisition,amazon,hgb_attributes,0.0,exposure_80,moderate,pooled_reference,1,0.11000547790891492,0.7911475409836066,162.94,144.78,1.0,2444.68,864.0,2286.32
acquisition,amazon,hgb_attributes,0.0,exposure_80,moderate,pooled_reference,2,0.11490630133072349,0.7706010928961748,159.44,141.02,1.0,2457.6,864.0,2293.88
acquisition,amazon,hgb_attributes,0.0,exposure_80,moderate,pooled_reference,3,0.09773737014642758,0.8398924731182795,173.46,156.22,1.0,2446.48,864.0,2280.22
acquisition,amazon,hgb_attributes,0.0,exposure_80,moderate,pooled_reference,4,0.08528295607059669,0.7705434782608696,155.14,141.78,1.0,2440.44,864.0,2285.84
acquisition,amazon,hgb_attributes,0.0,exposure_80,moderate,pooled_reference,5,0.08790990793624706,0.7810752688172043,159.46,145.28,1.0,2451.78,864.0,2291.9
acquisition,amazon,hgb_attributes,0.0,exposure_80,moderate,pooled_reference,6,0.09323413257419988,0.7662765957446809,159.0,144.06,1.0,2450.1,864.0,2279.7
acquisition,amazon,hgb_attributes,0.0,exposure_80,moderate,pooled_reference,7,0.11527259139501372,0.806096256684492,170.62,150.74,1.0,2442.68,864.0,2266.82
acquisition,amazon,hgb_attributes,0.0,exposure_80,moderate,pooled_reference,8,0.10674697661976948,0.780864864864865,161.8,144.46,1.0,2444.08,864.0,2287.28
acquisition,amazon,hgb_attributes,0.0,exposure_80,moderate,pooled_reference,9,0.09534208363510428,0.8036559139784946,165.54,149.48,1.0,2451.0,864.0,2284.5
acquisition,amazon,hgb_attributes,0.0,exposure_80,moderate,pooled_stratum,0,0.08009464372139054,0.31232432432432433,63.42,57.78,1.0,2445.28,864.0,2282.22
acquisition,amazon,hgb_attributes,0.0,exposure_80,moderate,pooled_stratum,1,0.05688494942679341,0.28360655737704915,55.62,51.9,1.0,2444.68,864.0,2286.32
acquisition,amazon,hgb_attributes,0.0,exposure_80,moderate,pooled_stratum,2,0.08726824246180052,0.2595628415300546,52.22,47.5,1.0,2457.6,864.0,2293.88
acquisition,amazon,hgb_attributes,0.0,exposure_80,moderate,pooled_stratum,3,0.07292821062726752,0.3618279569892473,72.9,67.3,1.0,2446.48,864.0,2280.22
acquisition,amazon,hgb_attributes,0.0,exposure_80,moderate,pooled_stratum,4,0.06847176818510728,0.3139130434782609,62.18,57.76,1.0,2440.44,864.0,2285.84
acquisition,amazon,hgb_attributes,0.0,exposure_80,moderate,pooled_stratum,5,0.05520501774030249,0.267741935483871,52.92,49.8,1.0,2451.78,864.0,2291.9
acquisition,amazon,hgb_attributes,0.0,exposure_80,moderate,pooled_stratum,6,0.05466220649023264,0.35627659574468085,71.04,66.98,1.0,2450.1,864.0,2279.7
acquisition,amazon,hgb_attributes,0.0,exposure_80,moderate,pooled_stratum,7,0.07866642534778469,0.34641711229946526,70.82,64.78,1.0,2442.68,864.0,2266.82
acquisition,amazon,hgb_attributes,0.0,exposure_80,moderate,pooled_stratum,8,0.08795038819026885,0.30583783783783786,62.36,56.58,1.0,2444.08,864.0,2287.28
acquisition,amazon,hgb_attributes,0.0,exposure_80,moderate,pooled_stratum,9,0.07002757696476375,0.32591397849462367,65.58,60.62,1.0,2451.0,864.0,2284.5
acquisition,amazon,hgb_attributes,0.0,exposure_80,moderate,size_alpha,0,0.08009464372139054,0.31232432432432433,63.42,57.78,1.0,2445.28,864.0,2282.22
acquisition,amazon,hgb_attributes,0.0,exposure_80,moderate,size_alpha,1,0.0573113886592028,0.2733333333333334,53.46,50.02,1.0,2444.68,864.0,2286.32
acquisition,amazon,hgb_attributes,0.0,exposure_80,moderate,size_alpha,2,0.08726824246180052,0.2595628415300546,52.22,47.5,1.0,2457.6,864.0,2293.88
acquisition,amazon,hgb_attributes,0.0,exposure_80,moderate,size_alpha,3,0.07292821062726752,0.3618279569892473,72.9,67.3,1.0,2446.48,864.0,2280.22
acquisition,amazon,hgb_attributes,0.0,exposure_80,moderate,size_alpha,4,0.06847176818510728,0.3139130434782609,62.18,57.76,1.0,2440.44,864.0,2285.84
acquisition,amazon,hgb_attributes,0.0,exposure_80,moderate,size_alpha,5,0.05520501774030249,0.267741935483871,52.92,49.8,1.0,2451.78,864.0,2291.9
acquisition,amazon,hgb_attributes,0.0,exposure_80,moderate,size_alpha,6,0.05466220649023264,0.35627659574468085,71.04,66.98,1.0,2450.1,864.0,2279.7
acquisition,amazon,hgb_attributes,0.0,exposure_80,moderate,size_alpha,7,0.0786055172636208,0.3381818181818182,69.06,63.24,1.0,2442.68,864.0,2266.82
acquisition,amazon,hgb_attributes,0.0,exposure_80,moderate,size_alpha,8,0.08795038819026885,0.30583783783783786,62.36,56.58,1.0,2444.08,864.0,2287.28
acquisition,amazon,hgb_attributes,0.0,exposure_80,moderate,size_alpha,9,0.07002757696476375,0.32591397849462367,65.58,60.62,1.0,2451.0,864.0,2284.5
acquisition,amazon,hgb_attributes,0.0,exposure_80,moderate,uniform_counterfactual,0,0.10416507669773602,0.7778378378378379,161.0,143.9,1.0,2447.52,864.0,2216.38
acquisition,amazon,hgb_attributes,0.0,exposure_80,moderate,uniform_counterfactual,1,0.09374803321633576,0.7793442622950819,157.68,142.62,1.0,2447.74,864.0,2217.66
acquisition,amazon,hgb_attributes,0.0,exposure_80,moderate,uniform_counterfactual,2,0.10544453642405952,0.7640437158469945,156.48,139.82,1.0,2450.62,864.0,2219.48
acquisition,amazon,hgb_attributes,0.0,exposure_80,moderate,uniform_counterfactual,3,0.07748862558221595,0.8213978494623656,166.2,152.78,1.0,2447.2,864.0,2212.5
acquisition,amazon,hgb_attributes,0.0,exposure_80,moderate,uniform_counterfactual,4,0.07133829739567414,0.7555434782608695,149.86,139.02,1.0,2450.86,864.0,2217.94
acquisition,amazon,hgb_attributes,0.0,exposure_80,moderate,uniform_counterfactual,5,0.06730791832846188,0.7598924731182796,151.72,141.34,1.0,2453.34,864.0,2220.9
acquisition,amazon,hgb_attributes,0.0,exposure_80,moderate,uniform_counterfactual,6,0.07612471809213102,0.7586170212765957,154.52,142.62,1.0,2450.46,864.0,2215.06
acquisition,amazon,hgb_attributes,0.0,exposure_80,moderate,uniform_counterfactual,7,0.10025850456039766,0.7924064171122994,164.9,148.18,1.0,2443.62,864.0,2206.46
acquisition,amazon,hgb_attributes,0.0,exposure_80,moderate,uniform_counterfactual,8,0.09430921701778094,0.7766486486486487,158.78,143.68,1.0,2450.14,864.0,2218.06
acquisition,amazon,hgb_attributes,0.0,exposure_80,moderate,uniform_counterfactual,9,0.0814206460900533,0.7944086021505377,161.24,147.76,1.0,2447.68,864.0,2211.08
acquisition,amazon,hgb_attributes,0.0,exposure_80,moderate,weighted_bh,0,0.10518911034816952,0.7705945945945946,159.8,142.56,1.0,2445.28,864.0,2282.22
acquisition,amazon,hgb_attributes,0.0,exposure_80,moderate,weighted_bh,1,0.09261080326259258,0.7744262295081967,156.58,141.72,1.0,2444.68,864.0,2286.32
acquisition,amazon,hgb_attributes,0.0,exposure_80,moderate,weighted_bh,2,0.10010176851177978,0.7577049180327868,154.4,138.66,1.0,2457.6,864.0,2293.88
acquisition,amazon,hgb_attributes,0.0,exposure_80,moderate,weighted_bh,3,0.07855869426954604,0.793763440860215,161.36,147.64,1.0,2446.48,864.0,2280.22
acquisition,amazon,hgb_attributes,0.0,exposure_80,moderate,weighted_bh,4,0.07706587785633316,0.7427173913043478,148.54,136.66,1.0,2440.44,864.0,2285.84
acquisition,amazon,hgb_attributes,0.0,exposure_80,moderate,weighted_bh,5,0.06482201651391432,0.7280645161290323,145.38,135.42,1.0,2451.78,864.0,2291.9
acquisition,amazon,hgb_attributes,0.0,exposure_80,moderate,weighted_bh,6,0.07375122612643539,0.7291489361702128,148.6,137.08,0.98,2450.1,864.0,2279.7
acquisition,amazon,hgb_attributes,0.0,exposure_80,moderate,weighted_bh,7,0.09600218423497245,0.7712299465240642,160.4,144.22,1.0,2442.68,864.0,2266.82
acquisition,amazon,hgb_attributes,0.0,exposure_80,moderate,weighted_bh,8,0.09127454688417268,0.764,155.92,141.34,1.0,2444.08,864.0,2287.28
acquisition,amazon,hgb_attributes,0.0,exposure_80,moderate,weighted_bh,9,0.07904505185345777,0.7421505376344086,151.14,138.04,0.96,2451.0,864.0,2284.5
acquisition,amazon,hgb_attributes,0.0,exposure_80,moderate,weighted_by,0,0.0,0.0,0.0,0.0,0.0,2445.28,864.0,2282.22
acquisition,amazon,hgb_attributes,0.0,exposure_80,moderate,weighted_by,1,0.0,0.0,0.0,0.0,0.0,2444.68,864.0,2286.32
acquisition,amazon,hgb_attributes,0.0,exposure_80,moderate,weighted_by,2,0.0,0.0,0.0,0.0,0.0,2457.6,864.0,2293.88
acquisition,amazon,hgb_attributes,0.0,exposure_80,moderate,weighted_by,3,0.0035741699083078633,0.01860215053763441,3.68,3.46,0.06,2446.48,864.0,2280.22
acquisition,amazon,hgb_attributes,0.0,exposure_80,moderate,weighted_by,4,0.0,0.0,0.0,0.0,0.0,2440.44,864.0,2285.84
acquisition,amazon,hgb_attributes,0.0,exposure_80,moderate,weighted_by,5,0.0,0.0,0.0,0.0,0.0,2451.78,864.0,2291.9
acquisition,amazon,hgb_attributes,0.0,exposure_80,moderate,weighted_by,6,0.0008333333333333333,0.013936170212765957,2.68,2.62,0.04,2450.1,864.0,2279.7
acquisition,amazon,hgb_attributes,0.0,exposure_80,moderate,weighted_by,7,0.0006451612903225806,0.006417112299465241,1.24,1.2,0.02,2442.68,864.0,2266.82
acquisition,amazon,hgb_attributes,0.0,exposure_80,moderate,weighted_by,8,0.0,0.0,0.0,0.0,0.0,2444.08,864.0,2287.28
acquisition,amazon,hgb_attributes,0.0,exposure_80,moderate,weighted_by,9,0.0,0.0,0.0,0.0,0.0,2451.0,864.0,2284.5
acquisition,amazon,hgb_attributes,0.0,exposure_80,neutral,equal_alpha,0,0.04212472352213428,0.6422702702702704,124.1,118.82,1.0,2914.34,864.0,2640.02
acquisition,amazon,hgb_attributes,0.0,exposure_80,neutral,equal_alpha,1,0.05046727048144062,0.6775956284153005,130.86,124.0,1.0,2917.14,864.0,2642.92
acquisition,amazon,hgb_attributes,0.0,exposure_80,neutral,equal_alpha,2,0.06217204005869564,0.6959562841530055,136.14,127.36,1.0,2920.02,864.0,2644.44
acquisition,amazon,hgb_attributes,0.0,exposure_80,neutral,equal_alpha,3,0.03832498113996324,0.643225806451613,125.02,119.64,1.0,2911.98,864.0,2633.38
acquisition,amazon,hgb_attributes,0.0,exposure_80,neutral,equal_alpha,4,0.04573643975485523,0.621195652173913,119.7,114.3,1.0,2913.2,864.0,2637.28
acquisition,amazon,hgb_attributes,0.0,exposure_80,neutral,equal_alpha,5,0.03551901769898085,0.62247311827957,120.22,115.78,1.0,2921.38,864.0,2645.1
acquisition,amazon,hgb_attributes,0.0,exposure_80,neutral,equal_alpha,6,0.0348280714452049,0.5346808510638298,104.4,100.52,1.0,2916.62,864.0,2636.14
acquisition,amazon,hgb_attributes,0.0,exposure_80,neutral,equal_alpha,7,0.03284642108498292,0.6023529411764705,116.72,112.64,1.0,2910.9,864.0,2628.12
acquisition,amazon,hgb_attributes,0.0,exposure_80,neutral,equal_alpha,8,0.03566670898526735,0.6228108108108108,119.84,115.22,1.0,2913.64,864.0,2635.88
acquisition,amazon,hgb_attributes,0.0,exposure_80,neutral,equal_alpha,9,0.052637680318254165,0.48505376344086026,95.44,90.22,1.0,2913.68,864.0,2632.18
acquisition,amazon,hgb_attributes,0.0,exposure_80,neutral,pooled_reference,0,0.10224012563796782,0.7777297297297298,160.58,143.88,1.0,2914.34,864.0,2640.02
acquisition,amazon,hgb_attributes,0.0,exposure_80,neutral,pooled_reference,1,0.09461016488332305,0.778360655737705,157.64,142.44,1.0,2917.14,864.0,2642.92
acquisition,amazon,hgb_attributes,0.0,exposure_80,neutral,pooled_reference,2,0.10716698138983202,0.7659016393442623,157.14,140.16,1.0,2920.02,864.0,2644.44
acquisition,amazon,hgb_attributes,0.0,exposure_80,neutral,pooled_reference,3,0.07795825018948264,0.8227956989247311,166.52,153.04,1.0,2911.98,864.0,2633.38
acquisition,amazon,hgb_attributes,0.0,exposure_80,neutral,pooled_reference,4,0.07314948751179769,0.7563043478260869,150.3,139.16,1.0,2913.2,864.0,2637.28
acquisition,amazon,hgb_attributes,0.0,exposure_80,neutral,pooled_reference,5,0.0699515891012921,0.7641935483870967,152.96,142.14,1.0,2921.38,864.0,2645.1
acquisition,amazon,hgb_attributes,0.0,exposure_80,neutral,pooled_reference,6,0.07910956634277445,0.7602127659574468,155.3,142.92,1.0,2916.62,864.0,2636.14
acquisition,amazon,hgb_attributes,0.0,exposure_80,neutral,pooled_reference,7,0.10059761822989444,0.7937967914438502,165.2,148.44,1.0,2910.9,864.0,2628.12
acquisition,amazon,hgb_attributes,0.0,exposure_80,neutral,pooled_reference,8,0.09584527569221292,0.7775135135135135,159.2,143.84,1.0,2913.64,864.0,2635.88
acquisition,amazon,hgb_attributes,0.0,exposure_80,neutral,pooled_reference,9,0.08282780327696214,0.7973118279569893,162.04,148.3,1.0,2913.68,864.0,2632.18
acquisition,amazon,hgb_attributes,0.0,exposure_80,neutral,pooled_stratum,0,0.09920096151106061,0.7641081081081081,157.22,141.36,1.0,2914.34,864.0,2640.02
acquisition,amazon,hgb_attributes,0.0,exposure_80,neutral,pooled_stratum,1,0.08739775766048365,0.6793442622950819,136.62,124.32,1.0,2917.14,864.0,2642.92
acquisition,amazon,hgb_attributes,0.0,exposure_80,neutral,pooled_stratum,2,0.08932083614034962,0.6848087431693989,137.98,125.32,1.0,2920.02,864.0,2644.44
acquisition,amazon,hgb_attributes,0.0,exposure_80,neutral,pooled_stratum,3,0.08555054736764557,0.7061290322580644,144.12,131.34,1.0,2911.98,864.0,2633.38
acquisition,amazon,hgb_attributes,0.0,exposure_80,neutral,pooled_stratum,4,0.07375667371775763,0.6331521739130435,126.0,116.5,1.0,2913.2,864.0,2637.28
acquisition,amazon,hgb_attributes,0.0,exposure_80,neutral,pooled_stratum,5,0.06796354956626185,0.5934408602150537,118.94,110.38,1.0,2921.38,864.0,2645.1
acquisition,amazon,hgb_attributes,0.0,exposure_80,neutral,pooled_stratum,6,0.07824230392896867,0.5907446808510638,120.82,111.06,1.0,2916.62,864.0,2636.14
acquisition,amazon,hgb_attributes,0.0,exposure_80,neutral,pooled_stratum,7,0.09893642177166466,0.6837433155080214,142.12,127.86,1.0,2910.9,864.0,2628.12
acquisition,amazon,hgb_attributes,0.0,exposure_80,neutral,pooled_stratum,8,0.0945232257267141,0.7153513513513513,146.32,132.34,1.0,2913.64,864.0,2635.88
acquisition,amazon,hgb_attributes,0.0,exposure_80,neutral,pooled_stratum,9,0.08608653562191446,0.61247311827957,125.2,113.92,1.0,2913.68,864.0,2632.18
acquisition,amazon,hgb_attributes,0.0,exposure_80,neutral,size_alpha,0,0.07493628367911156,0.4207567567567568,83.86,77.84,1.0,2914.34,864.0,2640.02
acquisition,amazon,hgb_attributes,0.0,exposure_80,neutral,size_alpha,1,0.06268682626397001,0.37311475409836065,72.72,68.28,1.0,2917.14,864.0,2642.92
acquisition,amazon,hgb_attributes,0.0,exposure_80,neutral,size_alpha,2,0.06935587303974437,0.44349726775956283,86.76,81.16,1.0,2920.02,864.0,2644.44
acquisition,amazon,hgb_attributes,0.0,exposure_80,neutral,size_alpha,3,0.06483145697647964,0.47892473118279566,95.54,89.08,1.0,2911.98,864.0,2633.38
acquisition,amazon,hgb_attributes,0.0,exposure_80,neutral,size_alpha,4,0.06457946811442493,0.3778260869565217,74.28,69.52,1.0,2913.2,864.0,2637.28
acquisition,amazon,hgb_attributes,0.0,exposure_80,neutral,size_alpha,5,0.04901625702346726,0.3556989247311828,69.52,66.16,1.0,2921.38,864.0,2645.1
acquisition,amazon,hgb_attributes,0.0,exposure_80,neutral,size_alpha,6,0.0533961304938533,0.37255319148936167,74.18,70.04,1.0,2916.62,864.0,2636.14
acquisition,amazon,hgb_attributes,0.0,exposure_80,neutral,size_alpha,7,0.07229804896961088,0.4289839572192513,86.34,80.22,1.0,2910.9,864.0,2628.12
acquisition,amazon,hgb_attributes,0.0,exposure_80,neutral,size_alpha,8,0.07162407260515928,0.4624864864864865,92.0,85.56,1.0,2913.64,864.0,2635.88
acquisition,amazon,hgb_attributes,0.0,exposure_80,neutral,size_alpha,9,0.07172556160679955,0.34376344086021504,69.3,63.94,1.0,2913.68,864.0,2632.18
acquisition,amazon,hgb_attributes,0.0,exposure_80,neutral,uniform_counterfactual,0,0.10224012563796782,0.7777297297297298,160.58,143.88,1.0,2914.34,864.0,2640.02
acquisition,amazon,hgb_attributes,0.0,exposure_80,neutral,uniform_counterfactual,1,0.09461016488332305,0.778360655737705,157.64,142.44,1.0,2917.14,864.0,2642.92
acquisition,amazon,hgb_attributes,0.0,exposure_80,neutral,uniform_counterfactual,2,0.10716698138983202,0.7659016393442623,157.14,140.16,1.0,2920.02,864.0,2644.44
acquisition,amazon,hgb_attributes,0.0,exposure_80,neutral,uniform_counterfactual,3,0.07795825018948264,0.8227956989247311,166.52,153.04,1.0,2911.98,864.0,2633.38
acquisition,amazon,hgb_attributes,0.0,exposure_80,neutral,uniform_counterfactual,4,0.07314948751179769,0.7563043478260869,150.3,139.16,1.0,2913.2,864.0,2637.28
acquisition,amazon,hgb_attributes,0.0,exposure_80,neutral,uniform_counterfactual,5,0.0699515891012921,0.7641935483870967,152.96,142.14,1.0,2921.38,864.0,2645.1
acquisition,amazon,hgb_attributes,0.0,exposure_80,neutral,uniform_counterfactual,6,0.07910956634277445,0.7602127659574468,155.3,142.92,1.0,2916.62,864.0,2636.14
acquisition,amazon,hgb_attributes,0.0,exposure_80,neutral,uniform_counterfactual,7,0.10059761822989444,0.7937967914438502,165.2,148.44,1.0,2910.9,864.0,2628.12
acquisition,amazon,hgb_attributes,0.0,exposure_80,neutral,uniform_counterfactual,8,0.09584527569221292,0.7775135135135135,159.2,143.84,1.0,2913.64,864.0,2635.88
acquisition,amazon,hgb_attributes,0.0,exposure_80,neutral,uniform_counterfactual,9,0.08282780327696214,0.7973118279569893,162.04,148.3,1.0,2913.68,864.0,2632.18
acquisition,amazon,hgb_attributes,0.0,exposure_80,neutral,weighted_bh,0,0.10224012563796782,0.7777297297297298,160.58,143.88,1.0,2914.34,864.0,2640.02
acquisition,amazon,hgb_attributes,0.0,exposure_80,neutral,weighted_bh,1,0.09461016488332305,0.778360655737705,157.64,142.44,1.0,2917.14,864.0,2642.92
acquisition,amazon,hgb_attributes,0.0,exposure_80,neutral,weighted_bh,2,0.10716698138983202,0.7659016393442623,157.14,140.16,1.0,2920.02,864.0,2644.44
acquisition,amazon,hgb_attributes,0.0,exposure_80,neutral,weighted_bh,3,0.07795825018948264,0.8227956989247311,166.52,153.04,1.0,2911.98,864.0,2633.38
acquisition,amazon,hgb_attributes,0.0,exposure_80,neutral,weighted_bh,4,0.07314948751179769,0.7563043478260869,150.3,139.16,1.0,2913.2,864.0,2637.28
acquisition,amazon,hgb_attributes,0.0,exposure_80,neutral,weighted_bh,5,0.0699515891012921,0.7641935483870967,152.96,142.14,1.0,2921.38,864.0,2645.1
acquisition,amazon,hgb_attributes,0.0,exposure_80,neutral,weighted_bh,6,0.07910956634277445,0.7602127659574468,155.3,142.92,1.0,2916.62,864.0,2636.14
acquisition,amazon,hgb_attributes,0.0,exposure_80,neutral,weighted_bh,7,0.10059761822989444,0.7937967914438502,165.2,148.44,1.0,2910.9,864.0,2628.12
acquisition,amazon,hgb_attributes,0.0,exposure_80,neutral,weighted_bh,8,0.09584527569221292,0.7775135135135135,159.2,143.84,1.0,2913.64,864.0,2635.88
acquisition,amazon,hgb_attributes,0.0,exposure_80,neutral,weighted_bh,9,0.08282780327696214,0.7973118279569893,162.04,148.3,1.0,2913.68,864.0,2632.18
acquisition,amazon,hgb_attributes,0.0,exposure_80,neutral,weighted_by,0,0.0027661082628590594,0.058702702702702704,11.06,10.86,0.16,2914.34,864.0,2640.02
acquisition,amazon,hgb_attributes,0.0,exposure_80,neutral,weighted_by,1,0.0060882833677307225,0.12688524590163935,23.88,23.22,0.24,2917.14,864.0,2642.92
acquisition,amazon,hgb_attributes,0.0,exposure_80,neutral,weighted_by,2,0.007623226380323844,0.2724590163934426,50.72,49.86,0.54,2920.02,864.0,2644.44
acquisition,amazon,hgb_attributes,0.0,exposure_80,neutral,weighted_by,3,0.011734949779319017,0.19494623655913978,37.64,36.26,0.36,2911.98,864.0,2633.38
acquisition,amazon,hgb_attributes,0.0,exposure_80,neutral,weighted_by,4,0.004302058089362987,0.1317391304347826,24.62,24.24,0.3,2913.2,864.0,2637.28
acquisition,amazon,hgb_attributes,0.0,exposure_80,neutral,weighted_by,5,0.0009941573033707865,0.031827956989247314,6.02,5.92,0.06,2921.38,864.0,2645.1
acquisition,amazon,hgb_attributes,0.0,exposure_80,neutral,weighted_by,6,0.002941263357104941,0.030425531914893614,5.94,5.72,0.08,2916.62,864.0,2636.14
acquisition,amazon,hgb_attributes,0.0,exposure_80,neutral,weighted_by,7,0.00476409377459245,0.0962566844919786,18.38,18.0,0.24,2910.9,864.0,2628.12
acquisition,amazon,hgb_attributes,0.0,exposure_80,neutral,weighted_by,8,0.0020511514526731405,0.03924324324324324,7.52,7.26,0.06,2913.64,864.0,2635.88
acquisition,amazon,hgb_attributes,0.0,exposure_80,neutral,weighted_by,9,0.002541544477028348,0.01956989247311828,3.8,3.64,0.06,2913.68,864.0,2632.18
acquisition,amazon,hgb_attributes,0.0,exposure_80,severe,equal_alpha,0,0.041591101903146036,0.22843243243243244,44.66,42.26,0.88,2358.52,864.0,2216.0
acquisition,amazon,hgb_attributes,0.0,exposure_80,severe,equal_alpha,1,0.041659006961834805,0.24120218579234973,46.44,44.14,1.0,2355.56,864.0,2218.3
acquisition,amazon,hgb_attributes,0.0,exposure_80,severe,equal_alpha,2,0.05981171718837775,0.23114754098360657,45.26,42.3,1.0,2368.02,864.0,2226.64
acquisition,amazon,hgb_attributes,0.0,exposure_80,severe,equal_alpha,3,0.044467763844259746,0.32526881720430106,63.62,60.5,1.0,2358.4,864.0,2212.58
acquisition,amazon,hgb_attributes,0.0,exposure_80,severe,equal_alpha,4,0.05064159708893973,0.29945652173913045,58.18,55.1,1.0,2353.9,864.0,2221.76
acquisition,amazon,hgb_attributes,0.0,exposure_80,severe,equal_alpha,5,0.035815733373681484,0.2296774193548387,44.64,42.72,0.98,2364.16,864.0,2227.2
acquisition,amazon,hgb_attributes,0.0,exposure_80,severe,equal_alpha,6,0.029194191894363807,0.33244680851063824,64.5,62.5,1.0,2363.98,864.0,2213.36
acquisition,amazon,hgb_attributes,0.0,exposure_80,severe,equal_alpha,7,0.03173048034490955,0.2667379679144385,52.06,49.88,1.0,2353.92,864.0,2199.24
acquisition,amazon,hgb_attributes,0.0,exposure_80,severe,equal_alpha,8,0.044166094940780755,0.2135135135135135,42.2,39.5,0.78,2359.2,864.0,2223.18
acquisition,amazon,hgb_attributes,0.0,exposure_80,severe,equal_alpha,9,0.043644624962041495,0.21376344086021504,42.18,39.76,0.82,2362.24,864.0,2218.38
acquisition,amazon,hgb_attributes,0.0,exposure_80,severe,pooled_reference,0,0.10938109769847117,0.7794594594594595,162.46,144.2,1.0,2358.52,864.0,2216.0
acquisition,amazon,hgb_attributes,0.0,exposure_80,severe,pooled_reference,1,0.11240799984433647,0.7938797814207651,163.96,145.28,1.0,2355.56,864.0,2218.3
acquisition,amazon,hgb_attributes,0.0,exposure_80,severe,pooled_reference,2,0.11705520707292058,0.7711475409836065,159.92,141.12,1.0,2368.02,864.0,2226.64
acquisition,amazon,hgb_attributes,0.0,exposure_80,severe,pooled_reference,3,0.10174695895706236,0.8418279569892474,174.62,156.58,1.0,2358.4,864.0,2212.58
acquisition,amazon,hgb_attributes,0.0,exposure_80,severe,pooled_reference,4,0.0868017035217522,0.7716304347826087,155.6,141.98,1.0,2353.9,864.0,2221.76
acquisition,amazon,hgb_attributes,0.0,exposure_80,severe,pooled_reference,5,0.09674666907284904,0.7886021505376344,162.58,146.68,1.0,2364.16,864.0,2227.2
acquisition,amazon,hgb_attributes,0.0,exposure_80,severe,pooled_reference,6,0.09857597744068203,0.7686170212765957,160.4,144.5,1.0,2363.98,864.0,2213.36
acquisition,amazon,hgb_attributes,0.0,exposure_80,severe,pooled_reference,7,0.1217743218100488,0.8118716577540107,173.14,151.82,1.0,2353.92,864.0,2199.24
acquisition,amazon,hgb_attributes,0.0,exposure_80,severe,pooled_reference,8,0.10798773581527443,0.7809729729729731,162.04,144.48,1.0,2359.2,864.0,2223.18
acquisition,amazon,hgb_attributes,0.0,exposure_80,severe,pooled_reference,9,0.09961146125176881,0.8046236559139786,166.5,149.66,1.0,2362.24,864.0,2218.38
acquisition,amazon,hgb_attributes,0.0,exposure_80,severe,pooled_stratum,0,0.08009464372139054,0.31232432432432433,63.42,57.78,1.0,2358.52,864.0,2216.0
acquisition,amazon,hgb_attributes,0.0,exposure_80,severe,pooled_stratum,1,0.0573113886592028,0.2733333333333334,53.46,50.02,1.0,2355.56,864.0,2218.3
acquisition,amazon,hgb_attributes,0.0,exposure_80,severe,pooled_stratum,2,0.08726824246180052,0.2595628415300546,52.22,47.5,1.0,2368.02,864.0,2226.64
acquisition,amazon,hgb_attributes,0.0,exposure_80,severe,pooled_stratum,3,0.07292821062726752,0.3618279569892473,72.9,67.3,1.0,2358.4,864.0,2212.58
acquisition,amazon,hgb_attributes,0.0,exposure_80,severe,pooled_stratum,4,0.06847176818510728,0.3139130434782609,62.18,57.76,1.0,2353.9,864.0,2221.76
acquisition,amazon,hgb_attributes,0.0,exposure_80,severe,pooled_stratum,5,0.05520501774030249,0.267741935483871,52.92,49.8,1.0,2364.16,864.0,2227.2
acquisition,amazon,hgb_attributes,0.0,exposure_80,severe,pooled_stratum,6,0.05466220649023264,0.35627659574468085,71.04,66.98,1.0,2363.98,864.0,2213.36
acquisition,amazon,hgb_attributes,0.0,exposure_80,severe,pooled_stratum,7,0.0786055172636208,0.3381818181818182,69.06,63.24,1.0,2353.92,864.0,2199.24
acquisition,amazon,hgb_attributes,0.0,exposure_80,severe,pooled_stratum,8,0.08795038819026885,0.30583783783783786,62.36,56.58,1.0,2359.2,864.0,2223.18
acquisition,amazon,hgb_attributes,0.0,exposure_80,severe,pooled_stratum,9,0.07002757696476375,0.32591397849462367,65.58,60.62,1.0,2362.24,864.0,2218.38
acquisition,amazon,hgb_attributes,0.0,exposure_80,severe,size_alpha,0,0.08009464372139054,0.31232432432432433,63.42,57.78,1.0,2358.52,864.0,2216.0
acquisition,amazon,hgb_attributes,0.0,exposure_80,severe,size_alpha,1,0.0573113886592028,0.2733333333333334,53.46,50.02,1.0,2355.56,864.0,2218.3
acquisition,amazon,hgb_attributes,0.0,exposure_80,severe,size_alpha,2,0.08726824246180052,0.2595628415300546,52.22,47.5,1.0,2368.02,864.0,2226.64
acquisition,amazon,hgb_attributes,0.0,exposure_80,severe,size_alpha,3,0.07292821062726752,0.3618279569892473,72.9,67.3,1.0,2358.4,864.0,2212.58
acquisition,amazon,hgb_attributes,0.0,exposure_80,severe,size_alpha,4,0.06847176818510728,0.3139130434782609,62.18,57.76,1.0,2353.9,864.0,2221.76
acquisition,amazon,hgb_attributes,0.0,exposure_80,severe,size_alpha,5,0.05520501774030249,0.267741935483871,52.92,49.8,1.0,2364.16,864.0,2227.2
acquisition,amazon,hgb_attributes,0.0,exposure_80,severe,size_alpha,6,0.05466220649023264,0.35627659574468085,71.04,66.98,1.0,2363.98,864.0,2213.36
acquisition,amazon,hgb_attributes,0.0,exposure_80,severe,size_alpha,7,0.0786055172636208,0.3381818181818182,69.06,63.24,1.0,2353.92,864.0,2199.24
acquisition,amazon,hgb_attributes,0.0,exposure_80,severe,size_alpha,8,0.08795038819026885,0.30583783783783786,62.36,56.58,1.0,2359.2,864.0,2223.18
acquisition,amazon,hgb_attributes,0.0,exposure_80,severe,size_alpha,9,0.07002757696476375,0.32591397849462367,65.58,60.62,1.0,2362.24,864.0,2218.38
acquisition,amazon,hgb_attributes,0.0,exposure_80,severe,uniform_counterfactual,0,0.10362339030599023,0.7748108108108108,160.34,143.34,1.0,2359.86,864.0,2137.42
acquisition,amazon,hgb_attributes,0.0,exposure_80,severe,uniform_counterfactual,1,0.09357997230916994,0.7793442622950819,157.68,142.62,1.0,2360.62,864.0,2138.74
acquisition,amazon,hgb_attributes,0.0,exposure_80,severe,uniform_counterfactual,2,0.10452924535985979,0.7638251366120218,156.28,139.78,1.0,2364.6,864.0,2141.58
acquisition,amazon,hgb_attributes,0.0,exposure_80,severe,uniform_counterfactual,3,0.07881164408145208,0.8205376344086021,166.32,152.62,1.0,2360.74,864.0,2134.32
acquisition,amazon,hgb_attributes,0.0,exposure_80,severe,uniform_counterfactual,4,0.07207503977913662,0.7539130434782609,149.68,138.72,1.0,2362.38,864.0,2137.44
acquisition,amazon,hgb_attributes,0.0,exposure_80,severe,uniform_counterfactual,5,0.06751832840603565,0.7588172043010752,151.58,141.14,1.0,2365.74,864.0,2141.8
acquisition,amazon,hgb_attributes,0.0,exposure_80,severe,uniform_counterfactual,6,0.07618183948006588,0.7585106382978724,154.52,142.6,1.0,2363.0,864.0,2136.2
acquisition,amazon,hgb_attributes,0.0,exposure_80,severe,uniform_counterfactual,7,0.10139739591741424,0.7925133689839572,165.14,148.2,1.0,2356.9,864.0,2127.66
acquisition,amazon,hgb_attributes,0.0,exposure_80,severe,uniform_counterfactual,8,0.09255846523274222,0.7761081081081082,158.38,143.58,1.0,2364.14,864.0,2140.04
acquisition,amazon,hgb_attributes,0.0,exposure_80,severe,uniform_counterfactual,9,0.08084822010758476,0.7954838709677419,161.36,147.96,1.0,2361.12,864.0,2132.38
acquisition,amazon,hgb_attributes,0.0,exposure_80,severe,weighted_bh,0,0.08545626403098058,0.32854054054054055,67.62,60.78,0.98,2358.52,864.0,2216.0
acquisition,amazon,hgb_attributes,0.0,exposure_80,severe,weighted_bh,1,0.057327194554414235,0.35704918032786886,71.04,65.34,1.0,2355.56,864.0,2218.3
acquisition,amazon,hgb_attributes,0.0,exposure_80,severe,weighted_bh,2,0.09130984306980995,0.36360655737704917,73.82,66.54,1.0,2368.02,864.0,2226.64
acquisition,amazon,hgb_attributes,0.0,exposure_80,severe,weighted_bh,3,0.08626764060939207,0.5458064516129032,114.34,101.52,1.0,2358.4,864.0,2212.58
acquisition,amazon,hgb_attributes,0.0,exposure_80,severe,weighted_bh,4,0.060005197268665975,0.3798913043478261,75.9,69.9,1.0,2353.9,864.0,2221.76
acquisition,amazon,hgb_attributes,0.0,exposure_80,severe,weighted_bh,5,0.06405896936695568,0.3440860215053763,70.5,64.0,1.0,2364.16,864.0,2227.2
acquisition,amazon,hgb_attributes,0.0,exposure_80,severe,weighted_bh,6,0.05752709374456948,0.3980851063829787,80.98,74.84,0.98,2363.98,864.0,2213.36
acquisition,amazon,hgb_attributes,0.0,exposure_80,severe,weighted_bh,7,0.08359306899402563,0.4657754010695187,97.2,87.1,1.0,2353.92,864.0,2199.24
acquisition,amazon,hgb_attributes,0.0,exposure_80,severe,weighted_bh,8,0.09433722103486288,0.3232432432432432,66.94,59.8,0.96,2359.2,864.0,2223.18
acquisition,amazon,hgb_attributes,0.0,exposure_80,severe,weighted_bh,9,0.06879785826431707,0.3494623655913978,70.98,65.0,0.96,2362.24,864.0,2218.38
acquisition,amazon,hgb_attributes,0.0,exposure_80,severe,weighted_by,0,0.0,0.0,0.0,0.0,0.0,2358.52,864.0,2216.0
acquisition,amazon,hgb_attributes,0.0,exposure_80,severe,weighted_by,1,0.004001111419838844,0.01180327868852459,2.4,2.16,0.04,2355.56,864.0,2218.3
acquisition,amazon,hgb_attributes,0.0,exposure_80,severe,weighted_by,2,0.0,0.0,0.0,0.0,0.0,2368.02,864.0,2226.64
acquisition,amazon,hgb_attributes,0.0,exposure_80,severe,weighted_by,3,0.005875757209895165,0.03225806451612903,6.38,6.0,0.1,2358.4,864.0,2212.58
acquisition,amazon,hgb_attributes,0.0,exposure_80,severe,weighted_by,4,0.0013114754098360656,0.006195652173913043,1.22,1.14,0.02,2353.9,864.0,2221.76
acquisition,amazon,hgb_attributes,0.0,exposure_80,severe,weighted_by,5,0.0,0.0,0.0,0.0,0.0,2364.16,864.0,2227.2
acquisition,amazon,hgb_attributes,0.0,exposure_80,severe,weighted_by,6,0.0018502824858757062,0.019893617021276594,3.86,3.74,0.06,2363.98,864.0,2213.36
acquisition,amazon,hgb_attributes,0.0,exposure_80,severe,weighted_by,7,0.000625,0.0066310160427807486,1.28,1.24,0.02,2353.92,864.0,2199.24
acquisition,amazon,hgb_attributes,0.0,exposure_80,severe,weighted_by,8,0.0,0.0,0.0,0.0,0.0,2359.2,864.0,2223.18
acquisition,amazon,hgb_attributes,0.0,exposure_80,severe,weighted_by,9,0.0,0.0,0.0,0.0,0.0,2362.24,864.0,2218.38
acquisition,amazon,hgb_attributes,0.0,zero_exposure,moderate,equal_alpha,0,0.05134755471692574,0.41924324324324325,82.22,77.56,0.9,1456.96,864.0,1318.12
acquisition,amazon,hgb_attributes,0.0,zero_exposure,moderate,equal_alpha,1,0.05420760757639016,0.5344262295081967,103.86,97.8,1.0,1353.24,864.0,1227.76
acquisition,amazon,hgb_attributes,0.0,zero_exposure,moderate,equal_alpha,2,0.05318989493141908,0.5534426229508197,107.8,101.28,1.0,1452.72,864.0,1317.1
acquisition,amazon,hgb_attributes,0.0,zero_exposure,moderate,equal_alpha,3,0.04865168432457342,0.5368817204301075,106.38,99.86,0.98,1453.82,864.0,1317.24
acquisition,amazon,hgb_attributes,0.0,zero_exposure,moderate,equal_alpha,4,0.05740657745054248,0.49630434782608696,96.96,91.32,1.0,1444.68,864.0,1318.64
acquisition,amazon,hgb_attributes,0.0,zero_exposure,moderate,equal_alpha,5,0.037867371143939316,0.4103225806451613,79.8,76.32,0.96,1378.26,864.0,1249.9
acquisition,amazon,hgb_attributes,0.0,zero_exposure,moderate,equal_alpha,6,0.031012562204280898,0.3942553191489362,76.92,74.12,1.0,1592.74,864.0,1441.7
acquisition,amazon,hgb_attributes,0.0,zero_exposure,moderate,equal_alpha,7,0.04396453040958146,0.40641711229946526,80.4,76.0,0.94,1394.4,864.0,1249.66
acquisition,amazon,hgb_attributes,0.0,zero_exposure,moderate,equal_alpha,8,0.04950912750425395,0.4091891891891892,80.7,75.7,0.86,1409.28,864.0,1278.64
acquisition,amazon,hgb_attributes,0.0,zero_exposure,moderate,equal_alpha,9,0.03977916298171593,0.3865591397849462,75.76,71.9,0.88,1480.5,864.0,1340.22
acquisition,amazon,hgb_attributes,0.0,zero_exposure,moderate,pooled_reference,0,0.08940554824287837,0.7589189189189188,154.78,140.4,1.0,1456.96,864.0,1318.12
acquisition,amazon,hgb_attributes,0.0,zero_exposure,moderate,pooled_reference,1,0.09566613696258232,0.7825136612021858,158.58,143.2,1.0,1353.24,864.0,1227.76
acquisition,amazon,hgb_attributes,0.0,zero_exposure,moderate,pooled_reference,2,0.08867731454991354,0.7533333333333333,151.48,137.86,1.0,1452.72,864.0,1317.1
acquisition,amazon,hgb_attributes,0.0,zero_exposure,moderate,pooled_reference,3,0.08630699269204074,0.826989247311828,168.92,153.82,1.0,1453.82,864.0,1317.24
acquisition,amazon,hgb_attributes,0.0,zero_exposure,moderate,pooled_reference,4,0.07410814199310992,0.7526086956521739,149.86,138.48,1.0,1444.68,864.0,1318.64
acquisition,amazon,hgb_attributes,0.0,zero_exposure,moderate,pooled_reference,5,0.08166866889680997,0.7750537634408602,157.24,144.16,1.0,1378.26,864.0,1249.9
acquisition,amazon,hgb_attributes,0.0,zero_exposure,moderate,pooled_reference,6,0.07302524999119644,0.7580851063829788,153.86,142.52,1.0,1592.74,864.0,1441.7
acquisition,amazon,hgb_attributes,0.0,zero_exposure,moderate,pooled_reference,7,0.09634961662443436,0.7866310160427807,163.3,147.1,1.0,1394.4,864.0,1249.66
acquisition,amazon,hgb_attributes,0.0,zero_exposure,moderate,pooled_reference,8,0.08076687511286681,0.7664864864864864,154.5,141.8,1.0,1409.28,864.0,1278.64
acquisition,amazon,hgb_attributes,0.0,zero_exposure,moderate,pooled_reference,9,0.08291661697259706,0.7809677419354838,159.0,145.26,1.0,1480.5,864.0,1340.22
acquisition,amazon,hgb_attributes,0.0,zero_exposure,moderate,pooled_stratum,0,0.09237430421004789,0.7431351351351352,152.54,137.48,1.0,1456.96,864.0,1318.12
acquisition,amazon,hgb_attributes,0.0,zero_exposure,moderate,pooled_stratum,1,0.08277810874233771,0.7451366120218579,149.36,136.36,1.0,1353.24,864.0,1227.76
acquisition,amazon,hgb_attributes,0.0,zero_exposure,moderate,pooled_stratum,2,0.08586913101134284,0.7449180327868852,149.52,136.32,1.0,1452.72,864.0,1317.1
acquisition,amazon,hgb_attributes,0.0,zero_exposure,moderate,pooled_stratum,3,0.0798859411291773,0.7721505376344087,157.28,143.62,1.0,1453.82,864.0,1317.24
acquisition,amazon,hgb_attributes,0.0,zero_exposure,moderate,pooled_stratum,4,0.07488964788947385,0.7304347826086957,145.9,134.4,1.0,1444.68,864.0,1318.64
acquisition,amazon,hgb_attributes,0.0,zero_exposure,moderate,pooled_stratum,5,0.06773516329230456,0.7064516129032258,141.64,131.4,1.0,1378.26,864.0,1249.9
acquisition,amazon,hgb_attributes,0.0,zero_exposure,moderate,pooled_stratum,6,0.06494026222192983,0.6711702127659575,135.72,126.18,1.0,1592.74,864.0,1441.7
acquisition,amazon,hgb_attributes,0.0,zero_exposure,moderate,pooled_stratum,7,0.08584921184887452,0.7423529411764705,152.74,138.82,1.0,1394.4,864.0,1249.66
acquisition,amazon,hgb_attributes,0.0,zero_exposure,moderate,pooled_stratum,8,0.0837775376808042,0.7348108108108109,149.26,135.94,0.98,1409.28,864.0,1278.64
acquisition,amazon,hgb_attributes,0.0,zero_exposure,moderate,pooled_stratum,9,0.0710182483370665,0.6850537634408602,138.84,127.42,0.92,1480.5,864.0,1340.22
acquisition,amazon,hgb_attributes,0.0,zero_exposure,moderate,size_alpha,0,0.04455772038915168,0.42605405405405405,83.08,78.82,0.9,1456.96,864.0,1318.12
acquisition,amazon,hgb_attributes,0.0,zero_exposure,moderate,size_alpha,1,0.05593182716513672,0.5743169398907103,111.84,105.1,1.0,1353.24,864.0,1227.76
acquisition,amazon,hgb_attributes,0.0,zero_exposure,moderate,size_alpha,2,0.05321840815782127,0.5821857923497268,113.36,106.54,1.0,1452.72,864.0,1317.1
acquisition,amazon,hgb_attributes,0.0,zero_exposure,moderate,size_alpha,3,0.04335936188615733,0.5480645161290323,108.36,101.94,0.96,1453.82,864.0,1317.24
acquisition,amazon,hgb_attributes,0.0,zero_exposure,moderate,size_alpha,4,0.04808108646742786,0.5169565217391304,100.62,95.12,1.0,1444.68,864.0,1318.64
acquisition,amazon,hgb_attributes,0.0,zero_exposure,moderate,size_alpha,5,0.03299743854790969,0.44064516129032255,85.44,81.96,0.9,1378.26,864.0,1249.9
acquisition,amazon,hgb_attributes,0.0,zero_exposure,moderate,size_alpha,6,0.029200560161618306,0.431063829787234,83.94,81.04,1.0,1592.74,864.0,1441.7
acquisition,amazon,hgb_attributes,0.0,zero_exposure,moderate,size_alpha,7,0.032332683629776565,0.4011764705882353,78.66,75.02,0.86,1394.4,864.0,1249.66
acquisition,amazon,hgb_attributes,0.0,zero_exposure,moderate,size_alpha,8,0.044845096686082275,0.38,74.86,70.3,0.78,1409.28,864.0,1278.64
acquisition,amazon,hgb_attributes,0.0,zero_exposure,moderate,size_alpha,9,0.03789542050092348,0.3302150537634409,64.66,61.42,0.86,1480.5,864.0,1340.22
acquisition,amazon,hgb_attributes,0.0,zero_exposure,moderate,uniform_counterfactual,0,0.104907876636221,0.7751351351351352,160.84,143.4,1.0,1460.24,864.0,1322.3
acquisition,amazon,hgb_attributes,0.0,zero_exposure,moderate,uniform_counterfactual,1,0.08725856075785929,0.7762841530054645,155.96,142.06,1.0,1351.88,864.0,1226.14
acquisition,amazon,hgb_attributes,0.0,zero_exposure,moderate,uniform_counterfactual,2,0.10209986039306042,0.7614207650273224,155.48,139.34,1.0,1447.98,864.0,1311.16
acquisition,amazon,hgb_attributes,0.0,zero_exposure,moderate,uniform_counterfactual,3,0.08130839982691425,0.8201075268817205,166.76,152.54,1.0,1454.26,864.0,1315.26
acquisition,amazon,hgb_attributes,0.0,zero_exposure,moderate,uniform_counterfactual,4,0.07594781705763196,0.7542391304347826,150.5,138.78,1.0,1447.8,864.0,1309.72
acquisition,amazon,hgb_attributes,0.0,zero_exposure,moderate,uniform_counterfactual,5,0.06707995877363712,0.7520430107526882,150.24,139.88,1.0,1380.74,864.0,1251.06
acquisition,amazon,hgb_attributes,0.0,zero_exposure,moderate,uniform_counterfactual,6,0.07219907829713716,0.755531914893617,153.32,142.04,1.0,1586.58,864.0,1435.5
acquisition,amazon,hgb_attributes,0.0,zero_exposure,moderate,uniform_counterfactual,7,0.09575282243713834,0.7819251336898395,162.4,146.22,1.0,1404.7,864.0,1265.42
acquisition,amazon,hgb_attributes,0.0,zero_exposure,moderate,uniform_counterfactual,8,0.09246577145976835,0.7721081081081081,157.68,142.84,1.0,1415.28,864.0,1283.84
acquisition,amazon,hgb_attributes,0.0,zero_exposure,moderate,uniform_counterfactual,9,0.08313366642775699,0.7704301075268818,157.14,143.3,1.0,1480.64,864.0,1337.54
acquisition,amazon,hgb_attributes,0.0,zero_exposure,moderate,weighted_bh,0,0.10145171939839535,0.7628108108108108,157.78,141.12,1.0,1456.96,864.0,1318.12
acquisition,amazon,hgb_attributes,0.0,zero_exposure,moderate,weighted_bh,1,0.08532331677263791,0.7677595628415301,154.18,140.5,1.0,1353.24,864.0,1227.76
acquisition,amazon,hgb_attributes,0.0,zero_exposure,moderate,weighted_bh,2,0.10109384338186407,0.7557377049180327,154.36,138.3,1.0,1452.72,864.0,1317.1
acquisition,amazon,hgb_attributes,0.0,zero_exposure,moderate,weighted_bh,3,0.08078838335771979,0.7929032258064517,161.7,147.48,1.0,1453.82,864.0,1317.24
acquisition,amazon,hgb_attributes,0.0,zero_exposure,moderate,weighted_bh,4,0.07514163157069141,0.7393478260869566,147.74,136.04,1.0,1444.68,864.0,1318.64
acquisition,amazon,hgb_attributes,0.0,zero_exposure,moderate,weighted_bh,5,0.06364821334300715,0.7236559139784946,144.42,134.6,0.98,1378.26,864.0,1249.9
acquisition,amazon,hgb_attributes,0.0,zero_exposure,moderate,weighted_bh,6,0.06834789934757639,0.7125531914893617,144.64,133.96,0.96,1592.74,864.0,1441.7
acquisition,amazon,hgb_attributes,0.0,zero_exposure,moderate,weighted_bh,7,0.09166768957243314,0.7722994652406417,159.9,144.42,1.0,1394.4,864.0,1249.66
acquisition,amazon,hgb_attributes,0.0,zero_exposure,moderate,weighted_bh,8,0.09015197034086322,0.7634594594594595,155.68,141.24,1.0,1409.28,864.0,1278.64
acquisition,amazon,hgb_attributes,0.0,zero_exposure,moderate,weighted_bh,9,0.07784817156857647,0.7348387096774194,149.56,136.68,0.96,1480.5,864.0,1340.22
acquisition,amazon,hgb_attributes,0.0,zero_exposure,moderate,weighted_by,0,0.0,0.0,0.0,0.0,0.0,1456.96,864.0,1318.12
acquisition,amazon,hgb_attributes,0.0,zero_exposure,moderate,weighted_by,1,0.0,0.0,0.0,0.0,0.0,1353.24,864.0,1227.76
acquisition,amazon,hgb_attributes,0.0,zero_exposure,moderate,weighted_by,2,0.0,0.0,0.0,0.0,0.0,1452.72,864.0,1317.1
acquisition,amazon,hgb_attributes,0.0,zero_exposure,moderate,weighted_by,3,0.0,0.0,0.0,0.0,0.0,1453.82,864.0,1317.24
acquisition,amazon,hgb_attributes,0.0,zero_exposure,moderate,weighted_by,4,0.0,0.0,0.0,0.0,0.0,1444.68,864.0,1318.64
acquisition,amazon,hgb_attributes,0.0,zero_exposure,moderate,weighted_by,5,0.0,0.0,0.0,0.0,0.0,1378.26,864.0,1249.9
acquisition,amazon,hgb_attributes,0.0,zero_exposure,moderate,weighted_by,6,0.0016250000000000001,0.012659574468085107,2.48,2.38,0.04,1592.74,864.0,1441.7
acquisition,amazon,hgb_attributes,0.0,zero_exposure,moderate,weighted_by,7,0.0,0.0,0.0,0.0,0.0,1394.4,864.0,1249.66
acquisition,amazon,hgb_attributes,0.0,zero_exposure,moderate,weighted_by,8,0.0,0.0,0.0,0.0,0.0,1409.28,864.0,1278.64
acquisition,amazon,hgb_attributes,0.0,zero_exposure,moderate,weighted_by,9,0.0,0.0,0.0,0.0,0.0,1480.5,864.0,1340.22
acquisition,amazon,hgb_attributes,0.0,zero_exposure,neutral,equal_alpha,0,0.04081304104276459,0.6228108108108108,120.46,115.22,1.0,2914.34,864.0,2640.02
acquisition,amazon,hgb_attributes,0.0,zero_exposure,neutral,equal_alpha,1,0.046094678894561356,0.7072131147540983,135.88,129.42,1.0,2917.14,864.0,2642.92
acquisition,amazon,hgb_attributes,0.0,zero_exposure,neutral,equal_alpha,2,0.06471650307794503,0.7037158469945355,137.88,128.78,1.0,2920.02,864.0,2644.44
acquisition,amazon,hgb_attributes,0.0,zero_exposure,neutral,equal_alpha,3,0.04581258214701126,0.6831182795698925,134.06,127.06,1.0,2911.98,864.0,2633.38
acquisition,amazon,hgb_attributes,0.0,zero_exposure,neutral,equal_alpha,4,0.04351344484667535,0.6623913043478261,127.52,121.88,1.0,2913.2,864.0,2637.28
acquisition,amazon,hgb_attributes,0.0,zero_exposure,neutral,equal_alpha,5,0.04064012039383763,0.6237634408602151,121.16,116.02,1.0,2921.38,864.0,2645.1
acquisition,amazon,hgb_attributes,0.0,zero_exposure,neutral,equal_alpha,6,0.034489947117907406,0.5765957446808511,112.46,108.4,1.0,2916.62,864.0,2636.14
acquisition,amazon,hgb_attributes,0.0,zero_exposure,neutral,equal_alpha,7,0.03531215699784146,0.607807486631016,118.16,113.66,1.0,2910.9,864.0,2628.12
acquisition,amazon,hgb_attributes,0.0,zero_exposure,neutral,equal_alpha,8,0.04070150789097247,0.6123243243243244,118.54,113.28,1.0,2913.64,864.0,2635.88
acquisition,amazon,hgb_attributes,0.0,zero_exposure,neutral,equal_alpha,9,0.04921605597412532,0.5466666666666666,107.8,101.68,0.96,2913.68,864.0,2632.18
acquisition,amazon,hgb_attributes,0.0,zero_exposure,neutral,pooled_reference,0,0.10224012563796782,0.7777297297297298,160.58,143.88,1.0,2914.34,864.0,2640.02
acquisition,amazon,hgb_attributes,0.0,zero_exposure,neutral,pooled_reference,1,0.09461016488332305,0.778360655737705,157.64,142.44,1.0,2917.14,864.0,2642.92
acquisition,amazon,hgb_attributes,0.0,zero_exposure,neutral,pooled_reference,2,0.10716698138983202,0.7659016393442623,157.14,140.16,1.0,2920.02,864.0,2644.44
acquisition,amazon,hgb_attributes,0.0,zero_exposure,neutral,pooled_reference,3,0.07795825018948264,0.8227956989247311,166.52,153.04,1.0,2911.98,864.0,2633.38
acquisition,amazon,hgb_attributes,0.0,zero_exposure,neutral,pooled_reference,4,0.07314948751179769,0.7563043478260869,150.3,139.16,1.0,2913.2,864.0,2637.28
acquisition,amazon,hgb_attributes,0.0,zero_exposure,neutral,pooled_reference,5,0.0699515891012921,0.7641935483870967,152.96,142.14,1.0,2921.38,864.0,2645.1
acquisition,amazon,hgb_attributes,0.0,zero_exposure,neutral,pooled_reference,6,0.07910956634277445,0.7602127659574468,155.3,142.92,1.0,2916.62,864.0,2636.14
acquisition,amazon,hgb_attributes,0.0,zero_exposure,neutral,pooled_reference,7,0.10059761822989444,0.7937967914438502,165.2,148.44,1.0,2910.9,864.0,2628.12
acquisition,amazon,hgb_attributes,0.0,zero_exposure,neutral,pooled_reference,8,0.09584527569221292,0.7775135135135135,159.2,143.84,1.0,2913.64,864.0,2635.88
acquisition,amazon,hgb_attributes,0.0,zero_exposure,neutral,pooled_reference,9,0.08282780327696214,0.7973118279569893,162.04,148.3,1.0,2913.68,864.0,2632.18
acquisition,amazon,hgb_attributes,0.0,zero_exposure,neutral,pooled_stratum,0,0.10155036431499713,0.7718918918918919,159.38,142.8,1.0,2914.34,864.0,2640.02
acquisition,amazon,hgb_attributes,0.0,zero_exposure,neutral,pooled_stratum,1,0.08830556843288374,0.7721311475409836,155.3,141.3,1.0,2917.14,864.0,2642.92
acquisition,amazon,hgb_attributes,0.0,zero_exposure,neutral,pooled_stratum,2,0.10017070901426718,0.7672131147540984,156.16,140.4,1.0,2920.02,864.0,2644.44
acquisition,amazon,hgb_attributes,0.0,zero_exposure,neutral,pooled_stratum,3,0.08041837872051265,0.819462365591398,166.16,152.42,1.0,2911.98,864.0,2633.38
acquisition,amazon,hgb_attributes,0.0,zero_exposure,neutral,pooled_stratum,4,0.07084586809834156,0.7519565217391304,149.06,138.36,1.0,2913.2,864.0,2637.28
acquisition,amazon,hgb_attributes,0.0,zero_exposure,neutral,pooled_stratum,5,0.07169780396175146,0.7613978494623656,152.74,141.62,1.0,2921.38,864.0,2645.1
acquisition,amazon,hgb_attributes,0.0,zero_exposure,neutral,pooled_stratum,6,0.07653499428907519,0.7590425531914893,154.62,142.7,1.0,2916.62,864.0,2636.14
acquisition,amazon,hgb_attributes,0.0,zero_exposure,neutral,pooled_stratum,7,0.09823110028524205,0.784385026737968,162.78,146.68,1.0,2910.9,864.0,2628.12
acquisition,amazon,hgb_attributes,0.0,zero_exposure,neutral,pooled_stratum,8,0.08972733215898408,0.7731891891891892,157.28,143.04,1.0,2913.64,864.0,2635.88
acquisition,amazon,hgb_attributes,0.0,zero_exposure,neutral,pooled_stratum,9,0.08036085860970055,0.7874193548387096,159.7,146.46,1.0,2913.68,864.0,2632.18
acquisition,amazon,hgb_attributes,0.0,zero_exposure,neutral,size_alpha,0,0.048388301314431094,0.5934054054054054,115.64,109.78,1.0,2914.34,864.0,2640.02
acquisition,amazon,hgb_attributes,0.0,zero_exposure,neutral,size_alpha,1,0.05453194501859952,0.707431693989071,137.08,129.46,1.0,2917.14,864.0,2642.92
acquisition,amazon,hgb_attributes,0.0,zero_exposure,neutral,size_alpha,2,0.07194528443962106,0.6886338797814208,135.96,126.02,1.0,2920.02,864.0,2644.44
acquisition,amazon,hgb_attributes,0.0,zero_exposure,neutral,size_alpha,3,0.05037761585082221,0.689247311827957,135.96,128.2,1.0,2911.98,864.0,2633.38
acquisition,amazon,hgb_attributes,0.0,zero_exposure,neutral,size_alpha,4,0.04230638881554382,0.67,128.86,123.28,1.0,2913.2,864.0,2637.28
acquisition,amazon,hgb_attributes,0.0,zero_exposure,neutral,size_alpha,5,0.04504903512952264,0.5969892473118279,116.4,111.04,1.0,2921.38,864.0,2645.1
acquisition,amazon,hgb_attributes,0.0,zero_exposure,neutral,size_alpha,6,0.034748791283340054,0.6222340425531915,121.38,116.98,1.0,2916.62,864.0,2636.14
acquisition,amazon,hgb_attributes,0.0,zero_exposure,neutral,size_alpha,7,0.04844353389299528,0.5591443850267379,110.16,104.56,1.0,2910.9,864.0,2628.12
acquisition,amazon,hgb_attributes,0.0,zero_exposure,neutral,size_alpha,8,0.049775479565200724,0.557945945945946,108.88,103.22,1.0,2913.64,864.0,2635.88
acquisition,amazon,hgb_attributes,0.0,zero_exposure,neutral,size_alpha,9,0.05444285385848925,0.5202150537634409,103.12,96.76,0.96,2913.68,864.0,2632.18
acquisition,amazon,hgb_attributes,0.0,zero_exposure,neutral,uniform_counterfactual,0,0.10224012563796782,0.7777297297297298,160.58,143.88,1.0,2914.34,864.0,2640.02
acquisition,amazon,hgb_attributes,0.0,zero_exposure,neutral,uniform_counterfactual,1,0.09461016488332305,0.778360655737705,157.64,142.44,1.0,2917.14,864.0,2642.92
acquisition,amazon,hgb_attributes,0.0,zero_exposure,neutral,uniform_counterfactual,2,0.10716698138983202,0.7659016393442623,157.14,140.16,1.0,2920.02,864.0,2644.44
acquisition,amazon,hgb_attributes,0.0,zero_exposure,neutral,uniform_counterfactual,3,0.07795825018948264,0.8227956989247311,166.52,153.04,1.0,2911.98,864.0,2633.38
acquisition,amazon,hgb_attributes,0.0,zero_exposure,neutral,uniform_counterfactual,4,0.07314948751179769,0.7563043478260869,150.3,139.16,1.0,2913.2,864.0,2637.28
acquisition,amazon,hgb_attributes,0.0,zero_exposure,neutral,uniform_counterfactual,5,0.0699515891012921,0.7641935483870967,152.96,142.14,1.0,2921.38,864.0,2645.1
acquisition,amazon,hgb_attributes,0.0,zero_exposure,neutral,uniform_counterfactual,6,0.07910956634277445,0.7602127659574468,155.3,142.92,1.0,2916.62,864.0,2636.14
acquisition,amazon,hgb_attributes,0.0,zero_exposure,neutral,uniform_counterfactual,7,0.10059761822989444,0.7937967914438502,165.2,148.44,1.0,2910.9,864.0,2628.12
acquisition,amazon,hgb_attributes,0.0,zero_exposure,neutral,uniform_counterfactual,8,0.09584527569221292,0.7775135135135135,159.2,143.84,1.0,2913.64,864.0,2635.88
acquisition,amazon,hgb_attributes,0.0,zero_exposure,neutral,uniform_counterfactual,9,0.08282780327696214,0.7973118279569893,162.04,148.3,1.0,2913.68,864.0,2632.18
acquisition,amazon,hgb_attributes,0.0,zero_exposure,neutral,weighted_bh,0,0.10224012563796782,0.7777297297297298,160.58,143.88,1.0,2914.34,864.0,2640.02
acquisition,amazon,hgb_attributes,0.0,zero_exposure,neutral,weighted_bh,1,0.09461016488332305,0.778360655737705,157.64,142.44,1.0,2917.14,864.0,2642.92
acquisition,amazon,hgb_attributes,0.0,zero_exposure,neutral,weighted_bh,2,0.10716698138983202,0.7659016393442623,157.14,140.16,1.0,2920.02,864.0,2644.44
acquisition,amazon,hgb_attributes,0.0,zero_exposure,neutral,weighted_bh,3,0.07795825018948264,0.8227956989247311,166.52,153.04,1.0,2911.98,864.0,2633.38
acquisition,amazon,hgb_attributes,0.0,zero_exposure,neutral,weighted_bh,4,0.07314948751179769,0.7563043478260869,150.3,139.16,1.0,2913.2,864.0,2637.28
acquisition,amazon,hgb_attributes,0.0,zero_exposure,neutral,weighted_bh,5,0.0699515891012921,0.7641935483870967,152.96,142.14,1.0,2921.38,864.0,2645.1
acquisition,amazon,hgb_attributes,0.0,zero_exposure,neutral,weighted_bh,6,0.07910956634277445,0.7602127659574468,155.3,142.92,1.0,2916.62,864.0,2636.14
acquisition,amazon,hgb_attributes,0.0,zero_exposure,neutral,weighted_bh,7,0.10059761822989444,0.7937967914438502,165.2,148.44,1.0,2910.9,864.0,2628.12
acquisition,amazon,hgb_attributes,0.0,zero_exposure,neutral,weighted_bh,8,0.09584527569221292,0.7775135135135135,159.2,143.84,1.0,2913.64,864.0,2635.88
acquisition,amazon,hgb_attributes,0.0,zero_exposure,neutral,weighted_bh,9,0.08282780327696214,0.7973118279569893,162.04,148.3,1.0,2913.68,864.0,2632.18
acquisition,amazon,hgb_attributes,0.0,zero_exposure,neutral,weighted_by,0,0.0027661082628590594,0.058702702702702704,11.06,10.86,0.16,2914.34,864.0,2640.02
acquisition,amazon,hgb_attributes,0.0,zero_exposure,neutral,weighted_by,1,0.0060882833677307225,0.12688524590163935,23.88,23.22,0.24,2917.14,864.0,2642.92
acquisition,amazon,hgb_attributes,0.0,zero_exposure,neutral,weighted_by,2,0.007623226380323844,0.2724590163934426,50.72,49.86,0.54,2920.02,864.0,2644.44
acquisition,amazon,hgb_attributes,0.0,zero_exposure,neutral,weighted_by,3,0.011734949779319017,0.19494623655913978,37.64,36.26,0.36,2911.98,864.0,2633.38
acquisition,amazon,hgb_attributes,0.0,zero_exposure,neutral,weighted_by,4,0.004302058089362987,0.1317391304347826,24.62,24.24,0.3,2913.2,864.0,2637.28
acquisition,amazon,hgb_attributes,0.0,zero_exposure,neutral,weighted_by,5,0.0009941573033707865,0.031827956989247314,6.02,5.92,0.06,2921.38,864.0,2645.1
acquisition,amazon,hgb_attributes,0.0,zero_exposure,neutral,weighted_by,6,0.002941263357104941,0.030425531914893614,5.94,5.72,0.08,2916.62,864.0,2636.14
acquisition,amazon,hgb_attributes,0.0,zero_exposure,neutral,weighted_by,7,0.00476409377459245,0.0962566844919786,18.38,18.0,0.24,2910.9,864.0,2628.12
acquisition,amazon,hgb_attributes,0.0,zero_exposure,neutral,weighted_by,8,0.0020511514526731405,0.03924324324324324,7.52,7.26,0.06,2913.64,864.0,2635.88
acquisition,amazon,hgb_attributes,0.0,zero_exposure,neutral,weighted_by,9,0.002541544477028348,0.01956989247311828,3.8,3.64,0.06,2913.68,864.0,2632.18
acquisition,amazon,hgb_attributes,0.0,zero_exposure,severe,equal_alpha,0,0.048054041938228036,0.19027027027027027,37.86,35.2,0.76,1183.1,864.0,1069.22
acquisition,amazon,hgb_attributes,0.0,zero_exposure,severe,equal_alpha,1,0.04041046945228674,0.2221857923497268,42.56,40.66,1.0,1061.38,864.0,962.72
acquisition,amazon,hgb_attributes,0.0,zero_exposure,severe,equal_alpha,2,0.04134986285352788,0.18513661202185794,35.56,33.88,1.0,1174.08,864.0,1066.32
acquisition,amazon,hgb_attributes,0.0,zero_exposure,severe,equal_alpha,3,0.03182253451045471,0.2786021505376344,53.78,51.82,0.98,1181.68,864.0,1071.6
acquisition,amazon,hgb_attributes,0.0,zero_exposure,severe,equal_alpha,4,0.05111664266352158,0.25,48.6,46.0,1.0,1173.36,864.0,1074.88
acquisition,amazon,hgb_attributes,0.0,zero_exposure,severe,equal_alpha,5,0.0344217463509389,0.14720430107526883,28.9,27.38,0.8,1087.18,864.0,988.24
acquisition,amazon,hgb_attributes,0.0,zero_exposure,severe,equal_alpha,6,0.026300136882365436,0.30861702127659574,59.66,58.02,1.0,1345.06,864.0,1217.66
acquisition,amazon,hgb_attributes,0.0,zero_exposure,severe,equal_alpha,7,0.03294659909941133,0.20374331550802138,40.0,38.1,0.92,1109.42,864.0,992.1
acquisition,amazon,hgb_attributes,0.0,zero_exposure,severe,equal_alpha,8,0.04074535078070287,0.1490810810810811,29.58,27.58,0.66,1129.98,864.0,1024.66
acquisition,amazon,hgb_attributes,0.0,zero_exposure,severe,equal_alpha,9,0.029419323179772014,0.22548387096774192,43.6,41.94,0.82,1209.96,864.0,1096.64
acquisition,amazon,hgb_attributes,0.0,zero_exposure,severe,pooled_reference,0,0.07883384723017593,0.7441081081081081,150.18,137.66,1.0,1183.1,864.0,1069.22
acquisition,amazon,hgb_attributes,0.0,zero_exposure,severe,pooled_reference,1,0.10330885918643425,0.7846994535519126,160.54,143.6,1.0,1061.38,864.0,962.72
acquisition,amazon,hgb_attributes,0.0,zero_exposure,severe,pooled_reference,2,0.08180297302161228,0.7495081967213114,149.54,137.16,1.0,1174.08,864.0,1066.32
acquisition,amazon,hgb_attributes,0.0,zero_exposure,severe,pooled_reference,3,0.0874622813977304,0.8276344086021505,169.12,153.94,1.0,1181.68,864.0,1071.6
acquisition,amazon,hgb_attributes,0.0,zero_exposure,severe,pooled_reference,4,0.06885755162804165,0.7489130434782609,148.22,137.8,1.0,1173.36,864.0,1074.88
acquisition,amazon,hgb_attributes,0.0,zero_exposure,severe,pooled_reference,5,0.09028452436638831,0.7821505376344087,160.26,145.48,1.0,1087.18,864.0,988.24
acquisition,amazon,hgb_attributes,0.0,zero_exposure,severe,pooled_reference,6,0.07319754327586604,0.7585106382978724,153.94,142.6,1.0,1345.06,864.0,1217.66
acquisition,amazon,hgb_attributes,0.0,zero_exposure,severe,pooled_reference,7,0.09721124193423519,0.78524064171123,163.44,146.84,1.0,1109.42,864.0,992.1
acquisition,amazon,hgb_attributes,0.0,zero_exposure,severe,pooled_reference,8,0.07294015724988334,0.7574054054054054,151.42,140.12,1.0,1129.98,864.0,1024.66
acquisition,amazon,hgb_attributes,0.0,zero_exposure,severe,pooled_reference,9,0.07880367159559623,0.7676344086021506,155.76,142.78,1.0,1209.96,864.0,1096.64
acquisition,amazon,hgb_attributes,0.0,zero_exposure,severe,pooled_stratum,0,0.03873906024041291,0.16281081081081084,32.76,30.12,0.7,1183.1,864.0,1069.22
acquisition,amazon,hgb_attributes,0.0,zero_exposure,severe,pooled_stratum,1,0.047296149394717796,0.23683060109289616,48.98,43.34,1.0,1061.38,864.0,962.72
acquisition,amazon,hgb_attributes,0.0,zero_exposure,severe,pooled_stratum,2,0.031143905131220614,0.16021857923497268,30.38,29.32,1.0,1174.08,864.0,1066.32
acquisition,amazon,hgb_attributes,0.0,zero_exposure,severe,pooled_stratum,3,0.02661979823428454,0.2693548387096774,53.22,50.1,0.9,1181.68,864.0,1071.6
acquisition,amazon,hgb_attributes,0.0,zero_exposure,severe,pooled_stratum,4,0.034091058997134105,0.22434782608695653,42.96,41.28,1.0,1173.36,864.0,1074.88
acquisition,amazon,hgb_attributes,0.0,zero_exposure,severe,pooled_stratum,5,0.027453974654048904,0.1268817204301075,26.14,23.6,0.56,1087.18,864.0,988.24
acquisition,amazon,hgb_attributes,0.0,zero_exposure,severe,pooled_stratum,6,0.022329233731447812,0.3024468085106383,58.22,56.86,1.0,1345.06,864.0,1217.66
acquisition,amazon,hgb_attributes,0.0,zero_exposure,severe,pooled_stratum,7,0.043247942874018966,0.19689839572192513,44.38,36.82,0.58,1109.42,864.0,992.1
acquisition,amazon,hgb_attributes,0.0,zero_exposure,severe,pooled_stratum,8,0.02897054571532197,0.10432432432432433,23.6,19.3,0.32,1129.98,864.0,1024.66
acquisition,amazon,hgb_attributes,0.0,zero_exposure,severe,pooled_stratum,9,0.022497450951328643,0.1521505376344086,29.88,28.3,0.66,1209.96,864.0,1096.64
acquisition,amazon,hgb_attributes,0.0,zero_exposure,severe,size_alpha,0,0.0358797607235047,0.15200000000000002,29.9,28.12,0.7,1183.1,864.0,1069.22
acquisition,amazon,hgb_attributes,0.0,zero_exposure,severe,size_alpha,1,0.031947235580467345,0.19737704918032786,37.54,36.12,1.0,1061.38,864.0,962.72
acquisition,amazon,hgb_attributes,0.0,zero_exposure,severe,size_alpha,2,0.031143905131220614,0.16021857923497268,30.38,29.32,1.0,1174.08,864.0,1066.32
acquisition,amazon,hgb_attributes,0.0,zero_exposure,severe,size_alpha,3,0.01880326777512903,0.2443010752688172,46.48,45.44,0.9,1181.68,864.0,1071.6
acquisition,amazon,hgb_attributes,0.0,zero_exposure,severe,size_alpha,4,0.034091058997134105,0.22434782608695653,42.96,41.28,1.0,1173.36,864.0,1074.88
acquisition,amazon,hgb_attributes,0.0,zero_exposure,severe,size_alpha,5,0.020971970535924023,0.09924731182795699,19.4,18.46,0.56,1087.18,864.0,988.24
acquisition,amazon,hgb_attributes,0.0,zero_exposure,severe,size_alpha,6,0.022329233731447812,0.3024468085106383,58.22,56.86,1.0,1345.06,864.0,1217.66
acquisition,amazon,hgb_attributes,0.0,zero_exposure,severe,size_alpha,7,0.015037751412825782,0.11315508021390375,21.96,21.16,0.54,1109.42,864.0,992.1
acquisition,amazon,hgb_attributes,0.0,zero_exposure,severe,size_alpha,8,0.02729419614913572,0.08940540540540541,19.72,16.54,0.32,1129.98,864.0,1024.66
acquisition,amazon,hgb_attributes,0.0,zero_exposure,severe,size_alpha,9,0.019227244000918645,0.1403225806451613,26.98,26.1,0.66,1209.96,864.0,1096.64
acquisition,amazon,hgb_attributes,0.0,zero_exposure,severe,uniform_counterfactual,0,0.10156916088055404,0.7697297297297296,159.08,142.4,1.0,1187.7,864.0,1075.6
acquisition,amazon,hgb_attributes,0.0,zero_exposure,severe,uniform_counterfactual,1,0.08721716977692809,0.772896174863388,155.3,141.44,1.0,1059.16,864.0,960.36
acquisition,amazon,hgb_attributes,0.0,zero_exposure,severe,uniform_counterfactual,2,0.10089302137763158,0.7615300546448087,155.32,139.36,1.0,1172.94,864.0,1061.06
acquisition,amazon,hgb_attributes,0.0,zero_exposure,severe,uniform_counterfactual,3,0.07899245935397549,0.8143010752688172,165.32,151.46,1.0,1184.36,864.0,1070.94
acquisition,amazon,hgb_attributes,0.0,zero_exposure,severe,uniform_counterfactual,4,0.07444442506487621,0.7540217391304348,150.28,138.74,1.0,1173.02,864.0,1060.62
acquisition,amazon,hgb_attributes,0.0,zero_exposure,severe,uniform_counterfactual,5,0.07094899208039593,0.7539784946236558,151.4,140.24,1.0,1092.14,864.0,990.2
acquisition,amazon,hgb_attributes,0.0,zero_exposure,severe,uniform_counterfactual,6,0.07008352980099332,0.7517021276595744,152.26,141.32,1.0,1342.6,864.0,1214.72
acquisition,amazon,hgb_attributes,0.0,zero_exposure,severe,uniform_counterfactual,7,0.09769233213313135,0.7847058823529411,163.26,146.74,1.0,1119.08,864.0,1008.44
acquisition,amazon,hgb_attributes,0.0,zero_exposure,severe,uniform_counterfactual,8,0.09078635842917997,0.7671351351351352,156.44,141.92,1.0,1130.6,864.0,1025.06
acquisition,amazon,hgb_attributes,0.0,zero_exposure,severe,uniform_counterfactual,9,0.08077906360242607,0.7676344086021506,156.12,142.78,1.0,1214.16,864.0,1096.28
acquisition,amazon,hgb_attributes,0.0,zero_exposure,severe,weighted_bh,0,0.0809470748708769,0.2934054054054054,60.3,54.28,0.98,1183.1,864.0,1069.22
acquisition,amazon,hgb_attributes,0.0,zero_exposure,severe,weighted_bh,1,0.05777761521603571,0.35770491803278687,71.38,65.46,1.0,1061.38,864.0,962.72
acquisition,amazon,hgb_attributes,0.0,zero_exposure,severe,weighted_bh,2,0.0841508884381932,0.33158469945355196,68.42,60.68,1.0,1174.08,864.0,1066.32
acquisition,amazon,hgb_attributes,0.0,zero_exposure,severe,weighted_bh,3,0.059486676153725895,0.4653763440860215,95.0,86.56,1.0,1181.68,864.0,1071.6
acquisition,amazon,hgb_attributes,0.0,zero_exposure,severe,weighted_bh,4,0.05940622056072638,0.2980434782608696,59.54,54.84,1.0,1173.36,864.0,1074.88
acquisition,amazon,hgb_attributes,0.0,zero_exposure,severe,weighted_bh,5,0.06111141299632188,0.3231182795698925,66.36,60.1,0.98,1087.18,864.0,988.24
acquisition,amazon,hgb_attributes,0.0,zero_exposure,severe,weighted_bh,6,0.054518231575615195,0.39074468085106384,79.72,73.46,0.98,1345.06,864.0,1217.66
acquisition,amazon,hgb_attributes,0.0,zero_exposure,severe,weighted_bh,7,0.0729372246475088,0.36171122994652405,75.4,67.64,1.0,1109.42,864.0,992.1
acquisition,amazon,hgb_attributes,0.0,zero_exposure,severe,weighted_bh,8,0.08191068459705449,0.2900540540540541,59.32,53.66,0.92,1129.98,864.0,1024.66
acquisition,amazon,hgb_attributes,0.0,zero_exposure,severe,weighted_bh,9,0.05399990482906632,0.33838709677419354,67.98,62.94,0.94,1209.96,864.0,1096.64
acquisition,amazon,hgb_attributes,0.0,zero_exposure,severe,weighted_by,0,0.0,0.0,0.0,0.0,0.0,1183.1,864.0,1069.22
acquisition,amazon,hgb_attributes,0.0,zero_exposure,severe,weighted_by,1,0.0,0.0,0.0,0.0,0.0,1061.38,864.0,962.72
acquisition,amazon,hgb_attributes,0.0,zero_exposure,severe,weighted_by,2,0.0,0.0,0.0,0.0,0.0,1174.08,864.0,1066.32
acquisition,amazon,hgb_attributes,0.0,zero_exposure,severe,weighted_by,3,0.0,0.005591397849462365,1.04,1.04,0.02,1181.68,864.0,1071.6
acquisition,amazon,hgb_attributes,0.0,zero_exposure,severe,weighted_by,4,0.0,0.0,0.0,0.0,0.0,1173.36,864.0,1074.88
acquisition,amazon,hgb_attributes,0.0,zero_exposure,severe,weighted_by,5,0.0,0.0,0.0,0.0,0.0,1087.18,864.0,988.24
acquisition,amazon,hgb_attributes,0.0,zero_exposure,severe,weighted_by,6,0.001350877192982456,0.01202127659574468,2.34,2.26,0.04,1345.06,864.0,1217.66
acquisition,amazon,hgb_attributes,0.0,zero_exposure,severe,weighted_by,7,0.0,0.0,0.0,0.0,0.0,1109.42,864.0,992.1
acquisition,amazon,hgb_attributes,0.0,zero_exposure,severe,weighted_by,8,0.0,0.0,0.0,0.0,0.0,1129.98,864.0,1024.66
acquisition,amazon,hgb_attributes,0.0,zero_exposure,severe,weighted_by,9,0.0,0.0,0.0,0.0,0.0,1209.96,864.0,1096.64
acquisition,amazon,hgb_graph_features,0.0,exposure_80,moderate,equal_alpha,0,0.05125045629255141,0.36324324324324325,71.56,67.2,0.86,2445.28,864.0,2282.22
acquisition,amazon,hgb_graph_features,0.0,exposure_80,moderate,equal_alpha,1,0.0577786224958503,0.5133333333333333,100.16,93.94,0.98,2444.68,864.0,2286.32
acquisition,amazon,hgb_graph_features,0.0,exposure_80,moderate,equal_alpha,2,0.05532370546549817,0.3954098360655738,77.82,72.36,0.86,2457.6,864.0,2293.88
acquisition,amazon,hgb_graph_features,0.0,exposure_80,moderate,equal_alpha,3,0.0475736929451645,0.38064516129032255,75.22,70.8,1.0,2446.48,864.0,2280.22
acquisition,amazon,hgb_graph_features,0.0,exposure_80,moderate,equal_alpha,4,0.0530370224773141,0.3930434782608696,76.84,72.32,1.0,2440.44,864.0,2285.84
acquisition,amazon,hgb_graph_features,0.0,exposure_80,moderate,equal_alpha,5,0.053521658915484674,0.3050537634408602,60.52,56.74,1.0,2451.78,864.0,2291.9
acquisition,amazon,hgb_graph_features,0.0,exposure_80,moderate,equal_alpha,6,0.03495777793108197,0.3331914893617022,65.22,62.64,0.98,2450.1,864.0,2279.7
acquisition,amazon,hgb_graph_features,0.0,exposure_80,moderate,equal_alpha,7,0.04627783445557623,0.35090909090909095,69.82,65.62,1.0,2442.68,864.0,2266.82
acquisition,amazon,hgb_graph_features,0.0,exposure_80,moderate,equal_alpha,8,0.06305598471357655,0.2663783783783784,53.68,49.28,0.86,2444.08,864.0,2287.28
acquisition,amazon,hgb_graph_features,0.0,exposure_80,moderate,equal_alpha,9,0.04527963801982601,0.3668817204301075,72.2,68.24,1.0,2451.0,864.0,2284.5
acquisition,amazon,hgb_graph_features,0.0,exposure_80,moderate,pooled_reference,0,0.15025973629503647,0.8345945945945946,182.02,154.4,1.0,2445.28,864.0,2282.22
acquisition,amazon,hgb_graph_features,0.0,exposure_80,moderate,pooled_reference,1,0.11313991371861834,0.8227322404371584,170.18,150.56,1.0,2444.68,864.0,2286.32
acquisition,amazon,hgb_graph_features,0.0,exposure_80,moderate,pooled_reference,2,0.14126937565571107,0.8025136612021858,171.22,146.86,1.0,2457.6,864.0,2293.88
acquisition,amazon,hgb_graph_features,0.0,exposure_80,moderate,pooled_reference,3,0.10210399513952974,0.8354838709677419,173.22,155.4,1.0,2446.48,864.0,2280.22
acquisition,amazon,hgb_graph_features,0.0,exposure_80,moderate,pooled_reference,4,0.11620429009045363,0.7895652173913044,164.62,145.28,1.0,2440.44,864.0,2285.84
acquisition,amazon,hgb_graph_features,0.0,exposure_80,moderate,pooled_reference,5,0.10766549729685314,0.7859139784946236,164.18,146.18,1.0,2451.78,864.0,2291.9
acquisition,amazon,hgb_graph_features,0.0,exposure_80,moderate,pooled_reference,6,0.0839920446643509,0.7819148936170213,160.6,147.0,1.0,2450.1,864.0,2279.7
acquisition,amazon,hgb_graph_features,0.0,exposure_80,moderate,pooled_reference,7,0.10149689227642876,0.8045989304812835,167.68,150.46,1.0,2442.68,864.0,2266.82
acquisition,amazon,hgb_graph_features,0.0,exposure_80,moderate,pooled_reference,8,0.13019950841390593,0.7945945945945947,169.22,147.0,1.0,2444.08,864.0,2287.28
acquisition,amazon,hgb_graph_features,0.0,exposure_80,moderate,pooled_reference,9,0.1059411104016535,0.806236559139785,168.02,149.96,1.0,2451.0,864.0,2284.5
acquisition,amazon,hgb_graph_features,0.0,exposure_80,moderate,pooled_stratum,0,0.09793205447169986,0.35491891891891897,73.88,65.66,1.0,2445.28,864.0,2282.22
acquisition,amazon,hgb_graph_features,0.0,exposure_80,moderate,pooled_stratum,1,0.06220465466200976,0.3028415300546448,59.66,55.42,1.0,2444.68,864.0,2286.32
acquisition,amazon,hgb_graph_features,0.0,exposure_80,moderate,pooled_stratum,2,0.08619944443875084,0.2559562841530055,51.4,46.84,1.0,2457.6,864.0,2293.88
acquisition,amazon,hgb_graph_features,0.0,exposure_80,moderate,pooled_stratum,3,0.07188789809927716,0.36451612903225805,73.38,67.8,1.0,2446.48,864.0,2280.22
acquisition,amazon,hgb_graph_features,0.0,exposure_80,moderate,pooled_stratum,4,0.08083506361170356,0.3247826086956522,65.28,59.76,1.0,2440.44,864.0,2285.84
acquisition,amazon,hgb_graph_features,0.0,exposure_80,moderate,pooled_stratum,5,0.07624046359361844,0.24096774193548387,49.04,44.82,1.0,2451.78,864.0,2291.9
acquisition,amazon,hgb_graph_features,0.0,exposure_80,moderate,pooled_stratum,6,0.06560454981001579,0.3637234042553192,73.46,68.38,1.0,2450.1,864.0,2279.7
acquisition,amazon,hgb_graph_features,0.0,exposure_80,moderate,pooled_stratum,7,0.09345703787146376,0.37058823529411766,77.06,69.3,1.0,2442.68,864.0,2266.82
acquisition,amazon,hgb_graph_features,0.0,exposure_80,moderate,pooled_stratum,8,0.09386738027876948,0.2772972972972973,57.02,51.3,1.0,2444.08,864.0,2287.28
acquisition,amazon,hgb_graph_features,0.0,exposure_80,moderate,pooled_stratum,9,0.07500082501974786,0.32870967741935486,66.58,61.14,1.0,2451.0,864.0,2284.5
acquisition,amazon,hgb_graph_features,0.0,exposure_80,moderate,size_alpha,0,0.09724778857586963,0.3348108108108109,69.36,61.94,1.0,2445.28,864.0,2282.22
acquisition,amazon,hgb_graph_features,0.0,exposure_80,moderate,size_alpha,1,0.06235581330728604,0.292568306010929,57.42,53.54,1.0,2444.68,864.0,2286.32
acquisition,amazon,hgb_graph_features,0.0,exposure_80,moderate,size_alpha,2,0.08619944443875084,0.2559562841530055,51.4,46.84,1.0,2457.6,864.0,2293.88
acquisition,amazon,hgb_graph_features,0.0,exposure_80,moderate,size_alpha,3,0.07188789809927716,0.36451612903225805,73.38,67.8,1.0,2446.48,864.0,2280.22
acquisition,amazon,hgb_graph_features,0.0,exposure_80,moderate,size_alpha,4,0.08083506361170356,0.3247826086956522,65.28,59.76,1.0,2440.44,864.0,2285.84
acquisition,amazon,hgb_graph_features,0.0,exposure_80,moderate,size_alpha,5,0.07624046359361844,0.24096774193548387,49.04,44.82,1.0,2451.78,864.0,2291.9
acquisition,amazon,hgb_graph_features,0.0,exposure_80,moderate,size_alpha,6,0.06560454981001579,0.3637234042553192,73.46,68.38,1.0,2450.1,864.0,2279.7
acquisition,amazon,hgb_graph_features,0.0,exposure_80,moderate,size_alpha,7,0.0917890260339604,0.3607486631016043,74.78,67.46,1.0,2442.68,864.0,2266.82
acquisition,amazon,hgb_graph_features,0.0,exposure_80,moderate,size_alpha,8,0.09386738027876948,0.2772972972972973,57.02,51.3,1.0,2444.08,864.0,2287.28
acquisition,amazon,hgb_graph_features,0.0,exposure_80,moderate,size_alpha,9,0.07500082501974786,0.32870967741935486,66.58,61.14,1.0,2451.0,864.0,2284.5
acquisition,amazon,hgb_graph_features,0.0,exposure_80,moderate,uniform_counterfactual,0,0.11993954562526907,0.8156756756756757,171.78,150.9,1.0,2447.52,864.0,2216.38
acquisition,amazon,hgb_graph_features,0.0,exposure_80,moderate,uniform_counterfactual,1,0.09116179281913692,0.7944262295081966,160.4,145.38,1.0,2447.74,864.0,2217.66
acquisition,amazon,hgb_graph_features,0.0,exposure_80,moderate,uniform_counterfactual,2,0.11657358261622512,0.7873224043715846,163.3,144.08,1.0,2450.62,864.0,2219.48
acquisition,amazon,hgb_graph_features,0.0,exposure_80,moderate,uniform_counterfactual,3,0.06602290430076171,0.8119354838709677,162.06,151.02,1.0,2447.2,864.0,2212.5
acquisition,amazon,hgb_graph_features,0.0,exposure_80,moderate,uniform_counterfactual,4,0.07960199110658409,0.765,153.16,140.76,1.0,2450.86,864.0,2217.94
acquisition,amazon,hgb_graph_features,0.0,exposure_80,moderate,uniform_counterfactual,5,0.08731254594095458,0.7660215053763441,156.36,142.48,1.0,2453.34,864.0,2220.9
acquisition,amazon,hgb_graph_features,0.0,exposure_80,moderate,uniform_counterfactual,6,0.06694905347972396,0.7686170212765957,154.98,144.5,1.0,2450.46,864.0,2215.06
acquisition,amazon,hgb_graph_features,0.0,exposure_80,moderate,uniform_counterfactual,7,0.08427311210753144,0.7881283422459893,161.14,147.38,1.0,2443.62,864.0,2206.46
acquisition,amazon,hgb_graph_features,0.0,exposure_80,moderate,uniform_counterfactual,8,0.0989932137248847,0.7778378378378379,159.88,143.9,1.0,2450.14,864.0,2218.06
acquisition,amazon,hgb_graph_features,0.0,exposure_80,moderate,uniform_counterfactual,9,0.08490489952927505,0.7995698924731183,163.0,148.72,1.0,2447.68,864.0,2211.08
acquisition,amazon,hgb_graph_features,0.0,exposure_80,moderate,weighted_bh,0,0.11621407546050085,0.805081081081081,169.12,148.94,1.0,2445.28,864.0,2282.22
acquisition,amazon,hgb_graph_features,0.0,exposure_80,moderate,weighted_bh,1,0.08846306266602809,0.7735519125683061,156.04,141.56,1.0,2444.68,864.0,2286.32
acquisition,amazon,hgb_graph_features,0.0,exposure_80,moderate,weighted_bh,2,0.11600671294784431,0.7820765027322405,162.4,143.12,1.0,2457.6,864.0,2293.88
acquisition,amazon,hgb_graph_features,0.0,exposure_80,moderate,weighted_bh,3,0.07048935351706191,0.793225806451613,159.44,147.54,1.0,2446.48,864.0,2280.22
acquisition,amazon,hgb_graph_features,0.0,exposure_80,moderate,weighted_bh,4,0.08014745693379792,0.7481521739130435,150.34,137.66,1.0,2440.44,864.0,2285.84
acquisition,amazon,hgb_graph_features,0.0,exposure_80,moderate,weighted_bh,5,0.08110226978242803,0.7364516129032258,149.64,136.98,1.0,2451.78,864.0,2291.9
acquisition,amazon,hgb_graph_features,0.0,exposure_80,moderate,weighted_bh,6,0.07034940096546909,0.7577659574468085,153.6,142.46,1.0,2450.1,864.0,2279.7
acquisition,amazon,hgb_graph_features,0.0,exposure_80,moderate,weighted_bh,7,0.08636259089474024,0.7789304812834225,159.86,145.66,1.0,2442.68,864.0,2266.82
acquisition,amazon,hgb_graph_features,0.0,exposure_80,moderate,weighted_bh,8,0.09803300611377909,0.7621621621621621,156.92,141.0,1.0,2444.08,864.0,2287.28
acquisition,amazon,hgb_graph_features,0.0,exposure_80,moderate,weighted_bh,9,0.08505365955571823,0.7786021505376344,159.2,144.82,1.0,2451.0,864.0,2284.5
acquisition,amazon,hgb_graph_features,0.0,exposure_80,moderate,weighted_by,0,0.0,0.0,0.0,0.0,0.0,2445.28,864.0,2282.22
acquisition,amazon,hgb_graph_features,0.0,exposure_80,moderate,weighted_by,1,0.0,0.0,0.0,0.0,0.0,2444.68,864.0,2286.32
acquisition,amazon,hgb_graph_features,0.0,exposure_80,moderate,weighted_by,2,0.0,0.0,0.0,0.0,0.0,2457.6,864.0,2293.88
acquisition,amazon,hgb_graph_features,0.0,exposure_80,moderate,weighted_by,3,0.002847374847374847,0.01956989247311828,3.82,3.64,0.06,2446.48,864.0,2280.22
acquisition,amazon,hgb_graph_features,0.0,exposure_80,moderate,weighted_by,4,0.0,0.0,0.0,0.0,0.0,2440.44,864.0,2285.84
acquisition,amazon,hgb_graph_features,0.0,exposure_80,moderate,weighted_by,5,0.0,0.0,0.0,0.0,0.0,2451.78,864.0,2291.9
acquisition,amazon,hgb_graph_features,0.0,exposure_80,moderate,weighted_by,6,0.0,0.0,0.0,0.0,0.0,2450.1,864.0,2279.7
acquisition,amazon,hgb_graph_features,0.0,exposure_80,moderate,weighted_by,7,0.0008450704225352112,0.007272727272727273,1.42,1.36,0.02,2442.68,864.0,2266.82
acquisition,amazon,hgb_graph_features,0.0,exposure_80,moderate,weighted_by,8,0.0,0.0,0.0,0.0,0.0,2444.08,864.0,2287.28
acquisition,amazon,hgb_graph_features,0.0,exposure_80,moderate,weighted_by,9,0.0,0.0,0.0,0.0,0.0,2451.0,864.0,2284.5
acquisition,amazon,hgb_graph_features,0.0,exposure_80,neutral,equal_alpha,0,0.04289676928224962,0.6391351351351351,123.62,118.24,1.0,2914.34,864.0,2640.02
acquisition,amazon,hgb_graph_features,0.0,exposure_80,neutral,equal_alpha,1,0.05240664935815686,0.6767213114754098,131.02,123.84,0.98,2917.14,864.0,2642.92
acquisition,amazon,hgb_graph_features,0.0,exposure_80,neutral,equal_alpha,2,0.04888452470361834,0.6440437158469945,124.24,117.86,1.0,2920.02,864.0,2644.44
acquisition,amazon,hgb_graph_features,0.0,exposure_80,neutral,equal_alpha,3,0.038187768623610154,0.6146236559139785,119.44,114.32,1.0,2911.98,864.0,2633.38
acquisition,amazon,hgb_graph_features,0.0,exposure_80,neutral,equal_alpha,4,0.04658185832208124,0.5830434782608696,112.42,107.28,1.0,2913.2,864.0,2637.28
acquisition,amazon,hgb_graph_features,0.0,exposure_80,neutral,equal_alpha,5,0.0405073790903778,0.5378494623655914,104.56,100.04,1.0,2921.38,864.0,2645.1
acquisition,amazon,hgb_graph_features,0.0,exposure_80,neutral,equal_alpha,6,0.03575287393572036,0.5972340425531916,116.54,112.28,1.0,2916.62,864.0,2636.14
acquisition,amazon,hgb_graph_features,0.0,exposure_80,neutral,equal_alpha,7,0.042784565717265216,0.6213903743315509,121.56,116.2,1.0,2910.9,864.0,2628.12
acquisition,amazon,hgb_graph_features,0.0,exposure_80,neutral,equal_alpha,8,0.04153646565829274,0.5475675675675675,106.02,101.3,0.98,2913.64,864.0,2635.88
acquisition,amazon,hgb_graph_features,0.0,exposure_80,neutral,equal_alpha,9,0.03609318492074584,0.6362365591397849,123.1,118.34,1.0,2913.68,864.0,2632.18
acquisition,amazon,hgb_graph_features,0.0,exposure_80,neutral,pooled_reference,0,0.11753374036744715,0.8162162162162163,171.4,151.0,1.0,2914.34,864.0,2640.02
acquisition,amazon,hgb_graph_features,0.0,exposure_80,neutral,pooled_reference,1,0.09154283294995151,0.7963934426229509,160.82,145.74,1.0,2917.14,864.0,2642.92
acquisition,amazon,hgb_graph_features,0.0,exposure_80,neutral,pooled_reference,2,0.12211104987025052,0.7898360655737704,164.84,144.54,1.0,2920.02,864.0,2644.44
acquisition,amazon,hgb_graph_features,0.0,exposure_80,neutral,pooled_reference,3,0.06651892708562172,0.8161290322580644,162.92,151.8,1.0,2911.98,864.0,2633.38
acquisition,amazon,hgb_graph_features,0.0,exposure_80,neutral,pooled_reference,4,0.07787852604259032,0.7636956521739131,152.54,140.52,1.0,2913.2,864.0,2637.28
acquisition,amazon,hgb_graph_features,0.0,exposure_80,neutral,pooled_reference,5,0.0858633851644867,0.7640860215053763,155.68,142.12,1.0,2921.38,864.0,2645.1
acquisition,amazon,hgb_graph_features,0.0,exposure_80,neutral,pooled_reference,6,0.06821553999924572,0.77,155.46,144.76,1.0,2916.62,864.0,2636.14
acquisition,amazon,hgb_graph_features,0.0,exposure_80,neutral,pooled_reference,7,0.08651241420686344,0.7917647058823529,162.28,148.06,1.0,2910.9,864.0,2628.12
acquisition,amazon,hgb_graph_features,0.0,exposure_80,neutral,pooled_reference,8,0.10162199308969341,0.7796756756756758,160.7,144.24,1.0,2913.64,864.0,2635.88
acquisition,amazon,hgb_graph_features,0.0,exposure_80,neutral,pooled_reference,9,0.08659205470807173,0.8026881720430107,163.86,149.3,1.0,2913.68,864.0,2632.18
acquisition,amazon,hgb_graph_features,0.0,exposure_80,neutral,pooled_stratum,0,0.12357645684092367,0.7934054054054055,167.64,146.78,1.0,2914.34,864.0,2640.02
acquisition,amazon,hgb_graph_features,0.0,exposure_80,neutral,pooled_stratum,1,0.08561389479437946,0.6367213114754098,128.12,116.52,1.0,2917.14,864.0,2642.92
acquisition,amazon,hgb_graph_features,0.0,exposure_80,neutral,pooled_stratum,2,0.11220487035084646,0.6946448087431694,143.48,127.12,1.0,2920.02,864.0,2644.44
acquisition,amazon,hgb_graph_features,0.0,exposure_80,neutral,pooled_stratum,3,0.09091836041719797,0.7132258064516129,146.12,132.66,1.0,2911.98,864.0,2633.38
acquisition,amazon,hgb_graph_features,0.0,exposure_80,neutral,pooled_stratum,4,0.0899194297665802,0.6093478260869565,123.42,112.12,1.0,2913.2,864.0,2637.28
acquisition,amazon,hgb_graph_features,0.0,exposure_80,neutral,pooled_stratum,5,0.08463578093944742,0.6351612903225806,129.28,118.14,1.0,2921.38,864.0,2645.1
acquisition,amazon,hgb_graph_features,0.0,exposure_80,neutral,pooled_stratum,6,0.07655442771628723,0.6531914893617021,133.38,122.8,1.0,2916.62,864.0,2636.14
acquisition,amazon,hgb_graph_features,0.0,exposure_80,neutral,pooled_stratum,7,0.09409862113271869,0.7203208556149733,148.78,134.7,1.0,2910.9,864.0,2628.12
acquisition,amazon,hgb_graph_features,0.0,exposure_80,neutral,pooled_stratum,8,0.10120709045772591,0.6445405405405406,133.12,119.24,1.0,2913.64,864.0,2635.88
acquisition,amazon,hgb_graph_features,0.0,exposure_80,neutral,pooled_stratum,9,0.08569102127051485,0.7304301075268818,148.88,135.86,1.0,2913.68,864.0,2632.18
acquisition,amazon,hgb_graph_features,0.0,exposure_80,neutral,size_alpha,0,0.08020929362687872,0.5766486486486486,114.78,106.68,1.0,2914.34,864.0,2640.02
acquisition,amazon,hgb_graph_features,0.0,exposure_80,neutral,size_alpha,1,0.06385098150643044,0.3589071038251366,70.3,65.68,1.0,2917.14,864.0,2642.92
acquisition,amazon,hgb_graph_features,0.0,exposure_80,neutral,size_alpha,2,0.07469176020633185,0.39224043715846996,77.04,71.78,1.0,2920.02,864.0,2644.44
acquisition,amazon,hgb_graph_features,0.0,exposure_80,neutral,size_alpha,3,0.06671403952534047,0.4646236559139785,92.86,86.42,1.0,2911.98,864.0,2633.38
acquisition,amazon,hgb_graph_features,0.0,exposure_80,neutral,size_alpha,4,0.08018442249774514,0.36119565217391303,72.18,66.46,1.0,2913.2,864.0,2637.28
acquisition,amazon,hgb_graph_features,0.0,exposure_80,neutral,size_alpha,5,0.06772869465641441,0.34505376344086025,68.84,64.18,1.0,2921.38,864.0,2645.1
acquisition,amazon,hgb_graph_features,0.0,exposure_80,neutral,size_alpha,6,0.06456333820887857,0.3762765957446808,75.9,70.74,1.0,2916.62,864.0,2636.14
acquisition,amazon,hgb_graph_features,0.0,exposure_80,neutral,size_alpha,7,0.08893157340670128,0.41839572192513363,85.84,78.24,1.0,2910.9,864.0,2628.12
acquisition,amazon,hgb_graph_features,0.0,exposure_80,neutral,size_alpha,8,0.08081210562746857,0.3834594594594595,77.24,70.94,1.0,2913.64,864.0,2635.88
acquisition,amazon,hgb_graph_features,0.0,exposure_80,neutral,size_alpha,9,0.06810127224131757,0.44946236559139785,89.56,83.6,1.0,2913.68,864.0,2632.18
acquisition,amazon,hgb_graph_features,0.0,exposure_80,neutral,uniform_counterfactual,0,0.11753374036744715,0.8162162162162163,171.4,151.0,1.0,2914.34,864.0,2640.02
acquisition,amazon,hgb_graph_features,0.0,exposure_80,neutral,uniform_counterfactual,1,0.09154283294995151,0.7963934426229509,160.82,145.74,1.0,2917.14,864.0,2642.92
acquisition,amazon,hgb_graph_features,0.0,exposure_80,neutral,uniform_counterfactual,2,0.12211104987025052,0.7898360655737704,164.84,144.54,1.0,2920.02,864.0,2644.44
acquisition,amazon,hgb_graph_features,0.0,exposure_80,neutral,uniform_counterfactual,3,0.06651892708562172,0.8161290322580644,162.92,151.8,1.0,2911.98,864.0,2633.38
acquisition,amazon,hgb_graph_features,0.0,exposure_80,neutral,uniform_counterfactual,4,0.07787852604259032,0.7636956521739131,152.54,140.52,1.0,2913.2,864.0,2637.28
acquisition,amazon,hgb_graph_features,0.0,exposure_80,neutral,uniform_counterfactual,5,0.0858633851644867,0.7640860215053763,155.68,142.12,1.0,2921.38,864.0,2645.1
acquisition,amazon,hgb_graph_features,0.0,exposure_80,neutral,uniform_counterfactual,6,0.06821553999924572,0.77,155.46,144.76,1.0,2916.62,864.0,2636.14
acquisition,amazon,hgb_graph_features,0.0,exposure_80,neutral,uniform_counterfactual,7,0.08651241420686344,0.7917647058823529,162.28,148.06,1.0,2910.9,864.0,2628.12
acquisition,amazon,hgb_graph_features,0.0,exposure_80,neutral,uniform_counterfactual,8,0.10162199308969341,0.7796756756756758,160.7,144.24,1.0,2913.64,864.0,2635.88
acquisition,amazon,hgb_graph_features,0.0,exposure_80,neutral,uniform_counterfactual,9,0.08659205470807173,0.8026881720430107,163.86,149.3,1.0,2913.68,864.0,2632.18
acquisition,amazon,hgb_graph_features,0.0,exposure_80,neutral,weighted_bh,0,0.11753374036744715,0.8162162162162163,171.4,151.0,1.0,2914.34,864.0,2640.02
acquisition,amazon,hgb_graph_features,0.0,exposure_80,neutral,weighted_bh,1,0.09154283294995151,0.7963934426229509,160.82,145.74,1.0,2917.14,864.0,2642.92
acquisition,amazon,hgb_graph_features,0.0,exposure_80,neutral,weighted_bh,2,0.12211104987025052,0.7898360655737704,164.84,144.54,1.0,2920.02,864.0,2644.44
acquisition,amazon,hgb_graph_features,0.0,exposure_80,neutral,weighted_bh,3,0.06651892708562172,0.8161290322580644,162.92,151.8,1.0,2911.98,864.0,2633.38
acquisition,amazon,hgb_graph_features,0.0,exposure_80,neutral,weighted_bh,4,0.07787852604259032,0.7636956521739131,152.54,140.52,1.0,2913.2,864.0,2637.28
acquisition,amazon,hgb_graph_features,0.0,exposure_80,neutral,weighted_bh,5,0.0858633851644867,0.7640860215053763,155.68,142.12,1.0,2921.38,864.0,2645.1
acquisition,amazon,hgb_graph_features,0.0,exposure_80,neutral,weighted_bh,6,0.06821553999924572,0.77,155.46,144.76,1.0,2916.62,864.0,2636.14
acquisition,amazon,hgb_graph_features,0.0,exposure_80,neutral,weighted_bh,7,0.08651241420686344,0.7917647058823529,162.28,148.06,1.0,2910.9,864.0,2628.12
acquisition,amazon,hgb_graph_features,0.0,exposure_80,neutral,weighted_bh,8,0.10162199308969341,0.7796756756756758,160.7,144.24,1.0,2913.64,864.0,2635.88
acquisition,amazon,hgb_graph_features,0.0,exposure_80,neutral,weighted_bh,9,0.08659205470807173,0.8026881720430107,163.86,149.3,1.0,2913.68,864.0,2632.18
acquisition,amazon,hgb_graph_features,0.0,exposure_80,neutral,weighted_by,0,0.004873560226230146,0.11956756756756758,22.54,22.12,0.26,2914.34,864.0,2640.02
acquisition,amazon,hgb_graph_features,0.0,exposure_80,neutral,weighted_by,1,0.0026266848619789797,0.040109289617486346,7.68,7.34,0.06,2917.14,864.0,2642.92
acquisition,amazon,hgb_graph_features,0.0,exposure_80,neutral,weighted_by,2,0.0032022262328373348,0.06306010928961749,11.92,11.54,0.1,2920.02,864.0,2644.44
acquisition,amazon,hgb_graph_features,0.0,exposure_80,neutral,weighted_by,3,0.007652328474937789,0.1353763440860215,25.92,25.18,0.3,2911.98,864.0,2633.38
acquisition,amazon,hgb_graph_features,0.0,exposure_80,neutral,weighted_by,4,0.0035756604967568423,0.0667391304347826,12.62,12.28,0.14,2913.2,864.0,2637.28
acquisition,amazon,hgb_graph_features,0.0,exposure_80,neutral,weighted_by,5,0.00764777801342984,0.14870967741935484,28.28,27.66,0.36,2921.38,864.0,2645.1
acquisition,amazon,hgb_graph_features,0.0,exposure_80,neutral,weighted_by,6,0.0017477253928866831,0.03893617021276596,7.52,7.32,0.08,2916.62,864.0,2636.14
acquisition,amazon,hgb_graph_features,0.0,exposure_80,neutral,weighted_by,7,0.0,0.0,0.0,0.0,0.0,2910.9,864.0,2628.12
acquisition,amazon,hgb_graph_features,0.0,exposure_80,neutral,weighted_by,8,0.005823638624696471,0.08151351351351352,15.68,15.08,0.16,2913.64,864.0,2635.88
acquisition,amazon,hgb_graph_features,0.0,exposure_80,neutral,weighted_by,9,0.004363724357552637,0.20376344086021503,38.32,37.9,0.46,2913.68,864.0,2632.18
acquisition,amazon,hgb_graph_features,0.0,exposure_80,severe,equal_alpha,0,0.050342544053615476,0.22443243243243244,44.48,41.52,0.8,2358.52,864.0,2216.0
acquisition,amazon,hgb_graph_features,0.0,exposure_80,severe,equal_alpha,1,0.03967872067032244,0.23792349726775958,45.84,43.54,0.9,2355.56,864.0,2218.3
acquisition,amazon,hgb_graph_features,0.0,exposure_80,severe,equal_alpha,2,0.0474440636015521,0.17814207650273226,34.78,32.6,0.8,2368.02,864.0,2226.64
acquisition,amazon,hgb_graph_features,0.0,exposure_80,severe,equal_alpha,3,0.04647975570067965,0.308494623655914,60.68,57.38,1.0,2358.4,864.0,2212.58
acquisition,amazon,hgb_graph_features,0.0,exposure_80,severe,equal_alpha,4,0.04880040622497059,0.29869565217391303,58.08,54.96,1.0,2353.9,864.0,2221.76
acquisition,amazon,hgb_graph_features,0.0,exposure_80,severe,equal_alpha,5,0.0408934657579946,0.1567741935483871,30.82,29.16,1.0,2364.16,864.0,2227.2
acquisition,amazon,hgb_graph_features,0.0,exposure_80,severe,equal_alpha,6,0.03526413681896099,0.3167021276595745,62.08,59.54,0.98,2363.98,864.0,2213.36
acquisition,amazon,hgb_graph_features,0.0,exposure_80,severe,equal_alpha,7,0.04379973994949321,0.2853475935828877,56.6,53.36,1.0,2353.92,864.0,2199.24
acquisition,amazon,hgb_graph_features,0.0,exposure_80,severe,equal_alpha,8,0.05677474395907485,0.19200000000000003,38.38,35.52,0.84,2359.2,864.0,2223.18
acquisition,amazon,hgb_graph_features,0.0,exposure_80,severe,equal_alpha,9,0.0371038063557868,0.26086021505376344,50.76,48.52,1.0,2362.24,864.0,2218.38
acquisition,amazon,hgb_graph_features,0.0,exposure_80,severe,pooled_reference,0,0.15337796522499172,0.8363243243243244,183.1,154.72,1.0,2358.52,864.0,2216.0
acquisition,amazon,hgb_graph_features,0.0,exposure_80,severe,pooled_reference,1,0.11907099384191369,0.8269945355191257,172.2,151.34,1.0,2355.56,864.0,2218.3
acquisition,amazon,hgb_graph_features,0.0,exposure_80,severe,pooled_reference,2,0.14583776601018456,0.806775956284153,173.06,147.64,1.0,2368.02,864.0,2226.64
acquisition,amazon,hgb_graph_features,0.0,exposure_80,severe,pooled_reference,3,0.1116266019413622,0.839247311827957,175.88,156.1,1.0,2358.4,864.0,2212.58
acquisition,amazon,hgb_graph_features,0.0,exposure_80,severe,pooled_reference,4,0.12300058658973172,0.7928260869565217,166.6,145.88,1.0,2353.9,864.0,2221.76
acquisition,amazon,hgb_graph_features,0.0,exposure_80,severe,pooled_reference,5,0.11671333797908146,0.793225806451613,167.38,147.54,1.0,2364.16,864.0,2227.2
acquisition,amazon,hgb_graph_features,0.0,exposure_80,severe,pooled_reference,6,0.08853277930272388,0.7856382978723404,162.18,147.7,1.0,2363.98,864.0,2213.36
acquisition,amazon,hgb_graph_features,0.0,exposure_80,severe,pooled_reference,7,0.1060263116413757,0.807379679144385,169.1,150.98,1.0,2353.92,864.0,2199.24
acquisition,amazon,hgb_graph_features,0.0,exposure_80,severe,pooled_reference,8,0.13994994464755386,0.799027027027027,172.1,147.82,1.0,2359.2,864.0,2223.18
acquisition,amazon,hgb_graph_features,0.0,exposure_80,severe,pooled_reference,9,0.11018199868355578,0.8063440860215054,168.82,149.98,1.0,2362.24,864.0,2218.38
acquisition,amazon,hgb_graph_features,0.0,exposure_80,severe,pooled_stratum,0,0.09724778857586963,0.3348108108108109,69.36,61.94,1.0,2358.52,864.0,2216.0
acquisition,amazon,hgb_graph_features,0.0,exposure_80,severe,pooled_stratum,1,0.06235581330728604,0.292568306010929,57.42,53.54,1.0,2355.56,864.0,2218.3
acquisition,amazon,hgb_graph_features,0.0,exposure_80,severe,pooled_stratum,2,0.08619944443875084,0.2559562841530055,51.4,46.84,1.0,2368.02,864.0,2226.64
acquisition,amazon,hgb_graph_features,0.0,exposure_80,severe,pooled_stratum,3,0.07188789809927716,0.36451612903225805,73.38,67.8,1.0,2358.4,864.0,2212.58
acquisition,amazon,hgb_graph_features,0.0,exposure_80,severe,pooled_stratum,4,0.08083506361170356,0.3247826086956522,65.28,59.76,1.0,2353.9,864.0,2221.76
acquisition,amazon,hgb_graph_features,0.0,exposure_80,severe,pooled_stratum,5,0.07624046359361844,0.24096774193548387,49.04,44.82,1.0,2364.16,864.0,2227.2
acquisition,amazon,hgb_graph_features,0.0,exposure_80,severe,pooled_stratum,6,0.06560454981001579,0.3637234042553192,73.46,68.38,1.0,2363.98,864.0,2213.36
acquisition,amazon,hgb_graph_features,0.0,exposure_80,severe,pooled_stratum,7,0.0917890260339604,0.3607486631016043,74.78,67.46,1.0,2353.92,864.0,2199.24
acquisition,amazon,hgb_graph_features,0.0,exposure_80,severe,pooled_stratum,8,0.09386738027876948,0.2772972972972973,57.02,51.3,1.0,2359.2,864.0,2223.18
acquisition,amazon,hgb_graph_features,0.0,exposure_80,severe,pooled_stratum,9,0.07500082501974786,0.32870967741935486,66.58,61.14,1.0,2362.24,864.0,2218.38
acquisition,amazon,hgb_graph_features,0.0,exposure_80,severe,size_alpha,0,0.09724778857586963,0.3348108108108109,69.36,61.94,1.0,2358.52,864.0,2216.0
acquisition,amazon,hgb_graph_features,0.0,exposure_80,severe,size_alpha,1,0.06235581330728604,0.292568306010929,57.42,53.54,1.0,2355.56,864.0,2218.3
acquisition,amazon,hgb_graph_features,0.0,exposure_80,severe,size_alpha,2,0.08619944443875084,0.2559562841530055,51.4,46.84,1.0,2368.02,864.0,2226.64
acquisition,amazon,hgb_graph_features,0.0,exposure_80,severe,size_alpha,3,0.07188789809927716,0.36451612903225805,73.38,67.8,1.0,2358.4,864.0,2212.58
acquisition,amazon,hgb_graph_features,0.0,exposure_80,severe,size_alpha,4,0.08083506361170356,0.3247826086956522,65.28,59.76,1.0,2353.9,864.0,2221.76
acquisition,amazon,hgb_graph_features,0.0,exposure_80,severe,size_alpha,5,0.07624046359361844,0.24096774193548387,49.04,44.82,1.0,2364.16,864.0,2227.2
acquisition,amazon,hgb_graph_features,0.0,exposure_80,severe,size_alpha,6,0.06560454981001579,0.3637234042553192,73.46,68.38,1.0,2363.98,864.0,2213.36
acquisition,amazon,hgb_graph_features,0.0,exposure_80,severe,size_alpha,7,0.0917890260339604,0.3607486631016043,74.78,67.46,1.0,2353.92,864.0,2199.24
acquisition,amazon,hgb_graph_features,0.0,exposure_80,severe,size_alpha,8,0.09386738027876948,0.2772972972972973,57.02,51.3,1.0,2359.2,864.0,2223.18
acquisition,amazon,hgb_graph_features,0.0,exposure_80,severe,size_alpha,9,0.07500082501974786,0.32870967741935486,66.58,61.14,1.0,2362.24,864.0,2218.38
acquisition,amazon,hgb_graph_features,0.0,exposure_80,severe,uniform_counterfactual,0,0.12078493816507496,0.8153513513513514,171.88,150.84,1.0,2359.86,864.0,2137.42
acquisition,amazon,hgb_graph_features,0.0,exposure_80,severe,uniform_counterfactual,1,0.09181433599476195,0.794535519125683,160.54,145.4,1.0,2360.62,864.0,2138.74
acquisition,amazon,hgb_graph_features,0.0,exposure_80,severe,uniform_counterfactual,2,0.11374421763172018,0.7851366120218579,162.34,143.68,1.0,2364.6,864.0,2141.58
acquisition,amazon,hgb_graph_features,0.0,exposure_80,severe,uniform_counterfactual,3,0.06688161926538966,0.8109677419354838,162.02,150.84,1.0,2360.74,864.0,2134.32
acquisition,amazon,hgb_graph_features,0.0,exposure_80,severe,uniform_counterfactual,4,0.0798623555700751,0.7646739130434783,153.16,140.7,1.0,2362.38,864.0,2137.44
acquisition,amazon,hgb_graph_features,0.0,exposure_80,severe,uniform_counterfactual,5,0.087068133334032,0.7644086021505376,156.02,142.18,1.0,2365.74,864.0,2141.8
acquisition,amazon,hgb_graph_features,0.0,exposure_80,severe,uniform_counterfactual,6,0.06742103301955846,0.7677659574468084,154.9,144.34,1.0,2363.0,864.0,2136.2
acquisition,amazon,hgb_graph_features,0.0,exposure_80,severe,uniform_counterfactual,7,0.08422205216944612,0.787379679144385,160.98,147.24,1.0,2356.9,864.0,2127.66
acquisition,amazon,hgb_graph_features,0.0,exposure_80,severe,uniform_counterfactual,8,0.09987892457465614,0.7783783783783784,160.16,144.0,1.0,2364.14,864.0,2140.04
acquisition,amazon,hgb_graph_features,0.0,exposure_80,severe,uniform_counterfactual,9,0.08465160467261762,0.800752688172043,163.16,148.94,1.0,2361.12,864.0,2132.38
acquisition,amazon,hgb_graph_features,0.0,exposure_80,severe,weighted_bh,0,0.10232036078310366,0.5472432432432432,115.34,101.24,0.98,2358.52,864.0,2216.0
acquisition,amazon,hgb_graph_features,0.0,exposure_80,severe,weighted_bh,1,0.06792540260870135,0.43868852459016394,88.92,80.28,0.96,2355.56,864.0,2218.3
acquisition,amazon,hgb_graph_features,0.0,exposure_80,severe,weighted_bh,2,0.10059513191529508,0.39147540983606555,81.02,71.64,1.0,2368.02,864.0,2226.64
acquisition,amazon,hgb_graph_features,0.0,exposure_80,severe,weighted_bh,3,0.07212565459915356,0.5709677419354839,117.12,106.2,1.0,2358.4,864.0,2212.58
acquisition,amazon,hgb_graph_features,0.0,exposure_80,severe,weighted_bh,4,0.06831984441278137,0.41032608695652173,82.9,75.5,1.0,2353.9,864.0,2221.76
acquisition,amazon,hgb_graph_features,0.0,exposure_80,severe,weighted_bh,5,0.07993055312672424,0.2820430107526882,57.96,52.46,0.96,2364.16,864.0,2227.2
acquisition,amazon,hgb_graph_features,0.0,exposure_80,severe,weighted_bh,6,0.06168670442712578,0.4768085106382978,97.44,89.64,1.0,2363.98,864.0,2213.36
acquisition,amazon,hgb_graph_features,0.0,exposure_80,severe,weighted_bh,7,0.08904502808543455,0.4444919786096257,92.62,83.12,1.0,2353.92,864.0,2199.24
acquisition,amazon,hgb_graph_features,0.0,exposure_80,severe,weighted_bh,8,0.09461049623311603,0.35329729729729725,73.96,65.36,0.96,2359.2,864.0,2223.18
acquisition,amazon,hgb_graph_features,0.0,exposure_80,severe,weighted_bh,9,0.06951271024552909,0.4458064516129032,91.36,82.92,1.0,2362.24,864.0,2218.38
acquisition,amazon,hgb_graph_features,0.0,exposure_80,severe,weighted_by,0,0.0,0.0,0.0,0.0,0.0,2358.52,864.0,2216.0
acquisition,amazon,hgb_graph_features,0.0,exposure_80,severe,weighted_by,1,0.0016393442622950817,0.006120218579234973,1.22,1.12,0.02,2355.56,864.0,2218.3
acquisition,amazon,hgb_graph_features,0.0,exposure_80,severe,weighted_by,2,0.0,0.0,0.0,0.0,0.0,2368.02,864.0,2226.64
acquisition,amazon,hgb_graph_features,0.0,exposure_80,severe,weighted_by,3,0.006041404698121116,0.03978494623655914,7.8,7.4,0.12,2358.4,864.0,2212.58
acquisition,amazon,hgb_graph_features,0.0,exposure_80,severe,weighted_by,4,0.0009523809523809524,0.006521739130434783,1.26,1.2,0.02,2353.9,864.0,2221.76
acquisition,amazon,hgb_graph_features,0.0,exposure_80,severe,weighted_by,5,0.0,0.0,0.0,0.0,0.0,2364.16,864.0,2227.2
acquisition,amazon,hgb_graph_features,0.0,exposure_80,severe,weighted_by,6,0.0,0.0,0.0,0.0,0.0,2363.98,864.0,2213.36
acquisition,amazon,hgb_graph_features,0.0,exposure_80,severe,weighted_by,7,0.0013333333333333333,0.0074866310160427805,1.5,1.4,0.02,2353.92,864.0,2199.24
acquisition,amazon,hgb_graph_features,0.0,exposure_80,severe,weighted_by,8,0.002105263157894737,0.005513513513513514,1.14,1.02,0.02,2359.2,864.0,2223.18
acquisition,amazon,hgb_graph_features,0.0,exposure_80,severe,weighted_by,9,0.0,0.0,0.0,0.0,0.0,2362.24,864.0,2218.38
acquisition,amazon,hgb_graph_features,0.0,zero_exposure,moderate,equal_alpha,0,0.05481014429176834,0.4812972972972973,94.14,89.04,0.94,1456.96,864.0,1318.12
acquisition,amazon,hgb_graph_features,0.0,zero_exposure,moderate,equal_alpha,1,0.05762819647868371,0.5440437158469945,106.02,99.56,1.0,1353.24,864.0,1227.76
acquisition,amazon,hgb_graph_features,0.0,zero_exposure,moderate,equal_alpha,2,0.05433996946089811,0.5185792349726777,101.32,94.9,0.92,1452.72,864.0,1317.1
acquisition,amazon,hgb_graph_features,0.0,zero_exposure,moderate,equal_alpha,3,0.0417892034713934,0.5012903225806451,98.14,93.24,1.0,1453.82,864.0,1317.24
acquisition,amazon,hgb_graph_features,0.0,zero_exposure,moderate,equal_alpha,4,0.05065908890834209,0.49163043478260865,95.74,90.46,1.0,1444.68,864.0,1318.64
acquisition,amazon,hgb_graph_features,0.0,zero_exposure,moderate,equal_alpha,5,0.04717131795058264,0.38806451612903226,75.74,72.18,1.0,1378.26,864.0,1249.9
acquisition,amazon,hgb_graph_features,0.0,zero_exposure,moderate,equal_alpha,6,0.03928390920132545,0.44308510638297877,87.04,83.3,1.0,1592.74,864.0,1441.7
acquisition,amazon,hgb_graph_features,0.0,zero_exposure,moderate,equal_alpha,7,0.04407757737603408,0.4360427807486631,86.64,81.54,0.88,1394.4,864.0,1249.66
acquisition,amazon,hgb_graph_features,0.0,zero_exposure,moderate,equal_alpha,8,0.05002041603230782,0.3290810810810811,65.38,60.88,0.8,1409.28,864.0,1278.64
acquisition,amazon,hgb_graph_features,0.0,zero_exposure,moderate,equal_alpha,9,0.035495599260728414,0.5264516129032258,102.28,97.92,1.0,1480.5,864.0,1340.22
acquisition,amazon,hgb_graph_features,0.0,zero_exposure,moderate,pooled_reference,0,0.09224520798467378,0.7914594594594595,161.94,146.42,1.0,1456.96,864.0,1318.12
acquisition,amazon,hgb_graph_features,0.0,zero_exposure,moderate,pooled_reference,1,0.09567337729639108,0.799672131147541,162.26,146.34,1.0,1353.24,864.0,1227.76
acquisition,amazon,hgb_graph_features,0.0,zero_exposure,moderate,pooled_reference,2,0.0968998468836367,0.7668852459016393,155.64,140.34,1.0,1452.72,864.0,1317.1
acquisition,amazon,hgb_graph_features,0.0,zero_exposure,moderate,pooled_reference,3,0.07087482346920691,0.8175268817204301,163.86,152.06,1.0,1453.82,864.0,1317.24
acquisition,amazon,hgb_graph_features,0.0,zero_exposure,moderate,pooled_reference,4,0.07664089258564782,0.7609782608695652,151.78,140.02,1.0,1444.68,864.0,1318.64
acquisition,amazon,hgb_graph_features,0.0,zero_exposure,moderate,pooled_reference,5,0.07675882216919176,0.7452688172043012,150.42,138.62,1.0,1378.26,864.0,1249.9
acquisition,amazon,hgb_graph_features,0.0,zero_exposure,moderate,pooled_reference,6,0.06196897019886069,0.7614893617021277,152.7,143.16,1.0,1592.74,864.0,1441.7
acquisition,amazon,hgb_graph_features,0.0,zero_exposure,moderate,pooled_reference,7,0.08147514795582822,0.7834224598930482,159.72,146.5,1.0,1394.4,864.0,1249.66
acquisition,amazon,hgb_graph_features,0.0,zero_exposure,moderate,pooled_reference,8,0.09194109946576512,0.7617297297297297,155.7,140.92,1.0,1409.28,864.0,1278.64
acquisition,amazon,hgb_graph_features,0.0,zero_exposure,moderate,pooled_reference,9,0.07674136926518832,0.7933333333333333,160.24,147.56,1.0,1480.5,864.0,1340.22
acquisition,amazon,hgb_graph_features,0.0,zero_exposure,moderate,pooled_stratum,0,0.10661891675740068,0.7929729729729731,165.04,146.7,1.0,1456.96,864.0,1318.12
acquisition,amazon,hgb_graph_features,0.0,zero_exposure,moderate,pooled_stratum,1,0.0803648139019367,0.7536612021857924,150.76,137.92,1.0,1353.24,864.0,1227.76
acquisition,amazon,hgb_graph_features,0.0,zero_exposure,moderate,pooled_stratum,2,0.09179828990331679,0.7468852459016394,151.54,136.68,0.98,1452.72,864.0,1317.1
acquisition,amazon,hgb_graph_features,0.0,zero_exposure,moderate,pooled_stratum,3,0.06568382507742658,0.7795698924731183,155.74,145.0,1.0,1453.82,864.0,1317.24
acquisition,amazon,hgb_graph_features,0.0,zero_exposure,moderate,pooled_stratum,4,0.07227828216252939,0.7191304347826087,143.02,132.32,1.0,1444.68,864.0,1318.64
acquisition,amazon,hgb_graph_features,0.0,zero_exposure,moderate,pooled_stratum,5,0.0787502879236283,0.6797849462365592,138.0,126.44,1.0,1378.26,864.0,1249.9
acquisition,amazon,hgb_graph_features,0.0,zero_exposure,moderate,pooled_stratum,6,0.06858887817828732,0.7002127659574469,142.28,131.64,1.0,1592.74,864.0,1441.7
acquisition,amazon,hgb_graph_features,0.0,zero_exposure,moderate,pooled_stratum,7,0.07704529299825677,0.747379679144385,152.22,139.76,0.98,1394.4,864.0,1249.66
acquisition,amazon,hgb_graph_features,0.0,zero_exposure,moderate,pooled_stratum,8,0.0914510464463128,0.7152432432432433,146.58,132.32,0.98,1409.28,864.0,1278.64
acquisition,amazon,hgb_graph_features,0.0,zero_exposure,moderate,pooled_stratum,9,0.07622892534771701,0.7566666666666667,153.4,140.74,1.0,1480.5,864.0,1340.22
acquisition,amazon,hgb_graph_features,0.0,zero_exposure,moderate,size_alpha,0,0.041633612235905997,0.5184864864864864,100.48,95.92,1.0,1456.96,864.0,1318.12
acquisition,amazon,hgb_graph_features,0.0,zero_exposure,moderate,size_alpha,1,0.061012515305872324,0.5370491803278689,105.62,98.28,1.0,1353.24,864.0,1227.76
acquisition,amazon,hgb_graph_features,0.0,zero_exposure,moderate,size_alpha,2,0.06294648654181444,0.4939890710382514,97.46,90.4,0.96,1452.72,864.0,1317.1
acquisition,amazon,hgb_graph_features,0.0,zero_exposure,moderate,size_alpha,3,0.0346401330922075,0.5267741935483872,102.46,97.98,0.98,1453.82,864.0,1317.24
acquisition,amazon,hgb_graph_features,0.0,zero_exposure,moderate,size_alpha,4,0.04036506710425855,0.4755434782608696,92.08,87.5,0.92,1444.68,864.0,1318.64
acquisition,amazon,hgb_graph_features,0.0,zero_exposure,moderate,size_alpha,5,0.04552087514241209,0.42354838709677417,82.52,78.78,0.98,1378.26,864.0,1249.9
acquisition,amazon,hgb_graph_features,0.0,zero_exposure,moderate,size_alpha,6,0.034418514530416465,0.4654255319148936,91.0,87.5,1.0,1592.74,864.0,1441.7
acquisition,amazon,hgb_graph_features,0.0,zero_exposure,moderate,size_alpha,7,0.04028500879833314,0.3431016042780749,68.68,64.16,0.68,1394.4,864.0,1249.66
acquisition,amazon,hgb_graph_features,0.0,zero_exposure,moderate,size_alpha,8,0.04435478248200875,0.3635675675675676,71.34,67.26,0.84,1409.28,864.0,1278.64
acquisition,amazon,hgb_graph_features,0.0,zero_exposure,moderate,size_alpha,9,0.035178006242035036,0.5436559139784947,105.64,101.12,1.0,1480.5,864.0,1340.22
acquisition,amazon,hgb_graph_features,0.0,zero_exposure,moderate,uniform_counterfactual,0,0.11831561254204026,0.8115675675675676,170.96,150.14,1.0,1460.24,864.0,1322.3
acquisition,amazon,hgb_graph_features,0.0,zero_exposure,moderate,uniform_counterfactual,1,0.09266298045465739,0.7960655737704918,161.08,145.68,1.0,1351.88,864.0,1226.14
acquisition,amazon,hgb_graph_features,0.0,zero_exposure,moderate,uniform_counterfactual,2,0.11947855744762836,0.7846994535519126,163.5,143.6,1.0,1447.98,864.0,1311.16
acquisition,amazon,hgb_graph_features,0.0,zero_exposure,moderate,uniform_counterfactual,3,0.06526454251280635,0.8064516129032258,160.92,150.0,1.0,1454.26,864.0,1315.26
acquisition,amazon,hgb_graph_features,0.0,zero_exposure,moderate,uniform_counterfactual,4,0.08413192623045482,0.7678260869565218,154.66,141.28,1.0,1447.8,864.0,1309.72
acquisition,amazon,hgb_graph_features,0.0,zero_exposure,moderate,uniform_counterfactual,5,0.08414205604510278,0.7576344086021506,154.18,140.92,1.0,1380.74,864.0,1251.06
acquisition,amazon,hgb_graph_features,0.0,zero_exposure,moderate,uniform_counterfactual,6,0.06727320140999062,0.7625531914893616,153.92,143.36,1.0,1586.58,864.0,1435.5
acquisition,amazon,hgb_graph_features,0.0,zero_exposure,moderate,uniform_counterfactual,7,0.08215888337029732,0.7834224598930482,159.9,146.5,1.0,1404.7,864.0,1265.42
acquisition,amazon,hgb_graph_features,0.0,zero_exposure,moderate,uniform_counterfactual,8,0.10146512415447198,0.7716756756756757,159.32,142.76,1.0,1415.28,864.0,1283.84
acquisition,amazon,hgb_graph_features,0.0,zero_exposure,moderate,uniform_counterfactual,9,0.08965328387942276,0.7897849462365591,162.16,146.9,1.0,1480.64,864.0,1337.54
acquisition,amazon,hgb_graph_features,0.0,zero_exposure,moderate,weighted_bh,0,0.11163615970865677,0.8016216216216216,167.74,148.3,1.0,1456.96,864.0,1318.12
acquisition,amazon,hgb_graph_features,0.0,zero_exposure,moderate,weighted_bh,1,0.0832143439973271,0.7815300546448087,156.56,143.02,1.0,1353.24,864.0,1227.76
acquisition,amazon,hgb_graph_features,0.0,zero_exposure,moderate,weighted_bh,2,0.11023314964404635,0.77551912568306,160.08,141.92,1.0,1452.72,864.0,1317.1
acquisition,amazon,hgb_graph_features,0.0,zero_exposure,moderate,weighted_bh,3,0.06745038184631681,0.7872043010752688,157.78,146.42,1.0,1453.82,864.0,1317.24
acquisition,amazon,hgb_graph_features,0.0,zero_exposure,moderate,weighted_bh,4,0.07987874901145264,0.7465217391304348,150.02,137.36,1.0,1444.68,864.0,1318.64
acquisition,amazon,hgb_graph_features,0.0,zero_exposure,moderate,weighted_bh,5,0.08334992605577654,0.7209677419354839,147.16,134.1,0.98,1378.26,864.0,1249.9
acquisition,amazon,hgb_graph_features,0.0,zero_exposure,moderate,weighted_bh,6,0.07268722146007248,0.7496808510638298,152.52,140.94,1.0,1592.74,864.0,1441.7
acquisition,amazon,hgb_graph_features,0.0,zero_exposure,moderate,weighted_bh,7,0.08136932347729725,0.7761497326203208,158.58,145.14,1.0,1394.4,864.0,1249.66
acquisition,amazon,hgb_graph_features,0.0,zero_exposure,moderate,weighted_bh,8,0.09757947556621911,0.7514594594594596,155.04,139.02,1.0,1409.28,864.0,1278.64
acquisition,amazon,hgb_graph_features,0.0,zero_exposure,moderate,weighted_bh,9,0.08248294478128372,0.7773118279569893,158.42,144.58,1.0,1480.5,864.0,1340.22
acquisition,amazon,hgb_graph_features,0.0,zero_exposure,moderate,weighted_by,0,0.0,0.0,0.0,0.0,0.0,1456.96,864.0,1318.12
acquisition,amazon,hgb_graph_features,0.0,zero_exposure,moderate,weighted_by,1,0.0,0.0,0.0,0.0,0.0,1353.24,864.0,1227.76
acquisition,amazon,hgb_graph_features,0.0,zero_exposure,moderate,weighted_by,2,0.0,0.0,0.0,0.0,0.0,1452.72,864.0,1317.1
acquisition,amazon,hgb_graph_features,0.0,zero_exposure,moderate,weighted_by,3,0.0003278688524590164,0.0064516129032258064,1.22,1.2,0.02,1453.82,864.0,1317.24
acquisition,amazon,hgb_graph_features,0.0,zero_exposure,moderate,weighted_by,4,0.0,0.0,0.0,0.0,0.0,1444.68,864.0,1318.64
acquisition,amazon,hgb_graph_features,0.0,zero_exposure,moderate,weighted_by,5,0.0,0.0,0.0,0.0,0.0,1378.26,864.0,1249.9
acquisition,amazon,hgb_graph_features,0.0,zero_exposure,moderate,weighted_by,6,0.0,0.0,0.0,0.0,0.0,1592.74,864.0,1441.7
acquisition,amazon,hgb_graph_features,0.0,zero_exposure,moderate,weighted_by,7,0.001016949152542373,0.005989304812834224,1.18,1.12,0.02,1394.4,864.0,1249.66
acquisition,amazon,hgb_graph_features,0.0,zero_exposure,moderate,weighted_by,8,0.0,0.0,0.0,0.0,0.0,1409.28,864.0,1278.64
acquisition,amazon,hgb_graph_features,0.0,zero_exposure,moderate,weighted_by,9,0.0,0.0,0.0,0.0,0.0,1480.5,864.0,1340.22
acquisition,amazon,hgb_graph_features,0.0,zero_exposure,neutral,equal_alpha,0,0.04804599566631792,0.6512432432432432,126.62,120.48,1.0,2914.34,864.0,2640.02
acquisition,amazon,hgb_graph_features,0.0,zero_exposure,neutral,equal_alpha,1,0.0513988067268846,0.6954098360655737,134.44,127.26,1.0,2917.14,864.0,2642.92
acquisition,amazon,hgb_graph_features,0.0,zero_exposure,neutral,equal_alpha,2,0.0637101192827087,0.6481967213114754,126.82,118.62,1.0,2920.02,864.0,2644.44
acquisition,amazon,hgb_graph_features,0.0,zero_exposure,neutral,equal_alpha,3,0.03680255817622899,0.6811827956989248,132.12,126.7,1.0,2911.98,864.0,2633.38
acquisition,amazon,hgb_graph_features,0.0,zero_exposure,neutral,equal_alpha,4,0.04537870545217508,0.639891304347826,123.3,117.74,1.0,2913.2,864.0,2637.28
acquisition,amazon,hgb_graph_features,0.0,zero_exposure,neutral,equal_alpha,5,0.046618097235048464,0.5965591397849462,116.62,110.96,1.0,2921.38,864.0,2645.1
acquisition,amazon,hgb_graph_features,0.0,zero_exposure,neutral,equal_alpha,6,0.037821500508446466,0.6256382978723404,122.24,117.62,1.0,2916.62,864.0,2636.14
acquisition,amazon,hgb_graph_features,0.0,zero_exposure,neutral,equal_alpha,7,0.04677663385499486,0.6195721925133689,121.68,115.86,1.0,2910.9,864.0,2628.12
acquisition,amazon,hgb_graph_features,0.0,zero_exposure,neutral,equal_alpha,8,0.035859582156370064,0.5697297297297298,109.8,105.4,1.0,2913.64,864.0,2635.88
acquisition,amazon,hgb_graph_features,0.0,zero_exposure,neutral,equal_alpha,9,0.040659937954560944,0.6655913978494624,129.56,123.8,1.0,2913.68,864.0,2632.18
acquisition,amazon,hgb_graph_features,0.0,zero_exposure,neutral,pooled_reference,0,0.11753374036744715,0.8162162162162163,171.4,151.0,1.0,2914.34,864.0,2640.02
acquisition,amazon,hgb_graph_features,0.0,zero_exposure,neutral,pooled_reference,1,0.09154283294995151,0.7963934426229509,160.82,145.74,1.0,2917.14,864.0,2642.92
acquisition,amazon,hgb_graph_features,0.0,zero_exposure,neutral,pooled_reference,2,0.12211104987025052,0.7898360655737704,164.84,144.54,1.0,2920.02,864.0,2644.44
acquisition,amazon,hgb_graph_features,0.0,zero_exposure,neutral,pooled_reference,3,0.06651892708562172,0.8161290322580644,162.92,151.8,1.0,2911.98,864.0,2633.38
acquisition,amazon,hgb_graph_features,0.0,zero_exposure,neutral,pooled_reference,4,0.07787852604259032,0.7636956521739131,152.54,140.52,1.0,2913.2,864.0,2637.28
acquisition,amazon,hgb_graph_features,0.0,zero_exposure,neutral,pooled_reference,5,0.0858633851644867,0.7640860215053763,155.68,142.12,1.0,2921.38,864.0,2645.1
acquisition,amazon,hgb_graph_features,0.0,zero_exposure,neutral,pooled_reference,6,0.06821553999924572,0.77,155.46,144.76,1.0,2916.62,864.0,2636.14
acquisition,amazon,hgb_graph_features,0.0,zero_exposure,neutral,pooled_reference,7,0.08651241420686344,0.7917647058823529,162.28,148.06,1.0,2910.9,864.0,2628.12
acquisition,amazon,hgb_graph_features,0.0,zero_exposure,neutral,pooled_reference,8,0.10162199308969341,0.7796756756756758,160.7,144.24,1.0,2913.64,864.0,2635.88
acquisition,amazon,hgb_graph_features,0.0,zero_exposure,neutral,pooled_reference,9,0.08659205470807173,0.8026881720430107,163.86,149.3,1.0,2913.68,864.0,2632.18
acquisition,amazon,hgb_graph_features,0.0,zero_exposure,neutral,pooled_stratum,0,0.11068245457098479,0.8060540540540541,167.96,149.12,1.0,2914.34,864.0,2640.02
acquisition,amazon,hgb_graph_features,0.0,zero_exposure,neutral,pooled_stratum,1,0.09048413667144814,0.7927868852459017,159.84,145.08,1.0,2917.14,864.0,2642.92
acquisition,amazon,hgb_graph_features,0.0,zero_exposure,neutral,pooled_stratum,2,0.1131239592184693,0.792568306010929,163.78,145.04,1.0,2920.02,864.0,2644.44
acquisition,amazon,hgb_graph_features,0.0,zero_exposure,neutral,pooled_stratum,3,0.06993549657029569,0.8135483870967742,162.88,151.32,1.0,2911.98,864.0,2633.38
acquisition,amazon,hgb_graph_features,0.0,zero_exposure,neutral,pooled_stratum,4,0.07668158262863528,0.7605434782608695,151.74,139.94,1.0,2913.2,864.0,2637.28
acquisition,amazon,hgb_graph_features,0.0,zero_exposure,neutral,pooled_stratum,5,0.0806145720504834,0.7538709677419355,152.76,140.22,1.0,2921.38,864.0,2645.1
acquisition,amazon,hgb_graph_features,0.0,zero_exposure,neutral,pooled_stratum,6,0.0700264002805696,0.7659574468085107,155.02,144.0,1.0,2916.62,864.0,2636.14
acquisition,amazon,hgb_graph_features,0.0,zero_exposure,neutral,pooled_stratum,7,0.08425163689371232,0.7840641711229946,160.24,146.62,1.0,2910.9,864.0,2628.12
acquisition,amazon,hgb_graph_features,0.0,zero_exposure,neutral,pooled_stratum,8,0.09362642552970195,0.765945945945946,156.6,141.7,1.0,2913.64,864.0,2635.88
acquisition,amazon,hgb_graph_features,0.0,zero_exposure,neutral,pooled_stratum,9,0.09057613171122442,0.7963440860215054,163.46,148.12,1.0,2913.68,864.0,2632.18
acquisition,amazon,hgb_graph_features,0.0,zero_exposure,neutral,size_alpha,0,0.050838087659595396,0.5836756756756757,113.9,107.98,1.0,2914.34,864.0,2640.02
acquisition,amazon,hgb_graph_features,0.0,zero_exposure,neutral,size_alpha,1,0.061025374901355484,0.7052459016393442,137.56,129.06,1.0,2917.14,864.0,2642.92
acquisition,amazon,hgb_graph_features,0.0,zero_exposure,neutral,size_alpha,2,0.08356051215061157,0.606448087431694,121.18,110.98,1.0,2920.02,864.0,2644.44
acquisition,amazon,hgb_graph_features,0.0,zero_exposure,neutral,size_alpha,3,0.04064884636812791,0.6618279569892473,128.86,123.1,1.0,2911.98,864.0,2633.38
acquisition,amazon,hgb_graph_features,0.0,zero_exposure,neutral,size_alpha,4,0.04235134473852795,0.6228260869565218,119.8,114.6,1.0,2913.2,864.0,2637.28
acquisition,amazon,hgb_graph_features,0.0,zero_exposure,neutral,size_alpha,5,0.0523331516329382,0.595268817204301,116.88,110.72,1.0,2921.38,864.0,2645.1
acquisition,amazon,hgb_graph_features,0.0,zero_exposure,neutral,size_alpha,6,0.034569690562532986,0.6551063829787235,127.72,123.16,1.0,2916.62,864.0,2636.14
acquisition,amazon,hgb_graph_features,0.0,zero_exposure,neutral,size_alpha,7,0.05856172102373394,0.5293048128342246,105.06,98.98,1.0,2910.9,864.0,2628.12
acquisition,amazon,hgb_graph_features,0.0,zero_exposure,neutral,size_alpha,8,0.03961171581730167,0.5528648648648649,106.94,102.28,1.0,2913.64,864.0,2635.88
acquisition,amazon,hgb_graph_features,0.0,zero_exposure,neutral,size_alpha,9,0.04776446697539209,0.6563440860215054,128.76,122.08,1.0,2913.68,864.0,2632.18
acquisition,amazon,hgb_graph_features,0.0,zero_exposure,neutral,uniform_counterfactual,0,0.11753374036744715,0.8162162162162163,171.4,151.0,1.0,2914.34,864.0,2640.02
acquisition,amazon,hgb_graph_features,0.0,zero_exposure,neutral,uniform_counterfactual,1,0.09154283294995151,0.7963934426229509,160.82,145.74,1.0,2917.14,864.0,2642.92
acquisition,amazon,hgb_graph_features,0.0,zero_exposure,neutral,uniform_counterfactual,2,0.12211104987025052,0.7898360655737704,164.84,144.54,1.0,2920.02,864.0,2644.44
acquisition,amazon,hgb_graph_features,0.0,zero_exposure,neutral,uniform_counterfactual,3,0.06651892708562172,0.8161290322580644,162.92,151.8,1.0,2911.98,864.0,2633.38
acquisition,amazon,hgb_graph_features,0.0,zero_exposure,neutral,uniform_counterfactual,4,0.07787852604259032,0.7636956521739131,152.54,140.52,1.0,2913.2,864.0,2637.28
acquisition,amazon,hgb_graph_features,0.0,zero_exposure,neutral,uniform_counterfactual,5,0.0858633851644867,0.7640860215053763,155.68,142.12,1.0,2921.38,864.0,2645.1
acquisition,amazon,hgb_graph_features,0.0,zero_exposure,neutral,uniform_counterfactual,6,0.06821553999924572,0.77,155.46,144.76,1.0,2916.62,864.0,2636.14
acquisition,amazon,hgb_graph_features,0.0,zero_exposure,neutral,uniform_counterfactual,7,0.08651241420686344,0.7917647058823529,162.28,148.06,1.0,2910.9,864.0,2628.12
acquisition,amazon,hgb_graph_features,0.0,zero_exposure,neutral,uniform_counterfactual,8,0.10162199308969341,0.7796756756756758,160.7,144.24,1.0,2913.64,864.0,2635.88
acquisition,amazon,hgb_graph_features,0.0,zero_exposure,neutral,uniform_counterfactual,9,0.08659205470807173,0.8026881720430107,163.86,149.3,1.0,2913.68,864.0,2632.18
acquisition,amazon,hgb_graph_features,0.0,zero_exposure,neutral,weighted_bh,0,0.11753374036744715,0.8162162162162163,171.4,151.0,1.0,2914.34,864.0,2640.02
acquisition,amazon,hgb_graph_features,0.0,zero_exposure,neutral,weighted_bh,1,0.09154283294995151,0.7963934426229509,160.82,145.74,1.0,2917.14,864.0,2642.92
acquisition,amazon,hgb_graph_features,0.0,zero_exposure,neutral,weighted_bh,2,0.12211104987025052,0.7898360655737704,164.84,144.54,1.0,2920.02,864.0,2644.44
acquisition,amazon,hgb_graph_features,0.0,zero_exposure,neutral,weighted_bh,3,0.06651892708562172,0.8161290322580644,162.92,151.8,1.0,2911.98,864.0,2633.38
acquisition,amazon,hgb_graph_features,0.0,zero_exposure,neutral,weighted_bh,4,0.07787852604259032,0.7636956521739131,152.54,140.52,1.0,2913.2,864.0,2637.28
acquisition,amazon,hgb_graph_features,0.0,zero_exposure,neutral,weighted_bh,5,0.0858633851644867,0.7640860215053763,155.68,142.12,1.0,2921.38,864.0,2645.1
acquisition,amazon,hgb_graph_features,0.0,zero_exposure,neutral,weighted_bh,6,0.06821553999924572,0.77,155.46,144.76,1.0,2916.62,864.0,2636.14
acquisition,amazon,hgb_graph_features,0.0,zero_exposure,neutral,weighted_bh,7,0.08651241420686344,0.7917647058823529,162.28,148.06,1.0,2910.9,864.0,2628.12
acquisition,amazon,hgb_graph_features,0.0,zero_exposure,neutral,weighted_bh,8,0.10162199308969341,0.7796756756756758,160.7,144.24,1.0,2913.64,864.0,2635.88
acquisition,amazon,hgb_graph_features,0.0,zero_exposure,neutral,weighted_bh,9,0.08659205470807173,0.8026881720430107,163.86,149.3,1.0,2913.68,864.0,2632.18
acquisition,amazon,hgb_graph_features,0.0,zero_exposure,neutral,weighted_by,0,0.004873560226230146,0.11956756756756758,22.54,22.12,0.26,2914.34,864.0,2640.02
acquisition,amazon,hgb_graph_features,0.0,zero_exposure,neutral,weighted_by,1,0.0026266848619789797,0.040109289617486346,7.68,7.34,0.06,2917.14,864.0,2642.92
acquisition,amazon,hgb_graph_features,0.0,zero_exposure,neutral,weighted_by,2,0.0032022262328373348,0.06306010928961749,11.92,11.54,0.1,2920.02,864.0,2644.44
acquisition,amazon,hgb_graph_features,0.0,zero_exposure,neutral,weighted_by,3,0.007652328474937789,0.1353763440860215,25.92,25.18,0.3,2911.98,864.0,2633.38
acquisition,amazon,hgb_graph_features,0.0,zero_exposure,neutral,weighted_by,4,0.0035756604967568423,0.0667391304347826,12.62,12.28,0.14,2913.2,864.0,2637.28
acquisition,amazon,hgb_graph_features,0.0,zero_exposure,neutral,weighted_by,5,0.00764777801342984,0.14870967741935484,28.28,27.66,0.36,2921.38,864.0,2645.1
acquisition,amazon,hgb_graph_features,0.0,zero_exposure,neutral,weighted_by,6,0.0017477253928866831,0.03893617021276596,7.52,7.32,0.08,2916.62,864.0,2636.14
acquisition,amazon,hgb_graph_features,0.0,zero_exposure,neutral,weighted_by,7,0.0,0.0,0.0,0.0,0.0,2910.9,864.0,2628.12
acquisition,amazon,hgb_graph_features,0.0,zero_exposure,neutral,weighted_by,8,0.005823638624696471,0.08151351351351352,15.68,15.08,0.16,2913.64,864.0,2635.88
acquisition,amazon,hgb_graph_features,0.0,zero_exposure,neutral,weighted_by,9,0.004363724357552637,0.20376344086021503,38.32,37.9,0.46,2913.68,864.0,2632.18
acquisition,amazon,hgb_graph_features,0.0,zero_exposure,severe,equal_alpha,0,0.048436795087498076,0.19513513513513517,38.78,36.1,0.74,1183.1,864.0,1069.22
acquisition,amazon,hgb_graph_features,0.0,zero_exposure,severe,equal_alpha,1,0.042902032298711125,0.22994535519125683,44.12,42.08,1.0,1061.38,864.0,962.72
acquisition,amazon,hgb_graph_features,0.0,zero_exposure,severe,equal_alpha,2,0.02393520602664183,0.12480874316939891,23.84,22.84,0.64,1174.08,864.0,1066.32
acquisition,amazon,hgb_graph_features,0.0,zero_exposure,severe,equal_alpha,3,0.03031276081975358,0.2831182795698925,54.56,52.66,1.0,1181.68,864.0,1071.6
acquisition,amazon,hgb_graph_features,0.0,zero_exposure,severe,equal_alpha,4,0.046895659097798144,0.23456521739130434,45.64,43.16,1.0,1173.36,864.0,1074.88
acquisition,amazon,hgb_graph_features,0.0,zero_exposure,severe,equal_alpha,5,0.04204597637049611,0.1478494623655914,29.18,27.5,1.0,1087.18,864.0,988.24
acquisition,amazon,hgb_graph_features,0.0,zero_exposure,severe,equal_alpha,6,0.035533588719847506,0.3148936170212766,61.5,59.2,1.0,1345.06,864.0,1217.66
acquisition,amazon,hgb_graph_features,0.0,zero_exposure,severe,equal_alpha,7,0.032586042677293384,0.18737967914438503,37.08,35.04,0.8,1109.42,864.0,992.1
acquisition,amazon,hgb_graph_features,0.0,zero_exposure,severe,equal_alpha,8,0.04563241677442985,0.13545945945945947,27.0,25.06,0.7,1129.98,864.0,1024.66
acquisition,amazon,hgb_graph_features,0.0,zero_exposure,severe,equal_alpha,9,0.029268526925448738,0.23387096774193547,45.08,43.5,1.0,1209.96,864.0,1096.64
acquisition,amazon,hgb_graph_features,0.0,zero_exposure,severe,pooled_reference,0,0.08005205145157916,0.7792432432432433,157.34,144.16,1.0,1183.1,864.0,1069.22
acquisition,amazon,hgb_graph_features,0.0,zero_exposure,severe,pooled_reference,1,0.1016987549213418,0.8102732240437159,165.52,148.28,1.0,1061.38,864.0,962.72
acquisition,amazon,hgb_graph_features,0.0,zero_exposure,severe,pooled_reference,2,0.08623302509072336,0.7571584699453553,151.86,138.56,1.0,1174.08,864.0,1066.32
acquisition,amazon,hgb_graph_features,0.0,zero_exposure,severe,pooled_reference,3,0.0739742204840233,0.8195698924731183,164.78,152.44,1.0,1181.68,864.0,1071.6
acquisition,amazon,hgb_graph_features,0.0,zero_exposure,severe,pooled_reference,4,0.0753213755966944,0.7594565217391305,151.26,139.74,1.0,1173.36,864.0,1074.88
acquisition,amazon,hgb_graph_features,0.0,zero_exposure,severe,pooled_reference,5,0.0726191525928921,0.7353763440860215,147.72,136.78,1.0,1087.18,864.0,988.24
acquisition,amazon,hgb_graph_features,0.0,zero_exposure,severe,pooled_reference,6,0.06028108122129731,0.7610638297872341,152.32,143.08,1.0,1345.06,864.0,1217.66
acquisition,amazon,hgb_graph_features,0.0,zero_exposure,severe,pooled_reference,7,0.081812588595787,0.7816042780748663,159.4,146.16,1.0,1109.42,864.0,992.1
acquisition,amazon,hgb_graph_features,0.0,zero_exposure,severe,pooled_reference,8,0.08762690212021179,0.7561081081081081,153.82,139.88,1.0,1129.98,864.0,1024.66
acquisition,amazon,hgb_graph_features,0.0,zero_exposure,severe,pooled_reference,9,0.07125168497591985,0.7872043010752688,158.1,146.42,1.0,1209.96,864.0,1096.64
acquisition,amazon,hgb_graph_features,0.0,zero_exposure,severe,pooled_stratum,0,0.03502160599683355,0.13081081081081083,26.54,24.2,0.52,1183.1,864.0,1069.22
acquisition,amazon,hgb_graph_features,0.0,zero_exposure,severe,pooled_stratum,1,0.04421725931524634,0.23147540983606557,46.74,42.36,1.0,1061.38,864.0,962.72
acquisition,amazon,hgb_graph_features,0.0,zero_exposure,severe,pooled_stratum,2,0.013654442176181307,0.06327868852459016,12.14,11.58,0.34,1174.08,864.0,1066.32
acquisition,amazon,hgb_graph_features,0.0,zero_exposure,severe,pooled_stratum,3,0.032798673711207205,0.27301075268817204,55.34,50.78,0.94,1181.68,864.0,1071.6
acquisition,amazon,hgb_graph_features,0.0,zero_exposure,severe,pooled_stratum,4,0.029044066950652744,0.1728260869565217,33.12,31.8,0.88,1173.36,864.0,1074.88
acquisition,amazon,hgb_graph_features,0.0,zero_exposure,severe,pooled_stratum,5,0.03057671881201293,0.09483870967741936,18.68,17.64,0.64,1087.18,864.0,988.24
acquisition,amazon,hgb_graph_features,0.0,zero_exposure,severe,pooled_stratum,6,0.03354714021946699,0.3130851063829787,62.06,58.86,0.98,1345.06,864.0,1217.66
acquisition,amazon,hgb_graph_features,0.0,zero_exposure,severe,pooled_stratum,7,0.0239380376936823,0.10791443850267379,23.38,20.18,0.36,1109.42,864.0,992.1
acquisition,amazon,hgb_graph_features,0.0,zero_exposure,severe,pooled_stratum,8,0.043900200344871604,0.11902702702702703,26.68,22.02,0.54,1129.98,864.0,1024.66
acquisition,amazon,hgb_graph_features,0.0,zero_exposure,severe,pooled_stratum,9,0.017353100061433403,0.200752688172043,38.2,37.34,1.0,1209.96,864.0,1096.64
acquisition,amazon,hgb_graph_features,0.0,zero_exposure,severe,size_alpha,0,0.03111916697244331,0.11783783783783784,23.34,21.8,0.52,1183.1,864.0,1069.22
acquisition,amazon,hgb_graph_features,0.0,zero_exposure,severe,size_alpha,1,0.0318284855076621,0.18721311475409838,35.58,34.26,1.0,1061.38,864.0,962.72
acquisition,amazon,hgb_graph_features,0.0,zero_exposure,severe,size_alpha,2,0.013654442176181307,0.06327868852459016,12.14,11.58,0.34,1174.08,864.0,1066.32
acquisition,amazon,hgb_graph_features,0.0,zero_exposure,severe,size_alpha,3,0.017669879610295515,0.2278494623655914,43.44,42.38,0.92,1181.68,864.0,1071.6
acquisition,amazon,hgb_graph_features,0.0,zero_exposure,severe,size_alpha,4,0.029044066950652744,0.1728260869565217,33.12,31.8,0.88,1173.36,864.0,1074.88
acquisition,amazon,hgb_graph_features,0.0,zero_exposure,severe,size_alpha,5,0.03057671881201293,0.09483870967741936,18.68,17.64,0.64,1087.18,864.0,988.24
acquisition,amazon,hgb_graph_features,0.0,zero_exposure,severe,size_alpha,6,0.02781233458161799,0.300531914893617,58.26,56.5,0.98,1345.06,864.0,1217.66
acquisition,amazon,hgb_graph_features,0.0,zero_exposure,severe,size_alpha,7,0.013927426508933168,0.07925133689839572,15.6,14.82,0.34,1109.42,864.0,992.1
acquisition,amazon,hgb_graph_features,0.0,zero_exposure,severe,size_alpha,8,0.03221588137436842,0.0905945945945946,17.98,16.76,0.52,1129.98,864.0,1024.66
acquisition,amazon,hgb_graph_features,0.0,zero_exposure,severe,size_alpha,9,0.017353100061433403,0.200752688172043,38.2,37.34,1.0,1209.96,864.0,1096.64
acquisition,amazon,hgb_graph_features,0.0,zero_exposure,severe,uniform_counterfactual,0,0.11640815580852407,0.8100540540540542,170.38,149.86,1.0,1187.7,864.0,1075.6
acquisition,amazon,hgb_graph_features,0.0,zero_exposure,severe,uniform_counterfactual,1,0.08959776276651205,0.7910382513661202,159.54,144.76,1.0,1059.16,864.0,960.36
acquisition,amazon,hgb_graph_features,0.0,zero_exposure,severe,uniform_counterfactual,2,0.11622528961435902,0.7815300546448087,162.42,143.02,1.0,1172.94,864.0,1061.06
acquisition,amazon,hgb_graph_features,0.0,zero_exposure,severe,uniform_counterfactual,3,0.0665961172060654,0.8025806451612904,160.46,149.28,1.0,1184.36,864.0,1070.94
acquisition,amazon,hgb_graph_features,0.0,zero_exposure,severe,uniform_counterfactual,4,0.07980998341955077,0.763586956521739,153.1,140.5,1.0,1173.02,864.0,1060.62
acquisition,amazon,hgb_graph_features,0.0,zero_exposure,severe,uniform_counterfactual,5,0.0867606672641489,0.7576344086021506,154.7,140.92,1.0,1092.14,864.0,990.2
acquisition,amazon,hgb_graph_features,0.0,zero_exposure,severe,uniform_counterfactual,6,0.06801185467462222,0.7612765957446809,153.82,143.12,1.0,1342.6,864.0,1214.72
acquisition,amazon,hgb_graph_features,0.0,zero_exposure,severe,uniform_counterfactual,7,0.08504303374542851,0.7842780748663101,160.58,146.66,1.0,1119.08,864.0,1008.44
acquisition,amazon,hgb_graph_features,0.0,zero_exposure,severe,uniform_counterfactual,8,0.09985278818864134,0.7646486486486487,157.8,141.46,1.0,1130.6,864.0,1025.06
acquisition,amazon,hgb_graph_features,0.0,zero_exposure,severe,uniform_counterfactual,9,0.09174847228166724,0.7889247311827957,162.34,146.74,1.0,1214.16,864.0,1096.28
acquisition,amazon,hgb_graph_features,0.0,zero_exposure,severe,weighted_bh,0,0.08715909134921931,0.40681081081081083,84.46,75.26,0.98,1183.1,864.0,1069.22
acquisition,amazon,hgb_graph_features,0.0,zero_exposure,severe,weighted_bh,1,0.067339752299908,0.3978142076502732,80.82,72.8,0.92,1061.38,864.0,962.72
acquisition,amazon,hgb_graph_features,0.0,zero_exposure,severe,weighted_bh,2,0.06643471006611257,0.3146448087431694,63.2,57.58,1.0,1174.08,864.0,1066.32
acquisition,amazon,hgb_graph_features,0.0,zero_exposure,severe,weighted_bh,3,0.04894136854135996,0.4831182795698925,96.98,89.86,1.0,1181.68,864.0,1071.6
acquisition,amazon,hgb_graph_features,0.0,zero_exposure,severe,weighted_bh,4,0.06114721587167681,0.32663043478260867,65.54,60.1,1.0,1173.36,864.0,1074.88
acquisition,amazon,hgb_graph_features,0.0,zero_exposure,severe,weighted_bh,5,0.07697855256221177,0.21634408602150537,44.48,40.24,0.96,1087.18,864.0,988.24
acquisition,amazon,hgb_graph_features,0.0,zero_exposure,severe,weighted_bh,6,0.05473219514283432,0.44234042553191494,90.1,83.16,1.0,1345.06,864.0,1217.66
acquisition,amazon,hgb_graph_features,0.0,zero_exposure,severe,weighted_bh,7,0.07393203883759356,0.3794652406417112,77.9,70.96,1.0,1109.42,864.0,992.1
acquisition,amazon,hgb_graph_features,0.0,zero_exposure,severe,weighted_bh,8,0.09728601655394571,0.3288648648648649,69.24,60.84,0.94,1129.98,864.0,1024.66
acquisition,amazon,hgb_graph_features,0.0,zero_exposure,severe,weighted_bh,9,0.05633805549382451,0.3696774193548387,74.24,68.76,1.0,1209.96,864.0,1096.64
acquisition,amazon,hgb_graph_features,0.0,zero_exposure,severe,weighted_by,0,0.0,0.0,0.0,0.0,0.0,1183.1,864.0,1069.22
acquisition,amazon,hgb_graph_features,0.0,zero_exposure,severe,weighted_by,1,0.0,0.0,0.0,0.0,0.0,1061.38,864.0,962.72
acquisition,amazon,hgb_graph_features,0.0,zero_exposure,severe,weighted_by,2,0.0,0.0,0.0,0.0,0.0,1174.08,864.0,1066.32
acquisition,amazon,hgb_graph_features,0.0,zero_exposure,severe,weighted_by,3,0.0009339294585196226,0.01913978494623656,3.62,3.56,0.06,1181.68,864.0,1071.6
acquisition,amazon,hgb_graph_features,0.0,zero_exposure,severe,weighted_by,4,0.0,0.0,0.0,0.0,0.0,1173.36,864.0,1074.88
acquisition,amazon,hgb_graph_features,0.0,zero_exposure,severe,weighted_by,5,0.0,0.0,0.0,0.0,0.0,1087.18,864.0,988.24
acquisition,amazon,hgb_graph_features,0.0,zero_exposure,severe,weighted_by,6,0.0013148584905660376,0.01202127659574468,2.34,2.26,0.04,1345.06,864.0,1217.66
acquisition,amazon,hgb_graph_features,0.0,zero_exposure,severe,weighted_by,7,0.0015873015873015873,0.006203208556149733,1.26,1.16,0.02,1109.42,864.0,992.1
acquisition,amazon,hgb_graph_features,0.0,zero_exposure,severe,weighted_by,8,0.0,0.0,0.0,0.0,0.0,1129.98,864.0,1024.66
acquisition,amazon,hgb_graph_features,0.0,zero_exposure,severe,weighted_by,9,0.0,0.0,0.0,0.0,0.0,1209.96,864.0,1096.64
acquisition,tfinance,hgb_attributes,0.0,exposure_80,moderate,equal_alpha,0,0.028396959357943577,0.5945049504950495,247.48,240.18,1.0,11153.1,3936.0,10971.28
acquisition,tfinance,hgb_attributes,0.0,exposure_80,moderate,equal_alpha,1,0.039281800326647145,0.6132673267326733,258.3,247.76,1.0,11173.02,3936.0,10990.66
acquisition,tfinance,hgb_attributes,0.0,exposure_80,moderate,equal_alpha,2,0.035056830771482146,0.6095098039215686,258.12,248.68,1.0,11156.98,3936.0,10978.52
acquisition,tfinance,hgb_attributes,0.0,exposure_80,moderate,equal_alpha,3,0.03289823546200378,0.6157213930348259,256.26,247.52,1.0,11115.72,3936.0,10935.7
acquisition,tfinance,hgb_attributes,0.0,exposure_80,moderate,equal_alpha,4,0.04085545882647052,0.5917241379310345,251.16,240.24,1.0,11161.62,3936.0,10970.68
acquisition,tfinance,hgb_attributes,0.0,exposure_80,moderate,equal_alpha,5,0.03652145665155643,0.6466172839506172,272.18,261.88,1.0,11144.04,3936.0,10966.14
acquisition,tfinance,hgb_attributes,0.0,exposure_80,moderate,equal_alpha,6,0.03338112533683303,0.5956265356265357,251.3,242.42,1.0,11155.74,3936.0,10975.94
acquisition,tfinance,hgb_attributes,0.0,exposure_80,moderate,equal_alpha,7,0.022145562004546964,0.5910837438423645,245.68,239.98,1.0,11159.52,3936.0,10981.68
acquisition,tfinance,hgb_attributes,0.0,exposure_80,moderate,equal_alpha,8,0.027527038771848346,0.6183168316831683,257.18,249.8,1.0,11149.92,3936.0,10972.6
acquisition,tfinance,hgb_attributes,0.0,exposure_80,moderate,equal_alpha,9,0.03223913165990728,0.6167156862745098,260.28,251.62,1.0,11157.38,3936.0,10969.24
acquisition,tfinance,hgb_attributes,0.0,exposure_80,moderate,pooled_reference,0,0.09151363520589814,0.6480693069306931,288.58,261.82,1.0,11153.1,3936.0,10971.28
acquisition,tfinance,hgb_attributes,0.0,exposure_80,moderate,pooled_reference,1,0.09584450908510007,0.6600495049504951,295.42,266.66,1.0,11173.02,3936.0,10990.66
acquisition,tfinance,hgb_attributes,0.0,exposure_80,moderate,pooled_reference,2,0.118187678222818,0.662843137254902,307.2,270.44,1.0,11156.98,3936.0,10978.52
acquisition,tfinance,hgb_attributes,0.0,exposure_80,moderate,pooled_reference,3,0.10287833057707457,0.6594029850746268,295.74,265.08,1.0,11115.72,3936.0,10935.7
acquisition,tfinance,hgb_attributes,0.0,exposure_80,moderate,pooled_reference,4,0.11369702698138245,0.6552709359605912,300.72,266.04,1.0,11161.62,3936.0,10970.68
acquisition,tfinance,hgb_attributes,0.0,exposure_80,moderate,pooled_reference,5,0.11227389864202586,0.6697777777777777,305.86,271.26,1.0,11144.04,3936.0,10966.14
acquisition,tfinance,hgb_attributes,0.0,exposure_80,moderate,pooled_reference,6,0.11550379170708508,0.652088452088452,300.42,265.4,1.0,11155.74,3936.0,10975.94
acquisition,tfinance,hgb_attributes,0.0,exposure_80,moderate,pooled_reference,7,0.10539028833603721,0.6577832512315271,298.6,267.06,1.0,11159.52,3936.0,10981.68
acquisition,tfinance,hgb_attributes,0.0,exposure_80,moderate,pooled_reference,8,0.12364757248255609,0.6641584158415842,306.88,268.32,1.0,11149.92,3936.0,10972.6
acquisition,tfinance,hgb_attributes,0.0,exposure_80,moderate,pooled_reference,9,0.10644657677415387,0.6661274509803922,304.32,271.78,1.0,11157.38,3936.0,10969.24
acquisition,tfinance,hgb_attributes,0.0,exposure_80,moderate,pooled_stratum,0,0.0717110734163066,0.5642574257425743,246.22,227.96,0.98,11153.1,3936.0,10971.28
acquisition,tfinance,hgb_attributes,0.0,exposure_80,moderate,pooled_stratum,1,0.07604762126175807,0.587029702970297,257.86,237.16,0.96,11173.02,3936.0,10990.66
acquisition,tfinance,hgb_attributes,0.0,exposure_80,moderate,pooled_stratum,2,0.10082912752758044,0.557843137254902,252.1,227.6,0.98,11156.98,3936.0,10978.52
acquisition,tfinance,hgb_attributes,0.0,exposure_80,moderate,pooled_stratum,3,0.095636219204846,0.5695522388059702,253.16,228.96,0.94,11115.72,3936.0,10935.7
acquisition,tfinance,hgb_attributes,0.0,exposure_80,moderate,pooled_stratum,4,0.09271885386726751,0.526256157635468,237.0,213.66,1.0,11161.62,3936.0,10970.68
acquisition,tfinance,hgb_attributes,0.0,exposure_80,moderate,pooled_stratum,5,0.10435297789454603,0.6464197530864197,292.7,261.8,1.0,11144.04,3936.0,10966.14
acquisition,tfinance,hgb_attributes,0.0,exposure_80,moderate,pooled_stratum,6,0.07616032415656153,0.4913513513513514,220.64,199.98,0.82,11155.74,3936.0,10975.94
acquisition,tfinance,hgb_attributes,0.0,exposure_80,moderate,pooled_stratum,7,0.0810722268236051,0.5031527093596059,226.2,204.28,0.84,11159.52,3936.0,10981.68
acquisition,tfinance,hgb_attributes,0.0,exposure_80,moderate,pooled_stratum,8,0.10142668617629592,0.5668811881188119,257.88,229.02,0.92,11149.92,3936.0,10972.6
acquisition,tfinance,hgb_attributes,0.0,exposure_80,moderate,pooled_stratum,9,0.09979957775234477,0.5822058823529411,263.46,237.54,0.98,11157.38,3936.0,10969.24
acquisition,tfinance,hgb_attributes,0.0,exposure_80,moderate,size_alpha,0,0.013396212432368668,0.4132673267326733,169.66,166.96,0.78,11153.1,3936.0,10971.28
acquisition,tfinance,hgb_attributes,0.0,exposure_80,moderate,size_alpha,1,0.015205858407610882,0.5112871287128713,210.4,206.56,0.88,11173.02,3936.0,10990.66
acquisition,tfinance,hgb_attributes,0.0,exposure_80,moderate,size_alpha,2,0.03391208374462554,0.4686764705882353,195.72,191.22,0.88,11156.98,3936.0,10978.52
acquisition,tfinance,hgb_attributes,0.0,exposure_80,moderate,size_alpha,3,0.023943277806283133,0.5014925373134329,205.5,201.6,0.88,11115.72,3936.0,10935.7
acquisition,tfinance,hgb_attributes,0.0,exposure_80,moderate,size_alpha,4,0.03763639416740286,0.3442857142857143,143.98,139.78,0.98,11161.62,3936.0,10970.68
acquisition,tfinance,hgb_attributes,0.0,exposure_80,moderate,size_alpha,5,0.020018084031629805,0.6196049382716049,256.26,250.94,1.0,11144.04,3936.0,10966.14
acquisition,tfinance,hgb_attributes,0.0,exposure_80,moderate,size_alpha,6,0.016919021629852923,0.3906633906633907,161.6,159.0,0.7,11155.74,3936.0,10975.94
acquisition,tfinance,hgb_attributes,0.0,exposure_80,moderate,size_alpha,7,0.008135102498660054,0.39487684729064043,162.28,160.32,0.7,11159.52,3936.0,10981.68
acquisition,tfinance,hgb_attributes,0.0,exposure_80,moderate,size_alpha,8,0.011248123115809921,0.5185148514851485,212.3,209.48,0.88,11149.92,3936.0,10972.6
acquisition,tfinance,hgb_attributes,0.0,exposure_80,moderate,size_alpha,9,0.026187476108615274,0.5364215686274509,223.18,218.86,0.96,11157.38,3936.0,10969.24
acquisition,tfinance,hgb_attributes,0.0,exposure_80,moderate,uniform_counterfactual,0,0.07431105520903125,0.6356930693069307,277.88,256.82,1.0,11165.92,3936.0,10656.48
acquisition,tfinance,hgb_attributes,0.0,exposure_80,moderate,uniform_counterfactual,1,0.07829498782167134,0.6523762376237624,286.36,263.56,1.0,11154.5,3936.0,10647.38
acquisition,tfinance,hgb_attributes,0.0,exposure_80,moderate,uniform_counterfactual,2,0.09957969078354374,0.6518627450980392,295.66,265.96,1.0,11174.32,3936.0,10659.64
acquisition,tfinance,hgb_attributes,0.0,exposure_80,moderate,uniform_counterfactual,3,0.09424378940207458,0.6520398009950249,289.58,262.12,1.0,11126.64,3936.0,10620.96
acquisition,tfinance,hgb_attributes,0.0,exposure_80,moderate,uniform_counterfactual,4,0.10095138908776319,0.6448275862068965,291.68,261.8,1.0,11161.32,3936.0,10646.14
acquisition,tfinance,hgb_attributes,0.0,exposure_80,moderate,uniform_counterfactual,5,0.10938695733642963,0.6685432098765431,304.3,270.76,1.0,11141.9,3936.0,10630.56
acquisition,tfinance,hgb_attributes,0.0,exposure_80,moderate,uniform_counterfactual,6,0.09194100224157947,0.6432923832923834,288.54,261.82,1.0,11156.72,3936.0,10647.4
acquisition,tfinance,hgb_attributes,0.0,exposure_80,moderate,uniform_counterfactual,7,0.0963228845520152,0.6510344827586206,292.6,264.32,1.0,11157.6,3936.0,10646.74
acquisition,tfinance,hgb_attributes,0.0,exposure_80,moderate,uniform_counterfactual,8,0.10445937898390559,0.6529702970297029,294.94,263.8,1.0,11147.98,3936.0,10641.06
acquisition,tfinance,hgb_attributes,0.0,exposure_80,moderate,uniform_counterfactual,9,0.09306789119176903,0.6599019607843136,296.92,269.24,1.0,11158.08,3936.0,10645.44
acquisition,tfinance,hgb_attributes,0.0,exposure_80,moderate,weighted_bh,0,0.07470479007624733,0.6294554455445545,275.24,254.3,1.0,11153.1,3936.0,10971.28
acquisition,tfinance,hgb_attributes,0.0,exposure_80,moderate,weighted_bh,1,0.08032464229259906,0.6506930693069307,286.34,262.88,1.0,11173.02,3936.0,10990.66
acquisition,tfinance,hgb_attributes,0.0,exposure_80,moderate,weighted_bh,2,0.09624025248848649,0.646470588235294,292.36,263.76,1.0,11156.98,3936.0,10978.52
acquisition,tfinance,hgb_attributes,0.0,exposure_80,moderate,weighted_bh,3,0.09355855343916077,0.6485572139303483,287.94,260.72,1.0,11115.72,3936.0,10935.7
acquisition,tfinance,hgb_attributes,0.0,exposure_80,moderate,weighted_bh,4,0.10243500051415973,0.6388669950738916,289.6,259.38,1.0,11161.62,3936.0,10970.68
acquisition,tfinance,hgb_attributes,0.0,exposure_80,moderate,weighted_bh,5,0.11085341942266665,0.6658271604938271,303.74,269.66,1.0,11144.04,3936.0,10966.14
acquisition,tfinance,hgb_attributes,0.0,exposure_80,moderate,weighted_bh,6,0.09041693430096322,0.6375921375921376,285.86,259.5,1.0,11155.74,3936.0,10975.94
acquisition,tfinance,hgb_attributes,0.0,exposure_80,moderate,weighted_bh,7,0.08827899868869218,0.6409852216748768,285.66,260.24,1.0,11159.52,3936.0,10981.68
acquisition,tfinance,hgb_attributes,0.0,exposure_80,moderate,weighted_bh,8,0.10244388557340818,0.6482178217821783,292.22,261.88,1.0,11149.92,3936.0,10972.6
acquisition,tfinance,hgb_attributes,0.0,exposure_80,moderate,weighted_bh,9,0.09766075559816895,0.6581372549019607,297.76,268.52,1.0,11157.38,3936.0,10969.24
acquisition,tfinance,hgb_attributes,0.0,exposure_80,moderate,weighted_by,0,0.0,0.0,0.0,0.0,0.0,11153.1,3936.0,10971.28
acquisition,tfinance,hgb_attributes,0.0,exposure_80,moderate,weighted_by,1,0.0,0.0,0.0,0.0,0.0,11173.02,3936.0,10990.66
acquisition,tfinance,hgb_attributes,0.0,exposure_80,moderate,weighted_by,2,0.0,0.0,0.0,0.0,0.0,11156.98,3936.0,10978.52
acquisition,tfinance,hgb_attributes,0.0,exposure_80,moderate,weighted_by,3,0.0,0.0,0.0,0.0,0.0,11115.72,3936.0,10935.7
acquisition,tfinance,hgb_attributes,0.0,exposure_80,moderate,weighted_by,4,0.0,0.0,0.0,0.0,0.0,11161.62,3936.0,10970.68
acquisition,tfinance,hgb_attributes,0.0,exposure_80,moderate,weighted_by,5,0.0,0.0,0.0,0.0,0.0,11144.04,3936.0,10966.14
acquisition,tfinance,hgb_attributes,0.0,exposure_80,moderate,weighted_by,6,0.0,0.0,0.0,0.0,0.0,11155.74,3936.0,10975.94
acquisition,tfinance,hgb_attributes,0.0,exposure_80,moderate,weighted_by,7,0.0,0.0,0.0,0.0,0.0,11159.52,3936.0,10981.68
acquisition,tfinance,hgb_attributes,0.0,exposure_80,moderate,weighted_by,8,0.0,0.0,0.0,0.0,0.0,11149.92,3936.0,10972.6
acquisition,tfinance,hgb_attributes,0.0,exposure_80,moderate,weighted_by,9,0.0,0.0,0.0,0.0,0.0,11157.38,3936.0,10969.24
acquisition,tfinance,hgb_attributes,0.0,exposure_80,neutral,equal_alpha,0,0.03402197809867555,0.6132178217821782,256.58,247.74,1.0,13287.6,3936.0,12682.28
acquisition,tfinance,hgb_attributes,0.0,exposure_80,neutral,equal_alpha,1,0.036784493917306475,0.6200990099009901,260.22,250.52,1.0,13280.66,3936.0,12676.42
acquisition,tfinance,hgb_attributes,0.0,exposure_80,neutral,equal_alpha,2,0.043852638175183464,0.6216176470588235,265.34,253.62,1.0,13298.08,3936.0,12686.82
acquisition,tfinance,hgb_attributes,0.0,exposure_80,neutral,equal_alpha,3,0.038988846480022134,0.630547263681592,263.88,253.48,1.0,13245.64,3936.0,12643.14
acquisition,tfinance,hgb_attributes,0.0,exposure_80,neutral,equal_alpha,4,0.043662310611051455,0.6135960591133005,260.74,249.12,1.0,13292.86,3936.0,12680.16
acquisition,tfinance,hgb_attributes,0.0,exposure_80,neutral,equal_alpha,5,0.04092463537011718,0.6537777777777778,276.16,264.78,1.0,13264.1,3936.0,12654.9
acquisition,tfinance,hgb_attributes,0.0,exposure_80,neutral,equal_alpha,6,0.036615867906564056,0.6103194103194103,257.9,248.4,1.0,13273.64,3936.0,12666.72
acquisition,tfinance,hgb_attributes,0.0,exposure_80,neutral,equal_alpha,7,0.030932340664639,0.6169950738916257,258.58,250.5,1.0,13290.3,3936.0,12679.76
acquisition,tfinance,hgb_attributes,0.0,exposure_80,neutral,equal_alpha,8,0.03027003192755796,0.6289108910891089,262.14,254.08,1.0,13270.64,3936.0,12665.22
acquisition,tfinance,hgb_attributes,0.0,exposure_80,neutral,equal_alpha,9,0.03221055888789229,0.6245098039215686,263.38,254.8,1.0,13274.34,3936.0,12664.7
acquisition,tfinance,hgb_attributes,0.0,exposure_80,neutral,pooled_reference,0,0.0743432265669553,0.6363366336633663,278.06,257.08,1.0,13287.6,3936.0,12682.28
acquisition,tfinance,hgb_attributes,0.0,exposure_80,neutral,pooled_reference,1,0.07882226557196208,0.6530693069306931,286.82,263.84,1.0,13280.66,3936.0,12676.42
acquisition,tfinance,hgb_attributes,0.0,exposure_80,neutral,pooled_reference,2,0.1008959145385548,0.6525490196078431,296.4,266.24,1.0,13298.08,3936.0,12686.82
acquisition,tfinance,hgb_attributes,0.0,exposure_80,neutral,pooled_reference,3,0.09520847991183806,0.6524378109452736,290.1,262.28,1.0,13245.64,3936.0,12643.14
acquisition,tfinance,hgb_attributes,0.0,exposure_80,neutral,pooled_reference,4,0.10130600770636955,0.6462561576354681,292.38,262.38,1.0,13292.86,3936.0,12680.16
acquisition,tfinance,hgb_attributes,0.0,exposure_80,neutral,pooled_reference,5,0.10995304669123313,0.6684444444444445,304.42,270.72,1.0,13264.1,3936.0,12654.9
acquisition,tfinance,hgb_attributes,0.0,exposure_80,neutral,pooled_reference,6,0.09193091527758454,0.6437346437346437,288.7,262.0,1.0,13273.64,3936.0,12666.72
acquisition,tfinance,hgb_attributes,0.0,exposure_80,neutral,pooled_reference,7,0.0970007066500557,0.6519704433497537,293.16,264.7,1.0,13290.3,3936.0,12679.76
acquisition,tfinance,hgb_attributes,0.0,exposure_80,neutral,pooled_reference,8,0.10489354105146205,0.6531188118811881,295.18,263.86,1.0,13270.64,3936.0,12665.22
acquisition,tfinance,hgb_attributes,0.0,exposure_80,neutral,pooled_reference,9,0.09469610140301706,0.6606862745098039,297.78,269.56,1.0,13274.34,3936.0,12664.7
acquisition,tfinance,hgb_attributes,0.0,exposure_80,neutral,pooled_stratum,0,0.07607425689930696,0.6022277227722772,263.6,243.3,1.0,13287.6,3936.0,12682.28
acquisition,tfinance,hgb_attributes,0.0,exposure_80,neutral,pooled_stratum,1,0.08119517894130344,0.6234158415841584,274.52,251.86,1.0,13280.66,3936.0,12676.42
acquisition,tfinance,hgb_attributes,0.0,exposure_80,neutral,pooled_stratum,2,0.10126668905281808,0.6217156862745098,282.32,253.66,1.0,13298.08,3936.0,12686.82
acquisition,tfinance,hgb_attributes,0.0,exposure_80,neutral,pooled_stratum,3,0.09570397559402018,0.6397014925373135,284.54,257.16,1.0,13245.64,3936.0,12643.14
acquisition,tfinance,hgb_attributes,0.0,exposure_80,neutral,pooled_stratum,4,0.10401004515107934,0.5970443349753695,270.94,242.4,1.0,13292.86,3936.0,12680.16
acquisition,tfinance,hgb_attributes,0.0,exposure_80,neutral,pooled_stratum,5,0.10630729717492356,0.6593580246913581,299.14,267.04,1.0,13264.1,3936.0,12654.9
acquisition,tfinance,hgb_attributes,0.0,exposure_80,neutral,pooled_stratum,6,0.09101111771436883,0.6075675675675676,272.16,247.28,1.0,13273.64,3936.0,12666.72
acquisition,tfinance,hgb_attributes,0.0,exposure_80,neutral,pooled_stratum,7,0.0967829012254379,0.615615763546798,276.76,249.94,1.0,13290.3,3936.0,12679.76
acquisition,tfinance,hgb_attributes,0.0,exposure_80,neutral,pooled_stratum,8,0.11148094399856003,0.6316831683168317,287.62,255.2,1.0,13270.64,3936.0,12665.22
acquisition,tfinance,hgb_attributes,0.0,exposure_80,neutral,pooled_stratum,9,0.09688728616979217,0.6403921568627452,289.36,261.28,1.0,13274.34,3936.0,12664.7
acquisition,tfinance,hgb_attributes,0.0,exposure_80,neutral,size_alpha,0,0.012835940730341507,0.5577722772277228,228.3,225.34,1.0,13287.6,3936.0,12682.28
acquisition,tfinance,hgb_attributes,0.0,exposure_80,neutral,size_alpha,1,0.017202624551906007,0.5832673267326733,239.88,235.64,1.0,13280.66,3936.0,12676.42
acquisition,tfinance,hgb_attributes,0.0,exposure_80,neutral,size_alpha,2,0.0192247266179155,0.5965196078431372,248.22,243.38,1.0,13298.08,3936.0,12686.82
acquisition,tfinance,hgb_attributes,0.0,exposure_80,neutral,size_alpha,3,0.0175802662841153,0.5914427860696517,242.1,237.76,1.0,13245.64,3936.0,12643.14
acquisition,tfinance,hgb_attributes,0.0,exposure_80,neutral,size_alpha,4,0.02249669071580361,0.5465024630541871,227.2,221.88,1.0,13292.86,3936.0,12680.16
acquisition,tfinance,hgb_attributes,0.0,exposure_80,neutral,size_alpha,5,0.021275510837964622,0.6288395061728395,260.32,254.68,1.0,13264.1,3936.0,12654.9
acquisition,tfinance,hgb_attributes,0.0,exposure_80,neutral,size_alpha,6,0.009157435907412453,0.5622113022113022,230.98,228.82,1.0,13273.64,3936.0,12666.72
acquisition,tfinance,hgb_attributes,0.0,exposure_80,neutral,size_alpha,7,0.009563007232747524,0.5631034482758621,230.84,228.62,1.0,13290.3,3936.0,12679.76
acquisition,tfinance,hgb_attributes,0.0,exposure_80,neutral,size_alpha,8,0.014034855644369217,0.5972772277227723,244.8,241.3,1.0,13270.64,3936.0,12665.22
acquisition,tfinance,hgb_attributes,0.0,exposure_80,neutral,size_alpha,9,0.017863093967187316,0.5963235294117647,247.82,243.3,1.0,13274.34,3936.0,12664.7
acquisition,tfinance,hgb_attributes,0.0,exposure_80,neutral,uniform_counterfactual,0,0.0743432265669553,0.6363366336633663,278.06,257.08,1.0,13287.6,3936.0,12682.28
acquisition,tfinance,hgb_attributes,0.0,exposure_80,neutral,uniform_counterfactual,1,0.07882226557196208,0.6530693069306931,286.82,263.84,1.0,13280.66,3936.0,12676.42
acquisition,tfinance,hgb_attributes,0.0,exposure_80,neutral,uniform_counterfactual,2,0.1008959145385548,0.6525490196078431,296.4,266.24,1.0,13298.08,3936.0,12686.82
acquisition,tfinance,hgb_attributes,0.0,exposure_80,neutral,uniform_counterfactual,3,0.09520847991183806,0.6524378109452736,290.1,262.28,1.0,13245.64,3936.0,12643.14
acquisition,tfinance,hgb_attributes,0.0,exposure_80,neutral,uniform_counterfactual,4,0.10130600770636955,0.6462561576354681,292.38,262.38,1.0,13292.86,3936.0,12680.16
acquisition,tfinance,hgb_attributes,0.0,exposure_80,neutral,uniform_counterfactual,5,0.10995304669123313,0.6684444444444445,304.42,270.72,1.0,13264.1,3936.0,12654.9
acquisition,tfinance,hgb_attributes,0.0,exposure_80,neutral,uniform_counterfactual,6,0.09193091527758454,0.6437346437346437,288.7,262.0,1.0,13273.64,3936.0,12666.72
acquisition,tfinance,hgb_attributes,0.0,exposure_80,neutral,uniform_counterfactual,7,0.0970007066500557,0.6519704433497537,293.16,264.7,1.0,13290.3,3936.0,12679.76
acquisition,tfinance,hgb_attributes,0.0,exposure_80,neutral,uniform_counterfactual,8,0.10489354105146205,0.6531188118811881,295.18,263.86,1.0,13270.64,3936.0,12665.22
acquisition,tfinance,hgb_attributes,0.0,exposure_80,neutral,uniform_counterfactual,9,0.09469610140301706,0.6606862745098039,297.78,269.56,1.0,13274.34,3936.0,12664.7
acquisition,tfinance,hgb_attributes,0.0,exposure_80,neutral,weighted_bh,0,0.0743432265669553,0.6363366336633663,278.06,257.08,1.0,13287.6,3936.0,12682.28
acquisition,tfinance,hgb_attributes,0.0,exposure_80,neutral,weighted_bh,1,0.07882226557196208,0.6530693069306931,286.82,263.84,1.0,13280.66,3936.0,12676.42
acquisition,tfinance,hgb_attributes,0.0,exposure_80,neutral,weighted_bh,2,0.1008959145385548,0.6525490196078431,296.4,266.24,1.0,13298.08,3936.0,12686.82
acquisition,tfinance,hgb_attributes,0.0,exposure_80,neutral,weighted_bh,3,0.09520847991183806,0.6524378109452736,290.1,262.28,1.0,13245.64,3936.0,12643.14
acquisition,tfinance,hgb_attributes,0.0,exposure_80,neutral,weighted_bh,4,0.10130600770636955,0.6462561576354681,292.38,262.38,1.0,13292.86,3936.0,12680.16
acquisition,tfinance,hgb_attributes,0.0,exposure_80,neutral,weighted_bh,5,0.10995304669123313,0.6684444444444445,304.42,270.72,1.0,13264.1,3936.0,12654.9
acquisition,tfinance,hgb_attributes,0.0,exposure_80,neutral,weighted_bh,6,0.09193091527758454,0.6437346437346437,288.7,262.0,1.0,13273.64,3936.0,12666.72
acquisition,tfinance,hgb_attributes,0.0,exposure_80,neutral,weighted_bh,7,0.0970007066500557,0.6519704433497537,293.16,264.7,1.0,13290.3,3936.0,12679.76
acquisition,tfinance,hgb_attributes,0.0,exposure_80,neutral,weighted_bh,8,0.10489354105146205,0.6531188118811881,295.18,263.86,1.0,13270.64,3936.0,12665.22
acquisition,tfinance,hgb_attributes,0.0,exposure_80,neutral,weighted_bh,9,0.09469610140301706,0.6606862745098039,297.78,269.56,1.0,13274.34,3936.0,12664.7
acquisition,tfinance,hgb_attributes,0.0,exposure_80,neutral,weighted_by,0,0.00813340960457576,0.4389108910891089,178.96,177.32,0.98,13287.6,3936.0,12682.28
acquisition,tfinance,hgb_attributes,0.0,exposure_80,neutral,weighted_by,1,0.008951485259395865,0.4071782178217822,166.4,164.5,0.84,13280.66,3936.0,12676.42
acquisition,tfinance,hgb_attributes,0.0,exposure_80,neutral,weighted_by,2,0.010957937660393628,0.5098529411764706,210.4,208.02,1.0,13298.08,3936.0,12686.82
acquisition,tfinance,hgb_attributes,0.0,exposure_80,neutral,weighted_by,3,0.011473562896632062,0.3093532338308458,126.84,124.36,0.62,13245.64,3936.0,12643.14
acquisition,tfinance,hgb_attributes,0.0,exposure_80,neutral,weighted_by,4,0.008416684347758704,0.4205911330049261,172.4,170.76,0.92,13292.86,3936.0,12680.16
acquisition,tfinance,hgb_attributes,0.0,exposure_80,neutral,weighted_by,5,0.018012352729077436,0.5335802469135803,220.5,216.1,1.0,13264.1,3936.0,12654.9
acquisition,tfinance,hgb_attributes,0.0,exposure_80,neutral,weighted_by,6,0.0072021833769161225,0.4252088452088452,174.48,173.06,1.0,13273.64,3936.0,12666.72
acquisition,tfinance,hgb_attributes,0.0,exposure_80,neutral,weighted_by,7,0.00611363086136309,0.24729064039408868,101.74,100.4,0.5,13290.3,3936.0,12679.76
acquisition,tfinance,hgb_attributes,0.0,exposure_80,neutral,weighted_by,8,0.009763749068883476,0.40554455445544557,166.06,163.84,0.8,13270.64,3936.0,12665.22
acquisition,tfinance,hgb_attributes,0.0,exposure_80,neutral,weighted_by,9,0.011730235769947963,0.46127450980392154,190.78,188.2,1.0,13274.34,3936.0,12664.7
acquisition,tfinance,hgb_attributes,0.0,exposure_80,severe,equal_alpha,0,0.008909148489685555,0.05643564356435643,25.68,22.8,0.08,10751.7,3936.0,10649.36
acquisition,tfinance,hgb_attributes,0.0,exposure_80,severe,equal_alpha,1,0.008,0.0004455445544554455,0.3,0.18,0.02,10775.32,3936.0,10674.08
acquisition,tfinance,hgb_attributes,0.0,exposure_80,severe,equal_alpha,2,0.023590241282436607,0.07014705882352941,32.34,28.62,0.16,10760.54,3936.0,10662.46
acquisition,tfinance,hgb_attributes,0.0,exposure_80,severe,equal_alpha,3,0.01504976804501702,0.02955223880597015,14.72,11.88,0.06,10719.42,3936.0,10619.44
acquisition,tfinance,hgb_attributes,0.0,exposure_80,severe,equal_alpha,4,0.031175748946979956,0.038275862068965515,17.54,15.54,0.38,10759.94,3936.0,10649.36
acquisition,tfinance,hgb_attributes,0.0,exposure_80,severe,equal_alpha,5,0.05009738127985223,0.06123456790123456,28.82,24.8,0.22,10746.48,3936.0,10647.92
acquisition,tfinance,hgb_attributes,0.0,exposure_80,severe,equal_alpha,6,0.013375700393893263,0.0652088452088452,30.72,26.54,0.1,10754.7,3936.0,10655.84
acquisition,tfinance,hgb_attributes,0.0,exposure_80,severe,equal_alpha,7,0.005376708769151937,0.043103448275862065,19.3,17.5,0.06,10757.04,3936.0,10659.92
acquisition,tfinance,hgb_attributes,0.0,exposure_80,severe,equal_alpha,8,0.0,0.0,0.0,0.0,0.0,10754.28,3936.0,10656.56
acquisition,tfinance,hgb_attributes,0.0,exposure_80,severe,equal_alpha,9,0.03040321543144037,0.04426470588235294,20.98,18.06,0.14,10756.14,3936.0,10650.34
acquisition,tfinance,hgb_attributes,0.0,exposure_80,severe,pooled_reference,0,0.09434572006580165,0.6495049504950495,290.1,262.4,1.0,10751.7,3936.0,10649.36
acquisition,tfinance,hgb_attributes,0.0,exposure_80,severe,pooled_reference,1,0.09937665982270115,0.6612376237623763,297.08,267.14,1.0,10775.32,3936.0,10674.08
acquisition,tfinance,hgb_attributes,0.0,exposure_80,severe,pooled_reference,2,0.12323510876540662,0.6666176470588234,310.74,271.98,1.0,10760.54,3936.0,10662.46
acquisition,tfinance,hgb_attributes,0.0,exposure_80,severe,pooled_reference,3,0.1046370970605953,0.6611442786069652,297.08,265.78,1.0,10719.42,3936.0,10619.44
acquisition,tfinance,hgb_attributes,0.0,exposure_80,severe,pooled_reference,4,0.11966911581518498,0.6589162561576355,304.46,267.52,1.0,10759.94,3936.0,10649.36
acquisition,tfinance,hgb_attributes,0.0,exposure_80,severe,pooled_reference,5,0.11273092326451878,0.6698271604938272,306.08,271.28,1.0,10746.48,3936.0,10647.92
acquisition,tfinance,hgb_attributes,0.0,exposure_80,severe,pooled_reference,6,0.12212621847164556,0.6546928746928746,303.98,266.46,1.0,10754.7,3936.0,10655.84
acquisition,tfinance,hgb_attributes,0.0,exposure_80,severe,pooled_reference,7,0.10820014689707502,0.6610344827586206,301.04,268.38,1.0,10757.04,3936.0,10659.92
acquisition,tfinance,hgb_attributes,0.0,exposure_80,severe,pooled_reference,8,0.12846926949373205,0.6674752475247524,310.14,269.66,1.0,10754.28,3936.0,10656.56
acquisition,tfinance,hgb_attributes,0.0,exposure_80,severe,pooled_reference,9,0.11004873493045782,0.6673039215686275,306.2,272.26,1.0,10756.14,3936.0,10650.34
acquisition,tfinance,hgb_attributes,0.0,exposure_80,severe,pooled_stratum,0,0.01505982905982906,0.002722772277227723,1.26,1.1,0.12,10751.7,3936.0,10649.36
acquisition,tfinance,hgb_attributes,0.0,exposure_80,severe,pooled_stratum,1,0.040965034965034966,0.00400990099009901,2.1,1.62,0.2,10775.32,3936.0,10674.08
acquisition,tfinance,hgb_attributes,0.0,exposure_80,severe,pooled_stratum,2,0.05906493506493506,0.015196078431372549,6.86,6.2,0.64,10760.54,3936.0,10662.46
acquisition,tfinance,hgb_attributes,0.0,exposure_80,severe,pooled_stratum,3,0.05311111111111111,0.003930348258706468,2.34,1.58,0.18,10719.42,3936.0,10619.44
acquisition,tfinance,hgb_attributes,0.0,exposure_80,severe,pooled_stratum,4,0.05808053221288516,0.02704433497536946,11.82,10.98,0.86,10759.94,3936.0,10649.36
acquisition,tfinance,hgb_attributes,0.0,exposure_80,severe,pooled_stratum,5,0.09777980602129208,0.006814814814814814,4.4,2.76,0.28,10746.48,3936.0,10647.92
acquisition,tfinance,hgb_attributes,0.0,exposure_80,severe,pooled_stratum,6,0.006666666666666666,0.00029484029484029485,0.18,0.12,0.02,10754.7,3936.0,10655.84
acquisition,tfinance,hgb_attributes,0.0,exposure_80,severe,pooled_stratum,7,0.009914529914529915,0.0007881773399014779,0.44,0.32,0.04,10757.04,3936.0,10659.92
acquisition,tfinance,hgb_attributes,0.0,exposure_80,severe,pooled_stratum,8,0.016444444444444442,0.0010396039603960397,0.58,0.42,0.06,10754.28,3936.0,10656.56
acquisition,tfinance,hgb_attributes,0.0,exposure_80,severe,pooled_stratum,9,0.06997083961789845,0.008186274509803922,4.38,3.34,0.3,10756.14,3936.0,10650.34
acquisition,tfinance,hgb_attributes,0.0,exposure_80,severe,size_alpha,0,0.01505982905982906,0.002722772277227723,1.26,1.1,0.12,10751.7,3936.0,10649.36
acquisition,tfinance,hgb_attributes,0.0,exposure_80,severe,size_alpha,1,0.040965034965034966,0.00400990099009901,2.1,1.62,0.2,10775.32,3936.0,10674.08
acquisition,tfinance,hgb_attributes,0.0,exposure_80,severe,size_alpha,2,0.05906493506493506,0.015196078431372549,6.86,6.2,0.64,10760.54,3936.0,10662.46
acquisition,tfinance,hgb_attributes,0.0,exposure_80,severe,size_alpha,3,0.05311111111111111,0.003930348258706468,2.34,1.58,0.18,10719.42,3936.0,10619.44
acquisition,tfinance,hgb_attributes,0.0,exposure_80,severe,size_alpha,4,0.05808053221288516,0.02704433497536946,11.82,10.98,0.86,10759.94,3936.0,10649.36
acquisition,tfinance,hgb_attributes,0.0,exposure_80,severe,size_alpha,5,0.09777980602129208,0.006814814814814814,4.4,2.76,0.28,10746.48,3936.0,10647.92
acquisition,tfinance,hgb_attributes,0.0,exposure_80,severe,size_alpha,6,0.006666666666666666,0.00029484029484029485,0.18,0.12,0.02,10754.7,3936.0,10655.84
acquisition,tfinance,hgb_attributes,0.0,exposure_80,severe,size_alpha,7,0.009914529914529915,0.0007881773399014779,0.44,0.32,0.04,10757.04,3936.0,10659.92
acquisition,tfinance,hgb_attributes,0.0,exposure_80,severe,size_alpha,8,0.016444444444444442,0.0010396039603960397,0.58,0.42,0.06,10754.28,3936.0,10656.56
acquisition,tfinance,hgb_attributes,0.0,exposure_80,severe,size_alpha,9,0.06997083961789845,0.008186274509803922,4.38,3.34,0.3,10756.14,3936.0,10650.34
acquisition,tfinance,hgb_attributes,0.0,exposure_80,severe,uniform_counterfactual,0,0.07552605389739622,0.6369306930693069,278.78,257.32,1.0,10768.26,3936.0,10276.76
acquisition,tfinance,hgb_attributes,0.0,exposure_80,severe,uniform_counterfactual,1,0.07873485083468248,0.6526237623762376,286.6,263.66,1.0,10757.56,3936.0,10268.38
acquisition,tfinance,hgb_attributes,0.0,exposure_80,severe,uniform_counterfactual,2,0.10023958858832556,0.6522549019607843,296.08,266.12,1.0,10773.7,3936.0,10277.58
acquisition,tfinance,hgb_attributes,0.0,exposure_80,severe,uniform_counterfactual,3,0.0939403032869217,0.6520895522388059,289.52,262.14,1.0,10734.32,3936.0,10247.0
acquisition,tfinance,hgb_attributes,0.0,exposure_80,severe,uniform_counterfactual,4,0.10081330584874419,0.6449753694581282,291.72,261.86,1.0,10765.3,3936.0,10267.84
acquisition,tfinance,hgb_attributes,0.0,exposure_80,severe,uniform_counterfactual,5,0.1099699733116089,0.6684444444444445,304.48,270.72,1.0,10742.96,3936.0,10250.36
acquisition,tfinance,hgb_attributes,0.0,exposure_80,severe,uniform_counterfactual,6,0.09272810299334333,0.6437837837837839,288.98,262.02,1.0,10757.12,3936.0,10265.7
acquisition,tfinance,hgb_attributes,0.0,exposure_80,severe,uniform_counterfactual,7,0.09648215263774075,0.6511822660098523,292.72,264.38,1.0,10762.46,3936.0,10270.18
acquisition,tfinance,hgb_attributes,0.0,exposure_80,severe,uniform_counterfactual,8,0.10421476769743566,0.6526237623762376,294.72,263.66,1.0,10746.56,3936.0,10257.56
acquisition,tfinance,hgb_attributes,0.0,exposure_80,severe,uniform_counterfactual,9,0.09264926988353571,0.6595098039215687,296.62,269.08,1.0,10760.14,3936.0,10264.54
acquisition,tfinance,hgb_attributes,0.0,exposure_80,severe,weighted_bh,0,0.07330290153951535,0.5979207920792079,261.52,241.56,1.0,10751.7,3936.0,10649.36
acquisition,tfinance,hgb_attributes,0.0,exposure_80,severe,weighted_bh,1,0.07012013931031562,0.6006435643564356,262.62,242.66,0.96,10775.32,3936.0,10674.08
acquisition,tfinance,hgb_attributes,0.0,exposure_80,severe,weighted_bh,2,0.09196468107747972,0.6070588235294118,275.14,247.68,0.96,10760.54,3936.0,10662.46
acquisition,tfinance,hgb_attributes,0.0,exposure_80,severe,weighted_bh,3,0.09236578275981323,0.6251741293532338,277.46,251.32,1.0,10719.42,3936.0,10619.44
acquisition,tfinance,hgb_attributes,0.0,exposure_80,severe,weighted_bh,4,0.11474317596386709,0.6199507389162562,285.38,251.7,1.0,10759.94,3936.0,10649.36
acquisition,tfinance,hgb_attributes,0.0,exposure_80,severe,weighted_bh,5,0.10186907392627562,0.6504197530864197,293.88,263.42,1.0,10746.48,3936.0,10647.92
acquisition,tfinance,hgb_attributes,0.0,exposure_80,severe,weighted_bh,6,0.09348451754386389,0.6080098280098281,274.74,247.46,0.98,10754.7,3936.0,10655.84
acquisition,tfinance,hgb_attributes,0.0,exposure_80,severe,weighted_bh,7,0.08689811724790798,0.6114285714285714,272.92,248.24,0.98,10757.04,3936.0,10659.92
acquisition,tfinance,hgb_attributes,0.0,exposure_80,severe,weighted_bh,8,0.10239844688285181,0.616980198019802,279.2,249.26,0.98,10754.28,3936.0,10656.56
acquisition,tfinance,hgb_attributes,0.0,exposure_80,severe,weighted_bh,9,0.09976270038454746,0.6479901960784313,294.24,264.38,1.0,10756.14,3936.0,10650.34
acquisition,tfinance,hgb_attributes,0.0,exposure_80,severe,weighted_by,0,0.0,0.0,0.0,0.0,0.0,10751.7,3936.0,10649.36
acquisition,tfinance,hgb_attributes,0.0,exposure_80,severe,weighted_by,1,0.0,0.0,0.0,0.0,0.0,10775.32,3936.0,10674.08
acquisition,tfinance,hgb_attributes,0.0,exposure_80,severe,weighted_by,2,0.0,0.0,0.0,0.0,0.0,10760.54,3936.0,10662.46
acquisition,tfinance,hgb_attributes,0.0,exposure_80,severe,weighted_by,3,0.0,0.0,0.0,0.0,0.0,10719.42,3936.0,10619.44
acquisition,tfinance,hgb_attributes,0.0,exposure_80,severe,weighted_by,4,0.0,0.0,0.0,0.0,0.0,10759.94,3936.0,10649.36
acquisition,tfinance,hgb_attributes,0.0,exposure_80,severe,weighted_by,5,0.0,0.0,0.0,0.0,0.0,10746.48,3936.0,10647.92
acquisition,tfinance,hgb_attributes,0.0,exposure_80,severe,weighted_by,6,0.0,0.0,0.0,0.0,0.0,10754.7,3936.0,10655.84
acquisition,tfinance,hgb_attributes,0.0,exposure_80,severe,weighted_by,7,0.0,0.0,0.0,0.0,0.0,10757.04,3936.0,10659.92
acquisition,tfinance,hgb_attributes,0.0,exposure_80,severe,weighted_by,8,0.0,0.0,0.0,0.0,0.0,10754.28,3936.0,10656.56
acquisition,tfinance,hgb_attributes,0.0,exposure_80,severe,weighted_by,9,0.0,0.0,0.0,0.0,0.0,10756.14,3936.0,10650.34
acquisition,tfinance,hgb_attributes,0.0,zero_exposure,moderate,equal_alpha,0,0.03312538783544969,0.6059405940594059,253.44,244.8,1.0,8997.18,3936.0,8827.56
acquisition,tfinance,hgb_attributes,0.0,zero_exposure,moderate,equal_alpha,1,0.04079853344302457,0.620990099009901,261.9,250.88,1.0,8787.0,3936.0,8617.94
acquisition,tfinance,hgb_attributes,0.0,zero_exposure,moderate,equal_alpha,2,0.040171947434035245,0.6118627450980392,260.52,249.64,1.0,9150.64,3936.0,8981.82
acquisition,tfinance,hgb_attributes,0.0,zero_exposure,moderate,equal_alpha,3,0.03885794919613942,0.6255721393034825,262.1,251.48,1.0,8721.36,3936.0,8555.4
acquisition,tfinance,hgb_attributes,0.0,zero_exposure,moderate,equal_alpha,4,0.04490437963980965,0.5957635467980296,253.9,241.88,1.0,8817.1,3936.0,8638.3
acquisition,tfinance,hgb_attributes,0.0,zero_exposure,moderate,equal_alpha,5,0.037751880802517596,0.6447901234567901,271.76,261.14,1.0,8753.48,3936.0,8588.02
acquisition,tfinance,hgb_attributes,0.0,zero_exposure,moderate,equal_alpha,6,0.03206960458454935,0.5961179361179362,251.2,242.62,1.0,8358.7,3936.0,8194.74
acquisition,tfinance,hgb_attributes,0.0,zero_exposure,moderate,equal_alpha,7,0.02531072086783684,0.6028078817733991,251.34,244.74,1.0,8621.08,3936.0,8456.08
acquisition,tfinance,hgb_attributes,0.0,zero_exposure,moderate,equal_alpha,8,0.0317830286570607,0.6255940594059406,261.36,252.74,1.0,8545.12,3936.0,8380.48
acquisition,tfinance,hgb_attributes,0.0,zero_exposure,moderate,equal_alpha,9,0.03441940444056688,0.6244117647058823,264.12,254.76,1.0,9106.4,3936.0,8931.16
acquisition,tfinance,hgb_attributes,0.0,zero_exposure,moderate,pooled_reference,0,0.06741105110921274,0.6308910891089109,273.6,254.88,1.0,8997.18,3936.0,8827.56
acquisition,tfinance,hgb_attributes,0.0,zero_exposure,moderate,pooled_reference,1,0.06865836726153154,0.6473267326732673,281.12,261.52,1.0,8787.0,3936.0,8617.94
acquisition,tfinance,hgb_attributes,0.0,zero_exposure,moderate,pooled_reference,2,0.09654503687590049,0.6495588235294117,293.66,265.02,1.0,9150.64,3936.0,8981.82
acquisition,tfinance,hgb_attributes,0.0,zero_exposure,moderate,pooled_reference,3,0.08257456339281884,0.6417412935323383,281.4,257.98,1.0,8721.36,3936.0,8555.4
acquisition,tfinance,hgb_attributes,0.0,zero_exposure,moderate,pooled_reference,4,0.08818269240922894,0.6342857142857143,282.72,257.52,1.0,8817.1,3936.0,8638.3
acquisition,tfinance,hgb_attributes,0.0,zero_exposure,moderate,pooled_reference,5,0.090692512513384,0.6612345679012346,294.88,267.8,1.0,8753.48,3936.0,8588.02
acquisition,tfinance,hgb_attributes,0.0,zero_exposure,moderate,pooled_reference,6,0.08575418774071178,0.6396068796068797,284.94,260.32,1.0,8358.7,3936.0,8194.74
acquisition,tfinance,hgb_attributes,0.0,zero_exposure,moderate,pooled_reference,7,0.0782798463537678,0.6386699507389163,281.36,259.3,1.0,8621.08,3936.0,8456.08
acquisition,tfinance,hgb_attributes,0.0,zero_exposure,moderate,pooled_reference,8,0.09661626998407477,0.6472277227722771,289.82,261.48,1.0,8545.12,3936.0,8380.48
acquisition,tfinance,hgb_attributes,0.0,zero_exposure,moderate,pooled_reference,9,0.0872584905713647,0.6557843137254902,293.16,267.56,1.0,9106.4,3936.0,8931.16
acquisition,tfinance,hgb_attributes,0.0,zero_exposure,moderate,pooled_stratum,0,0.06836066267250011,0.6306930693069307,273.96,254.8,1.0,8997.18,3936.0,8827.56
acquisition,tfinance,hgb_attributes,0.0,zero_exposure,moderate,pooled_stratum,1,0.078060051363498,0.6526237623762376,286.48,263.66,1.0,8787.0,3936.0,8617.94
acquisition,tfinance,hgb_attributes,0.0,zero_exposure,moderate,pooled_stratum,2,0.09202657269322509,0.6371078431372549,286.98,259.94,1.0,9150.64,3936.0,8981.82
acquisition,tfinance,hgb_attributes,0.0,zero_exposure,moderate,pooled_stratum,3,0.09001022440106458,0.6590049751243781,291.62,264.92,1.0,8721.36,3936.0,8555.4
acquisition,tfinance,hgb_attributes,0.0,zero_exposure,moderate,pooled_stratum,4,0.09305249613471817,0.6397536945812807,287.04,259.74,1.0,8817.1,3936.0,8638.3
acquisition,tfinance,hgb_attributes,0.0,zero_exposure,moderate,pooled_stratum,5,0.10214568284782233,0.6714074074074073,303.32,271.92,1.0,8753.48,3936.0,8588.02
acquisition,tfinance,hgb_attributes,0.0,zero_exposure,moderate,pooled_stratum,6,0.0840451312689868,0.6267813267813268,279.16,255.1,1.0,8358.7,3936.0,8194.74
acquisition,tfinance,hgb_attributes,0.0,zero_exposure,moderate,pooled_stratum,7,0.08409413171594421,0.6379310344827587,282.98,259.0,1.0,8621.08,3936.0,8456.08
acquisition,tfinance,hgb_attributes,0.0,zero_exposure,moderate,pooled_stratum,8,0.09681037355758565,0.6483663366336634,290.5,261.94,1.0,8545.12,3936.0,8380.48
acquisition,tfinance,hgb_attributes,0.0,zero_exposure,moderate,pooled_stratum,9,0.09411297786457525,0.6592156862745098,297.06,268.96,1.0,9106.4,3936.0,8931.16
acquisition,tfinance,hgb_attributes,0.0,zero_exposure,moderate,size_alpha,0,0.024598064724096546,0.5816336633663366,241.18,234.98,1.0,8997.18,3936.0,8827.56
acquisition,tfinance,hgb_attributes,0.0,zero_exposure,moderate,size_alpha,1,0.037379739526605144,0.6143069306930693,258.24,248.18,1.0,8787.0,3936.0,8617.94
acquisition,tfinance,hgb_attributes,0.0,zero_exposure,moderate,size_alpha,2,0.03086136572903819,0.5994117647058823,252.86,244.56,1.0,9150.64,3936.0,8981.82
acquisition,tfinance,hgb_attributes,0.0,zero_exposure,moderate,size_alpha,3,0.036399281188619244,0.6181094527363183,258.32,248.48,1.0,8721.36,3936.0,8555.4
acquisition,tfinance,hgb_attributes,0.0,zero_exposure,moderate,size_alpha,4,0.03813493356561186,0.5852216748768473,247.78,237.6,1.0,8817.1,3936.0,8638.3
acquisition,tfinance,hgb_attributes,0.0,zero_exposure,moderate,size_alpha,5,0.035816827300488754,0.6435061728395062,270.68,260.62,1.0,8753.48,3936.0,8588.02
acquisition,tfinance,hgb_attributes,0.0,zero_exposure,moderate,size_alpha,6,0.030202412277171055,0.5923341523341523,249.04,241.08,1.0,8358.7,3936.0,8194.74
acquisition,tfinance,hgb_attributes,0.0,zero_exposure,moderate,size_alpha,7,0.02367929103773755,0.594679802955665,247.62,241.44,1.0,8621.08,3936.0,8456.08
acquisition,tfinance,hgb_attributes,0.0,zero_exposure,moderate,size_alpha,8,0.029226174251343932,0.6211386138613861,258.78,250.94,1.0,8545.12,3936.0,8380.48
acquisition,tfinance,hgb_attributes,0.0,zero_exposure,moderate,size_alpha,9,0.02810850112476164,0.6128921568627451,257.6,250.06,1.0,9106.4,3936.0,8931.16
acquisition,tfinance,hgb_attributes,0.0,zero_exposure,moderate,uniform_counterfactual,0,0.07625759258565372,0.6368316831683168,279.04,257.28,1.0,9007.28,3936.0,8596.2
acquisition,tfinance,hgb_attributes,0.0,zero_exposure,moderate,uniform_counterfactual,1,0.07923995338140248,0.6521782178217822,286.74,263.48,1.0,8770.02,3936.0,8372.0
acquisition,tfinance,hgb_attributes,0.0,zero_exposure,moderate,uniform_counterfactual,2,0.09987031310863928,0.6517156862745098,295.72,265.9,1.0,9165.48,3936.0,8745.38
acquisition,tfinance,hgb_attributes,0.0,zero_exposure,moderate,uniform_counterfactual,3,0.09397562371237152,0.6517910447761195,289.44,262.02,1.0,8726.86,3936.0,8330.02
acquisition,tfinance,hgb_attributes,0.0,zero_exposure,moderate,uniform_counterfactual,4,0.10493528509880137,0.6481773399014779,294.58,263.16,1.0,8828.82,3936.0,8420.88
acquisition,tfinance,hgb_attributes,0.0,zero_exposure,moderate,uniform_counterfactual,5,0.10921514398275643,0.6680493827160494,304.04,270.56,1.0,8760.9,3936.0,8359.56
acquisition,tfinance,hgb_attributes,0.0,zero_exposure,moderate,uniform_counterfactual,6,0.09195366008006063,0.6432923832923834,288.64,261.82,1.0,8360.6,3936.0,7978.24
acquisition,tfinance,hgb_attributes,0.0,zero_exposure,moderate,uniform_counterfactual,7,0.09696232903908757,0.6512807881773399,292.98,264.42,1.0,8621.7,3936.0,8229.28
acquisition,tfinance,hgb_attributes,0.0,zero_exposure,moderate,uniform_counterfactual,8,0.10167131814642064,0.6508415841584159,293.12,262.94,1.0,8555.62,3936.0,8165.24
acquisition,tfinance,hgb_attributes,0.0,zero_exposure,moderate,uniform_counterfactual,9,0.09234812013385664,0.6583823529411765,296.04,268.62,1.0,9103.88,3936.0,8684.22
acquisition,tfinance,hgb_attributes,0.0,zero_exposure,moderate,weighted_bh,0,0.07583180116854775,0.63,275.82,254.52,1.0,8997.18,3936.0,8827.56
acquisition,tfinance,hgb_attributes,0.0,zero_exposure,moderate,weighted_bh,1,0.08077179437438772,0.6504455445544555,286.38,262.78,1.0,8787.0,3936.0,8617.94
acquisition,tfinance,hgb_attributes,0.0,zero_exposure,moderate,weighted_bh,2,0.09700393448393621,0.6459313725490197,292.4,263.54,1.0,9150.64,3936.0,8981.82
acquisition,tfinance,hgb_attributes,0.0,zero_exposure,moderate,weighted_bh,3,0.09426964607865088,0.6481592039800995,288.02,260.56,1.0,8721.36,3936.0,8555.4
acquisition,tfinance,hgb_attributes,0.0,zero_exposure,moderate,weighted_bh,4,0.10169656028203049,0.6397536945812807,289.82,259.74,1.0,8817.1,3936.0,8638.3
acquisition,tfinance,hgb_attributes,0.0,zero_exposure,moderate,weighted_bh,5,0.10943244169269048,0.6655308641975308,303.1,269.54,1.0,8753.48,3936.0,8588.02
acquisition,tfinance,hgb_attributes,0.0,zero_exposure,moderate,weighted_bh,6,0.08686788659157343,0.6346437346437347,283.42,258.3,1.0,8358.7,3936.0,8194.74
acquisition,tfinance,hgb_attributes,0.0,zero_exposure,moderate,weighted_bh,7,0.08805053714704104,0.6407881773399015,285.5,260.16,1.0,8621.08,3936.0,8456.08
acquisition,tfinance,hgb_attributes,0.0,zero_exposure,moderate,weighted_bh,8,0.10172731351246332,0.6479207920792079,291.9,261.76,1.0,8545.12,3936.0,8380.48
acquisition,tfinance,hgb_attributes,0.0,zero_exposure,moderate,weighted_bh,9,0.0982200707482055,0.6584313725490196,298.1,268.64,1.0,9106.4,3936.0,8931.16
acquisition,tfinance,hgb_attributes,0.0,zero_exposure,moderate,weighted_by,0,0.0,0.0,0.0,0.0,0.0,8997.18,3936.0,8827.56
acquisition,tfinance,hgb_attributes,0.0,zero_exposure,moderate,weighted_by,1,0.0,0.0,0.0,0.0,0.0,8787.0,3936.0,8617.94
acquisition,tfinance,hgb_attributes,0.0,zero_exposure,moderate,weighted_by,2,0.0,0.0,0.0,0.0,0.0,9150.64,3936.0,8981.82
acquisition,tfinance,hgb_attributes,0.0,zero_exposure,moderate,weighted_by,3,0.0,0.0,0.0,0.0,0.0,8721.36,3936.0,8555.4
acquisition,tfinance,hgb_attributes,0.0,zero_exposure,moderate,weighted_by,4,0.0,0.0,0.0,0.0,0.0,8817.1,3936.0,8638.3
acquisition,tfinance,hgb_attributes,0.0,zero_exposure,moderate,weighted_by,5,0.0,0.0,0.0,0.0,0.0,8753.48,3936.0,8588.02
acquisition,tfinance,hgb_attributes,0.0,zero_exposure,moderate,weighted_by,6,0.0,0.0,0.0,0.0,0.0,8358.7,3936.0,8194.74
acquisition,tfinance,hgb_attributes,0.0,zero_exposure,moderate,weighted_by,7,0.0,0.0,0.0,0.0,0.0,8621.08,3936.0,8456.08
acquisition,tfinance,hgb_attributes,0.0,zero_exposure,moderate,weighted_by,8,0.0,0.0,0.0,0.0,0.0,8545.12,3936.0,8380.48
acquisition,tfinance,hgb_attributes,0.0,zero_exposure,moderate,weighted_by,9,0.0,0.0,0.0,0.0,0.0,9106.4,3936.0,8931.16
acquisition,tfinance,hgb_attributes,0.0,zero_exposure,neutral,equal_alpha,0,0.04035059838951059,0.624950495049505,263.2,252.48,1.0,13287.6,3936.0,12682.28
acquisition,tfinance,hgb_attributes,0.0,zero_exposure,neutral,equal_alpha,1,0.04124937976138186,0.6278712871287129,264.7,253.66,1.0,13280.66,3936.0,12676.42
acquisition,tfinance,hgb_attributes,0.0,zero_exposure,neutral,equal_alpha,2,0.049978454776020455,0.6251960784313725,268.62,255.08,1.0,13298.08,3936.0,12686.82
acquisition,tfinance,hgb_attributes,0.0,zero_exposure,neutral,equal_alpha,3,0.04731203637817685,0.6418905472636816,271.02,258.04,1.0,13245.64,3936.0,12643.14
acquisition,tfinance,hgb_attributes,0.0,zero_exposure,neutral,equal_alpha,4,0.048191915020974176,0.6133990147783251,261.88,249.04,1.0,13292.86,3936.0,12680.16
acquisition,tfinance,hgb_attributes,0.0,zero_exposure,neutral,equal_alpha,5,0.045692164766772396,0.6528395061728395,277.14,264.4,1.0,13264.1,3936.0,12654.9
acquisition,tfinance,hgb_attributes,0.0,zero_exposure,neutral,equal_alpha,6,0.03939069376228397,0.6132186732186732,259.92,249.58,1.0,13273.64,3936.0,12666.72
acquisition,tfinance,hgb_attributes,0.0,zero_exposure,neutral,equal_alpha,7,0.03744684866305116,0.625911330049261,264.1,254.12,1.0,13290.3,3936.0,12679.76
acquisition,tfinance,hgb_attributes,0.0,zero_exposure,neutral,equal_alpha,8,0.03604643816898335,0.6352475247524753,266.42,256.64,1.0,13270.64,3936.0,12665.22
acquisition,tfinance,hgb_attributes,0.0,zero_exposure,neutral,equal_alpha,9,0.03663402939318679,0.629313725490196,266.64,256.76,1.0,13274.34,3936.0,12664.7
acquisition,tfinance,hgb_attributes,0.0,zero_exposure,neutral,pooled_reference,0,0.0743432265669553,0.6363366336633663,278.06,257.08,1.0,13287.6,3936.0,12682.28
acquisition,tfinance,hgb_attributes,0.0,zero_exposure,neutral,pooled_reference,1,0.07882226557196208,0.6530693069306931,286.82,263.84,1.0,13280.66,3936.0,12676.42
acquisition,tfinance,hgb_attributes,0.0,zero_exposure,neutral,pooled_reference,2,0.1008959145385548,0.6525490196078431,296.4,266.24,1.0,13298.08,3936.0,12686.82
acquisition,tfinance,hgb_attributes,0.0,zero_exposure,neutral,pooled_reference,3,0.09520847991183806,0.6524378109452736,290.1,262.28,1.0,13245.64,3936.0,12643.14
acquisition,tfinance,hgb_attributes,0.0,zero_exposure,neutral,pooled_reference,4,0.10130600770636955,0.6462561576354681,292.38,262.38,1.0,13292.86,3936.0,12680.16
acquisition,tfinance,hgb_attributes,0.0,zero_exposure,neutral,pooled_reference,5,0.10995304669123313,0.6684444444444445,304.42,270.72,1.0,13264.1,3936.0,12654.9
acquisition,tfinance,hgb_attributes,0.0,zero_exposure,neutral,pooled_reference,6,0.09193091527758454,0.6437346437346437,288.7,262.0,1.0,13273.64,3936.0,12666.72
acquisition,tfinance,hgb_attributes,0.0,zero_exposure,neutral,pooled_reference,7,0.0970007066500557,0.6519704433497537,293.16,264.7,1.0,13290.3,3936.0,12679.76
acquisition,tfinance,hgb_attributes,0.0,zero_exposure,neutral,pooled_reference,8,0.10489354105146205,0.6531188118811881,295.18,263.86,1.0,13270.64,3936.0,12665.22
acquisition,tfinance,hgb_attributes,0.0,zero_exposure,neutral,pooled_reference,9,0.09469610140301706,0.6606862745098039,297.78,269.56,1.0,13274.34,3936.0,12664.7
acquisition,tfinance,hgb_attributes,0.0,zero_exposure,neutral,pooled_stratum,0,0.07373504208429521,0.6494059405940594,283.56,262.36,1.0,13287.6,3936.0,12682.28
acquisition,tfinance,hgb_attributes,0.0,zero_exposure,neutral,pooled_stratum,1,0.076901061406192,0.659009900990099,288.66,266.24,1.0,13280.66,3936.0,12676.42
acquisition,tfinance,hgb_attributes,0.0,zero_exposure,neutral,pooled_stratum,2,0.09873951633795067,0.6527450980392158,295.7,266.32,1.0,13298.08,3936.0,12686.82
acquisition,tfinance,hgb_attributes,0.0,zero_exposure,neutral,pooled_stratum,3,0.09427201179665218,0.6724875621890547,298.68,270.34,1.0,13245.64,3936.0,12643.14
acquisition,tfinance,hgb_attributes,0.0,zero_exposure,neutral,pooled_stratum,4,0.09597808773331483,0.6570443349753694,295.38,266.76,1.0,13292.86,3936.0,12680.16
acquisition,tfinance,hgb_attributes,0.0,zero_exposure,neutral,pooled_stratum,5,0.10772783190306695,0.678716049382716,308.28,274.88,1.0,13264.1,3936.0,12654.9
acquisition,tfinance,hgb_attributes,0.0,zero_exposure,neutral,pooled_stratum,6,0.09288255354391112,0.6461916461916463,290.1,263.0,1.0,13273.64,3936.0,12666.72
acquisition,tfinance,hgb_attributes,0.0,zero_exposure,neutral,pooled_stratum,7,0.09309307570542277,0.6603940886699508,295.74,268.12,1.0,13290.3,3936.0,12679.76
acquisition,tfinance,hgb_attributes,0.0,zero_exposure,neutral,pooled_stratum,8,0.10104784813244988,0.6583168316831682,296.22,265.96,1.0,13270.64,3936.0,12665.22
acquisition,tfinance,hgb_attributes,0.0,zero_exposure,neutral,pooled_stratum,9,0.09300607470732718,0.6631862745098038,298.38,270.58,1.0,13274.34,3936.0,12664.7
acquisition,tfinance,hgb_attributes,0.0,zero_exposure,neutral,size_alpha,0,0.030642013270719567,0.6029207920792079,251.42,243.58,1.0,13287.6,3936.0,12682.28
acquisition,tfinance,hgb_attributes,0.0,zero_exposure,neutral,size_alpha,1,0.034460584728287086,0.6223762376237624,260.54,251.44,1.0,13280.66,3936.0,12676.42
acquisition,tfinance,hgb_attributes,0.0,zero_exposure,neutral,size_alpha,2,0.04002974002109779,0.6188725490196079,263.1,252.5,1.0,13298.08,3936.0,12686.82
acquisition,tfinance,hgb_attributes,0.0,zero_exposure,neutral,size_alpha,3,0.03832245653987805,0.6303482587064676,263.66,253.4,1.0,13245.64,3936.0,12643.14
acquisition,tfinance,hgb_attributes,0.0,zero_exposure,neutral,size_alpha,4,0.039856734126078514,0.6108866995073892,258.48,248.02,1.0,13292.86,3936.0,12680.16
acquisition,tfinance,hgb_attributes,0.0,zero_exposure,neutral,size_alpha,5,0.04140778758952315,0.6488395061728396,274.2,262.78,1.0,13264.1,3936.0,12654.9
acquisition,tfinance,hgb_attributes,0.0,zero_exposure,neutral,size_alpha,6,0.035287934881211076,0.6101719901719902,257.52,248.34,1.0,13273.64,3936.0,12666.72
acquisition,tfinance,hgb_attributes,0.0,zero_exposure,neutral,size_alpha,7,0.03055496599460562,0.6195073891625615,259.56,251.52,1.0,13290.3,3936.0,12679.76
acquisition,tfinance,hgb_attributes,0.0,zero_exposure,neutral,size_alpha,8,0.03135692631275912,0.6289108910891089,262.48,254.08,1.0,13270.64,3936.0,12665.22
acquisition,tfinance,hgb_attributes,0.0,zero_exposure,neutral,size_alpha,9,0.029457081915281534,0.6237745098039216,262.36,254.5,1.0,13274.34,3936.0,12664.7
acquisition,tfinance,hgb_attributes,0.0,zero_exposure,neutral,uniform_counterfactual,0,0.0743432265669553,0.6363366336633663,278.06,257.08,1.0,13287.6,3936.0,12682.28
acquisition,tfinance,hgb_attributes,0.0,zero_exposure,neutral,uniform_counterfactual,1,0.07882226557196208,0.6530693069306931,286.82,263.84,1.0,13280.66,3936.0,12676.42
acquisition,tfinance,hgb_attributes,0.0,zero_exposure,neutral,uniform_counterfactual,2,0.1008959145385548,0.6525490196078431,296.4,266.24,1.0,13298.08,3936.0,12686.82
acquisition,tfinance,hgb_attributes,0.0,zero_exposure,neutral,uniform_counterfactual,3,0.09520847991183806,0.6524378109452736,290.1,262.28,1.0,13245.64,3936.0,12643.14
acquisition,tfinance,hgb_attributes,0.0,zero_exposure,neutral,uniform_counterfactual,4,0.10130600770636955,0.6462561576354681,292.38,262.38,1.0,13292.86,3936.0,12680.16
acquisition,tfinance,hgb_attributes,0.0,zero_exposure,neutral,uniform_counterfactual,5,0.10995304669123313,0.6684444444444445,304.42,270.72,1.0,13264.1,3936.0,12654.9
acquisition,tfinance,hgb_attributes,0.0,zero_exposure,neutral,uniform_counterfactual,6,0.09193091527758454,0.6437346437346437,288.7,262.0,1.0,13273.64,3936.0,12666.72
acquisition,tfinance,hgb_attributes,0.0,zero_exposure,neutral,uniform_counterfactual,7,0.0970007066500557,0.6519704433497537,293.16,264.7,1.0,13290.3,3936.0,12679.76
acquisition,tfinance,hgb_attributes,0.0,zero_exposure,neutral,uniform_counterfactual,8,0.10489354105146205,0.6531188118811881,295.18,263.86,1.0,13270.64,3936.0,12665.22
acquisition,tfinance,hgb_attributes,0.0,zero_exposure,neutral,uniform_counterfactual,9,0.09469610140301706,0.6606862745098039,297.78,269.56,1.0,13274.34,3936.0,12664.7
acquisition,tfinance,hgb_attributes,0.0,zero_exposure,neutral,weighted_bh,0,0.0743432265669553,0.6363366336633663,278.06,257.08,1.0,13287.6,3936.0,12682.28
acquisition,tfinance,hgb_attributes,0.0,zero_exposure,neutral,weighted_bh,1,0.07882226557196208,0.6530693069306931,286.82,263.84,1.0,13280.66,3936.0,12676.42
acquisition,tfinance,hgb_attributes,0.0,zero_exposure,neutral,weighted_bh,2,0.1008959145385548,0.6525490196078431,296.4,266.24,1.0,13298.08,3936.0,12686.82
acquisition,tfinance,hgb_attributes,0.0,zero_exposure,neutral,weighted_bh,3,0.09520847991183806,0.6524378109452736,290.1,262.28,1.0,13245.64,3936.0,12643.14
acquisition,tfinance,hgb_attributes,0.0,zero_exposure,neutral,weighted_bh,4,0.10130600770636955,0.6462561576354681,292.38,262.38,1.0,13292.86,3936.0,12680.16
acquisition,tfinance,hgb_attributes,0.0,zero_exposure,neutral,weighted_bh,5,0.10995304669123313,0.6684444444444445,304.42,270.72,1.0,13264.1,3936.0,12654.9
acquisition,tfinance,hgb_attributes,0.0,zero_exposure,neutral,weighted_bh,6,0.09193091527758454,0.6437346437346437,288.7,262.0,1.0,13273.64,3936.0,12666.72
acquisition,tfinance,hgb_attributes,0.0,zero_exposure,neutral,weighted_bh,7,0.0970007066500557,0.6519704433497537,293.16,264.7,1.0,13290.3,3936.0,12679.76
acquisition,tfinance,hgb_attributes,0.0,zero_exposure,neutral,weighted_bh,8,0.10489354105146205,0.6531188118811881,295.18,263.86,1.0,13270.64,3936.0,12665.22
acquisition,tfinance,hgb_attributes,0.0,zero_exposure,neutral,weighted_bh,9,0.09469610140301706,0.6606862745098039,297.78,269.56,1.0,13274.34,3936.0,12664.7
acquisition,tfinance,hgb_attributes,0.0,zero_exposure,neutral,weighted_by,0,0.00813340960457576,0.4389108910891089,178.96,177.32,0.98,13287.6,3936.0,12682.28
acquisition,tfinance,hgb_attributes,0.0,zero_exposure,neutral,weighted_by,1,0.008951485259395865,0.4071782178217822,166.4,164.5,0.84,13280.66,3936.0,12676.42
acquisition,tfinance,hgb_attributes,0.0,zero_exposure,neutral,weighted_by,2,0.010957937660393628,0.5098529411764706,210.4,208.02,1.0,13298.08,3936.0,12686.82
acquisition,tfinance,hgb_attributes,0.0,zero_exposure,neutral,weighted_by,3,0.011473562896632062,0.3093532338308458,126.84,124.36,0.62,13245.64,3936.0,12643.14
acquisition,tfinance,hgb_attributes,0.0,zero_exposure,neutral,weighted_by,4,0.008416684347758704,0.4205911330049261,172.4,170.76,0.92,13292.86,3936.0,12680.16
acquisition,tfinance,hgb_attributes,0.0,zero_exposure,neutral,weighted_by,5,0.018012352729077436,0.5335802469135803,220.5,216.1,1.0,13264.1,3936.0,12654.9
acquisition,tfinance,hgb_attributes,0.0,zero_exposure,neutral,weighted_by,6,0.0072021833769161225,0.4252088452088452,174.48,173.06,1.0,13273.64,3936.0,12666.72
acquisition,tfinance,hgb_attributes,0.0,zero_exposure,neutral,weighted_by,7,0.00611363086136309,0.24729064039408868,101.74,100.4,0.5,13290.3,3936.0,12679.76
acquisition,tfinance,hgb_attributes,0.0,zero_exposure,neutral,weighted_by,8,0.009763749068883476,0.40554455445544557,166.06,163.84,0.8,13270.64,3936.0,12665.22
acquisition,tfinance,hgb_attributes,0.0,zero_exposure,neutral,weighted_by,9,0.011730235769947963,0.46127450980392154,190.78,188.2,1.0,13274.34,3936.0,12664.7
acquisition,tfinance,hgb_attributes,0.0,zero_exposure,severe,equal_alpha,0,0.008953740779848967,0.06757425742574258,30.08,27.3,0.1,8193.36,3936.0,8105.64
acquisition,tfinance,hgb_attributes,0.0,zero_exposure,severe,equal_alpha,1,0.018103901759502824,0.0656930693069307,29.5,26.54,0.12,7940.18,3936.0,7854.34
acquisition,tfinance,hgb_attributes,0.0,zero_exposure,severe,equal_alpha,2,0.02947912118395996,0.148578431372549,67.76,60.62,0.26,8376.68,3936.0,8290.28
acquisition,tfinance,hgb_attributes,0.0,zero_exposure,severe,equal_alpha,3,0.03212967793675973,0.19218905472636816,87.74,77.26,0.28,7867.86,3936.0,7784.98
acquisition,tfinance,hgb_attributes,0.0,zero_exposure,severe,equal_alpha,4,0.03884834948540703,0.14940886699507389,67.04,60.66,0.4,7977.98,3936.0,7881.7
acquisition,tfinance,hgb_attributes,0.0,zero_exposure,severe,equal_alpha,5,0.032687262224528175,0.1642962962962963,73.18,66.54,0.26,7910.4,3936.0,7826.84
acquisition,tfinance,hgb_attributes,0.0,zero_exposure,severe,equal_alpha,6,0.014022729170805392,0.07842751842751844,36.34,31.92,0.12,7431.72,3936.0,7351.28
acquisition,tfinance,hgb_attributes,0.0,zero_exposure,severe,equal_alpha,7,0.020912240909663166,0.11014778325123153,51.6,44.72,0.16,7735.62,3936.0,7653.34
acquisition,tfinance,hgb_attributes,0.0,zero_exposure,severe,equal_alpha,8,0.01749850728908067,0.1351980198019802,59.92,54.62,0.2,7658.38,3936.0,7575.88
acquisition,tfinance,hgb_attributes,0.0,zero_exposure,severe,equal_alpha,9,0.028588534893472954,0.13715686274509803,63.04,55.96,0.24,8319.02,3936.0,8228.34
acquisition,tfinance,hgb_attributes,0.0,zero_exposure,severe,pooled_reference,0,0.06563868911564316,0.6283663366336634,272.0,253.86,1.0,8193.36,3936.0,8105.64
acquisition,tfinance,hgb_attributes,0.0,zero_exposure,severe,pooled_reference,1,0.06410347937291637,0.6441584158415842,278.36,260.24,1.0,7940.18,3936.0,7854.34
acquisition,tfinance,hgb_attributes,0.0,zero_exposure,severe,pooled_reference,2,0.09576450185950729,0.6492156862745098,293.3,264.88,1.0,8376.68,3936.0,8290.28
acquisition,tfinance,hgb_attributes,0.0,zero_exposure,severe,pooled_reference,3,0.07759787010367725,0.6389054726368159,278.64,256.84,1.0,7867.86,3936.0,7784.98
acquisition,tfinance,hgb_attributes,0.0,zero_exposure,severe,pooled_reference,4,0.08568946908328727,0.6320197044334975,280.88,256.6,1.0,7977.98,3936.0,7881.7
acquisition,tfinance,hgb_attributes,0.0,zero_exposure,severe,pooled_reference,5,0.08750380014492506,0.6595555555555555,293.14,267.12,1.0,7910.4,3936.0,7826.84
acquisition,tfinance,hgb_attributes,0.0,zero_exposure,severe,pooled_reference,6,0.08553802947927715,0.6397542997542998,284.96,260.38,1.0,7431.72,3936.0,7351.28
acquisition,tfinance,hgb_attributes,0.0,zero_exposure,severe,pooled_reference,7,0.07591805050935817,0.636256157635468,279.58,258.32,1.0,7735.62,3936.0,7653.34
acquisition,tfinance,hgb_attributes,0.0,zero_exposure,severe,pooled_reference,8,0.0940631626901336,0.6453465346534654,288.14,260.72,1.0,7658.38,3936.0,7575.88
acquisition,tfinance,hgb_attributes,0.0,zero_exposure,severe,pooled_reference,9,0.0858146671750838,0.6550980392156863,292.4,267.28,1.0,8319.02,3936.0,8228.34
acquisition,tfinance,hgb_attributes,0.0,zero_exposure,severe,pooled_stratum,0,0.008186813186813186,0.015297029702970297,7.54,6.18,0.04,8193.36,3936.0,8105.64
acquisition,tfinance,hgb_attributes,0.0,zero_exposure,severe,pooled_stratum,1,0.015736590174342355,0.028514851485148512,14.12,11.52,0.06,7940.18,3936.0,7854.34
acquisition,tfinance,hgb_attributes,0.0,zero_exposure,severe,pooled_stratum,2,0.034535985050548154,0.02063725490196078,10.72,8.42,0.22,8376.68,3936.0,8290.28
acquisition,tfinance,hgb_attributes,0.0,zero_exposure,severe,pooled_stratum,3,0.03290117420654287,0.08975124378109452,45.6,36.08,0.14,7867.86,3936.0,7784.98
acquisition,tfinance,hgb_attributes,0.0,zero_exposure,severe,pooled_stratum,4,0.03276479057654032,0.05758620689655172,26.82,23.38,0.54,7977.98,3936.0,7881.7
acquisition,tfinance,hgb_attributes,0.0,zero_exposure,severe,pooled_stratum,5,0.07988773489281795,0.1197037037037037,58.04,48.48,0.32,7910.4,3936.0,7826.84
acquisition,tfinance,hgb_attributes,0.0,zero_exposure,severe,pooled_stratum,6,0.029394259180719064,0.12152334152334152,59.52,49.46,0.18,7431.72,3936.0,7351.28
acquisition,tfinance,hgb_attributes,0.0,zero_exposure,severe,pooled_stratum,7,0.03362130046832684,0.10270935960591134,51.1,41.7,0.16,7735.62,3936.0,7653.34
acquisition,tfinance,hgb_attributes,0.0,zero_exposure,severe,pooled_stratum,8,0.03344159119068284,0.15316831683168317,73.04,61.88,0.22,7658.38,3936.0,7575.88
acquisition,tfinance,hgb_attributes,0.0,zero_exposure,severe,pooled_stratum,9,0.04864936477381331,0.06215686274509804,31.88,25.36,0.18,8319.02,3936.0,8228.34
acquisition,tfinance,hgb_attributes,0.0,zero_exposure,severe,size_alpha,0,0.00788919413919414,0.014405940594059405,6.98,5.82,0.04,8193.36,3936.0,8105.64
acquisition,tfinance,hgb_attributes,0.0,zero_exposure,severe,size_alpha,1,0.016904761904761905,0.0007425742574257427,0.52,0.3,0.04,7940.18,3936.0,7854.34
acquisition,tfinance,hgb_attributes,0.0,zero_exposure,severe,size_alpha,2,0.03349783811988536,0.020441176470588233,10.1,8.34,0.22,8376.68,3936.0,8290.28
acquisition,tfinance,hgb_attributes,0.0,zero_exposure,severe,size_alpha,3,0.0198878162666978,0.043681592039801,21.86,17.56,0.08,7867.86,3936.0,7784.98
acquisition,tfinance,hgb_attributes,0.0,zero_exposure,severe,size_alpha,4,0.027788461538461543,0.015517241379310345,6.72,6.3,0.5,7977.98,3936.0,7881.7
acquisition,tfinance,hgb_attributes,0.0,zero_exposure,severe,size_alpha,5,0.05806639237871329,0.01787654320987654,9.1,7.24,0.18,7910.4,3936.0,7826.84
acquisition,tfinance,hgb_attributes,0.0,zero_exposure,severe,size_alpha,6,0.007311135829033023,0.026584766584766585,13.26,10.82,0.04,7431.72,3936.0,7351.28
acquisition,tfinance,hgb_attributes,0.0,zero_exposure,severe,size_alpha,7,0.01736520342511892,0.04349753694581281,20.92,17.66,0.08,7735.62,3936.0,7653.34
acquisition,tfinance,hgb_attributes,0.0,zero_exposure,severe,size_alpha,8,0.002608695652173913,0.01386138613861386,6.44,5.6,0.02,7658.38,3936.0,7575.88
acquisition,tfinance,hgb_attributes,0.0,zero_exposure,severe,size_alpha,9,0.0327930892636775,0.002401960784313726,1.42,0.98,0.1,8319.02,3936.0,8228.34
acquisition,tfinance,hgb_attributes,0.0,zero_exposure,severe,uniform_counterfactual,0,0.07713522724167714,0.6372277227722772,279.5,257.44,1.0,8210.36,3936.0,7836.54
acquisition,tfinance,hgb_attributes,0.0,zero_exposure,severe,uniform_counterfactual,1,0.07570258266557571,0.6504950495049505,284.86,262.8,1.0,7926.82,3936.0,7567.06
acquisition,tfinance,hgb_attributes,0.0,zero_exposure,severe,uniform_counterfactual,2,0.09917795430960215,0.6516176470588235,295.42,265.86,1.0,8392.34,3936.0,8008.32
acquisition,tfinance,hgb_attributes,0.0,zero_exposure,severe,uniform_counterfactual,3,0.09325203487696733,0.6512935323383084,289.0,261.82,1.0,7872.14,3936.0,7513.46
acquisition,tfinance,hgb_attributes,0.0,zero_exposure,severe,uniform_counterfactual,4,0.10189703069199281,0.6457635467980296,292.5,262.18,1.0,7998.44,3936.0,7629.42
acquisition,tfinance,hgb_attributes,0.0,zero_exposure,severe,uniform_counterfactual,5,0.11180195114805531,0.669037037037037,305.34,270.96,1.0,7913.92,3936.0,7552.52
acquisition,tfinance,hgb_attributes,0.0,zero_exposure,severe,uniform_counterfactual,6,0.09154120482431286,0.6423095823095823,288.08,261.42,1.0,7440.48,3936.0,7099.94
acquisition,tfinance,hgb_attributes,0.0,zero_exposure,severe,uniform_counterfactual,7,0.09652982810531491,0.651231527093596,292.78,264.4,1.0,7745.12,3936.0,7392.62
acquisition,tfinance,hgb_attributes,0.0,zero_exposure,severe,uniform_counterfactual,8,0.10313150247112014,0.6513861386138615,293.98,263.16,1.0,7665.5,3936.0,7315.38
acquisition,tfinance,hgb_attributes,0.0,zero_exposure,severe,uniform_counterfactual,9,0.09216567658483718,0.6582352941176471,295.9,268.56,1.0,8321.32,3936.0,7938.22
acquisition,tfinance,hgb_attributes,0.0,zero_exposure,severe,weighted_bh,0,0.07370993956503842,0.5962871287128713,261.06,240.9,1.0,8193.36,3936.0,8105.64
acquisition,tfinance,hgb_attributes,0.0,zero_exposure,severe,weighted_bh,1,0.07050975997704796,0.6015841584158416,263.18,243.04,0.96,7940.18,3936.0,7854.34
acquisition,tfinance,hgb_attributes,0.0,zero_exposure,severe,weighted_bh,2,0.09268813038471663,0.608921568627451,276.16,248.44,0.96,8376.68,3936.0,8290.28
acquisition,tfinance,hgb_attributes,0.0,zero_exposure,severe,weighted_bh,3,0.09300576513215232,0.6244278606965173,277.38,251.02,1.0,7867.86,3936.0,7784.98
acquisition,tfinance,hgb_attributes,0.0,zero_exposure,severe,weighted_bh,4,0.1140048684839088,0.6189655172413793,284.84,251.3,1.0,7977.98,3936.0,7881.7
acquisition,tfinance,hgb_attributes,0.0,zero_exposure,severe,weighted_bh,5,0.09996121092808286,0.6506172839506174,293.32,263.5,1.0,7910.4,3936.0,7826.84
acquisition,tfinance,hgb_attributes,0.0,zero_exposure,severe,weighted_bh,6,0.08807210557466869,0.6062407862407863,272.34,246.74,0.98,7431.72,3936.0,7351.28
acquisition,tfinance,hgb_attributes,0.0,zero_exposure,severe,weighted_bh,7,0.08749441066167245,0.6110837438423645,272.92,248.1,0.98,7735.62,3936.0,7653.34
acquisition,tfinance,hgb_attributes,0.0,zero_exposure,severe,weighted_bh,8,0.10178776726066116,0.6183168316831683,279.7,249.8,0.98,7658.38,3936.0,7575.88
acquisition,tfinance,hgb_attributes,0.0,zero_exposure,severe,weighted_bh,9,0.09989366854623835,0.6481372549019607,294.4,264.44,1.0,8319.02,3936.0,8228.34
acquisition,tfinance,hgb_attributes,0.0,zero_exposure,severe,weighted_by,0,0.0,0.0,0.0,0.0,0.0,8193.36,3936.0,8105.64
acquisition,tfinance,hgb_attributes,0.0,zero_exposure,severe,weighted_by,1,0.0,0.0,0.0,0.0,0.0,7940.18,3936.0,7854.34
acquisition,tfinance,hgb_attributes,0.0,zero_exposure,severe,weighted_by,2,0.0,0.0,0.0,0.0,0.0,8376.68,3936.0,8290.28
acquisition,tfinance,hgb_attributes,0.0,zero_exposure,severe,weighted_by,3,0.0,0.0,0.0,0.0,0.0,7867.86,3936.0,7784.98
acquisition,tfinance,hgb_attributes,0.0,zero_exposure,severe,weighted_by,4,0.0,0.0,0.0,0.0,0.0,7977.98,3936.0,7881.7
acquisition,tfinance,hgb_attributes,0.0,zero_exposure,severe,weighted_by,5,0.0,0.0,0.0,0.0,0.0,7910.4,3936.0,7826.84
acquisition,tfinance,hgb_attributes,0.0,zero_exposure,severe,weighted_by,6,0.0,0.0,0.0,0.0,0.0,7431.72,3936.0,7351.28
acquisition,tfinance,hgb_attributes,0.0,zero_exposure,severe,weighted_by,7,0.0,0.0,0.0,0.0,0.0,7735.62,3936.0,7653.34
acquisition,tfinance,hgb_attributes,0.0,zero_exposure,severe,weighted_by,8,0.0,0.0,0.0,0.0,0.0,7658.38,3936.0,7575.88
acquisition,tfinance,hgb_attributes,0.0,zero_exposure,severe,weighted_by,9,0.0,0.0,0.0,0.0,0.0,8319.02,3936.0,8228.34
acquisition,tfinance,hgb_graph_features,0.0,exposure_80,moderate,equal_alpha,0,0.029904745449430288,0.6976732673267327,290.94,281.86,1.0,11153.1,3936.0,10971.28
acquisition,tfinance,hgb_graph_features,0.0,exposure_80,moderate,equal_alpha,1,0.029706998025336086,0.7120297029702971,296.7,287.66,1.0,11173.02,3936.0,10990.66
acquisition,tfinance,hgb_graph_features,0.0,exposure_80,moderate,equal_alpha,2,0.03649622928289376,0.7129901960784314,302.28,290.9,1.0,11156.98,3936.0,10978.52
acquisition,tfinance,hgb_graph_features,0.0,exposure_80,moderate,equal_alpha,3,0.031538681998026466,0.6962686567164179,289.42,279.9,1.0,11115.72,3936.0,10935.7
acquisition,tfinance,hgb_graph_features,0.0,exposure_80,moderate,equal_alpha,4,0.03807377383951456,0.69128078817734,292.14,280.66,1.0,11161.62,3936.0,10970.68
acquisition,tfinance,hgb_graph_features,0.0,exposure_80,moderate,equal_alpha,5,0.030052965635721417,0.7249876543209877,303.06,293.62,1.0,11144.04,3936.0,10966.14
acquisition,tfinance,hgb_graph_features,0.0,exposure_80,moderate,equal_alpha,6,0.03684306599914683,0.7102702702702703,300.7,289.08,1.0,11155.74,3936.0,10975.94
acquisition,tfinance,hgb_graph_features,0.0,exposure_80,moderate,equal_alpha,7,0.027505010345958803,0.6965024630541872,291.22,282.78,1.0,11159.52,3936.0,10981.68
acquisition,tfinance,hgb_graph_features,0.0,exposure_80,moderate,equal_alpha,8,0.039239125081519055,0.7353960396039604,309.82,297.1,1.0,11149.92,3936.0,10972.6
acquisition,tfinance,hgb_graph_features,0.0,exposure_80,moderate,equal_alpha,9,0.03554852267966507,0.6999509803921569,296.62,285.58,1.0,11157.38,3936.0,10969.24
acquisition,tfinance,hgb_graph_features,0.0,exposure_80,moderate,pooled_reference,0,0.13372519241823777,0.8050990099009901,376.02,325.26,1.0,11153.1,3936.0,10971.28
acquisition,tfinance,hgb_graph_features,0.0,exposure_80,moderate,pooled_reference,1,0.1629751169972777,0.8291584158415841,400.6,334.98,1.0,11173.02,3936.0,10990.66
acquisition,tfinance,hgb_graph_features,0.0,exposure_80,moderate,pooled_reference,2,0.1348218489286681,0.7998529411764705,377.52,326.34,1.0,11156.98,3936.0,10978.52
acquisition,tfinance,hgb_graph_features,0.0,exposure_80,moderate,pooled_reference,3,0.16939917485752026,0.8173134328358209,396.04,328.56,1.0,11115.72,3936.0,10935.7
acquisition,tfinance,hgb_graph_features,0.0,exposure_80,moderate,pooled_reference,4,0.1756441538787275,0.8253694581280788,406.84,335.1,1.0,11161.62,3936.0,10970.68
acquisition,tfinance,hgb_graph_features,0.0,exposure_80,moderate,pooled_reference,5,0.14775742457390184,0.8232592592592592,391.7,333.42,1.0,11144.04,3936.0,10966.14
acquisition,tfinance,hgb_graph_features,0.0,exposure_80,moderate,pooled_reference,6,0.1353997658805092,0.8027027027027027,378.56,326.7,1.0,11155.74,3936.0,10975.94
acquisition,tfinance,hgb_graph_features,0.0,exposure_80,moderate,pooled_reference,7,0.14482541725195586,0.8107881773399015,385.26,329.18,1.0,11159.52,3936.0,10981.68
acquisition,tfinance,hgb_graph_features,0.0,exposure_80,moderate,pooled_reference,8,0.17342099530510896,0.8421782178217821,411.82,340.24,1.0,11149.92,3936.0,10972.6
acquisition,tfinance,hgb_graph_features,0.0,exposure_80,moderate,pooled_reference,9,0.1598454672537099,0.8272549019607842,402.38,337.52,1.0,11157.38,3936.0,10969.24
acquisition,tfinance,hgb_graph_features,0.0,exposure_80,moderate,pooled_stratum,0,0.08039242361659986,0.5814851485148514,257.8,234.92,0.9,11153.1,3936.0,10971.28
acquisition,tfinance,hgb_graph_features,0.0,exposure_80,moderate,pooled_stratum,1,0.09001622740267087,0.6754950495049505,300.06,272.9,1.0,11173.02,3936.0,10990.66
acquisition,tfinance,hgb_graph_features,0.0,exposure_80,moderate,pooled_stratum,2,0.0910428724302747,0.5851960784313726,263.56,238.76,0.92,11156.98,3936.0,10978.52
acquisition,tfinance,hgb_graph_features,0.0,exposure_80,moderate,pooled_stratum,3,0.0954129137880426,0.6060199004975124,271.44,243.62,0.94,11115.72,3936.0,10935.7
acquisition,tfinance,hgb_graph_features,0.0,exposure_80,moderate,pooled_stratum,4,0.09211784472878155,0.6815270935960591,305.08,276.7,1.0,11161.62,3936.0,10970.68
acquisition,tfinance,hgb_graph_features,0.0,exposure_80,moderate,pooled_stratum,5,0.09559304541666981,0.6825185185185185,306.04,276.42,1.0,11144.04,3936.0,10966.14
acquisition,tfinance,hgb_graph_features,0.0,exposure_80,moderate,pooled_stratum,6,0.08678702159438424,0.6377886977886977,286.0,259.58,0.96,11155.74,3936.0,10975.94
acquisition,tfinance,hgb_graph_features,0.0,exposure_80,moderate,pooled_stratum,7,0.09632562919471979,0.6521674876847291,293.24,264.78,1.0,11159.52,3936.0,10981.68
acquisition,tfinance,hgb_graph_features,0.0,exposure_80,moderate,pooled_stratum,8,0.09619763002586401,0.6496534653465347,293.54,262.46,0.92,11149.92,3936.0,10972.6
acquisition,tfinance,hgb_graph_features,0.0,exposure_80,moderate,pooled_stratum,9,0.09840014744750449,0.6513725490196078,295.48,265.76,1.0,11157.38,3936.0,10969.24
acquisition,tfinance,hgb_graph_features,0.0,exposure_80,moderate,size_alpha,0,0.020374456100982704,0.46856435643564354,191.72,189.3,0.8,11153.1,3936.0,10971.28
acquisition,tfinance,hgb_graph_features,0.0,exposure_80,moderate,size_alpha,1,0.009539043634566759,0.6205445544554455,253.34,250.7,0.98,11173.02,3936.0,10990.66
acquisition,tfinance,hgb_graph_features,0.0,exposure_80,moderate,size_alpha,2,0.02200595583893826,0.4613725490196079,191.76,188.24,0.74,11156.98,3936.0,10978.52
acquisition,tfinance,hgb_graph_features,0.0,exposure_80,moderate,size_alpha,3,0.011832867409243721,0.4924875621890547,201.22,197.98,0.78,11115.72,3936.0,10935.7
acquisition,tfinance,hgb_graph_features,0.0,exposure_80,moderate,size_alpha,4,0.020335980132169366,0.622512315270936,257.8,252.74,1.0,11161.62,3936.0,10970.68
acquisition,tfinance,hgb_graph_features,0.0,exposure_80,moderate,size_alpha,5,0.012662039231489543,0.648641975308642,266.28,262.7,1.0,11144.04,3936.0,10966.14
acquisition,tfinance,hgb_graph_features,0.0,exposure_80,moderate,size_alpha,6,0.02841984802429733,0.5482555282555283,227.94,223.14,0.88,11155.74,3936.0,10975.94
acquisition,tfinance,hgb_graph_features,0.0,exposure_80,moderate,size_alpha,7,0.008902268795642035,0.5614778325123153,230.4,227.96,0.9,11159.52,3936.0,10981.68
acquisition,tfinance,hgb_graph_features,0.0,exposure_80,moderate,size_alpha,8,0.013009755693245894,0.6145049504950495,252.16,248.26,0.92,11149.92,3936.0,10972.6
acquisition,tfinance,hgb_graph_features,0.0,exposure_80,moderate,size_alpha,9,0.018824774562168654,0.6146078431372549,255.48,250.76,1.0,11157.38,3936.0,10969.24
acquisition,tfinance,hgb_graph_features,0.0,exposure_80,moderate,uniform_counterfactual,0,0.08457907150593147,0.7863861386138613,347.3,317.7,1.0,11165.92,3936.0,10656.48
acquisition,tfinance,hgb_graph_features,0.0,exposure_80,moderate,uniform_counterfactual,1,0.09345502915119874,0.7974752475247526,355.54,322.18,1.0,11154.5,3936.0,10647.38
acquisition,tfinance,hgb_graph_features,0.0,exposure_80,moderate,uniform_counterfactual,2,0.09652629965944363,0.7799509803921569,352.32,318.22,1.0,11174.32,3936.0,10659.64
acquisition,tfinance,hgb_graph_features,0.0,exposure_80,moderate,uniform_counterfactual,3,0.09992602047438616,0.7809452736318409,349.2,313.94,1.0,11126.64,3936.0,10620.96
acquisition,tfinance,hgb_graph_features,0.0,exposure_80,moderate,uniform_counterfactual,4,0.11219419114369288,0.7916256157635467,362.32,321.4,1.0,11161.32,3936.0,10646.14
acquisition,tfinance,hgb_graph_features,0.0,exposure_80,moderate,uniform_counterfactual,5,0.09588495140201284,0.801283950617284,359.14,324.52,1.0,11141.9,3936.0,10630.56
acquisition,tfinance,hgb_graph_features,0.0,exposure_80,moderate,uniform_counterfactual,6,0.09425982964425943,0.7759213759213759,349.08,315.8,1.0,11156.72,3936.0,10647.4
acquisition,tfinance,hgb_graph_features,0.0,exposure_80,moderate,uniform_counterfactual,7,0.09176044870281025,0.7803940886699507,349.04,316.84,1.0,11157.6,3936.0,10646.74
acquisition,tfinance,hgb_graph_features,0.0,exposure_80,moderate,uniform_counterfactual,8,0.10194520368976026,0.8093069306930692,364.38,326.96,1.0,11147.98,3936.0,10641.06
acquisition,tfinance,hgb_graph_features,0.0,exposure_80,moderate,uniform_counterfactual,9,0.10014214767653967,0.7998529411764705,363.36,326.34,1.0,11158.08,3936.0,10645.44
acquisition,tfinance,hgb_graph_features,0.0,exposure_80,moderate,weighted_bh,0,0.08923179296862338,0.7836138613861386,348.1,316.58,1.0,11153.1,3936.0,10971.28
acquisition,tfinance,hgb_graph_features,0.0,exposure_80,moderate,weighted_bh,1,0.09284253712340121,0.7953960396039603,354.56,321.34,1.0,11173.02,3936.0,10990.66
acquisition,tfinance,hgb_graph_features,0.0,exposure_80,moderate,weighted_bh,2,0.0951957969704656,0.7752450980392157,350.0,316.3,1.0,11156.98,3936.0,10978.52
acquisition,tfinance,hgb_graph_features,0.0,exposure_80,moderate,weighted_bh,3,0.09411542259754149,0.7734825870646767,344.16,310.94,1.0,11115.72,3936.0,10935.7
acquisition,tfinance,hgb_graph_features,0.0,exposure_80,moderate,weighted_bh,4,0.10503206206192404,0.7838916256157635,356.04,318.26,1.0,11161.62,3936.0,10970.68
acquisition,tfinance,hgb_graph_features,0.0,exposure_80,moderate,weighted_bh,5,0.0946314599679943,0.7961975308641975,356.62,322.46,1.0,11144.04,3936.0,10966.14
acquisition,tfinance,hgb_graph_features,0.0,exposure_80,moderate,weighted_bh,6,0.08975827601944017,0.7683538083538083,344.18,312.72,1.0,11155.74,3936.0,10975.94
acquisition,tfinance,hgb_graph_features,0.0,exposure_80,moderate,weighted_bh,7,0.08922925467251952,0.7745320197044334,345.82,314.46,1.0,11159.52,3936.0,10981.68
acquisition,tfinance,hgb_graph_features,0.0,exposure_80,moderate,weighted_bh,8,0.10253373996464912,0.8084158415841585,364.64,326.6,1.0,11149.92,3936.0,10972.6
acquisition,tfinance,hgb_graph_features,0.0,exposure_80,moderate,weighted_bh,9,0.09776140150750544,0.795,360.58,324.36,1.0,11157.38,3936.0,10969.24
acquisition,tfinance,hgb_graph_features,0.0,exposure_80,moderate,weighted_by,0,0.0,0.0,0.0,0.0,0.0,11153.1,3936.0,10971.28
acquisition,tfinance,hgb_graph_features,0.0,exposure_80,moderate,weighted_by,1,0.0,0.0,0.0,0.0,0.0,11173.02,3936.0,10990.66
acquisition,tfinance,hgb_graph_features,0.0,exposure_80,moderate,weighted_by,2,0.0,0.0,0.0,0.0,0.0,11156.98,3936.0,10978.52
acquisition,tfinance,hgb_graph_features,0.0,exposure_80,moderate,weighted_by,3,0.0,0.0,0.0,0.0,0.0,11115.72,3936.0,10935.7
acquisition,tfinance,hgb_graph_features,0.0,exposure_80,moderate,weighted_by,4,0.0,0.0,0.0,0.0,0.0,11161.62,3936.0,10970.68
acquisition,tfinance,hgb_graph_features,0.0,exposure_80,moderate,weighted_by,5,0.0,0.0,0.0,0.0,0.0,11144.04,3936.0,10966.14
acquisition,tfinance,hgb_graph_features,0.0,exposure_80,moderate,weighted_by,6,0.0,0.0,0.0,0.0,0.0,11155.74,3936.0,10975.94
acquisition,tfinance,hgb_graph_features,0.0,exposure_80,moderate,weighted_by,7,0.0,0.0,0.0,0.0,0.0,11159.52,3936.0,10981.68
acquisition,tfinance,hgb_graph_features,0.0,exposure_80,moderate,weighted_by,8,0.0,0.0,0.0,0.0,0.0,11149.92,3936.0,10972.6
acquisition,tfinance,hgb_graph_features,0.0,exposure_80,moderate,weighted_by,9,0.0,0.0,0.0,0.0,0.0,11157.38,3936.0,10969.24
acquisition,tfinance,hgb_graph_features,0.0,exposure_80,neutral,equal_alpha,0,0.036006317278061736,0.7169306930693069,300.56,289.64,1.0,13287.6,3936.0,12682.28
acquisition,tfinance,hgb_graph_features,0.0,exposure_80,neutral,equal_alpha,1,0.03713091674733004,0.7291089108910892,306.02,294.56,1.0,13280.66,3936.0,12676.42
acquisition,tfinance,hgb_graph_features,0.0,exposure_80,neutral,equal_alpha,2,0.04023128831759659,0.722892156862745,307.46,294.94,1.0,13298.08,3936.0,12686.82
acquisition,tfinance,hgb_graph_features,0.0,exposure_80,neutral,equal_alpha,3,0.040688417110433465,0.7211940298507463,302.32,289.92,1.0,13245.64,3936.0,12643.14
acquisition,tfinance,hgb_graph_features,0.0,exposure_80,neutral,equal_alpha,4,0.05236477013972332,0.7109852216748769,304.68,288.66,1.0,13292.86,3936.0,12680.16
acquisition,tfinance,hgb_graph_features,0.0,exposure_80,neutral,equal_alpha,5,0.036039724516800445,0.7437530864197531,312.54,301.22,1.0,13264.1,3936.0,12654.9
acquisition,tfinance,hgb_graph_features,0.0,exposure_80,neutral,equal_alpha,6,0.041433561936216806,0.7223095823095824,306.84,293.98,1.0,13273.64,3936.0,12666.72
acquisition,tfinance,hgb_graph_features,0.0,exposure_80,neutral,equal_alpha,7,0.0335773783098694,0.7236945812807882,304.06,293.82,1.0,13290.3,3936.0,12679.76
acquisition,tfinance,hgb_graph_features,0.0,exposure_80,neutral,equal_alpha,8,0.04207628190250411,0.7489603960396038,316.06,302.58,1.0,13270.64,3936.0,12665.22
acquisition,tfinance,hgb_graph_features,0.0,exposure_80,neutral,equal_alpha,9,0.04000436218849646,0.7181862745098039,305.38,293.02,1.0,13274.34,3936.0,12664.7
acquisition,tfinance,hgb_graph_features,0.0,exposure_80,neutral,pooled_reference,0,0.08614592778633737,0.7875742574257426,348.42,318.18,1.0,13287.6,3936.0,12682.28
acquisition,tfinance,hgb_graph_features,0.0,exposure_80,neutral,pooled_reference,1,0.09448407275646814,0.7980198019801981,356.16,322.4,1.0,13280.66,3936.0,12676.42
acquisition,tfinance,hgb_graph_features,0.0,exposure_80,neutral,pooled_reference,2,0.0974041672577028,0.7791176470588235,352.26,317.88,1.0,13298.08,3936.0,12686.82
acquisition,tfinance,hgb_graph_features,0.0,exposure_80,neutral,pooled_reference,3,0.09937295307876286,0.7804975124378108,348.78,313.76,1.0,13245.64,3936.0,12643.14
acquisition,tfinance,hgb_graph_features,0.0,exposure_80,neutral,pooled_reference,4,0.11326048419579926,0.7922167487684729,363.02,321.64,1.0,13292.86,3936.0,12680.16
acquisition,tfinance,hgb_graph_features,0.0,exposure_80,neutral,pooled_reference,5,0.0969513884429548,0.802320987654321,359.98,324.94,1.0,13264.1,3936.0,12654.9
acquisition,tfinance,hgb_graph_features,0.0,exposure_80,neutral,pooled_reference,6,0.09428442146803037,0.7757739557739558,349.04,315.74,1.0,13273.64,3936.0,12666.72
acquisition,tfinance,hgb_graph_features,0.0,exposure_80,neutral,pooled_reference,7,0.09141150880356433,0.7807881773399015,349.0,317.0,1.0,13290.3,3936.0,12679.76
acquisition,tfinance,hgb_graph_features,0.0,exposure_80,neutral,pooled_reference,8,0.10409265716928078,0.8104950495049504,365.8,327.44,1.0,13270.64,3936.0,12665.22
acquisition,tfinance,hgb_graph_features,0.0,exposure_80,neutral,pooled_reference,9,0.09977529471087983,0.7995588235294118,363.06,326.22,1.0,13274.34,3936.0,12664.7
acquisition,tfinance,hgb_graph_features,0.0,exposure_80,neutral,pooled_stratum,0,0.09230041315702754,0.7155940594059406,318.72,289.1,1.0,13287.6,3936.0,12682.28
acquisition,tfinance,hgb_graph_features,0.0,exposure_80,neutral,pooled_stratum,1,0.0935582374446496,0.7148514851485149,318.72,288.8,1.0,13280.66,3936.0,12676.42
acquisition,tfinance,hgb_graph_features,0.0,exposure_80,neutral,pooled_stratum,2,0.10143998211490728,0.7340686274509803,333.58,299.5,1.0,13298.08,3936.0,12686.82
acquisition,tfinance,hgb_graph_features,0.0,exposure_80,neutral,pooled_stratum,3,0.10628671861763168,0.7069651741293532,318.26,284.2,1.0,13245.64,3936.0,12643.14
acquisition,tfinance,hgb_graph_features,0.0,exposure_80,neutral,pooled_stratum,4,0.09805656932446982,0.7308866995073892,329.12,296.74,1.0,13292.86,3936.0,12680.16
acquisition,tfinance,hgb_graph_features,0.0,exposure_80,neutral,pooled_stratum,5,0.10076231780443454,0.7361975308641975,331.84,298.16,1.0,13264.1,3936.0,12654.9
acquisition,tfinance,hgb_graph_features,0.0,exposure_80,neutral,pooled_stratum,6,0.09353188122808524,0.7246191646191646,325.68,294.92,1.0,13273.64,3936.0,12666.72
acquisition,tfinance,hgb_graph_features,0.0,exposure_80,neutral,pooled_stratum,7,0.09978641029743328,0.7056650246305419,318.24,286.5,1.0,13290.3,3936.0,12679.76
acquisition,tfinance,hgb_graph_features,0.0,exposure_80,neutral,pooled_stratum,8,0.10638876898009833,0.7376732673267327,333.8,298.02,1.0,13270.64,3936.0,12665.22
acquisition,tfinance,hgb_graph_features,0.0,exposure_80,neutral,pooled_stratum,9,0.10589716964776119,0.7131862745098039,326.06,290.98,1.0,13274.34,3936.0,12664.7
acquisition,tfinance,hgb_graph_features,0.0,exposure_80,neutral,size_alpha,0,0.011110280855303599,0.6510396039603961,266.06,263.02,1.0,13287.6,3936.0,12682.28
acquisition,tfinance,hgb_graph_features,0.0,exposure_80,neutral,size_alpha,1,0.010303685753833584,0.6546534653465347,267.28,264.48,1.0,13280.66,3936.0,12676.42
acquisition,tfinance,hgb_graph_features,0.0,exposure_80,neutral,size_alpha,2,0.01896410375573756,0.6777941176470589,281.98,276.54,1.0,13298.08,3936.0,12686.82
acquisition,tfinance,hgb_graph_features,0.0,exposure_80,neutral,size_alpha,3,0.015961656196123157,0.6521393034825871,266.52,262.16,1.0,13245.64,3936.0,12643.14
acquisition,tfinance,hgb_graph_features,0.0,exposure_80,neutral,size_alpha,4,0.019610796577248464,0.6762561576354681,280.1,274.56,1.0,13292.86,3936.0,12680.16
acquisition,tfinance,hgb_graph_features,0.0,exposure_80,neutral,size_alpha,5,0.015439576417348309,0.695604938271605,286.2,281.72,1.0,13264.1,3936.0,12654.9
acquisition,tfinance,hgb_graph_features,0.0,exposure_80,neutral,size_alpha,6,0.018121787448473252,0.6819164619164618,282.72,277.54,1.0,13273.64,3936.0,12666.72
acquisition,tfinance,hgb_graph_features,0.0,exposure_80,neutral,size_alpha,7,0.011798466442474837,0.6546798029556651,269.02,265.8,1.0,13290.3,3936.0,12679.76
acquisition,tfinance,hgb_graph_features,0.0,exposure_80,neutral,size_alpha,8,0.014282137389543622,0.6887623762376238,282.46,278.26,1.0,13270.64,3936.0,12665.22
acquisition,tfinance,hgb_graph_features,0.0,exposure_80,neutral,size_alpha,9,0.022155505981007927,0.6621568627450981,276.44,270.16,1.0,13274.34,3936.0,12664.7
acquisition,tfinance,hgb_graph_features,0.0,exposure_80,neutral,uniform_counterfactual,0,0.08614592778633737,0.7875742574257426,348.42,318.18,1.0,13287.6,3936.0,12682.28
acquisition,tfinance,hgb_graph_features,0.0,exposure_80,neutral,uniform_counterfactual,1,0.09448407275646814,0.7980198019801981,356.16,322.4,1.0,13280.66,3936.0,12676.42
acquisition,tfinance,hgb_graph_features,0.0,exposure_80,neutral,uniform_counterfactual,2,0.0974041672577028,0.7791176470588235,352.26,317.88,1.0,13298.08,3936.0,12686.82
acquisition,tfinance,hgb_graph_features,0.0,exposure_80,neutral,uniform_counterfactual,3,0.09937295307876286,0.7804975124378108,348.78,313.76,1.0,13245.64,3936.0,12643.14
acquisition,tfinance,hgb_graph_features,0.0,exposure_80,neutral,uniform_counterfactual,4,0.11326048419579926,0.7922167487684729,363.02,321.64,1.0,13292.86,3936.0,12680.16
acquisition,tfinance,hgb_graph_features,0.0,exposure_80,neutral,uniform_counterfactual,5,0.0969513884429548,0.802320987654321,359.98,324.94,1.0,13264.1,3936.0,12654.9
acquisition,tfinance,hgb_graph_features,0.0,exposure_80,neutral,uniform_counterfactual,6,0.09428442146803037,0.7757739557739558,349.04,315.74,1.0,13273.64,3936.0,12666.72
acquisition,tfinance,hgb_graph_features,0.0,exposure_80,neutral,uniform_counterfactual,7,0.09141150880356433,0.7807881773399015,349.0,317.0,1.0,13290.3,3936.0,12679.76
acquisition,tfinance,hgb_graph_features,0.0,exposure_80,neutral,uniform_counterfactual,8,0.10409265716928078,0.8104950495049504,365.8,327.44,1.0,13270.64,3936.0,12665.22
acquisition,tfinance,hgb_graph_features,0.0,exposure_80,neutral,uniform_counterfactual,9,0.09977529471087983,0.7995588235294118,363.06,326.22,1.0,13274.34,3936.0,12664.7
acquisition,tfinance,hgb_graph_features,0.0,exposure_80,neutral,weighted_bh,0,0.08614592778633737,0.7875742574257426,348.42,318.18,1.0,13287.6,3936.0,12682.28
acquisition,tfinance,hgb_graph_features,0.0,exposure_80,neutral,weighted_bh,1,0.09448407275646814,0.7980198019801981,356.16,322.4,1.0,13280.66,3936.0,12676.42
acquisition,tfinance,hgb_graph_features,0.0,exposure_80,neutral,weighted_bh,2,0.0974041672577028,0.7791176470588235,352.26,317.88,1.0,13298.08,3936.0,12686.82
acquisition,tfinance,hgb_graph_features,0.0,exposure_80,neutral,weighted_bh,3,0.09937295307876286,0.7804975124378108,348.78,313.76,1.0,13245.64,3936.0,12643.14
acquisition,tfinance,hgb_graph_features,0.0,exposure_80,neutral,weighted_bh,4,0.11326048419579926,0.7922167487684729,363.02,321.64,1.0,13292.86,3936.0,12680.16
acquisition,tfinance,hgb_graph_features,0.0,exposure_80,neutral,weighted_bh,5,0.0969513884429548,0.802320987654321,359.98,324.94,1.0,13264.1,3936.0,12654.9
acquisition,tfinance,hgb_graph_features,0.0,exposure_80,neutral,weighted_bh,6,0.09428442146803037,0.7757739557739558,349.04,315.74,1.0,13273.64,3936.0,12666.72
acquisition,tfinance,hgb_graph_features,0.0,exposure_80,neutral,weighted_bh,7,0.09141150880356433,0.7807881773399015,349.0,317.0,1.0,13290.3,3936.0,12679.76
acquisition,tfinance,hgb_graph_features,0.0,exposure_80,neutral,weighted_bh,8,0.10409265716928078,0.8104950495049504,365.8,327.44,1.0,13270.64,3936.0,12665.22
acquisition,tfinance,hgb_graph_features,0.0,exposure_80,neutral,weighted_bh,9,0.09977529471087983,0.7995588235294118,363.06,326.22,1.0,13274.34,3936.0,12664.7
acquisition,tfinance,hgb_graph_features,0.0,exposure_80,neutral,weighted_by,0,0.005224293593832976,0.5736633663366336,233.12,231.76,1.0,13287.6,3936.0,12682.28
acquisition,tfinance,hgb_graph_features,0.0,exposure_80,neutral,weighted_by,1,0.006083680377226543,0.6311881188118812,256.58,255.0,1.0,13280.66,3936.0,12676.42
acquisition,tfinance,hgb_graph_features,0.0,exposure_80,neutral,weighted_by,2,0.009126720764598402,0.5965196078431373,245.86,243.38,1.0,13298.08,3936.0,12686.82
acquisition,tfinance,hgb_graph_features,0.0,exposure_80,neutral,weighted_by,3,0.009458093232112379,0.5949253731343284,241.58,239.16,1.0,13245.64,3936.0,12643.14
acquisition,tfinance,hgb_graph_features,0.0,exposure_80,neutral,weighted_by,4,0.008180391425647844,0.6146798029556649,251.76,249.56,1.0,13292.86,3936.0,12680.16
acquisition,tfinance,hgb_graph_features,0.0,exposure_80,neutral,weighted_by,5,0.013243097763426262,0.617679012345679,253.68,250.16,1.0,13264.1,3936.0,12654.9
acquisition,tfinance,hgb_graph_features,0.0,exposure_80,neutral,weighted_by,6,0.011497437965564114,0.6031941031941033,248.52,245.5,1.0,13273.64,3936.0,12666.72
acquisition,tfinance,hgb_graph_features,0.0,exposure_80,neutral,weighted_by,7,0.007687321147269464,0.5783251231527093,236.7,234.8,1.0,13290.3,3936.0,12679.76
acquisition,tfinance,hgb_graph_features,0.0,exposure_80,neutral,weighted_by,8,0.005196604312259857,0.6403960396039604,260.14,258.72,1.0,13270.64,3936.0,12665.22
acquisition,tfinance,hgb_graph_features,0.0,exposure_80,neutral,weighted_by,9,0.012731484077591266,0.6059803921568627,250.58,247.24,1.0,13274.34,3936.0,12664.7
acquisition,tfinance,hgb_graph_features,0.0,exposure_80,severe,equal_alpha,0,0.0175581552836872,0.2206930693069307,94.92,89.16,0.3,10751.7,3936.0,10649.36
acquisition,tfinance,hgb_graph_features,0.0,exposure_80,severe,equal_alpha,1,0.013060526322500148,0.13797029702970298,60.28,55.74,0.18,10775.32,3936.0,10674.08
acquisition,tfinance,hgb_graph_features,0.0,exposure_80,severe,equal_alpha,2,0.026257847151895955,0.19328431372549018,85.52,78.86,0.28,10760.54,3936.0,10662.46
acquisition,tfinance,hgb_graph_features,0.0,exposure_80,severe,equal_alpha,3,0.026154669102326028,0.17233830845771145,78.86,69.28,0.22,10719.42,3936.0,10619.44
acquisition,tfinance,hgb_graph_features,0.0,exposure_80,severe,equal_alpha,4,0.03775172936932629,0.20940886699507388,92.74,85.02,0.38,10759.94,3936.0,10649.36
acquisition,tfinance,hgb_graph_features,0.0,exposure_80,severe,equal_alpha,5,0.03821519448085656,0.21930864197530864,96.84,88.82,0.32,10746.48,3936.0,10647.92
acquisition,tfinance,hgb_graph_features,0.0,exposure_80,severe,equal_alpha,6,0.02766404971274547,0.24167076167076168,108.16,98.36,0.32,10754.7,3936.0,10655.84
acquisition,tfinance,hgb_graph_features,0.0,exposure_80,severe,equal_alpha,7,0.014762005652388738,0.1655665024630542,72.22,67.22,0.22,10757.04,3936.0,10659.92
acquisition,tfinance,hgb_graph_features,0.0,exposure_80,severe,equal_alpha,8,0.02271624187642989,0.21767326732673267,96.08,87.94,0.28,10754.28,3936.0,10656.56
acquisition,tfinance,hgb_graph_features,0.0,exposure_80,severe,equal_alpha,9,0.020499119109753227,0.1829901960784314,81.84,74.66,0.24,10756.14,3936.0,10650.34
acquisition,tfinance,hgb_graph_features,0.0,exposure_80,severe,pooled_reference,0,0.1498417456014249,0.8113366336633664,386.08,327.78,1.0,10751.7,3936.0,10649.36
acquisition,tfinance,hgb_graph_features,0.0,exposure_80,severe,pooled_reference,1,0.19090805480537928,0.8339108910891089,416.78,336.9,1.0,10775.32,3936.0,10674.08
acquisition,tfinance,hgb_graph_features,0.0,exposure_80,severe,pooled_reference,2,0.14516843797275206,0.8030882352941177,383.64,327.66,1.0,10760.54,3936.0,10662.46
acquisition,tfinance,hgb_graph_features,0.0,exposure_80,severe,pooled_reference,3,0.18743924577512827,0.8232835820895522,407.64,330.96,1.0,10719.42,3936.0,10619.44
acquisition,tfinance,hgb_graph_features,0.0,exposure_80,severe,pooled_reference,4,0.19802615012879965,0.8317241379310345,421.46,337.68,1.0,10759.94,3936.0,10649.36
acquisition,tfinance,hgb_graph_features,0.0,exposure_80,severe,pooled_reference,5,0.1654089853758281,0.8293333333333334,402.88,335.88,1.0,10746.48,3936.0,10647.92
acquisition,tfinance,hgb_graph_features,0.0,exposure_80,severe,pooled_reference,6,0.15206531206909196,0.80987714987715,389.64,329.62,1.0,10754.7,3936.0,10655.84
acquisition,tfinance,hgb_graph_features,0.0,exposure_80,severe,pooled_reference,7,0.1658236227119658,0.8174384236453202,398.14,331.88,1.0,10757.04,3936.0,10659.92
acquisition,tfinance,hgb_graph_features,0.0,exposure_80,severe,pooled_reference,8,0.1927462705128289,0.846039603960396,423.56,341.8,1.0,10754.28,3936.0,10656.56
acquisition,tfinance,hgb_graph_features,0.0,exposure_80,severe,pooled_reference,9,0.175173550841688,0.8349509803921569,413.58,340.66,1.0,10756.14,3936.0,10650.34
acquisition,tfinance,hgb_graph_features,0.0,exposure_80,severe,pooled_stratum,0,0.042825540472599295,0.006237623762376238,3.04,2.52,0.26,10751.7,3936.0,10649.36
acquisition,tfinance,hgb_graph_features,0.0,exposure_80,severe,pooled_stratum,1,0.0044444444444444444,0.0007920792079207921,0.36,0.32,0.04,10775.32,3936.0,10674.08
acquisition,tfinance,hgb_graph_features,0.0,exposure_80,severe,pooled_stratum,2,0.03441558441558441,0.0024019607843137254,1.38,0.98,0.12,10760.54,3936.0,10662.46
acquisition,tfinance,hgb_graph_features,0.0,exposure_80,severe,pooled_stratum,3,0.020384615384615383,0.0012437810945273632,0.76,0.5,0.06,10719.42,3936.0,10619.44
acquisition,tfinance,hgb_graph_features,0.0,exposure_80,severe,pooled_stratum,4,0.08481635358105946,0.023497536945812806,10.9,9.54,0.72,10759.94,3936.0,10649.36
acquisition,tfinance,hgb_graph_features,0.0,exposure_80,severe,pooled_stratum,5,0.05002650943827414,0.0031604938271604936,2.04,1.28,0.14,10746.48,3936.0,10647.92
acquisition,tfinance,hgb_graph_features,0.0,exposure_80,severe,pooled_stratum,6,0.0697062937062937,0.003931203931203931,2.34,1.6,0.22,10754.7,3936.0,10655.84
acquisition,tfinance,hgb_graph_features,0.0,exposure_80,severe,pooled_stratum,7,0.008888888888888889,0.00024630541871921186,0.18,0.1,0.02,10757.04,3936.0,10659.92
acquisition,tfinance,hgb_graph_features,0.0,exposure_80,severe,pooled_stratum,8,0.0,0.0,0.0,0.0,0.0,10754.28,3936.0,10656.56
acquisition,tfinance,hgb_graph_features,0.0,exposure_80,severe,pooled_stratum,9,0.06258041958041959,0.007647058823529412,3.84,3.12,0.34,10756.14,3936.0,10650.34
acquisition,tfinance,hgb_graph_features,0.0,exposure_80,severe,size_alpha,0,0.042825540472599295,0.006237623762376238,3.04,2.52,0.26,10751.7,3936.0,10649.36
acquisition,tfinance,hgb_graph_features,0.0,exposure_80,severe,size_alpha,1,0.0044444444444444444,0.0007920792079207921,0.36,0.32,0.04,10775.32,3936.0,10674.08
acquisition,tfinance,hgb_graph_features,0.0,exposure_80,severe,size_alpha,2,0.03441558441558441,0.0024019607843137254,1.38,0.98,0.12,10760.54,3936.0,10662.46
acquisition,tfinance,hgb_graph_features,0.0,exposure_80,severe,size_alpha,3,0.020384615384615383,0.0012437810945273632,0.76,0.5,0.06,10719.42,3936.0,10619.44
acquisition,tfinance,hgb_graph_features,0.0,exposure_80,severe,size_alpha,4,0.08481635358105946,0.023497536945812806,10.9,9.54,0.72,10759.94,3936.0,10649.36
acquisition,tfinance,hgb_graph_features,0.0,exposure_80,severe,size_alpha,5,0.05002650943827414,0.0031604938271604936,2.04,1.28,0.14,10746.48,3936.0,10647.92
acquisition,tfinance,hgb_graph_features,0.0,exposure_80,severe,size_alpha,6,0.0697062937062937,0.003931203931203931,2.34,1.6,0.22,10754.7,3936.0,10655.84
acquisition,tfinance,hgb_graph_features,0.0,exposure_80,severe,size_alpha,7,0.008888888888888889,0.00024630541871921186,0.18,0.1,0.02,10757.04,3936.0,10659.92
acquisition,tfinance,hgb_graph_features,0.0,exposure_80,severe,size_alpha,8,0.0,0.0,0.0,0.0,0.0,10754.28,3936.0,10656.56
acquisition,tfinance,hgb_graph_features,0.0,exposure_80,severe,size_alpha,9,0.06258041958041959,0.007647058823529412,3.84,3.12,0.34,10756.14,3936.0,10650.34
acquisition,tfinance,hgb_graph_features,0.0,exposure_80,severe,uniform_counterfactual,0,0.08421131907442281,0.7866336633663366,347.26,317.8,1.0,10768.26,3936.0,10276.76
acquisition,tfinance,hgb_graph_features,0.0,exposure_80,severe,uniform_counterfactual,1,0.093597178551853,0.7976732673267327,355.7,322.26,1.0,10757.56,3936.0,10268.38
acquisition,tfinance,hgb_graph_features,0.0,exposure_80,severe,uniform_counterfactual,2,0.09720278857023734,0.7799019607843136,352.58,318.2,1.0,10773.7,3936.0,10277.58
acquisition,tfinance,hgb_graph_features,0.0,exposure_80,severe,uniform_counterfactual,3,0.10021159542647647,0.7806467661691542,349.16,313.82,1.0,10734.32,3936.0,10247.0
acquisition,tfinance,hgb_graph_features,0.0,exposure_80,severe,uniform_counterfactual,4,0.11212152448745005,0.7919211822660098,362.38,321.52,1.0,10765.3,3936.0,10267.84
acquisition,tfinance,hgb_graph_features,0.0,exposure_80,severe,uniform_counterfactual,5,0.0965606856488227,0.8010864197530865,359.34,324.44,1.0,10742.96,3936.0,10250.36
acquisition,tfinance,hgb_graph_features,0.0,exposure_80,severe,uniform_counterfactual,6,0.09303409500339031,0.7754791154791155,348.38,315.62,1.0,10757.12,3936.0,10265.7
acquisition,tfinance,hgb_graph_features,0.0,exposure_80,severe,uniform_counterfactual,7,0.09288251387025148,0.7807881773399015,349.64,317.0,1.0,10762.46,3936.0,10270.18
acquisition,tfinance,hgb_graph_features,0.0,exposure_80,severe,uniform_counterfactual,8,0.10142371088177354,0.8090099009900991,364.04,326.84,1.0,10746.56,3936.0,10257.56
acquisition,tfinance,hgb_graph_features,0.0,exposure_80,severe,uniform_counterfactual,9,0.10028469731658969,0.7999019607843136,363.46,326.36,1.0,10760.14,3936.0,10264.54
acquisition,tfinance,hgb_graph_features,0.0,exposure_80,severe,weighted_bh,0,0.07843732782418113,0.7589108910891089,333.76,306.6,1.0,10751.7,3936.0,10649.36
acquisition,tfinance,hgb_graph_features,0.0,exposure_80,severe,weighted_bh,1,0.07772161958262658,0.7643564356435644,336.36,308.8,1.0,10775.32,3936.0,10674.08
acquisition,tfinance,hgb_graph_features,0.0,exposure_80,severe,weighted_bh,2,0.08831001173552615,0.7480882352941177,336.24,305.22,1.0,10760.54,3936.0,10662.46
acquisition,tfinance,hgb_graph_features,0.0,exposure_80,severe,weighted_bh,3,0.09534033475628444,0.7579601990049751,339.66,304.7,1.0,10719.42,3936.0,10619.44
acquisition,tfinance,hgb_graph_features,0.0,exposure_80,severe,weighted_bh,4,0.09015753253103716,0.7626600985221675,341.52,309.64,1.0,10759.94,3936.0,10649.36
acquisition,tfinance,hgb_graph_features,0.0,exposure_80,severe,weighted_bh,5,0.09149002660439567,0.7678518518518519,344.1,310.98,1.0,10746.48,3936.0,10647.92
acquisition,tfinance,hgb_graph_features,0.0,exposure_80,severe,weighted_bh,6,0.08746981579510008,0.7489434889434889,336.16,304.82,1.0,10754.7,3936.0,10655.84
acquisition,tfinance,hgb_graph_features,0.0,exposure_80,severe,weighted_bh,7,0.07900752788713378,0.7321182266009852,324.6,297.24,1.0,10757.04,3936.0,10659.92
acquisition,tfinance,hgb_graph_features,0.0,exposure_80,severe,weighted_bh,8,0.09793915348898274,0.7941584158415842,357.7,320.84,1.0,10754.28,3936.0,10656.56
acquisition,tfinance,hgb_graph_features,0.0,exposure_80,severe,weighted_bh,9,0.09895827812901815,0.7820098039215686,356.64,319.06,1.0,10756.14,3936.0,10650.34
acquisition,tfinance,hgb_graph_features,0.0,exposure_80,severe,weighted_by,0,0.0,0.0,0.0,0.0,0.0,10751.7,3936.0,10649.36
acquisition,tfinance,hgb_graph_features,0.0,exposure_80,severe,weighted_by,1,0.0,0.0,0.0,0.0,0.0,10775.32,3936.0,10674.08
acquisition,tfinance,hgb_graph_features,0.0,exposure_80,severe,weighted_by,2,0.0,0.0,0.0,0.0,0.0,10760.54,3936.0,10662.46
acquisition,tfinance,hgb_graph_features,0.0,exposure_80,severe,weighted_by,3,0.0,0.0,0.0,0.0,0.0,10719.42,3936.0,10619.44
acquisition,tfinance,hgb_graph_features,0.0,exposure_80,severe,weighted_by,4,0.0,0.0,0.0,0.0,0.0,10759.94,3936.0,10649.36
acquisition,tfinance,hgb_graph_features,0.0,exposure_80,severe,weighted_by,5,0.0,0.0,0.0,0.0,0.0,10746.48,3936.0,10647.92
acquisition,tfinance,hgb_graph_features,0.0,exposure_80,severe,weighted_by,6,0.0,0.0,0.0,0.0,0.0,10754.7,3936.0,10655.84
acquisition,tfinance,hgb_graph_features,0.0,exposure_80,severe,weighted_by,7,0.0,0.0,0.0,0.0,0.0,10757.04,3936.0,10659.92
acquisition,tfinance,hgb_graph_features,0.0,exposure_80,severe,weighted_by,8,0.0,0.0,0.0,0.0,0.0,10754.28,3936.0,10656.56
acquisition,tfinance,hgb_graph_features,0.0,exposure_80,severe,weighted_by,9,0.0,0.0,0.0,0.0,0.0,10756.14,3936.0,10650.34
acquisition,tfinance,hgb_graph_features,0.0,zero_exposure,moderate,equal_alpha,0,0.034195845134781334,0.7106435643564356,297.72,287.1,1.0,8997.18,3936.0,8827.56
acquisition,tfinance,hgb_graph_features,0.0,zero_exposure,moderate,equal_alpha,1,0.038727255469740623,0.7296039603960396,307.0,294.76,1.0,8787.0,3936.0,8617.94
acquisition,tfinance,hgb_graph_features,0.0,zero_exposure,moderate,equal_alpha,2,0.043899894669132807,0.7230392156862745,309.04,295.0,1.0,9150.64,3936.0,8981.82
acquisition,tfinance,hgb_graph_features,0.0,zero_exposure,moderate,equal_alpha,3,0.03856607814624142,0.7108955223880596,297.8,285.78,1.0,8721.36,3936.0,8555.4
acquisition,tfinance,hgb_graph_features,0.0,zero_exposure,moderate,equal_alpha,4,0.043748516811816,0.6999014778325123,297.6,284.16,1.0,8817.1,3936.0,8638.3
acquisition,tfinance,hgb_graph_features,0.0,zero_exposure,moderate,equal_alpha,5,0.03419920907631279,0.7387160493827161,310.1,299.18,1.0,8753.48,3936.0,8588.02
acquisition,tfinance,hgb_graph_features,0.0,zero_exposure,moderate,equal_alpha,6,0.041668382989165934,0.7217690417690418,306.92,293.76,1.0,8358.7,3936.0,8194.74
acquisition,tfinance,hgb_graph_features,0.0,zero_exposure,moderate,equal_alpha,7,0.036482681733863015,0.7155665024630542,302.04,290.52,1.0,8621.08,3936.0,8456.08
acquisition,tfinance,hgb_graph_features,0.0,zero_exposure,moderate,equal_alpha,8,0.04702119101081994,0.7550990099009901,320.6,305.06,1.0,8545.12,3936.0,8380.48
acquisition,tfinance,hgb_graph_features,0.0,zero_exposure,moderate,equal_alpha,9,0.041587691391188966,0.7143627450980392,304.56,291.46,1.0,9106.4,3936.0,8931.16
acquisition,tfinance,hgb_graph_features,0.0,zero_exposure,moderate,pooled_reference,0,0.10895540083464268,0.7949009900990098,360.76,321.14,1.0,8997.18,3936.0,8827.56
acquisition,tfinance,hgb_graph_features,0.0,zero_exposure,moderate,pooled_reference,1,0.14054184562683603,0.8210891089108912,386.46,331.72,1.0,8787.0,3936.0,8617.94
acquisition,tfinance,hgb_graph_features,0.0,zero_exposure,moderate,pooled_reference,2,0.11289259158447691,0.7884803921568627,362.88,321.7,1.0,9150.64,3936.0,8981.82
acquisition,tfinance,hgb_graph_features,0.0,zero_exposure,moderate,pooled_reference,3,0.1494487831422438,0.8100995024875621,383.36,325.66,1.0,8721.36,3936.0,8555.4
acquisition,tfinance,hgb_graph_features,0.0,zero_exposure,moderate,pooled_reference,4,0.14814844344556422,0.8140886699507389,388.22,330.52,1.0,8817.1,3936.0,8638.3
acquisition,tfinance,hgb_graph_features,0.0,zero_exposure,moderate,pooled_reference,5,0.12266126394265706,0.8133333333333332,375.9,329.4,1.0,8753.48,3936.0,8588.02
acquisition,tfinance,hgb_graph_features,0.0,zero_exposure,moderate,pooled_reference,6,0.1188595858776753,0.7929729729729729,366.78,322.74,1.0,8358.7,3936.0,8194.74
acquisition,tfinance,hgb_graph_features,0.0,zero_exposure,moderate,pooled_reference,7,0.10786098484486564,0.7921182266009852,360.74,321.6,1.0,8621.08,3936.0,8456.08
acquisition,tfinance,hgb_graph_features,0.0,zero_exposure,moderate,pooled_reference,8,0.14518961397743943,0.8348019801980198,394.86,337.26,1.0,8545.12,3936.0,8380.48
acquisition,tfinance,hgb_graph_features,0.0,zero_exposure,moderate,pooled_reference,9,0.14243703618737025,0.8204901960784313,391.02,334.76,1.0,9106.4,3936.0,8931.16
acquisition,tfinance,hgb_graph_features,0.0,zero_exposure,moderate,pooled_stratum,0,0.0866856460992541,0.7492079207920793,331.96,302.68,1.0,8997.18,3936.0,8827.56
acquisition,tfinance,hgb_graph_features,0.0,zero_exposure,moderate,pooled_stratum,1,0.09462707343335759,0.7673762376237625,342.9,310.02,1.0,8787.0,3936.0,8617.94
acquisition,tfinance,hgb_graph_features,0.0,zero_exposure,moderate,pooled_stratum,2,0.09477347449318438,0.7557352941176471,341.0,308.34,1.0,9150.64,3936.0,8981.82
acquisition,tfinance,hgb_graph_features,0.0,zero_exposure,moderate,pooled_stratum,3,0.10048169048904225,0.7405472636815921,331.6,297.7,1.0,8721.36,3936.0,8555.4
acquisition,tfinance,hgb_graph_features,0.0,zero_exposure,moderate,pooled_stratum,4,0.09592224129102708,0.754334975369458,339.12,306.26,1.0,8817.1,3936.0,8638.3
acquisition,tfinance,hgb_graph_features,0.0,zero_exposure,moderate,pooled_stratum,5,0.09136621986338633,0.7597037037037038,339.34,307.68,1.0,8753.48,3936.0,8588.02
acquisition,tfinance,hgb_graph_features,0.0,zero_exposure,moderate,pooled_stratum,6,0.08986603352789606,0.7541523341523342,337.78,306.94,1.0,8358.7,3936.0,8194.74
acquisition,tfinance,hgb_graph_features,0.0,zero_exposure,moderate,pooled_stratum,7,0.09328689438105835,0.7539408866995073,338.16,306.1,1.0,8621.08,3936.0,8456.08
acquisition,tfinance,hgb_graph_features,0.0,zero_exposure,moderate,pooled_stratum,8,0.10220029557398483,0.7824257425742575,352.76,316.1,1.0,8545.12,3936.0,8380.48
acquisition,tfinance,hgb_graph_features,0.0,zero_exposure,moderate,pooled_stratum,9,0.09940862451247319,0.7434803921568627,337.74,303.34,1.0,9106.4,3936.0,8931.16
acquisition,tfinance,hgb_graph_features,0.0,zero_exposure,moderate,size_alpha,0,0.026789206448492257,0.6925742574257425,287.92,279.8,1.0,8997.18,3936.0,8827.56
acquisition,tfinance,hgb_graph_features,0.0,zero_exposure,moderate,size_alpha,1,0.029155062046637793,0.7143564356435644,297.5,288.6,1.0,8787.0,3936.0,8617.94
acquisition,tfinance,hgb_graph_features,0.0,zero_exposure,moderate,size_alpha,2,0.03554825518934714,0.7119607843137256,301.56,290.48,1.0,9150.64,3936.0,8981.82
acquisition,tfinance,hgb_graph_features,0.0,zero_exposure,moderate,size_alpha,3,0.03175211381022996,0.6971641791044776,289.98,280.26,1.0,8721.36,3936.0,8555.4
acquisition,tfinance,hgb_graph_features,0.0,zero_exposure,moderate,size_alpha,4,0.03615526536326294,0.7032512315270937,296.52,285.52,1.0,8817.1,3936.0,8638.3
acquisition,tfinance,hgb_graph_features,0.0,zero_exposure,moderate,size_alpha,5,0.024691122691623688,0.7204444444444446,299.38,291.78,1.0,8753.48,3936.0,8588.02
acquisition,tfinance,hgb_graph_features,0.0,zero_exposure,moderate,size_alpha,6,0.037312100475355374,0.7137100737100737,302.22,290.48,1.0,8358.7,3936.0,8194.74
acquisition,tfinance,hgb_graph_features,0.0,zero_exposure,moderate,size_alpha,7,0.02682217881330736,0.6982266009852216,291.74,283.48,1.0,8621.08,3936.0,8456.08
acquisition,tfinance,hgb_graph_features,0.0,zero_exposure,moderate,size_alpha,8,0.04156831878003204,0.7425742574257426,313.62,300.0,1.0,8545.12,3936.0,8380.48
acquisition,tfinance,hgb_graph_features,0.0,zero_exposure,moderate,size_alpha,9,0.031582277863416594,0.6946568627450981,293.02,283.42,1.0,9106.4,3936.0,8931.16
acquisition,tfinance,hgb_graph_features,0.0,zero_exposure,moderate,uniform_counterfactual,0,0.08441286798103889,0.7864851485148514,347.28,317.74,1.0,9007.28,3936.0,8596.2
acquisition,tfinance,hgb_graph_features,0.0,zero_exposure,moderate,uniform_counterfactual,1,0.09295287732698647,0.7982178217821783,355.72,322.48,1.0,8770.02,3936.0,8372.0
acquisition,tfinance,hgb_graph_features,0.0,zero_exposure,moderate,uniform_counterfactual,2,0.09638283044832557,0.779656862745098,352.14,318.1,1.0,9165.48,3936.0,8745.38
acquisition,tfinance,hgb_graph_features,0.0,zero_exposure,moderate,uniform_counterfactual,3,0.09908266830408445,0.7801990049751244,348.56,313.64,1.0,8726.86,3936.0,8330.02
acquisition,tfinance,hgb_graph_features,0.0,zero_exposure,moderate,uniform_counterfactual,4,0.11139097254639563,0.7906403940886699,361.5,321.0,1.0,8828.82,3936.0,8420.88
acquisition,tfinance,hgb_graph_features,0.0,zero_exposure,moderate,uniform_counterfactual,5,0.09857530717056365,0.8022222222222223,360.72,324.9,1.0,8760.9,3936.0,8359.56
acquisition,tfinance,hgb_graph_features,0.0,zero_exposure,moderate,uniform_counterfactual,6,0.09287849083347327,0.7747911547911548,348.06,315.34,1.0,8360.6,3936.0,7978.24
acquisition,tfinance,hgb_graph_features,0.0,zero_exposure,moderate,uniform_counterfactual,7,0.09372039001984583,0.7817241379310345,350.52,317.38,1.0,8621.7,3936.0,8229.28
acquisition,tfinance,hgb_graph_features,0.0,zero_exposure,moderate,uniform_counterfactual,8,0.10148833256871681,0.808960396039604,364.14,326.82,1.0,8555.62,3936.0,8165.24
acquisition,tfinance,hgb_graph_features,0.0,zero_exposure,moderate,uniform_counterfactual,9,0.09784371288157256,0.7994607843137256,362.22,326.18,1.0,9103.88,3936.0,8684.22
acquisition,tfinance,hgb_graph_features,0.0,zero_exposure,moderate,weighted_bh,0,0.08960074771248305,0.7836633663366337,348.28,316.6,1.0,8997.18,3936.0,8827.56
acquisition,tfinance,hgb_graph_features,0.0,zero_exposure,moderate,weighted_bh,1,0.09173902566377314,0.7949009900990098,353.94,321.14,1.0,8787.0,3936.0,8617.94
acquisition,tfinance,hgb_graph_features,0.0,zero_exposure,moderate,weighted_bh,2,0.09524748536687505,0.7753431372549019,350.1,316.34,1.0,9150.64,3936.0,8981.82
acquisition,tfinance,hgb_graph_features,0.0,zero_exposure,moderate,weighted_bh,3,0.09565000350523772,0.7749751243781094,345.46,311.54,1.0,8721.36,3936.0,8555.4
acquisition,tfinance,hgb_graph_features,0.0,zero_exposure,moderate,weighted_bh,4,0.10506988992647572,0.7842364532019704,356.22,318.4,1.0,8817.1,3936.0,8638.3
acquisition,tfinance,hgb_graph_features,0.0,zero_exposure,moderate,weighted_bh,5,0.09358958124680222,0.7945185185185185,355.5,321.78,1.0,8753.48,3936.0,8588.02
acquisition,tfinance,hgb_graph_features,0.0,zero_exposure,moderate,weighted_bh,6,0.08933458583377987,0.7688943488943489,344.22,312.94,1.0,8358.7,3936.0,8194.74
acquisition,tfinance,hgb_graph_features,0.0,zero_exposure,moderate,weighted_bh,7,0.09022329496307631,0.7758620689655173,346.8,315.0,1.0,8621.08,3936.0,8456.08
acquisition,tfinance,hgb_graph_features,0.0,zero_exposure,moderate,weighted_bh,8,0.10244444815174049,0.8083663366336634,364.58,326.58,1.0,8545.12,3936.0,8380.48
acquisition,tfinance,hgb_graph_features,0.0,zero_exposure,moderate,weighted_bh,9,0.0978834875091311,0.794607843137255,360.44,324.2,1.0,9106.4,3936.0,8931.16
acquisition,tfinance,hgb_graph_features,0.0,zero_exposure,moderate,weighted_by,0,0.0,0.0,0.0,0.0,0.0,8997.18,3936.0,8827.56
acquisition,tfinance,hgb_graph_features,0.0,zero_exposure,moderate,weighted_by,1,0.0,0.0,0.0,0.0,0.0,8787.0,3936.0,8617.94
acquisition,tfinance,hgb_graph_features,0.0,zero_exposure,moderate,weighted_by,2,0.0,0.0,0.0,0.0,0.0,9150.64,3936.0,8981.82
acquisition,tfinance,hgb_graph_features,0.0,zero_exposure,moderate,weighted_by,3,0.0,0.0,0.0,0.0,0.0,8721.36,3936.0,8555.4
acquisition,tfinance,hgb_graph_features,0.0,zero_exposure,moderate,weighted_by,4,0.0,0.0,0.0,0.0,0.0,8817.1,3936.0,8638.3
acquisition,tfinance,hgb_graph_features,0.0,zero_exposure,moderate,weighted_by,5,0.0,0.0,0.0,0.0,0.0,8753.48,3936.0,8588.02
acquisition,tfinance,hgb_graph_features,0.0,zero_exposure,moderate,weighted_by,6,0.0,0.0,0.0,0.0,0.0,8358.7,3936.0,8194.74
acquisition,tfinance,hgb_graph_features,0.0,zero_exposure,moderate,weighted_by,7,0.0,0.0,0.0,0.0,0.0,8621.08,3936.0,8456.08
acquisition,tfinance,hgb_graph_features,0.0,zero_exposure,moderate,weighted_by,8,0.0,0.0,0.0,0.0,0.0,8545.12,3936.0,8380.48
acquisition,tfinance,hgb_graph_features,0.0,zero_exposure,moderate,weighted_by,9,0.0,0.0,0.0,0.0,0.0,9106.4,3936.0,8931.16
acquisition,tfinance,hgb_graph_features,0.0,zero_exposure,neutral,equal_alpha,0,0.039087751099221885,0.7284158415841584,306.36,294.28,1.0,13287.6,3936.0,12682.28
acquisition,tfinance,hgb_graph_features,0.0,zero_exposure,neutral,equal_alpha,1,0.042735068442407036,0.7445049504950495,314.28,300.78,1.0,13280.66,3936.0,12676.42
acquisition,tfinance,hgb_graph_features,0.0,zero_exposure,neutral,equal_alpha,2,0.04290602700036558,0.7300490196078431,311.36,297.86,1.0,13298.08,3936.0,12686.82
acquisition,tfinance,hgb_graph_features,0.0,zero_exposure,neutral,equal_alpha,3,0.04632691687616117,0.7330845771144279,309.16,294.7,1.0,13245.64,3936.0,12643.14
acquisition,tfinance,hgb_graph_features,0.0,zero_exposure,neutral,equal_alpha,4,0.05902827025696402,0.7189655172413794,310.28,291.9,1.0,13292.86,3936.0,12680.16
acquisition,tfinance,hgb_graph_features,0.0,zero_exposure,neutral,equal_alpha,5,0.03728645769973779,0.7497283950617285,315.48,303.64,1.0,13264.1,3936.0,12654.9
acquisition,tfinance,hgb_graph_features,0.0,zero_exposure,neutral,equal_alpha,6,0.047645399843262784,0.7294840294840295,311.9,296.9,1.0,13273.64,3936.0,12666.72
acquisition,tfinance,hgb_graph_features,0.0,zero_exposure,neutral,equal_alpha,7,0.0389807760744375,0.7344334975369458,310.3,298.18,1.0,13290.3,3936.0,12679.76
acquisition,tfinance,hgb_graph_features,0.0,zero_exposure,neutral,equal_alpha,8,0.04826775950412891,0.7636633663366337,324.38,308.52,1.0,13270.64,3936.0,12665.22
acquisition,tfinance,hgb_graph_features,0.0,zero_exposure,neutral,equal_alpha,9,0.04303419447400914,0.7259313725490196,309.64,296.18,1.0,13274.34,3936.0,12664.7
acquisition,tfinance,hgb_graph_features,0.0,zero_exposure,neutral,pooled_reference,0,0.08614592778633737,0.7875742574257426,348.42,318.18,1.0,13287.6,3936.0,12682.28
acquisition,tfinance,hgb_graph_features,0.0,zero_exposure,neutral,pooled_reference,1,0.09448407275646814,0.7980198019801981,356.16,322.4,1.0,13280.66,3936.0,12676.42
acquisition,tfinance,hgb_graph_features,0.0,zero_exposure,neutral,pooled_reference,2,0.0974041672577028,0.7791176470588235,352.26,317.88,1.0,13298.08,3936.0,12686.82
acquisition,tfinance,hgb_graph_features,0.0,zero_exposure,neutral,pooled_reference,3,0.09937295307876286,0.7804975124378108,348.78,313.76,1.0,13245.64,3936.0,12643.14
acquisition,tfinance,hgb_graph_features,0.0,zero_exposure,neutral,pooled_reference,4,0.11326048419579926,0.7922167487684729,363.02,321.64,1.0,13292.86,3936.0,12680.16
acquisition,tfinance,hgb_graph_features,0.0,zero_exposure,neutral,pooled_reference,5,0.0969513884429548,0.802320987654321,359.98,324.94,1.0,13264.1,3936.0,12654.9
acquisition,tfinance,hgb_graph_features,0.0,zero_exposure,neutral,pooled_reference,6,0.09428442146803037,0.7757739557739558,349.04,315.74,1.0,13273.64,3936.0,12666.72
acquisition,tfinance,hgb_graph_features,0.0,zero_exposure,neutral,pooled_reference,7,0.09141150880356433,0.7807881773399015,349.0,317.0,1.0,13290.3,3936.0,12679.76
acquisition,tfinance,hgb_graph_features,0.0,zero_exposure,neutral,pooled_reference,8,0.10409265716928078,0.8104950495049504,365.8,327.44,1.0,13270.64,3936.0,12665.22
acquisition,tfinance,hgb_graph_features,0.0,zero_exposure,neutral,pooled_reference,9,0.09977529471087983,0.7995588235294118,363.06,326.22,1.0,13274.34,3936.0,12664.7
acquisition,tfinance,hgb_graph_features,0.0,zero_exposure,neutral,pooled_stratum,0,0.0913110544282964,0.7687128712871288,342.06,310.56,1.0,13287.6,3936.0,12682.28
acquisition,tfinance,hgb_graph_features,0.0,zero_exposure,neutral,pooled_stratum,1,0.09705607451372547,0.7815346534653466,349.88,315.74,1.0,13280.66,3936.0,12676.42
acquisition,tfinance,hgb_graph_features,0.0,zero_exposure,neutral,pooled_stratum,2,0.09664914410730704,0.7647058823529411,345.5,312.0,1.0,13298.08,3936.0,12686.82
acquisition,tfinance,hgb_graph_features,0.0,zero_exposure,neutral,pooled_stratum,3,0.10766547676721304,0.7659701492537313,345.32,307.92,1.0,13245.64,3936.0,12643.14
acquisition,tfinance,hgb_graph_features,0.0,zero_exposure,neutral,pooled_stratum,4,0.10843809175054908,0.7734975369458128,352.36,314.04,1.0,13292.86,3936.0,12680.16
acquisition,tfinance,hgb_graph_features,0.0,zero_exposure,neutral,pooled_stratum,5,0.09658271094956705,0.7765925925925926,348.42,314.52,1.0,13264.1,3936.0,12654.9
acquisition,tfinance,hgb_graph_features,0.0,zero_exposure,neutral,pooled_stratum,6,0.0961503694961305,0.7625552825552826,343.64,310.36,1.0,13273.64,3936.0,12666.72
acquisition,tfinance,hgb_graph_features,0.0,zero_exposure,neutral,pooled_stratum,7,0.09527036399978789,0.7723645320197045,346.7,313.58,1.0,13290.3,3936.0,12679.76
acquisition,tfinance,hgb_graph_features,0.0,zero_exposure,neutral,pooled_stratum,8,0.10441039541253944,0.793069306930693,358.16,320.4,1.0,13270.64,3936.0,12665.22
acquisition,tfinance,hgb_graph_features,0.0,zero_exposure,neutral,pooled_stratum,9,0.10276630867879316,0.7613235294117647,346.76,310.62,1.0,13274.34,3936.0,12664.7
acquisition,tfinance,hgb_graph_features,0.0,zero_exposure,neutral,size_alpha,0,0.03140726023247446,0.7143069306930693,298.04,288.58,1.0,13287.6,3936.0,12682.28
acquisition,tfinance,hgb_graph_features,0.0,zero_exposure,neutral,size_alpha,1,0.03592008713313602,0.7321287128712871,306.9,295.78,1.0,13280.66,3936.0,12676.42
acquisition,tfinance,hgb_graph_features,0.0,zero_exposure,neutral,size_alpha,2,0.03680234213419362,0.7199509803921569,305.12,293.74,1.0,13298.08,3936.0,12686.82
acquisition,tfinance,hgb_graph_features,0.0,zero_exposure,neutral,size_alpha,3,0.039649661704017486,0.7245771144278607,303.44,291.28,1.0,13245.64,3936.0,12643.14
acquisition,tfinance,hgb_graph_features,0.0,zero_exposure,neutral,size_alpha,4,0.04886708727125773,0.7233497536945813,308.84,293.68,1.0,13292.86,3936.0,12680.16
acquisition,tfinance,hgb_graph_features,0.0,zero_exposure,neutral,size_alpha,5,0.03159686815520209,0.7418271604938272,310.28,300.44,1.0,13264.1,3936.0,12654.9
acquisition,tfinance,hgb_graph_features,0.0,zero_exposure,neutral,size_alpha,6,0.04409569224107714,0.7250614250614251,308.84,295.1,1.0,13273.64,3936.0,12666.72
acquisition,tfinance,hgb_graph_features,0.0,zero_exposure,neutral,size_alpha,7,0.033600304915514585,0.7245812807881774,304.46,294.18,1.0,13290.3,3936.0,12679.76
acquisition,tfinance,hgb_graph_features,0.0,zero_exposure,neutral,size_alpha,8,0.043079219084652474,0.7555940594059406,319.2,305.26,1.0,13270.64,3936.0,12665.22
acquisition,tfinance,hgb_graph_features,0.0,zero_exposure,neutral,size_alpha,9,0.0372670580582207,0.7163235294117648,303.74,292.26,1.0,13274.34,3936.0,12664.7
acquisition,tfinance,hgb_graph_features,0.0,zero_exposure,neutral,uniform_counterfactual,0,0.08614592778633737,0.7875742574257426,348.42,318.18,1.0,13287.6,3936.0,12682.28
acquisition,tfinance,hgb_graph_features,0.0,zero_exposure,neutral,uniform_counterfactual,1,0.09448407275646814,0.7980198019801981,356.16,322.4,1.0,13280.66,3936.0,12676.42
acquisition,tfinance,hgb_graph_features,0.0,zero_exposure,neutral,uniform_counterfactual,2,0.0974041672577028,0.7791176470588235,352.26,317.88,1.0,13298.08,3936.0,12686.82
acquisition,tfinance,hgb_graph_features,0.0,zero_exposure,neutral,uniform_counterfactual,3,0.09937295307876286,0.7804975124378108,348.78,313.76,1.0,13245.64,3936.0,12643.14
acquisition,tfinance,hgb_graph_features,0.0,zero_exposure,neutral,uniform_counterfactual,4,0.11326048419579926,0.7922167487684729,363.02,321.64,1.0,13292.86,3936.0,12680.16
acquisition,tfinance,hgb_graph_features,0.0,zero_exposure,neutral,uniform_counterfactual,5,0.0969513884429548,0.802320987654321,359.98,324.94,1.0,13264.1,3936.0,12654.9
acquisition,tfinance,hgb_graph_features,0.0,zero_exposure,neutral,uniform_counterfactual,6,0.09428442146803037,0.7757739557739558,349.04,315.74,1.0,13273.64,3936.0,12666.72
acquisition,tfinance,hgb_graph_features,0.0,zero_exposure,neutral,uniform_counterfactual,7,0.09141150880356433,0.7807881773399015,349.0,317.0,1.0,13290.3,3936.0,12679.76
acquisition,tfinance,hgb_graph_features,0.0,zero_exposure,neutral,uniform_counterfactual,8,0.10409265716928078,0.8104950495049504,365.8,327.44,1.0,13270.64,3936.0,12665.22
acquisition,tfinance,hgb_graph_features,0.0,zero_exposure,neutral,uniform_counterfactual,9,0.09977529471087983,0.7995588235294118,363.06,326.22,1.0,13274.34,3936.0,12664.7
acquisition,tfinance,hgb_graph_features,0.0,zero_exposure,neutral,weighted_bh,0,0.08614592778633737,0.7875742574257426,348.42,318.18,1.0,13287.6,3936.0,12682.28
acquisition,tfinance,hgb_graph_features,0.0,zero_exposure,neutral,weighted_bh,1,0.09448407275646814,0.7980198019801981,356.16,322.4,1.0,13280.66,3936.0,12676.42
acquisition,tfinance,hgb_graph_features,0.0,zero_exposure,neutral,weighted_bh,2,0.0974041672577028,0.7791176470588235,352.26,317.88,1.0,13298.08,3936.0,12686.82
acquisition,tfinance,hgb_graph_features,0.0,zero_exposure,neutral,weighted_bh,3,0.09937295307876286,0.7804975124378108,348.78,313.76,1.0,13245.64,3936.0,12643.14
acquisition,tfinance,hgb_graph_features,0.0,zero_exposure,neutral,weighted_bh,4,0.11326048419579926,0.7922167487684729,363.02,321.64,1.0,13292.86,3936.0,12680.16
acquisition,tfinance,hgb_graph_features,0.0,zero_exposure,neutral,weighted_bh,5,0.0969513884429548,0.802320987654321,359.98,324.94,1.0,13264.1,3936.0,12654.9
acquisition,tfinance,hgb_graph_features,0.0,zero_exposure,neutral,weighted_bh,6,0.09428442146803037,0.7757739557739558,349.04,315.74,1.0,13273.64,3936.0,12666.72
acquisition,tfinance,hgb_graph_features,0.0,zero_exposure,neutral,weighted_bh,7,0.09141150880356433,0.7807881773399015,349.0,317.0,1.0,13290.3,3936.0,12679.76
acquisition,tfinance,hgb_graph_features,0.0,zero_exposure,neutral,weighted_bh,8,0.10409265716928078,0.8104950495049504,365.8,327.44,1.0,13270.64,3936.0,12665.22
acquisition,tfinance,hgb_graph_features,0.0,zero_exposure,neutral,weighted_bh,9,0.09977529471087983,0.7995588235294118,363.06,326.22,1.0,13274.34,3936.0,12664.7
acquisition,tfinance,hgb_graph_features,0.0,zero_exposure,neutral,weighted_by,0,0.005224293593832976,0.5736633663366336,233.12,231.76,1.0,13287.6,3936.0,12682.28
acquisition,tfinance,hgb_graph_features,0.0,zero_exposure,neutral,weighted_by,1,0.006083680377226543,0.6311881188118812,256.58,255.0,1.0,13280.66,3936.0,12676.42
acquisition,tfinance,hgb_graph_features,0.0,zero_exposure,neutral,weighted_by,2,0.009126720764598402,0.5965196078431373,245.86,243.38,1.0,13298.08,3936.0,12686.82
acquisition,tfinance,hgb_graph_features,0.0,zero_exposure,neutral,weighted_by,3,0.009458093232112379,0.5949253731343284,241.58,239.16,1.0,13245.64,3936.0,12643.14
acquisition,tfinance,hgb_graph_features,0.0,zero_exposure,neutral,weighted_by,4,0.008180391425647844,0.6146798029556649,251.76,249.56,1.0,13292.86,3936.0,12680.16
acquisition,tfinance,hgb_graph_features,0.0,zero_exposure,neutral,weighted_by,5,0.013243097763426262,0.617679012345679,253.68,250.16,1.0,13264.1,3936.0,12654.9
acquisition,tfinance,hgb_graph_features,0.0,zero_exposure,neutral,weighted_by,6,0.011497437965564114,0.6031941031941033,248.52,245.5,1.0,13273.64,3936.0,12666.72
acquisition,tfinance,hgb_graph_features,0.0,zero_exposure,neutral,weighted_by,7,0.007687321147269464,0.5783251231527093,236.7,234.8,1.0,13290.3,3936.0,12679.76
acquisition,tfinance,hgb_graph_features,0.0,zero_exposure,neutral,weighted_by,8,0.005196604312259857,0.6403960396039604,260.14,258.72,1.0,13270.64,3936.0,12665.22
acquisition,tfinance,hgb_graph_features,0.0,zero_exposure,neutral,weighted_by,9,0.012731484077591266,0.6059803921568627,250.58,247.24,1.0,13274.34,3936.0,12664.7
acquisition,tfinance,hgb_graph_features,0.0,zero_exposure,severe,equal_alpha,0,0.02577282131263689,0.3645049504950495,155.58,147.26,0.5,8193.36,3936.0,8105.64
acquisition,tfinance,hgb_graph_features,0.0,zero_exposure,severe,equal_alpha,1,0.03165828845378537,0.47480198019801984,202.38,191.82,0.64,7940.18,3936.0,7854.34
acquisition,tfinance,hgb_graph_features,0.0,zero_exposure,severe,equal_alpha,2,0.044176847362208595,0.43985294117647056,192.04,179.46,0.62,8376.68,3936.0,8290.28
acquisition,tfinance,hgb_graph_features,0.0,zero_exposure,severe,equal_alpha,3,0.04842925598908234,0.4634825870646766,203.26,186.32,0.62,7867.86,3936.0,7784.98
acquisition,tfinance,hgb_graph_features,0.0,zero_exposure,severe,equal_alpha,4,0.03714001097700268,0.4476354679802956,193.76,181.74,0.62,7977.98,3936.0,7881.7
acquisition,tfinance,hgb_graph_features,0.0,zero_exposure,severe,equal_alpha,5,0.03040231745094595,0.45353086419753086,194.0,183.68,0.6,7910.4,3936.0,7826.84
acquisition,tfinance,hgb_graph_features,0.0,zero_exposure,severe,equal_alpha,6,0.041416668547285485,0.5002948402948403,217.54,203.62,0.68,7431.72,3936.0,7351.28
acquisition,tfinance,hgb_graph_features,0.0,zero_exposure,severe,equal_alpha,7,0.030590804986644106,0.3738423645320197,162.0,151.78,0.5,7735.62,3936.0,7653.34
acquisition,tfinance,hgb_graph_features,0.0,zero_exposure,severe,equal_alpha,8,0.04221134079983244,0.4895544554455446,212.62,197.78,0.64,7658.38,3936.0,7575.88
acquisition,tfinance,hgb_graph_features,0.0,zero_exposure,severe,equal_alpha,9,0.031554394660191436,0.3593627450980392,157.54,146.62,0.48,8319.02,3936.0,8228.34
acquisition,tfinance,hgb_graph_features,0.0,zero_exposure,severe,pooled_reference,0,0.11316352779768105,0.7973762376237624,363.62,322.14,1.0,8193.36,3936.0,8105.64
acquisition,tfinance,hgb_graph_features,0.0,zero_exposure,severe,pooled_reference,1,0.1651924711869666,0.8292079207920792,401.76,335.0,1.0,7940.18,3936.0,7854.34
acquisition,tfinance,hgb_graph_features,0.0,zero_exposure,severe,pooled_reference,2,0.11677037297857186,0.791029411764706,365.62,322.74,1.0,8376.68,3936.0,8290.28
acquisition,tfinance,hgb_graph_features,0.0,zero_exposure,severe,pooled_reference,3,0.16685182510946045,0.8170149253731342,394.64,328.44,1.0,7867.86,3936.0,7784.98
acquisition,tfinance,hgb_graph_features,0.0,zero_exposure,severe,pooled_reference,4,0.16387811046110606,0.8207389162561576,398.84,333.22,1.0,7977.98,3936.0,7881.7
acquisition,tfinance,hgb_graph_features,0.0,zero_exposure,severe,pooled_reference,5,0.13511493650234288,0.8178271604938271,383.48,331.22,1.0,7910.4,3936.0,7826.84
acquisition,tfinance,hgb_graph_features,0.0,zero_exposure,severe,pooled_reference,6,0.1304016456741905,0.8000982800982801,375.02,325.64,1.0,7431.72,3936.0,7351.28
acquisition,tfinance,hgb_graph_features,0.0,zero_exposure,severe,pooled_reference,7,0.11661456635838048,0.7976847290640394,366.84,323.86,1.0,7735.62,3936.0,7653.34
acquisition,tfinance,hgb_graph_features,0.0,zero_exposure,severe,pooled_reference,8,0.1580837382279029,0.8389603960396039,402.78,338.94,1.0,7658.38,3936.0,7575.88
acquisition,tfinance,hgb_graph_features,0.0,zero_exposure,severe,pooled_reference,9,0.1563381513168974,0.8257843137254902,399.98,336.92,1.0,8319.02,3936.0,8228.34
acquisition,tfinance,hgb_graph_features,0.0,zero_exposure,severe,pooled_stratum,0,0.03805604615667058,0.19034653465346532,87.3,76.9,0.28,8193.36,3936.0,8105.64
acquisition,tfinance,hgb_graph_features,0.0,zero_exposure,severe,pooled_stratum,1,0.04351813860651013,0.3002970297029703,137.48,121.32,0.38,7940.18,3936.0,7854.34
acquisition,tfinance,hgb_graph_features,0.0,zero_exposure,severe,pooled_stratum,2,0.04186022366756168,0.0825,41.16,33.66,0.18,8376.68,3936.0,8290.28
acquisition,tfinance,hgb_graph_features,0.0,zero_exposure,severe,pooled_stratum,3,0.07020482763119018,0.3667164179104478,174.66,147.42,0.46,7867.86,3936.0,7784.98
acquisition,tfinance,hgb_graph_features,0.0,zero_exposure,severe,pooled_stratum,4,0.07131851152219701,0.35512315270935957,164.14,144.18,0.74,7977.98,3936.0,7881.7
acquisition,tfinance,hgb_graph_features,0.0,zero_exposure,severe,pooled_stratum,5,0.053324483000572374,0.35130864197530864,162.3,142.28,0.44,7910.4,3936.0,7826.84
acquisition,tfinance,hgb_graph_features,0.0,zero_exposure,severe,pooled_stratum,6,0.07325330628805443,0.5231449631449632,239.46,212.92,0.68,7431.72,3936.0,7351.28
acquisition,tfinance,hgb_graph_features,0.0,zero_exposure,severe,pooled_stratum,7,0.05806638571905921,0.39399014778325125,181.32,159.96,0.5,7735.62,3936.0,7653.34
acquisition,tfinance,hgb_graph_features,0.0,zero_exposure,severe,pooled_stratum,8,0.07810453496008792,0.5093564356435644,235.22,205.78,0.64,7658.38,3936.0,7575.88
acquisition,tfinance,hgb_graph_features,0.0,zero_exposure,severe,pooled_stratum,9,0.04763703882471784,0.15009803921568626,73.18,61.24,0.28,8319.02,3936.0,8228.34
acquisition,tfinance,hgb_graph_features,0.0,zero_exposure,severe,size_alpha,0,0.01997683473742855,0.048316831683168325,21.6,19.52,0.12,8193.36,3936.0,8105.64
acquisition,tfinance,hgb_graph_features,0.0,zero_exposure,severe,size_alpha,1,0.010504394549931066,0.07935643564356436,35.92,32.06,0.1,7940.18,3936.0,7854.34
acquisition,tfinance,hgb_graph_features,0.0,zero_exposure,severe,size_alpha,2,0.027107206518971222,0.017254901960784316,8.46,7.04,0.1,8376.68,3936.0,8290.28
acquisition,tfinance,hgb_graph_features,0.0,zero_exposure,severe,size_alpha,3,0.024559048069104444,0.14223880597014926,66.52,57.18,0.18,7867.86,3936.0,7784.98
acquisition,tfinance,hgb_graph_features,0.0,zero_exposure,severe,size_alpha,4,0.04627219150871571,0.09211822660098522,41.12,37.4,0.62,7977.98,3936.0,7881.7
acquisition,tfinance,hgb_graph_features,0.0,zero_exposure,severe,size_alpha,5,0.03645628543829628,0.141679012345679,62.96,57.38,0.22,7910.4,3936.0,7826.84
acquisition,tfinance,hgb_graph_features,0.0,zero_exposure,severe,size_alpha,6,0.03313727784726094,0.31665847665847663,140.28,128.88,0.42,7431.72,3936.0,7351.28
acquisition,tfinance,hgb_graph_features,0.0,zero_exposure,severe,size_alpha,7,0.012276627918046268,0.10783251231527093,48.06,43.78,0.14,7735.62,3936.0,7653.34
acquisition,tfinance,hgb_graph_features,0.0,zero_exposure,severe,size_alpha,8,0.028313189868699955,0.2523762376237624,112.28,101.96,0.32,7658.38,3936.0,7575.88
acquisition,tfinance,hgb_graph_features,0.0,zero_exposure,severe,size_alpha,9,0.021736940450077177,0.017941176470588235,8.64,7.32,0.12,8319.02,3936.0,8228.34
acquisition,tfinance,hgb_graph_features,0.0,zero_exposure,severe,uniform_counterfactual,0,0.08612047846539433,0.7869801980198019,348.16,317.94,1.0,8210.36,3936.0,7836.54
acquisition,tfinance,hgb_graph_features,0.0,zero_exposure,severe,uniform_counterfactual,1,0.09208321430950156,0.7973267326732674,355.02,322.12,1.0,7926.82,3936.0,7567.06
acquisition,tfinance,hgb_graph_features,0.0,zero_exposure,severe,uniform_counterfactual,2,0.09710729715100387,0.7793627450980393,352.3,317.98,1.0,8392.34,3936.0,8008.32
acquisition,tfinance,hgb_graph_features,0.0,zero_exposure,severe,uniform_counterfactual,3,0.09734494643979757,0.778905472636816,347.34,313.12,1.0,7872.14,3936.0,7513.46
acquisition,tfinance,hgb_graph_features,0.0,zero_exposure,severe,uniform_counterfactual,4,0.11133178141393446,0.79,361.18,320.74,1.0,7998.44,3936.0,7629.42
acquisition,tfinance,hgb_graph_features,0.0,zero_exposure,severe,uniform_counterfactual,5,0.09835337246008351,0.8022222222222223,360.68,324.9,1.0,7913.92,3936.0,7552.52
acquisition,tfinance,hgb_graph_features,0.0,zero_exposure,severe,uniform_counterfactual,6,0.09145185330048228,0.7727764127764128,346.62,314.52,1.0,7440.48,3936.0,7099.94
acquisition,tfinance,hgb_graph_features,0.0,zero_exposure,severe,uniform_counterfactual,7,0.09310683988010685,0.7806403940886699,349.8,316.94,1.0,7745.12,3936.0,7392.62
acquisition,tfinance,hgb_graph_features,0.0,zero_exposure,severe,uniform_counterfactual,8,0.10194756325533659,0.81,364.84,327.24,1.0,7665.5,3936.0,7315.38
acquisition,tfinance,hgb_graph_features,0.0,zero_exposure,severe,uniform_counterfactual,9,0.09786591903201977,0.7984803921568627,361.94,325.78,1.0,8321.32,3936.0,7938.22
acquisition,tfinance,hgb_graph_features,0.0,zero_exposure,severe,weighted_bh,0,0.07876277247646954,0.7565346534653465,332.94,305.64,1.0,8193.36,3936.0,8105.64
acquisition,tfinance,hgb_graph_features,0.0,zero_exposure,severe,weighted_bh,1,0.07646421072632609,0.7614851485148515,334.72,307.64,1.0,7940.18,3936.0,7854.34
acquisition,tfinance,hgb_graph_features,0.0,zero_exposure,severe,weighted_bh,2,0.08775480238750745,0.7525,337.86,307.02,1.0,8376.68,3936.0,8290.28
acquisition,tfinance,hgb_graph_features,0.0,zero_exposure,severe,weighted_bh,3,0.097180709122522,0.7558208955223882,339.64,303.84,1.0,7867.86,3936.0,7784.98
acquisition,tfinance,hgb_graph_features,0.0,zero_exposure,severe,weighted_bh,4,0.08905027226546945,0.760935960591133,340.32,308.94,1.0,7977.98,3936.0,7881.7
acquisition,tfinance,hgb_graph_features,0.0,zero_exposure,severe,weighted_bh,5,0.08996056019973782,0.7700740740740741,344.42,311.88,1.0,7910.4,3936.0,7826.84
acquisition,tfinance,hgb_graph_features,0.0,zero_exposure,severe,weighted_bh,6,0.08113151412940747,0.7442260442260442,331.52,302.9,1.0,7431.72,3936.0,7351.28
acquisition,tfinance,hgb_graph_features,0.0,zero_exposure,severe,weighted_bh,7,0.08045473962139976,0.7328571428571429,325.54,297.54,1.0,7735.62,3936.0,7653.34
acquisition,tfinance,hgb_graph_features,0.0,zero_exposure,severe,weighted_bh,8,0.09724033020190688,0.793069306930693,357.04,320.4,1.0,7658.38,3936.0,7575.88
acquisition,tfinance,hgb_graph_features,0.0,zero_exposure,severe,weighted_bh,9,0.09826596788339077,0.7817156862745098,356.28,318.94,1.0,8319.02,3936.0,8228.34
acquisition,tfinance,hgb_graph_features,0.0,zero_exposure,severe,weighted_by,0,0.0,0.0,0.0,0.0,0.0,8193.36,3936.0,8105.64
acquisition,tfinance,hgb_graph_features,0.0,zero_exposure,severe,weighted_by,1,0.0,0.0,0.0,0.0,0.0,7940.18,3936.0,7854.34
acquisition,tfinance,hgb_graph_features,0.0,zero_exposure,severe,weighted_by,2,0.0,0.0,0.0,0.0,0.0,8376.68,3936.0,8290.28
acquisition,tfinance,hgb_graph_features,0.0,zero_exposure,severe,weighted_by,3,0.0,0.0,0.0,0.0,0.0,7867.86,3936.0,7784.98
acquisition,tfinance,hgb_graph_features,0.0,zero_exposure,severe,weighted_by,4,0.0,0.0,0.0,0.0,0.0,7977.98,3936.0,7881.7
acquisition,tfinance,hgb_graph_features,0.0,zero_exposure,severe,weighted_by,5,0.0,0.0,0.0,0.0,0.0,7910.4,3936.0,7826.84
acquisition,tfinance,hgb_graph_features,0.0,zero_exposure,severe,weighted_by,6,0.0,0.0,0.0,0.0,0.0,7431.72,3936.0,7351.28
acquisition,tfinance,hgb_graph_features,0.0,zero_exposure,severe,weighted_by,7,0.0,0.0,0.0,0.0,0.0,7735.62,3936.0,7653.34
acquisition,tfinance,hgb_graph_features,0.0,zero_exposure,severe,weighted_by,8,0.0,0.0,0.0,0.0,0.0,7658.38,3936.0,7575.88
acquisition,tfinance,hgb_graph_features,0.0,zero_exposure,severe,weighted_by,9,0.0,0.0,0.0,0.0,0.0,8319.02,3936.0,8228.34
acquisition,weibo_gadbench,hgb_attributes,0.0,exposure_80,moderate,equal_alpha,0,0.01689169199720023,0.12202020202020203,25.52,24.16,0.22,2381.28,840.0,2290.36
acquisition,weibo_gadbench,hgb_attributes,0.0,exposure_80,moderate,equal_alpha,1,0.022332733065078086,0.19630769230769232,41.68,38.28,0.28,2381.22,840.0,2310.48
acquisition,weibo_gadbench,hgb_attributes,0.0,exposure_80,moderate,equal_alpha,2,0.03664760752785963,0.05210256410256411,11.36,10.16,0.18,2392.6,840.0,2318.72
acquisition,weibo_gadbench,hgb_attributes,0.0,exposure_80,moderate,equal_alpha,3,0.013837393297614449,0.14959595959595962,31.5,29.62,0.24,2378.1,840.0,2301.88
acquisition,weibo_gadbench,hgb_attributes,0.0,exposure_80,moderate,equal_alpha,4,0.011825345183284996,0.12543589743589745,26.1,24.46,0.2,2385.48,840.0,2314.82
acquisition,weibo_gadbench,hgb_attributes,0.0,exposure_80,moderate,equal_alpha,5,0.014692470724201212,0.2263,47.24,45.26,0.36,2377.3,840.0,2290.04
acquisition,weibo_gadbench,hgb_attributes,0.0,exposure_80,moderate,equal_alpha,6,0.016998020794301225,0.26518134715025904,53.44,51.18,0.42,2370.54,840.0,2296.84
acquisition,weibo_gadbench,hgb_attributes,0.0,exposure_80,moderate,equal_alpha,7,0.027393736218410857,0.06928571428571428,14.94,13.58,0.16,2386.1,840.0,2301.5
acquisition,weibo_gadbench,hgb_attributes,0.0,exposure_80,moderate,equal_alpha,8,0.02203255710767571,0.2250515463917526,47.22,43.66,0.32,2373.96,840.0,2308.46
acquisition,weibo_gadbench,hgb_attributes,0.0,exposure_80,moderate,equal_alpha,9,0.021485491265983776,0.24285714285714285,50.76,47.6,0.36,2391.36,840.0,2314.78
acquisition,weibo_gadbench,hgb_attributes,0.0,exposure_80,moderate,pooled_reference,0,0.10977083819394558,0.6824242424242425,152.44,135.12,1.0,2381.28,840.0,2290.36
acquisition,weibo_gadbench,hgb_attributes,0.0,exposure_80,moderate,pooled_reference,1,0.1282749210927353,0.7127179487179487,159.72,138.98,1.0,2381.22,840.0,2310.48
acquisition,weibo_gadbench,hgb_attributes,0.0,exposure_80,moderate,pooled_reference,2,0.12976497838370454,0.6920000000000001,155.36,134.94,1.0,2392.6,840.0,2318.72
acquisition,weibo_gadbench,hgb_attributes,0.0,exposure_80,moderate,pooled_reference,3,0.11780653867802016,0.6894949494949495,154.98,136.52,1.0,2378.1,840.0,2301.88
acquisition,weibo_gadbench,hgb_attributes,0.0,exposure_80,moderate,pooled_reference,4,0.10732871535242719,0.7043076923076923,154.1,137.34,1.0,2385.48,840.0,2314.82
acquisition,weibo_gadbench,hgb_attributes,0.0,exposure_80,moderate,pooled_reference,5,0.11922003541201134,0.7331,166.86,146.62,1.0,2377.3,840.0,2290.04
acquisition,weibo_gadbench,hgb_attributes,0.0,exposure_80,moderate,pooled_reference,6,0.12969454895959712,0.6649740932642487,148.02,128.34,1.0,2370.54,840.0,2296.84
acquisition,weibo_gadbench,hgb_attributes,0.0,exposure_80,moderate,pooled_reference,7,0.12185262424145922,0.6927551020408163,155.28,135.78,1.0,2386.1,840.0,2301.5
acquisition,weibo_gadbench,hgb_attributes,0.0,exposure_80,moderate,pooled_reference,8,0.12810037836913424,0.7614432989690723,170.06,147.72,1.0,2373.96,840.0,2308.46
acquisition,weibo_gadbench,hgb_attributes,0.0,exposure_80,moderate,pooled_reference,9,0.11059637541581456,0.7133673469387755,157.42,139.82,1.0,2391.36,840.0,2314.78
acquisition,weibo_gadbench,hgb_attributes,0.0,exposure_80,moderate,pooled_stratum,0,0.03844142785319256,0.008282828282828282,2.18,1.64,0.18,2381.28,840.0,2290.36
acquisition,weibo_gadbench,hgb_attributes,0.0,exposure_80,moderate,pooled_stratum,1,0.0,0.0,0.0,0.0,0.0,2381.22,840.0,2310.48
acquisition,weibo_gadbench,hgb_attributes,0.0,exposure_80,moderate,pooled_stratum,2,0.062431372549019606,0.028307692307692308,6.48,5.52,0.56,2392.6,840.0,2318.72
acquisition,weibo_gadbench,hgb_attributes,0.0,exposure_80,moderate,pooled_stratum,3,0.01,0.0006060606060606061,0.24,0.12,0.02,2378.1,840.0,2301.88
acquisition,weibo_gadbench,hgb_attributes,0.0,exposure_80,moderate,pooled_stratum,4,0.0044444444444444444,0.0007179487179487179,0.18,0.14,0.02,2385.48,840.0,2314.82
acquisition,weibo_gadbench,hgb_attributes,0.0,exposure_80,moderate,pooled_stratum,5,0.0,0.0,0.0,0.0,0.0,2377.3,840.0,2290.04
acquisition,weibo_gadbench,hgb_attributes,0.0,exposure_80,moderate,pooled_stratum,6,0.0,0.0,0.0,0.0,0.0,2370.54,840.0,2296.84
acquisition,weibo_gadbench,hgb_attributes,0.0,exposure_80,moderate,pooled_stratum,7,0.04972058488467157,0.013367346938775511,3.6,2.62,0.2,2386.1,840.0,2301.5
acquisition,weibo_gadbench,hgb_attributes,0.0,exposure_80,moderate,pooled_stratum,8,0.07111111111111111,0.00731958762886598,2.1,1.42,0.22,2373.96,840.0,2308.46
acquisition,weibo_gadbench,hgb_attributes,0.0,exposure_80,moderate,pooled_stratum,9,0.006666666666666666,0.0008163265306122448,0.24,0.16,0.02,2391.36,840.0,2314.78
acquisition,weibo_gadbench,hgb_attributes,0.0,exposure_80,moderate,size_alpha,0,0.03844142785319256,0.008282828282828282,2.18,1.64,0.18,2381.28,840.0,2290.36
acquisition,weibo_gadbench,hgb_attributes,0.0,exposure_80,moderate,size_alpha,1,0.0,0.0,0.0,0.0,0.0,2381.22,840.0,2310.48
acquisition,weibo_gadbench,hgb_attributes,0.0,exposure_80,moderate,size_alpha,2,0.062431372549019606,0.028307692307692308,6.48,5.52,0.56,2392.6,840.0,2318.72
acquisition,weibo_gadbench,hgb_attributes,0.0,exposure_80,moderate,size_alpha,3,0.01,0.0006060606060606061,0.24,0.12,0.02,2378.1,840.0,2301.88
acquisition,weibo_gadbench,hgb_attributes,0.0,exposure_80,moderate,size_alpha,4,0.0044444444444444444,0.0007179487179487179,0.18,0.14,0.02,2385.48,840.0,2314.82
acquisition,weibo_gadbench,hgb_attributes,0.0,exposure_80,moderate,size_alpha,5,0.0,0.0,0.0,0.0,0.0,2377.3,840.0,2290.04
acquisition,weibo_gadbench,hgb_attributes,0.0,exposure_80,moderate,size_alpha,6,0.0,0.0,0.0,0.0,0.0,2370.54,840.0,2296.84
acquisition,weibo_gadbench,hgb_attributes,0.0,exposure_80,moderate,size_alpha,7,0.04972058488467157,0.013367346938775511,3.6,2.62,0.2,2386.1,840.0,2301.5
acquisition,weibo_gadbench,hgb_attributes,0.0,exposure_80,moderate,size_alpha,8,0.07111111111111111,0.00731958762886598,2.1,1.42,0.22,2373.96,840.0,2308.46
acquisition,weibo_gadbench,hgb_attributes,0.0,exposure_80,moderate,size_alpha,9,0.006666666666666666,0.0008163265306122448,0.24,0.16,0.02,2391.36,840.0,2314.78
acquisition,weibo_gadbench,hgb_attributes,0.0,exposure_80,moderate,uniform_counterfactual,0,0.09034397328477879,0.6292929292929292,137.6,124.6,1.0,2378.32,840.0,2131.68
acquisition,weibo_gadbench,hgb_attributes,0.0,exposure_80,moderate,uniform_counterfactual,1,0.09400864443512245,0.6550769230769231,141.24,127.74,1.0,2381.36,840.0,2134.92
acquisition,weibo_gadbench,hgb_attributes,0.0,exposure_80,moderate,uniform_counterfactual,2,0.08766773956093825,0.5822564102564103,125.0,113.54,1.0,2400.78,840.0,2149.9
acquisition,weibo_gadbench,hgb_attributes,0.0,exposure_80,moderate,uniform_counterfactual,3,0.08979700897038038,0.6550505050505051,142.68,129.7,1.0,2380.4,840.0,2133.18
acquisition,weibo_gadbench,hgb_attributes,0.0,exposure_80,moderate,uniform_counterfactual,4,0.08724650234837766,0.6774358974358974,144.9,132.1,1.0,2392.48,840.0,2147.68
acquisition,weibo_gadbench,hgb_attributes,0.0,exposure_80,moderate,uniform_counterfactual,5,0.09128843830546028,0.6983,153.98,139.66,1.0,2369.58,840.0,2120.02
acquisition,weibo_gadbench,hgb_attributes,0.0,exposure_80,moderate,uniform_counterfactual,6,0.10157256528215106,0.6446632124352331,138.74,124.42,1.0,2366.96,840.0,2124.76
acquisition,weibo_gadbench,hgb_attributes,0.0,exposure_80,moderate,uniform_counterfactual,7,0.09930894530472907,0.6440816326530613,140.7,126.24,1.0,2387.44,840.0,2141.44
acquisition,weibo_gadbench,hgb_attributes,0.0,exposure_80,moderate,uniform_counterfactual,8,0.09774724536691165,0.7221649484536082,155.8,140.1,1.0,2376.46,840.0,2133.78
acquisition,weibo_gadbench,hgb_attributes,0.0,exposure_80,moderate,uniform_counterfactual,9,0.09238510037188702,0.698265306122449,151.04,136.86,1.0,2388.58,840.0,2143.34
acquisition,weibo_gadbench,hgb_attributes,0.0,exposure_80,moderate,weighted_bh,0,0.0862343602916111,0.5855555555555556,128.04,115.94,1.0,2381.28,840.0,2290.36
acquisition,weibo_gadbench,hgb_attributes,0.0,exposure_80,moderate,weighted_bh,1,0.09035524874514426,0.638974358974359,137.44,124.6,1.0,2381.22,840.0,2310.48
acquisition,weibo_gadbench,hgb_attributes,0.0,exposure_80,moderate,weighted_bh,2,0.08150214486938256,0.5448205128205128,116.8,106.24,1.0,2392.6,840.0,2318.72
acquisition,weibo_gadbench,hgb_attributes,0.0,exposure_80,moderate,weighted_bh,3,0.08243547726997978,0.6112121212121212,132.54,121.02,0.98,2378.1,840.0,2301.88
acquisition,weibo_gadbench,hgb_attributes,0.0,exposure_80,moderate,weighted_bh,4,0.07983688578821217,0.634051282051282,134.82,123.64,1.0,2385.48,840.0,2314.82
acquisition,weibo_gadbench,hgb_attributes,0.0,exposure_80,moderate,weighted_bh,5,0.08715657479063027,0.6779000000000001,148.94,135.58,1.0,2377.3,840.0,2290.04
acquisition,weibo_gadbench,hgb_attributes,0.0,exposure_80,moderate,weighted_bh,6,0.10518555176788194,0.6338860103626943,137.34,122.34,1.0,2370.54,840.0,2296.84
acquisition,weibo_gadbench,hgb_attributes,0.0,exposure_80,moderate,weighted_bh,7,0.0936925229270665,0.6047959183673469,132.02,118.54,1.0,2386.1,840.0,2301.5
acquisition,weibo_gadbench,hgb_attributes,0.0,exposure_80,moderate,weighted_bh,8,0.09496910410741087,0.6883505154639176,148.64,133.54,1.0,2373.96,840.0,2308.46
acquisition,weibo_gadbench,hgb_attributes,0.0,exposure_80,moderate,weighted_bh,9,0.08316846502122484,0.6807142857142857,145.86,133.42,1.0,2391.36,840.0,2314.78
acquisition,weibo_gadbench,hgb_attributes,0.0,exposure_80,moderate,weighted_by,0,0.0,0.0,0.0,0.0,0.0,2381.28,840.0,2290.36
acquisition,weibo_gadbench,hgb_attributes,0.0,exposure_80,moderate,weighted_by,1,0.0,0.0,0.0,0.0,0.0,2381.22,840.0,2310.48
acquisition,weibo_gadbench,hgb_attributes,0.0,exposure_80,moderate,weighted_by,2,0.0,0.0,0.0,0.0,0.0,2392.6,840.0,2318.72
acquisition,weibo_gadbench,hgb_attributes,0.0,exposure_80,moderate,weighted_by,3,0.0,0.0,0.0,0.0,0.0,2378.1,840.0,2301.88
acquisition,weibo_gadbench,hgb_attributes,0.0,exposure_80,moderate,weighted_by,4,0.0,0.0,0.0,0.0,0.0,2385.48,840.0,2314.82
acquisition,weibo_gadbench,hgb_attributes,0.0,exposure_80,moderate,weighted_by,5,0.0,0.0,0.0,0.0,0.0,2377.3,840.0,2290.04
acquisition,weibo_gadbench,hgb_attributes,0.0,exposure_80,moderate,weighted_by,6,0.0,0.0,0.0,0.0,0.0,2370.54,840.0,2296.84
acquisition,weibo_gadbench,hgb_attributes,0.0,exposure_80,moderate,weighted_by,7,0.0,0.0,0.0,0.0,0.0,2386.1,840.0,2301.5
acquisition,weibo_gadbench,hgb_attributes,0.0,exposure_80,moderate,weighted_by,8,0.0,0.0,0.0,0.0,0.0,2373.96,840.0,2308.46
acquisition,weibo_gadbench,hgb_attributes,0.0,exposure_80,moderate,weighted_by,9,0.0,0.0,0.0,0.0,0.0,2391.36,840.0,2314.78
acquisition,weibo_gadbench,hgb_attributes,0.0,exposure_80,neutral,equal_alpha,0,0.0317059122136172,0.5177777777777778,106.14,102.52,1.0,2836.6,840.0,2542.74
acquisition,weibo_gadbench,hgb_attributes,0.0,exposure_80,neutral,equal_alpha,1,0.03417694217063103,0.5802051282051282,117.34,113.14,1.0,2833.74,840.0,2540.36
acquisition,weibo_gadbench,hgb_attributes,0.0,exposure_80,neutral,equal_alpha,2,0.03371631580382719,0.35600000000000004,72.18,69.42,1.0,2851.48,840.0,2555.28
acquisition,weibo_gadbench,hgb_attributes,0.0,exposure_80,neutral,equal_alpha,3,0.028318361403409306,0.5223232323232323,106.8,103.42,1.0,2831.68,840.0,2536.74
acquisition,weibo_gadbench,hgb_attributes,0.0,exposure_80,neutral,equal_alpha,4,0.03870269158600337,0.5568205128205128,113.1,108.58,1.0,2843.96,840.0,2554.2
acquisition,weibo_gadbench,hgb_attributes,0.0,exposure_80,neutral,equal_alpha,5,0.03148818207844542,0.5999,123.98,119.98,1.0,2823.34,840.0,2525.08
acquisition,weibo_gadbench,hgb_attributes,0.0,exposure_80,neutral,equal_alpha,6,0.024592548580657167,0.6065284974093265,120.08,117.06,1.0,2824.38,840.0,2536.04
acquisition,weibo_gadbench,hgb_attributes,0.0,exposure_80,neutral,equal_alpha,7,0.0273887495400213,0.4837755102040816,97.7,94.82,1.0,2840.28,840.0,2545.72
acquisition,weibo_gadbench,hgb_attributes,0.0,exposure_80,neutral,equal_alpha,8,0.03565513574186054,0.5217525773195877,105.4,101.22,1.0,2829.46,840.0,2539.0
acquisition,weibo_gadbench,hgb_attributes,0.0,exposure_80,neutral,equal_alpha,9,0.03843176675755725,0.6222448979591837,127.0,121.96,1.0,2842.78,840.0,2550.76
acquisition,weibo_gadbench,hgb_attributes,0.0,exposure_80,neutral,pooled_reference,0,0.0919577845508852,0.6423232323232324,140.58,127.18,1.0,2836.6,840.0,2542.74
acquisition,weibo_gadbench,hgb_attributes,0.0,exposure_80,neutral,pooled_reference,1,0.0938426213103511,0.6530256410256411,140.8,127.34,1.0,2833.74,840.0,2540.36
acquisition,weibo_gadbench,hgb_attributes,0.0,exposure_80,neutral,pooled_reference,2,0.08588328822173492,0.5744615384615385,122.98,112.02,1.0,2851.48,840.0,2555.28
acquisition,weibo_gadbench,hgb_attributes,0.0,exposure_80,neutral,pooled_reference,3,0.08963261978858476,0.6571717171717172,143.08,130.12,1.0,2831.68,840.0,2536.74
acquisition,weibo_gadbench,hgb_attributes,0.0,exposure_80,neutral,pooled_reference,4,0.0853430278508388,0.6776410256410256,144.58,132.14,1.0,2843.96,840.0,2554.2
acquisition,weibo_gadbench,hgb_attributes,0.0,exposure_80,neutral,pooled_reference,5,0.08862846987445909,0.6981,153.38,139.62,1.0,2823.34,840.0,2525.08
acquisition,weibo_gadbench,hgb_attributes,0.0,exposure_80,neutral,pooled_reference,6,0.10508009108800097,0.6470466321243523,139.72,124.88,1.0,2824.38,840.0,2536.04
acquisition,weibo_gadbench,hgb_attributes,0.0,exposure_80,neutral,pooled_reference,7,0.09738806457735057,0.6433673469387755,140.16,126.1,1.0,2840.28,840.0,2545.72
acquisition,weibo_gadbench,hgb_attributes,0.0,exposure_80,neutral,pooled_reference,8,0.09729729972827071,0.7221649484536082,155.64,140.1,1.0,2829.46,840.0,2539.0
acquisition,weibo_gadbench,hgb_attributes,0.0,exposure_80,neutral,pooled_reference,9,0.09255417126404106,0.6979591836734694,150.98,136.8,1.0,2842.78,840.0,2550.76
acquisition,weibo_gadbench,hgb_attributes,0.0,exposure_80,neutral,pooled_stratum,0,0.08420136424844818,0.4737373737373738,102.98,93.8,1.0,2836.6,840.0,2542.74
acquisition,weibo_gadbench,hgb_attributes,0.0,exposure_80,neutral,pooled_stratum,1,0.08047510571905979,0.5035897435897436,107.16,98.2,1.0,2833.74,840.0,2540.36
acquisition,weibo_gadbench,hgb_attributes,0.0,exposure_80,neutral,pooled_stratum,2,0.07777694035463897,0.31856410256410256,68.08,62.12,0.9,2851.48,840.0,2555.28
acquisition,weibo_gadbench,hgb_attributes,0.0,exposure_80,neutral,pooled_stratum,3,0.059843260520495066,0.32878787878787874,71.26,65.1,0.7,2831.68,840.0,2536.74
acquisition,weibo_gadbench,hgb_attributes,0.0,exposure_80,neutral,pooled_stratum,4,0.05482329648082969,0.32964102564102565,69.92,64.28,0.72,2843.96,840.0,2554.2
acquisition,weibo_gadbench,hgb_attributes,0.0,exposure_80,neutral,pooled_stratum,5,0.09070085404942282,0.5668,125.12,113.36,1.0,2823.34,840.0,2525.08
acquisition,weibo_gadbench,hgb_attributes,0.0,exposure_80,neutral,pooled_stratum,6,0.10569856714904954,0.5567875647668393,120.56,107.46,1.0,2824.38,840.0,2536.04
acquisition,weibo_gadbench,hgb_attributes,0.0,exposure_80,neutral,pooled_stratum,7,0.09931293354236419,0.41357142857142853,90.3,81.06,0.98,2840.28,840.0,2545.72
acquisition,weibo_gadbench,hgb_attributes,0.0,exposure_80,neutral,pooled_stratum,8,0.07185785320308401,0.31556701030927836,68.42,61.22,0.72,2829.46,840.0,2539.0
acquisition,weibo_gadbench,hgb_attributes,0.0,exposure_80,neutral,pooled_stratum,9,0.08060516139981264,0.523061224489796,111.72,102.52,1.0,2842.78,840.0,2550.76
acquisition,weibo_gadbench,hgb_attributes,0.0,exposure_80,neutral,size_alpha,0,0.007349712961167491,0.3856565656565657,77.0,76.36,1.0,2836.6,840.0,2542.74
acquisition,weibo_gadbench,hgb_attributes,0.0,exposure_80,neutral,size_alpha,1,0.008869593478745661,0.4463589743589743,87.96,87.04,0.96,2833.74,840.0,2540.36
acquisition,weibo_gadbench,hgb_attributes,0.0,exposure_80,neutral,size_alpha,2,0.052097492717267435,0.14964102564102563,30.52,29.18,0.64,2851.48,840.0,2555.28
acquisition,weibo_gadbench,hgb_attributes,0.0,exposure_80,neutral,size_alpha,3,0.010690139293561383,0.27797979797979794,56.0,55.04,0.68,2831.68,840.0,2536.74
acquisition,weibo_gadbench,hgb_attributes,0.0,exposure_80,neutral,size_alpha,4,0.013242277218151608,0.27394871794871795,54.62,53.42,0.62,2843.96,840.0,2554.2
acquisition,weibo_gadbench,hgb_attributes,0.0,exposure_80,neutral,size_alpha,5,0.012661745834495015,0.4863,98.64,97.26,1.0,2823.34,840.0,2525.08
acquisition,weibo_gadbench,hgb_attributes,0.0,exposure_80,neutral,size_alpha,6,0.006422239992611345,0.5183419689119171,100.7,100.04,1.0,2824.38,840.0,2536.04
acquisition,weibo_gadbench,hgb_attributes,0.0,exposure_80,neutral,size_alpha,7,0.040330398264479754,0.19346938775510203,39.22,37.92,0.54,2840.28,840.0,2545.72
acquisition,weibo_gadbench,hgb_attributes,0.0,exposure_80,neutral,size_alpha,8,0.02114464197537729,0.20855670103092783,42.56,40.46,0.46,2829.46,840.0,2539.0
acquisition,weibo_gadbench,hgb_attributes,0.0,exposure_80,neutral,size_alpha,9,0.011373239964760149,0.47806122448979593,94.88,93.7,1.0,2842.78,840.0,2550.76
acquisition,weibo_gadbench,hgb_attributes,0.0,exposure_80,neutral,uniform_counterfactual,0,0.0919577845508852,0.6423232323232324,140.58,127.18,1.0,2836.6,840.0,2542.74
acquisition,weibo_gadbench,hgb_attributes,0.0,exposure_80,neutral,uniform_counterfactual,1,0.0938426213103511,0.6530256410256411,140.8,127.34,1.0,2833.74,840.0,2540.36
acquisition,weibo_gadbench,hgb_attributes,0.0,exposure_80,neutral,uniform_counterfactual,2,0.08588328822173492,0.5744615384615385,122.98,112.02,1.0,2851.48,840.0,2555.28
acquisition,weibo_gadbench,hgb_attributes,0.0,exposure_80,neutral,uniform_counterfactual,3,0.08963261978858476,0.6571717171717172,143.08,130.12,1.0,2831.68,840.0,2536.74
acquisition,weibo_gadbench,hgb_attributes,0.0,exposure_80,neutral,uniform_counterfactual,4,0.0853430278508388,0.6776410256410256,144.58,132.14,1.0,2843.96,840.0,2554.2
acquisition,weibo_gadbench,hgb_attributes,0.0,exposure_80,neutral,uniform_counterfactual,5,0.08862846987445909,0.6981,153.38,139.62,1.0,2823.34,840.0,2525.08
acquisition,weibo_gadbench,hgb_attributes,0.0,exposure_80,neutral,uniform_counterfactual,6,0.10508009108800097,0.6470466321243523,139.72,124.88,1.0,2824.38,840.0,2536.04
acquisition,weibo_gadbench,hgb_attributes,0.0,exposure_80,neutral,uniform_counterfactual,7,0.09738806457735057,0.6433673469387755,140.16,126.1,1.0,2840.28,840.0,2545.72
acquisition,weibo_gadbench,hgb_attributes,0.0,exposure_80,neutral,uniform_counterfactual,8,0.09729729972827071,0.7221649484536082,155.64,140.1,1.0,2829.46,840.0,2539.0
acquisition,weibo_gadbench,hgb_attributes,0.0,exposure_80,neutral,uniform_counterfactual,9,0.09255417126404106,0.6979591836734694,150.98,136.8,1.0,2842.78,840.0,2550.76
acquisition,weibo_gadbench,hgb_attributes,0.0,exposure_80,neutral,weighted_bh,0,0.0919577845508852,0.6423232323232324,140.58,127.18,1.0,2836.6,840.0,2542.74
acquisition,weibo_gadbench,hgb_attributes,0.0,exposure_80,neutral,weighted_bh,1,0.0938426213103511,0.6530256410256411,140.8,127.34,1.0,2833.74,840.0,2540.36
acquisition,weibo_gadbench,hgb_attributes,0.0,exposure_80,neutral,weighted_bh,2,0.08588328822173492,0.5744615384615385,122.98,112.02,1.0,2851.48,840.0,2555.28
acquisition,weibo_gadbench,hgb_attributes,0.0,exposure_80,neutral,weighted_bh,3,0.08963261978858476,0.6571717171717172,143.08,130.12,1.0,2831.68,840.0,2536.74
acquisition,weibo_gadbench,hgb_attributes,0.0,exposure_80,neutral,weighted_bh,4,0.0853430278508388,0.6776410256410256,144.58,132.14,1.0,2843.96,840.0,2554.2
acquisition,weibo_gadbench,hgb_attributes,0.0,exposure_80,neutral,weighted_bh,5,0.08862846987445909,0.6981,153.38,139.62,1.0,2823.34,840.0,2525.08
acquisition,weibo_gadbench,hgb_attributes,0.0,exposure_80,neutral,weighted_bh,6,0.10508009108800097,0.6470466321243523,139.72,124.88,1.0,2824.38,840.0,2536.04
acquisition,weibo_gadbench,hgb_attributes,0.0,exposure_80,neutral,weighted_bh,7,0.09738806457735057,0.6433673469387755,140.16,126.1,1.0,2840.28,840.0,2545.72
acquisition,weibo_gadbench,hgb_attributes,0.0,exposure_80,neutral,weighted_bh,8,0.09729729972827071,0.7221649484536082,155.64,140.1,1.0,2829.46,840.0,2539.0
acquisition,weibo_gadbench,hgb_attributes,0.0,exposure_80,neutral,weighted_bh,9,0.09255417126404106,0.6979591836734694,150.98,136.8,1.0,2842.78,840.0,2550.76
acquisition,weibo_gadbench,hgb_attributes,0.0,exposure_80,neutral,weighted_by,0,0.00073833796725363,0.20767676767676768,41.18,41.12,0.54,2836.6,840.0,2542.74
acquisition,weibo_gadbench,hgb_attributes,0.0,exposure_80,neutral,weighted_by,1,0.011021154678913632,0.2693333333333333,53.5,52.52,0.64,2833.74,840.0,2540.36
acquisition,weibo_gadbench,hgb_attributes,0.0,exposure_80,neutral,weighted_by,2,0.010821792774876698,0.23025641025641025,45.7,44.9,0.66,2851.48,840.0,2555.28
acquisition,weibo_gadbench,hgb_attributes,0.0,exposure_80,neutral,weighted_by,3,0.004519508358946953,0.09838383838383839,19.8,19.48,0.28,2831.68,840.0,2536.74
acquisition,weibo_gadbench,hgb_attributes,0.0,exposure_80,neutral,weighted_by,4,0.007604398730173847,0.14523076923076922,28.98,28.32,0.34,2843.96,840.0,2554.2
acquisition,weibo_gadbench,hgb_attributes,0.0,exposure_80,neutral,weighted_by,5,0.0036697971542105313,0.4783,96.04,95.66,1.0,2823.34,840.0,2525.08
acquisition,weibo_gadbench,hgb_attributes,0.0,exposure_80,neutral,weighted_by,6,0.00758247602342734,0.46829015544041447,91.16,90.38,1.0,2824.38,840.0,2536.04
acquisition,weibo_gadbench,hgb_attributes,0.0,exposure_80,neutral,weighted_by,7,0.002861454440931302,0.050816326530612244,10.2,9.96,0.14,2840.28,840.0,2545.72
acquisition,weibo_gadbench,hgb_attributes,0.0,exposure_80,neutral,weighted_by,8,0.019902635477228717,0.2142268041237113,43.56,41.56,0.5,2829.46,840.0,2539.0
acquisition,weibo_gadbench,hgb_attributes,0.0,exposure_80,neutral,weighted_by,9,0.008609922745022003,0.47183673469387755,93.34,92.48,1.0,2842.78,840.0,2550.76
acquisition,weibo_gadbench,hgb_attributes,0.0,exposure_80,severe,equal_alpha,0,0.007058823529411765,0.0011111111111111111,0.34,0.22,0.02,2297.26,840.0,2242.7
acquisition,weibo_gadbench,hgb_attributes,0.0,exposure_80,severe,equal_alpha,1,0.0,0.0,0.0,0.0,0.0,2296.52,840.0,2268.14
acquisition,weibo_gadbench,hgb_attributes,0.0,exposure_80,severe,equal_alpha,2,0.031299019607843134,0.005846153846153846,1.66,1.14,0.1,2306.46,840.0,2273.18
acquisition,weibo_gadbench,hgb_attributes,0.0,exposure_80,severe,equal_alpha,3,0.0,0.0,0.0,0.0,0.0,2292.12,840.0,2256.74
acquisition,weibo_gadbench,hgb_attributes,0.0,exposure_80,severe,equal_alpha,4,0.0,0.0,0.0,0.0,0.0,2301.26,840.0,2271.28
acquisition,weibo_gadbench,hgb_attributes,0.0,exposure_80,severe,equal_alpha,5,0.0,0.0,0.0,0.0,0.0,2291.48,840.0,2246.92
acquisition,weibo_gadbench,hgb_attributes,0.0,exposure_80,severe,equal_alpha,6,0.0,0.0,0.0,0.0,0.0,2287.5,840.0,2252.12
acquisition,weibo_gadbench,hgb_attributes,0.0,exposure_80,severe,equal_alpha,7,0.020406162464985993,0.003877551020408163,1.16,0.76,0.06,2302.3,840.0,2256.72
acquisition,weibo_gadbench,hgb_attributes,0.0,exposure_80,severe,equal_alpha,8,0.0,0.0,0.0,0.0,0.0,2291.28,840.0,2266.06
acquisition,weibo_gadbench,hgb_attributes,0.0,exposure_80,severe,equal_alpha,9,0.0,0.0,0.0,0.0,0.0,2304.12,840.0,2270.46
acquisition,weibo_gadbench,hgb_attributes,0.0,exposure_80,severe,pooled_reference,0,0.1133184056459988,0.6918181818181819,155.14,136.98,1.0,2297.26,840.0,2242.7
acquisition,weibo_gadbench,hgb_attributes,0.0,exposure_80,severe,pooled_reference,1,0.13562968999589897,0.7249230769230769,163.8,141.36,1.0,2296.52,840.0,2268.14
acquisition,weibo_gadbench,hgb_attributes,0.0,exposure_80,severe,pooled_reference,2,0.14294357268213292,0.7166153846153845,163.24,139.74,1.0,2306.46,840.0,2273.18
acquisition,weibo_gadbench,hgb_attributes,0.0,exposure_80,severe,pooled_reference,3,0.1258828995925584,0.7002020202020202,158.88,138.64,1.0,2292.12,840.0,2256.74
acquisition,weibo_gadbench,hgb_attributes,0.0,exposure_80,severe,pooled_reference,4,0.11348799567609172,0.712102564102564,156.96,138.86,1.0,2301.26,840.0,2271.28
acquisition,weibo_gadbench,hgb_attributes,0.0,exposure_80,severe,pooled_reference,5,0.12567883802665095,0.7409,169.92,148.18,1.0,2291.48,840.0,2246.92
acquisition,weibo_gadbench,hgb_attributes,0.0,exposure_80,severe,pooled_reference,6,0.13728153503588378,0.6692227979274611,150.34,129.16,1.0,2287.5,840.0,2252.12
acquisition,weibo_gadbench,hgb_attributes,0.0,exposure_80,severe,pooled_reference,7,0.12820170500351027,0.7073469387755102,159.62,138.64,1.0,2302.3,840.0,2256.72
acquisition,weibo_gadbench,hgb_attributes,0.0,exposure_80,severe,pooled_reference,8,0.14022993172224327,0.7731958762886597,175.18,150.0,1.0,2291.28,840.0,2266.06
acquisition,weibo_gadbench,hgb_attributes,0.0,exposure_80,severe,pooled_reference,9,0.1161289059046149,0.718265306122449,159.54,140.78,1.0,2304.12,840.0,2270.46
acquisition,weibo_gadbench,hgb_attributes,0.0,exposure_80,severe,pooled_stratum,0,0.03844142785319256,0.008282828282828282,2.18,1.64,0.18,2297.26,840.0,2242.7
acquisition,weibo_gadbench,hgb_attributes,0.0,exposure_80,severe,pooled_stratum,1,0.0,0.0,0.0,0.0,0.0,2296.52,840.0,2268.14
acquisition,weibo_gadbench,hgb_attributes,0.0,exposure_80,severe,pooled_stratum,2,0.062431372549019606,0.028307692307692308,6.48,5.52,0.56,2306.46,840.0,2273.18
acquisition,weibo_gadbench,hgb_attributes,0.0,exposure_80,severe,pooled_stratum,3,0.01,0.0006060606060606061,0.24,0.12,0.02,2292.12,840.0,2256.74
acquisition,weibo_gadbench,hgb_attributes,0.0,exposure_80,severe,pooled_stratum,4,0.0044444444444444444,0.0007179487179487179,0.18,0.14,0.02,2301.26,840.0,2271.28
acquisition,weibo_gadbench,hgb_attributes,0.0,exposure_80,severe,pooled_stratum,5,0.0,0.0,0.0,0.0,0.0,2291.48,840.0,2246.92
acquisition,weibo_gadbench,hgb_attributes,0.0,exposure_80,severe,pooled_stratum,6,0.0,0.0,0.0,0.0,0.0,2287.5,840.0,2252.12
acquisition,weibo_gadbench,hgb_attributes,0.0,exposure_80,severe,pooled_stratum,7,0.04972058488467157,0.013367346938775511,3.6,2.62,0.2,2302.3,840.0,2256.72
acquisition,weibo_gadbench,hgb_attributes,0.0,exposure_80,severe,pooled_stratum,8,0.07111111111111111,0.00731958762886598,2.1,1.42,0.22,2291.28,840.0,2266.06
acquisition,weibo_gadbench,hgb_attributes,0.0,exposure_80,severe,pooled_stratum,9,0.006666666666666666,0.0008163265306122448,0.24,0.16,0.02,2304.12,840.0,2270.46
acquisition,weibo_gadbench,hgb_attributes,0.0,exposure_80,severe,size_alpha,0,0.03844142785319256,0.008282828282828282,2.18,1.64,0.18,2297.26,840.0,2242.7
acquisition,weibo_gadbench,hgb_attributes,0.0,exposure_80,severe,size_alpha,1,0.0,0.0,0.0,0.0,0.0,2296.52,840.0,2268.14
acquisition,weibo_gadbench,hgb_attributes,0.0,exposure_80,severe,size_alpha,2,0.062431372549019606,0.028307692307692308,6.48,5.52,0.56,2306.46,840.0,2273.18
acquisition,weibo_gadbench,hgb_attributes,0.0,exposure_80,severe,size_alpha,3,0.01,0.0006060606060606061,0.24,0.12,0.02,2292.12,840.0,2256.74
acquisition,weibo_gadbench,hgb_attributes,0.0,exposure_80,severe,size_alpha,4,0.0044444444444444444,0.0007179487179487179,0.18,0.14,0.02,2301.26,840.0,2271.28
acquisition,weibo_gadbench,hgb_attributes,0.0,exposure_80,severe,size_alpha,5,0.0,0.0,0.0,0.0,0.0,2291.48,840.0,2246.92
acquisition,weibo_gadbench,hgb_attributes,0.0,exposure_80,severe,size_alpha,6,0.0,0.0,0.0,0.0,0.0,2287.5,840.0,2252.12
acquisition,weibo_gadbench,hgb_attributes,0.0,exposure_80,severe,size_alpha,7,0.04972058488467157,0.013367346938775511,3.6,2.62,0.2,2302.3,840.0,2256.72
acquisition,weibo_gadbench,hgb_attributes,0.0,exposure_80,severe,size_alpha,8,0.07111111111111111,0.00731958762886598,2.1,1.42,0.22,2291.28,840.0,2266.06
acquisition,weibo_gadbench,hgb_attributes,0.0,exposure_80,severe,size_alpha,9,0.006666666666666666,0.0008163265306122448,0.24,0.16,0.02,2304.12,840.0,2270.46
acquisition,weibo_gadbench,hgb_attributes,0.0,exposure_80,severe,uniform_counterfactual,0,0.09166705436331382,0.6341414141414141,138.86,125.56,1.0,2292.32,840.0,2054.7
acquisition,weibo_gadbench,hgb_attributes,0.0,exposure_80,severe,uniform_counterfactual,1,0.09188131461672074,0.6493333333333333,139.64,126.62,1.0,2296.12,840.0,2058.08
acquisition,weibo_gadbench,hgb_attributes,0.0,exposure_80,severe,uniform_counterfactual,2,0.08739639165353447,0.5798974358974359,124.4,113.08,1.0,2314.66,840.0,2072.58
acquisition,weibo_gadbench,hgb_attributes,0.0,exposure_80,severe,uniform_counterfactual,3,0.09046828866047261,0.6552525252525253,142.82,129.74,1.0,2296.3,840.0,2058.02
acquisition,weibo_gadbench,hgb_attributes,0.0,exposure_80,severe,uniform_counterfactual,4,0.08599101022891238,0.6753846153846154,144.28,131.7,1.0,2302.3,840.0,2066.38
acquisition,weibo_gadbench,hgb_attributes,0.0,exposure_80,severe,uniform_counterfactual,5,0.09025549375677513,0.6998000000000001,154.12,139.96,1.0,2282.32,840.0,2041.7
acquisition,weibo_gadbench,hgb_attributes,0.0,exposure_80,severe,uniform_counterfactual,6,0.10266844396444491,0.6462176165803108,139.24,124.72,1.0,2280.48,840.0,2047.14
acquisition,weibo_gadbench,hgb_attributes,0.0,exposure_80,severe,uniform_counterfactual,7,0.09847004517985183,0.6435714285714286,140.48,126.14,1.0,2302.76,840.0,2066.0
acquisition,weibo_gadbench,hgb_attributes,0.0,exposure_80,severe,uniform_counterfactual,8,0.09724547197424303,0.7211340206185567,155.48,139.9,1.0,2291.06,840.0,2057.2
acquisition,weibo_gadbench,hgb_attributes,0.0,exposure_80,severe,uniform_counterfactual,9,0.0920578429906342,0.6984693877551021,151.04,136.9,1.0,2302.74,840.0,2066.38
acquisition,weibo_gadbench,hgb_attributes,0.0,exposure_80,severe,weighted_bh,0,0.05103538210155858,0.010505050505050507,2.94,2.08,0.2,2297.26,840.0,2242.7
acquisition,weibo_gadbench,hgb_attributes,0.0,exposure_80,severe,weighted_bh,1,0.0375,0.0009230769230769232,0.48,0.18,0.06,2296.52,840.0,2268.14
acquisition,weibo_gadbench,hgb_attributes,0.0,exposure_80,severe,weighted_bh,2,0.059369281045751635,0.03005128205128205,6.82,5.86,0.6,2306.46,840.0,2273.18
acquisition,weibo_gadbench,hgb_attributes,0.0,exposure_80,severe,weighted_bh,3,0.01,0.0006060606060606061,0.24,0.12,0.02,2292.12,840.0,2256.74
acquisition,weibo_gadbench,hgb_attributes,0.0,exposure_80,severe,weighted_bh,4,0.011944444444444445,0.0028717948717948715,0.66,0.56,0.08,2301.26,840.0,2271.28
acquisition,weibo_gadbench,hgb_attributes,0.0,exposure_80,severe,weighted_bh,5,0.0,0.016,3.2,3.2,0.4,2291.48,840.0,2246.92
acquisition,weibo_gadbench,hgb_attributes,0.0,exposure_80,severe,weighted_bh,6,0.0,0.0,0.0,0.0,0.0,2287.5,840.0,2252.12
acquisition,weibo_gadbench,hgb_attributes,0.0,exposure_80,severe,weighted_bh,7,0.06579201345610014,0.02,5.2,3.92,0.34,2302.3,840.0,2256.72
acquisition,weibo_gadbench,hgb_attributes,0.0,exposure_80,severe,weighted_bh,8,0.0761111111111111,0.007938144329896908,2.26,1.54,0.24,2291.28,840.0,2266.06
acquisition,weibo_gadbench,hgb_attributes,0.0,exposure_80,severe,weighted_bh,9,0.008843537414965985,0.014183673469387757,3.18,2.78,0.04,2304.12,840.0,2270.46
acquisition,weibo_gadbench,hgb_attributes,0.0,exposure_80,severe,weighted_by,0,0.0,0.0,0.0,0.0,0.0,2297.26,840.0,2242.7
acquisition,weibo_gadbench,hgb_attributes,0.0,exposure_80,severe,weighted_by,1,0.0,0.0,0.0,0.0,0.0,2296.52,840.0,2268.14
acquisition,weibo_gadbench,hgb_attributes,0.0,exposure_80,severe,weighted_by,2,0.0,0.0,0.0,0.0,0.0,2306.46,840.0,2273.18
acquisition,weibo_gadbench,hgb_attributes,0.0,exposure_80,severe,weighted_by,3,0.0,0.0,0.0,0.0,0.0,2292.12,840.0,2256.74
acquisition,weibo_gadbench,hgb_attributes,0.0,exposure_80,severe,weighted_by,4,0.0,0.0,0.0,0.0,0.0,2301.26,840.0,2271.28
acquisition,weibo_gadbench,hgb_attributes,0.0,exposure_80,severe,weighted_by,5,0.0,0.0,0.0,0.0,0.0,2291.48,840.0,2246.92
acquisition,weibo_gadbench,hgb_attributes,0.0,exposure_80,severe,weighted_by,6,0.0,0.0,0.0,0.0,0.0,2287.5,840.0,2252.12
acquisition,weibo_gadbench,hgb_attributes,0.0,exposure_80,severe,weighted_by,7,0.0,0.0,0.0,0.0,0.0,2302.3,840.0,2256.72
acquisition,weibo_gadbench,hgb_attributes,0.0,exposure_80,severe,weighted_by,8,0.0,0.0,0.0,0.0,0.0,2291.28,840.0,2266.06
acquisition,weibo_gadbench,hgb_attributes,0.0,exposure_80,severe,weighted_by,9,0.0,0.0,0.0,0.0,0.0,2304.12,840.0,2270.46
acquisition,weibo_gadbench,hgb_attributes,0.0,zero_exposure,moderate,equal_alpha,0,0.008144094847241223,0.013434343434343434,2.92,2.66,0.04,2524.6,840.0,2430.04
acquisition,weibo_gadbench,hgb_attributes,0.0,zero_exposure,moderate,equal_alpha,1,0.0021176470588235292,0.01558974358974359,3.4,3.04,0.02,2512.8,840.0,2441.68
acquisition,weibo_gadbench,hgb_attributes,0.0,zero_exposure,moderate,equal_alpha,2,0.03921538090586755,0.07435897435897436,16.0,14.5,0.22,2365.84,840.0,2291.96
acquisition,weibo_gadbench,hgb_attributes,0.0,zero_exposure,moderate,equal_alpha,3,0.001176470588235294,0.012929292929292931,2.72,2.56,0.02,2515.98,840.0,2439.28
acquisition,weibo_gadbench,hgb_attributes,0.0,zero_exposure,moderate,equal_alpha,4,0.008985181210222456,0.1,20.74,19.5,0.16,2403.28,840.0,2332.24
acquisition,weibo_gadbench,hgb_attributes,0.0,zero_exposure,moderate,equal_alpha,5,0.015272180869128748,0.2397,50.0,47.94,0.38,2368.96,840.0,2281.7
acquisition,weibo_gadbench,hgb_attributes,0.0,zero_exposure,moderate,equal_alpha,6,0.0040949340812468085,0.06352331606217616,12.82,12.26,0.1,2452.0,840.0,2377.08
acquisition,weibo_gadbench,hgb_attributes,0.0,zero_exposure,moderate,equal_alpha,7,0.01984126984126984,0.004081632653061225,1.2,0.8,0.06,2487.74,840.0,2401.9
acquisition,weibo_gadbench,hgb_attributes,0.0,zero_exposure,moderate,equal_alpha,8,0.0256151542398832,0.2777319587628866,57.96,53.88,0.4,2330.68,840.0,2265.18
acquisition,weibo_gadbench,hgb_attributes,0.0,zero_exposure,moderate,equal_alpha,9,0.0060586984680428176,0.05581632653061225,11.88,10.94,0.08,2496.4,840.0,2418.92
acquisition,weibo_gadbench,hgb_attributes,0.0,zero_exposure,moderate,pooled_reference,0,0.1094097780247529,0.6853535353535354,152.94,135.7,1.0,2524.6,840.0,2430.04
acquisition,weibo_gadbench,hgb_attributes,0.0,zero_exposure,moderate,pooled_reference,1,0.13374873820891778,0.7219487179487181,162.78,140.78,1.0,2512.8,840.0,2441.68
acquisition,weibo_gadbench,hgb_attributes,0.0,zero_exposure,moderate,pooled_reference,2,0.1294409254268759,0.6917948717948719,155.26,134.9,1.0,2365.84,840.0,2291.96
acquisition,weibo_gadbench,hgb_attributes,0.0,zero_exposure,moderate,pooled_reference,3,0.12209669272119489,0.6956565656565656,157.12,137.74,1.0,2515.98,840.0,2439.28
acquisition,weibo_gadbench,hgb_attributes,0.0,zero_exposure,moderate,pooled_reference,4,0.10684670285085217,0.7041025641025641,153.98,137.3,1.0,2403.28,840.0,2332.24
acquisition,weibo_gadbench,hgb_attributes,0.0,zero_exposure,moderate,pooled_reference,5,0.11885358016183516,0.7328,166.72,146.56,1.0,2368.96,840.0,2281.7
acquisition,weibo_gadbench,hgb_attributes,0.0,zero_exposure,moderate,pooled_reference,6,0.12881448628371234,0.6653886010362694,147.9,128.42,1.0,2452.0,840.0,2377.08
acquisition,weibo_gadbench,hgb_attributes,0.0,zero_exposure,moderate,pooled_reference,7,0.12241005548869051,0.6968367346938775,156.3,136.58,1.0,2487.74,840.0,2401.9
acquisition,weibo_gadbench,hgb_attributes,0.0,zero_exposure,moderate,pooled_reference,8,0.128606668356414,0.7620618556701031,170.32,147.84,1.0,2330.68,840.0,2265.18
acquisition,weibo_gadbench,hgb_attributes,0.0,zero_exposure,moderate,pooled_reference,9,0.11157276384319406,0.7136734693877551,157.72,139.88,1.0,2496.4,840.0,2418.92
acquisition,weibo_gadbench,hgb_attributes,0.0,zero_exposure,moderate,pooled_stratum,0,0.05082704876822523,0.010606060606060605,2.96,2.1,0.2,2524.6,840.0,2430.04
acquisition,weibo_gadbench,hgb_attributes,0.0,zero_exposure,moderate,pooled_stratum,1,0.0375,0.0009230769230769232,0.48,0.18,0.06,2512.8,840.0,2441.68
acquisition,weibo_gadbench,hgb_attributes,0.0,zero_exposure,moderate,pooled_stratum,2,0.062431372549019606,0.028307692307692308,6.48,5.52,0.56,2365.84,840.0,2291.96
acquisition,weibo_gadbench,hgb_attributes,0.0,zero_exposure,moderate,pooled_stratum,3,0.01,0.0006060606060606061,0.24,0.12,0.02,2515.98,840.0,2439.28
acquisition,weibo_gadbench,hgb_attributes,0.0,zero_exposure,moderate,pooled_stratum,4,0.01933333333333333,0.0028717948717948715,0.74,0.56,0.08,2403.28,840.0,2332.24
acquisition,weibo_gadbench,hgb_attributes,0.0,zero_exposure,moderate,pooled_stratum,5,0.0,0.0,0.0,0.0,0.0,2368.96,840.0,2281.7
acquisition,weibo_gadbench,hgb_attributes,0.0,zero_exposure,moderate,pooled_stratum,6,0.0,0.0,0.0,0.0,0.0,2452.0,840.0,2377.08
acquisition,weibo_gadbench,hgb_attributes,0.0,zero_exposure,moderate,pooled_stratum,7,0.06385137085137085,0.01969387755102041,5.08,3.86,0.32,2487.74,840.0,2401.9
acquisition,weibo_gadbench,hgb_attributes,0.0,zero_exposure,moderate,pooled_stratum,8,0.07111111111111111,0.00731958762886598,2.1,1.42,0.22,2330.68,840.0,2265.18
acquisition,weibo_gadbench,hgb_attributes,0.0,zero_exposure,moderate,pooled_stratum,9,0.0,0.0,0.0,0.0,0.0,2496.4,840.0,2418.92
acquisition,weibo_gadbench,hgb_attributes,0.0,zero_exposure,moderate,size_alpha,0,0.05082704876822523,0.010606060606060605,2.96,2.1,0.2,2524.6,840.0,2430.04
acquisition,weibo_gadbench,hgb_attributes,0.0,zero_exposure,moderate,size_alpha,1,0.0375,0.0009230769230769232,0.48,0.18,0.06,2512.8,840.0,2441.68
acquisition,weibo_gadbench,hgb_attributes,0.0,zero_exposure,moderate,size_alpha,2,0.062431372549019606,0.028307692307692308,6.48,5.52,0.56,2365.84,840.0,2291.96
acquisition,weibo_gadbench,hgb_attributes,0.0,zero_exposure,moderate,size_alpha,3,0.01,0.0006060606060606061,0.24,0.12,0.02,2515.98,840.0,2439.28
acquisition,weibo_gadbench,hgb_attributes,0.0,zero_exposure,moderate,size_alpha,4,0.01933333333333333,0.0028717948717948715,0.74,0.56,0.08,2403.28,840.0,2332.24
acquisition,weibo_gadbench,hgb_attributes,0.0,zero_exposure,moderate,size_alpha,5,0.0,0.0,0.0,0.0,0.0,2368.96,840.0,2281.7
acquisition,weibo_gadbench,hgb_attributes,0.0,zero_exposure,moderate,size_alpha,6,0.0,0.0,0.0,0.0,0.0,2452.0,840.0,2377.08
acquisition,weibo_gadbench,hgb_attributes,0.0,zero_exposure,moderate,size_alpha,7,0.06385137085137085,0.01969387755102041,5.08,3.86,0.32,2487.74,840.0,2401.9
acquisition,weibo_gadbench,hgb_attributes,0.0,zero_exposure,moderate,size_alpha,8,0.07111111111111111,0.00731958762886598,2.1,1.42,0.22,2330.68,840.0,2265.18
acquisition,weibo_gadbench,hgb_attributes,0.0,zero_exposure,moderate,size_alpha,9,0.0,0.0,0.0,0.0,0.0,2496.4,840.0,2418.92
acquisition,weibo_gadbench,hgb_attributes,0.0,zero_exposure,moderate,uniform_counterfactual,0,0.09187143316092984,0.6323232323232323,138.56,125.2,1.0,2523.5,840.0,2261.9
acquisition,weibo_gadbench,hgb_attributes,0.0,zero_exposure,moderate,uniform_counterfactual,1,0.09534513799269315,0.6539487179487179,141.26,127.52,1.0,2511.96,840.0,2252.54
acquisition,weibo_gadbench,hgb_attributes,0.0,zero_exposure,moderate,uniform_counterfactual,2,0.08724386195446814,0.5792820512820512,124.26,112.96,1.0,2374.56,840.0,2126.54
acquisition,weibo_gadbench,hgb_attributes,0.0,zero_exposure,moderate,uniform_counterfactual,3,0.08914861313627352,0.6556565656565657,142.7,129.82,1.0,2519.1,840.0,2256.62
acquisition,weibo_gadbench,hgb_attributes,0.0,zero_exposure,moderate,uniform_counterfactual,4,0.08690030011191201,0.6765128205128206,144.66,131.92,1.0,2410.44,840.0,2163.82
acquisition,weibo_gadbench,hgb_attributes,0.0,zero_exposure,moderate,uniform_counterfactual,5,0.09137313290242081,0.698,153.92,139.6,1.0,2360.58,840.0,2111.84
acquisition,weibo_gadbench,hgb_attributes,0.0,zero_exposure,moderate,uniform_counterfactual,6,0.10193026065218719,0.6435233160621762,138.52,124.2,1.0,2445.16,840.0,2195.1
acquisition,weibo_gadbench,hgb_attributes,0.0,zero_exposure,moderate,uniform_counterfactual,7,0.09846932095670886,0.6428571428571429,140.3,126.0,1.0,2490.04,840.0,2232.94
acquisition,weibo_gadbench,hgb_attributes,0.0,zero_exposure,moderate,uniform_counterfactual,8,0.09746535647578115,0.7219587628865979,155.68,140.06,1.0,2333.2,840.0,2095.12
acquisition,weibo_gadbench,hgb_attributes,0.0,zero_exposure,moderate,uniform_counterfactual,9,0.09327214555948968,0.6986734693877551,151.28,136.94,1.0,2494.86,840.0,2238.8
acquisition,weibo_gadbench,hgb_attributes,0.0,zero_exposure,moderate,weighted_bh,0,0.08745674366285164,0.5851515151515152,128.2,115.86,1.0,2524.6,840.0,2430.04
acquisition,weibo_gadbench,hgb_attributes,0.0,zero_exposure,moderate,weighted_bh,1,0.0898373832231718,0.6412307692307693,137.82,125.04,1.0,2512.8,840.0,2441.68
acquisition,weibo_gadbench,hgb_attributes,0.0,zero_exposure,moderate,weighted_bh,2,0.08149430542849082,0.5456410256410256,117.0,106.4,1.0,2365.84,840.0,2291.96
acquisition,weibo_gadbench,hgb_attributes,0.0,zero_exposure,moderate,weighted_bh,3,0.08238848907807311,0.6095959595959596,132.2,120.7,0.98,2515.98,840.0,2439.28
acquisition,weibo_gadbench,hgb_attributes,0.0,zero_exposure,moderate,weighted_bh,4,0.08121827884835435,0.6404102564102564,136.18,124.88,1.0,2403.28,840.0,2332.24
acquisition,weibo_gadbench,hgb_attributes,0.0,zero_exposure,moderate,weighted_bh,5,0.08717209585493184,0.6778,148.92,135.56,1.0,2368.96,840.0,2281.7
acquisition,weibo_gadbench,hgb_attributes,0.0,zero_exposure,moderate,weighted_bh,6,0.10575977318193415,0.6376165803108809,138.14,123.06,1.0,2452.0,840.0,2377.08
acquisition,weibo_gadbench,hgb_attributes,0.0,zero_exposure,moderate,weighted_bh,7,0.09285424394186136,0.6056122448979592,132.06,118.7,1.0,2487.74,840.0,2401.9
acquisition,weibo_gadbench,hgb_attributes,0.0,zero_exposure,moderate,weighted_bh,8,0.09525530235483456,0.6875257731958763,148.54,133.38,1.0,2330.68,840.0,2265.18
acquisition,weibo_gadbench,hgb_attributes,0.0,zero_exposure,moderate,weighted_bh,9,0.08691758267204079,0.6827551020408162,146.84,133.82,1.0,2496.4,840.0,2418.92
acquisition,weibo_gadbench,hgb_attributes,0.0,zero_exposure,moderate,weighted_by,0,0.0,0.0,0.0,0.0,0.0,2524.6,840.0,2430.04
acquisition,weibo_gadbench,hgb_attributes,0.0,zero_exposure,moderate,weighted_by,1,0.0,0.0,0.0,0.0,0.0,2512.8,840.0,2441.68
acquisition,weibo_gadbench,hgb_attributes,0.0,zero_exposure,moderate,weighted_by,2,0.0,0.0,0.0,0.0,0.0,2365.84,840.0,2291.96
acquisition,weibo_gadbench,hgb_attributes,0.0,zero_exposure,moderate,weighted_by,3,0.0,0.0,0.0,0.0,0.0,2515.98,840.0,2439.28
acquisition,weibo_gadbench,hgb_attributes,0.0,zero_exposure,moderate,weighted_by,4,0.0,0.0,0.0,0.0,0.0,2403.28,840.0,2332.24
acquisition,weibo_gadbench,hgb_attributes,0.0,zero_exposure,moderate,weighted_by,5,0.0,0.0,0.0,0.0,0.0,2368.96,840.0,2281.7
acquisition,weibo_gadbench,hgb_attributes,0.0,zero_exposure,moderate,weighted_by,6,0.0,0.0,0.0,0.0,0.0,2452.0,840.0,2377.08
acquisition,weibo_gadbench,hgb_attributes,0.0,zero_exposure,moderate,weighted_by,7,0.0,0.0,0.0,0.0,0.0,2487.74,840.0,2401.9
acquisition,weibo_gadbench,hgb_attributes,0.0,zero_exposure,moderate,weighted_by,8,0.0,0.0,0.0,0.0,0.0,2330.68,840.0,2265.18
acquisition,weibo_gadbench,hgb_attributes,0.0,zero_exposure,moderate,weighted_by,9,0.0,0.0,0.0,0.0,0.0,2496.4,840.0,2418.92
acquisition,weibo_gadbench,hgb_attributes,0.0,zero_exposure,neutral,equal_alpha,0,0.014447355250102106,0.43747474747474746,88.16,86.62,1.0,2836.6,840.0,2542.74
acquisition,weibo_gadbench,hgb_attributes,0.0,zero_exposure,neutral,equal_alpha,1,0.02107710643009516,0.5419487179487179,108.1,105.68,1.0,2833.74,840.0,2540.36
acquisition,weibo_gadbench,hgb_attributes,0.0,zero_exposure,neutral,equal_alpha,2,0.03554008523367373,0.36779487179487175,74.72,71.72,1.0,2851.48,840.0,2555.28
acquisition,weibo_gadbench,hgb_attributes,0.0,zero_exposure,neutral,equal_alpha,3,0.01819200090505492,0.3961616161616162,80.46,78.44,0.86,2831.68,840.0,2536.74
acquisition,weibo_gadbench,hgb_attributes,0.0,zero_exposure,neutral,equal_alpha,4,0.03470480767355459,0.5616410256410256,113.56,109.52,1.0,2843.96,840.0,2554.2
acquisition,weibo_gadbench,hgb_attributes,0.0,zero_exposure,neutral,equal_alpha,5,0.03172324881310997,0.6017,124.38,120.34,1.0,2823.34,840.0,2525.08
acquisition,weibo_gadbench,hgb_attributes,0.0,zero_exposure,neutral,equal_alpha,6,0.014726068309877473,0.5963730569948187,116.9,115.1,1.0,2824.38,840.0,2536.04
acquisition,weibo_gadbench,hgb_attributes,0.0,zero_exposure,neutral,equal_alpha,7,0.02108236854494429,0.43448979591836734,87.12,85.16,1.0,2840.28,840.0,2545.72
acquisition,weibo_gadbench,hgb_attributes,0.0,zero_exposure,neutral,equal_alpha,8,0.038041510895687344,0.5493814432989691,111.1,106.58,1.0,2829.46,840.0,2539.0
acquisition,weibo_gadbench,hgb_attributes,0.0,zero_exposure,neutral,equal_alpha,9,0.02993376504643635,0.5877551020408164,118.94,115.2,1.0,2842.78,840.0,2550.76
acquisition,weibo_gadbench,hgb_attributes,0.0,zero_exposure,neutral,pooled_reference,0,0.0919577845508852,0.6423232323232324,140.58,127.18,1.0,2836.6,840.0,2542.74
acquisition,weibo_gadbench,hgb_attributes,0.0,zero_exposure,neutral,pooled_reference,1,0.0938426213103511,0.6530256410256411,140.8,127.34,1.0,2833.74,840.0,2540.36
acquisition,weibo_gadbench,hgb_attributes,0.0,zero_exposure,neutral,pooled_reference,2,0.08588328822173492,0.5744615384615385,122.98,112.02,1.0,2851.48,840.0,2555.28
acquisition,weibo_gadbench,hgb_attributes,0.0,zero_exposure,neutral,pooled_reference,3,0.08963261978858476,0.6571717171717172,143.08,130.12,1.0,2831.68,840.0,2536.74
acquisition,weibo_gadbench,hgb_attributes,0.0,zero_exposure,neutral,pooled_reference,4,0.0853430278508388,0.6776410256410256,144.58,132.14,1.0,2843.96,840.0,2554.2
acquisition,weibo_gadbench,hgb_attributes,0.0,zero_exposure,neutral,pooled_reference,5,0.08862846987445909,0.6981,153.38,139.62,1.0,2823.34,840.0,2525.08
acquisition,weibo_gadbench,hgb_attributes,0.0,zero_exposure,neutral,pooled_reference,6,0.10508009108800097,0.6470466321243523,139.72,124.88,1.0,2824.38,840.0,2536.04
acquisition,weibo_gadbench,hgb_attributes,0.0,zero_exposure,neutral,pooled_reference,7,0.09738806457735057,0.6433673469387755,140.16,126.1,1.0,2840.28,840.0,2545.72
acquisition,weibo_gadbench,hgb_attributes,0.0,zero_exposure,neutral,pooled_reference,8,0.09729729972827071,0.7221649484536082,155.64,140.1,1.0,2829.46,840.0,2539.0
acquisition,weibo_gadbench,hgb_attributes,0.0,zero_exposure,neutral,pooled_reference,9,0.09255417126404106,0.6979591836734694,150.98,136.8,1.0,2842.78,840.0,2550.76
acquisition,weibo_gadbench,hgb_attributes,0.0,zero_exposure,neutral,pooled_stratum,0,0.05082704876822523,0.010606060606060605,2.96,2.1,0.2,2836.6,840.0,2542.74
acquisition,weibo_gadbench,hgb_attributes,0.0,zero_exposure,neutral,pooled_stratum,1,0.039785714285714285,0.013641025641025642,3.28,2.66,0.08,2833.74,840.0,2540.36
acquisition,weibo_gadbench,hgb_attributes,0.0,zero_exposure,neutral,pooled_stratum,2,0.08075511083155831,0.35302564102564105,75.06,68.84,1.0,2851.48,840.0,2555.28
acquisition,weibo_gadbench,hgb_attributes,0.0,zero_exposure,neutral,pooled_stratum,3,0.01,0.0006060606060606061,0.24,0.12,0.02,2831.68,840.0,2536.74
acquisition,weibo_gadbench,hgb_attributes,0.0,zero_exposure,neutral,pooled_stratum,4,0.06461613951170364,0.36789743589743584,78.0,71.74,0.8,2843.96,840.0,2554.2
acquisition,weibo_gadbench,hgb_attributes,0.0,zero_exposure,neutral,pooled_stratum,5,0.09067846688775658,0.5746,126.78,114.92,1.0,2823.34,840.0,2525.08
acquisition,weibo_gadbench,hgb_attributes,0.0,zero_exposure,neutral,pooled_stratum,6,0.10816472359158105,0.5504663212435232,119.34,106.24,1.0,2824.38,840.0,2536.04
acquisition,weibo_gadbench,hgb_attributes,0.0,zero_exposure,neutral,pooled_stratum,7,0.08724539920659137,0.17153061224489796,38.48,33.62,0.54,2840.28,840.0,2545.72
acquisition,weibo_gadbench,hgb_attributes,0.0,zero_exposure,neutral,pooled_stratum,8,0.07953724602132863,0.3897938144329897,83.58,75.62,0.92,2829.46,840.0,2539.0
acquisition,weibo_gadbench,hgb_attributes,0.0,zero_exposure,neutral,pooled_stratum,9,0.027046432706525927,0.1679591836734694,36.2,32.92,0.3,2842.78,840.0,2550.76
acquisition,weibo_gadbench,hgb_attributes,0.0,zero_exposure,neutral,size_alpha,0,0.05082704876822523,0.010606060606060605,2.96,2.1,0.2,2836.6,840.0,2542.74
acquisition,weibo_gadbench,hgb_attributes,0.0,zero_exposure,neutral,size_alpha,1,0.0375,0.0009230769230769232,0.48,0.18,0.06,2833.74,840.0,2540.36
acquisition,weibo_gadbench,hgb_attributes,0.0,zero_exposure,neutral,size_alpha,2,0.04715006041101159,0.22194871794871796,44.88,43.28,0.74,2851.48,840.0,2555.28
acquisition,weibo_gadbench,hgb_attributes,0.0,zero_exposure,neutral,size_alpha,3,0.01,0.0006060606060606061,0.24,0.12,0.02,2831.68,840.0,2536.74
acquisition,weibo_gadbench,hgb_attributes,0.0,zero_exposure,neutral,size_alpha,4,0.013474787092679612,0.3383589743589744,66.86,65.98,0.78,2843.96,840.0,2554.2
acquisition,weibo_gadbench,hgb_attributes,0.0,zero_exposure,neutral,size_alpha,5,0.012661745834495015,0.4863,98.64,97.26,1.0,2823.34,840.0,2525.08
acquisition,weibo_gadbench,hgb_attributes,0.0,zero_exposure,neutral,size_alpha,6,0.0031205232465245495,0.4741968911917098,91.86,91.52,0.88,2824.38,840.0,2536.04
acquisition,weibo_gadbench,hgb_attributes,0.0,zero_exposure,neutral,size_alpha,7,0.06385137085137085,0.01969387755102041,5.08,3.86,0.32,2840.28,840.0,2545.72
acquisition,weibo_gadbench,hgb_attributes,0.0,zero_exposure,neutral,size_alpha,8,0.025574540899110612,0.3297938144329897,66.52,63.98,0.82,2829.46,840.0,2539.0
acquisition,weibo_gadbench,hgb_attributes,0.0,zero_exposure,neutral,size_alpha,9,0.001632540121748755,0.03438775510204082,6.94,6.74,0.06,2842.78,840.0,2550.76
acquisition,weibo_gadbench,hgb_attributes,0.0,zero_exposure,neutral,uniform_counterfactual,0,0.0919577845508852,0.6423232323232324,140.58,127.18,1.0,2836.6,840.0,2542.74
acquisition,weibo_gadbench,hgb_attributes,0.0,zero_exposure,neutral,uniform_counterfactual,1,0.0938426213103511,0.6530256410256411,140.8,127.34,1.0,2833.74,840.0,2540.36
acquisition,weibo_gadbench,hgb_attributes,0.0,zero_exposure,neutral,uniform_counterfactual,2,0.08588328822173492,0.5744615384615385,122.98,112.02,1.0,2851.48,840.0,2555.28
acquisition,weibo_gadbench,hgb_attributes,0.0,zero_exposure,neutral,uniform_counterfactual,3,0.08963261978858476,0.6571717171717172,143.08,130.12,1.0,2831.68,840.0,2536.74
acquisition,weibo_gadbench,hgb_attributes,0.0,zero_exposure,neutral,uniform_counterfactual,4,0.0853430278508388,0.6776410256410256,144.58,132.14,1.0,2843.96,840.0,2554.2
acquisition,weibo_gadbench,hgb_attributes,0.0,zero_exposure,neutral,uniform_counterfactual,5,0.08862846987445909,0.6981,153.38,139.62,1.0,2823.34,840.0,2525.08
acquisition,weibo_gadbench,hgb_attributes,0.0,zero_exposure,neutral,uniform_counterfactual,6,0.10508009108800097,0.6470466321243523,139.72,124.88,1.0,2824.38,840.0,2536.04
acquisition,weibo_gadbench,hgb_attributes,0.0,zero_exposure,neutral,uniform_counterfactual,7,0.09738806457735057,0.6433673469387755,140.16,126.1,1.0,2840.28,840.0,2545.72
acquisition,weibo_gadbench,hgb_attributes,0.0,zero_exposure,neutral,uniform_counterfactual,8,0.09729729972827071,0.7221649484536082,155.64,140.1,1.0,2829.46,840.0,2539.0
acquisition,weibo_gadbench,hgb_attributes,0.0,zero_exposure,neutral,uniform_counterfactual,9,0.09255417126404106,0.6979591836734694,150.98,136.8,1.0,2842.78,840.0,2550.76
acquisition,weibo_gadbench,hgb_attributes,0.0,zero_exposure,neutral,weighted_bh,0,0.0919577845508852,0.6423232323232324,140.58,127.18,1.0,2836.6,840.0,2542.74
acquisition,weibo_gadbench,hgb_attributes,0.0,zero_exposure,neutral,weighted_bh,1,0.0938426213103511,0.6530256410256411,140.8,127.34,1.0,2833.74,840.0,2540.36
acquisition,weibo_gadbench,hgb_attributes,0.0,zero_exposure,neutral,weighted_bh,2,0.08588328822173492,0.5744615384615385,122.98,112.02,1.0,2851.48,840.0,2555.28
acquisition,weibo_gadbench,hgb_attributes,0.0,zero_exposure,neutral,weighted_bh,3,0.08963261978858476,0.6571717171717172,143.08,130.12,1.0,2831.68,840.0,2536.74
acquisition,weibo_gadbench,hgb_attributes,0.0,zero_exposure,neutral,weighted_bh,4,0.0853430278508388,0.6776410256410256,144.58,132.14,1.0,2843.96,840.0,2554.2
acquisition,weibo_gadbench,hgb_attributes,0.0,zero_exposure,neutral,weighted_bh,5,0.08862846987445909,0.6981,153.38,139.62,1.0,2823.34,840.0,2525.08
acquisition,weibo_gadbench,hgb_attributes,0.0,zero_exposure,neutral,weighted_bh,6,0.10508009108800097,0.6470466321243523,139.72,124.88,1.0,2824.38,840.0,2536.04
acquisition,weibo_gadbench,hgb_attributes,0.0,zero_exposure,neutral,weighted_bh,7,0.09738806457735057,0.6433673469387755,140.16,126.1,1.0,2840.28,840.0,2545.72
acquisition,weibo_gadbench,hgb_attributes,0.0,zero_exposure,neutral,weighted_bh,8,0.09729729972827071,0.7221649484536082,155.64,140.1,1.0,2829.46,840.0,2539.0
acquisition,weibo_gadbench,hgb_attributes,0.0,zero_exposure,neutral,weighted_bh,9,0.09255417126404106,0.6979591836734694,150.98,136.8,1.0,2842.78,840.0,2550.76
acquisition,weibo_gadbench,hgb_attributes,0.0,zero_exposure,neutral,weighted_by,0,0.00073833796725363,0.20767676767676768,41.18,41.12,0.54,2836.6,840.0,2542.74
acquisition,weibo_gadbench,hgb_attributes,0.0,zero_exposure,neutral,weighted_by,1,0.011021154678913632,0.2693333333333333,53.5,52.52,0.64,2833.74,840.0,2540.36
acquisition,weibo_gadbench,hgb_attributes,0.0,zero_exposure,neutral,weighted_by,2,0.010821792774876698,0.23025641025641025,45.7,44.9,0.66,2851.48,840.0,2555.28
acquisition,weibo_gadbench,hgb_attributes,0.0,zero_exposure,neutral,weighted_by,3,0.004519508358946953,0.09838383838383839,19.8,19.48,0.28,2831.68,840.0,2536.74
acquisition,weibo_gadbench,hgb_attributes,0.0,zero_exposure,neutral,weighted_by,4,0.007604398730173847,0.14523076923076922,28.98,28.32,0.34,2843.96,840.0,2554.2
acquisition,weibo_gadbench,hgb_attributes,0.0,zero_exposure,neutral,weighted_by,5,0.0036697971542105313,0.4783,96.04,95.66,1.0,2823.34,840.0,2525.08
acquisition,weibo_gadbench,hgb_attributes,0.0,zero_exposure,neutral,weighted_by,6,0.00758247602342734,0.46829015544041447,91.16,90.38,1.0,2824.38,840.0,2536.04
acquisition,weibo_gadbench,hgb_attributes,0.0,zero_exposure,neutral,weighted_by,7,0.002861454440931302,0.050816326530612244,10.2,9.96,0.14,2840.28,840.0,2545.72
acquisition,weibo_gadbench,hgb_attributes,0.0,zero_exposure,neutral,weighted_by,8,0.019902635477228717,0.2142268041237113,43.56,41.56,0.5,2829.46,840.0,2539.0
acquisition,weibo_gadbench,hgb_attributes,0.0,zero_exposure,neutral,weighted_by,9,0.008609922745022003,0.47183673469387755,93.34,92.48,1.0,2842.78,840.0,2550.76
acquisition,weibo_gadbench,hgb_attributes,0.0,zero_exposure,severe,equal_alpha,0,0.007058823529411765,0.0011111111111111111,0.34,0.22,0.02,2467.78,840.0,2409.1
acquisition,weibo_gadbench,hgb_attributes,0.0,zero_exposure,severe,equal_alpha,1,0.0,0.0,0.0,0.0,0.0,2451.52,840.0,2422.72
acquisition,weibo_gadbench,hgb_attributes,0.0,zero_exposure,severe,equal_alpha,2,0.031299019607843134,0.005846153846153846,1.66,1.14,0.1,2273.94,840.0,2240.66
acquisition,weibo_gadbench,hgb_attributes,0.0,zero_exposure,severe,equal_alpha,3,0.0,0.0,0.0,0.0,0.0,2455.82,840.0,2419.8
acquisition,weibo_gadbench,hgb_attributes,0.0,zero_exposure,severe,equal_alpha,4,0.0,0.0,0.0,0.0,0.0,2322.34,840.0,2291.9
acquisition,weibo_gadbench,hgb_attributes,0.0,zero_exposure,severe,equal_alpha,5,0.0,0.0,0.0,0.0,0.0,2281.42,840.0,2236.86
acquisition,weibo_gadbench,hgb_attributes,0.0,zero_exposure,severe,equal_alpha,6,0.0,0.0,0.0,0.0,0.0,2384.06,840.0,2347.24
acquisition,weibo_gadbench,hgb_attributes,0.0,zero_exposure,severe,equal_alpha,7,0.01984126984126984,0.004081632653061225,1.2,0.8,0.06,2422.46,840.0,2375.4
acquisition,weibo_gadbench,hgb_attributes,0.0,zero_exposure,severe,equal_alpha,8,0.0,0.0,0.0,0.0,0.0,2239.92,840.0,2214.7
acquisition,weibo_gadbench,hgb_attributes,0.0,zero_exposure,severe,equal_alpha,9,0.0,0.0,0.0,0.0,0.0,2429.46,840.0,2394.82
acquisition,weibo_gadbench,hgb_attributes,0.0,zero_exposure,severe,pooled_reference,0,0.11350276371052981,0.6937373737373737,155.54,137.36,1.0,2467.78,840.0,2409.1
acquisition,weibo_gadbench,hgb_attributes,0.0,zero_exposure,severe,pooled_reference,1,0.14294483530107774,0.7328205128205129,167.0,142.9,1.0,2451.52,840.0,2422.72
acquisition,weibo_gadbench,hgb_attributes,0.0,zero_exposure,severe,pooled_reference,2,0.14553348389700177,0.7212307692307692,164.76,140.64,1.0,2273.94,840.0,2240.66
acquisition,weibo_gadbench,hgb_attributes,0.0,zero_exposure,severe,pooled_reference,3,0.12780346640903725,0.7054545454545454,160.38,139.68,1.0,2455.82,840.0,2419.8
acquisition,weibo_gadbench,hgb_attributes,0.0,zero_exposure,severe,pooled_reference,4,0.11339819720094008,0.712102564102564,156.96,138.86,1.0,2322.34,840.0,2291.9
acquisition,weibo_gadbench,hgb_attributes,0.0,zero_exposure,severe,pooled_reference,5,0.12490198289283246,0.74,169.56,148.0,1.0,2281.42,840.0,2236.86
acquisition,weibo_gadbench,hgb_attributes,0.0,zero_exposure,severe,pooled_reference,6,0.13497876375267676,0.6694300518134715,150.02,129.2,1.0,2384.06,840.0,2347.24
acquisition,weibo_gadbench,hgb_attributes,0.0,zero_exposure,severe,pooled_reference,7,0.1283887834136536,0.7105102040816327,160.34,139.26,1.0,2422.46,840.0,2375.4
acquisition,weibo_gadbench,hgb_attributes,0.0,zero_exposure,severe,pooled_reference,8,0.14038217736177985,0.7721649484536083,174.96,149.8,1.0,2239.92,840.0,2214.7
acquisition,weibo_gadbench,hgb_attributes,0.0,zero_exposure,severe,pooled_reference,9,0.1159935171387215,0.7176530612244898,159.4,140.66,1.0,2429.46,840.0,2394.82
acquisition,weibo_gadbench,hgb_attributes,0.0,zero_exposure,severe,pooled_stratum,0,0.05082704876822523,0.010606060606060605,2.96,2.1,0.2,2467.78,840.0,2409.1
acquisition,weibo_gadbench,hgb_attributes,0.0,zero_exposure,severe,pooled_stratum,1,0.0375,0.0009230769230769232,0.48,0.18,0.06,2451.52,840.0,2422.72
acquisition,weibo_gadbench,hgb_attributes,0.0,zero_exposure,severe,pooled_stratum,2,0.062431372549019606,0.028307692307692308,6.48,5.52,0.56,2273.94,840.0,2240.66
acquisition,weibo_gadbench,hgb_attributes,0.0,zero_exposure,severe,pooled_stratum,3,0.01,0.0006060606060606061,0.24,0.12,0.02,2455.82,840.0,2419.8
acquisition,weibo_gadbench,hgb_attributes,0.0,zero_exposure,severe,pooled_stratum,4,0.01933333333333333,0.0028717948717948715,0.74,0.56,0.08,2322.34,840.0,2291.9
acquisition,weibo_gadbench,hgb_attributes,0.0,zero_exposure,severe,pooled_stratum,5,0.0,0.0,0.0,0.0,0.0,2281.42,840.0,2236.86
acquisition,weibo_gadbench,hgb_attributes,0.0,zero_exposure,severe,pooled_stratum,6,0.0,0.0,0.0,0.0,0.0,2384.06,840.0,2347.24
acquisition,weibo_gadbench,hgb_attributes,0.0,zero_exposure,severe,pooled_stratum,7,0.06385137085137085,0.01969387755102041,5.08,3.86,0.32,2422.46,840.0,2375.4
acquisition,weibo_gadbench,hgb_attributes,0.0,zero_exposure,severe,pooled_stratum,8,0.07111111111111111,0.00731958762886598,2.1,1.42,0.22,2239.92,840.0,2214.7
acquisition,weibo_gadbench,hgb_attributes,0.0,zero_exposure,severe,pooled_stratum,9,0.0,0.0,0.0,0.0,0.0,2429.46,840.0,2394.82
acquisition,weibo_gadbench,hgb_attributes,0.0,zero_exposure,severe,size_alpha,0,0.05082704876822523,0.010606060606060605,2.96,2.1,0.2,2467.78,840.0,2409.1
acquisition,weibo_gadbench,hgb_attributes,0.0,zero_exposure,severe,size_alpha,1,0.0375,0.0009230769230769232,0.48,0.18,0.06,2451.52,840.0,2422.72
acquisition,weibo_gadbench,hgb_attributes,0.0,zero_exposure,severe,size_alpha,2,0.062431372549019606,0.028307692307692308,6.48,5.52,0.56,2273.94,840.0,2240.66
acquisition,weibo_gadbench,hgb_attributes,0.0,zero_exposure,severe,size_alpha,3,0.01,0.0006060606060606061,0.24,0.12,0.02,2455.82,840.0,2419.8
acquisition,weibo_gadbench,hgb_attributes,0.0,zero_exposure,severe,size_alpha,4,0.01933333333333333,0.0028717948717948715,0.74,0.56,0.08,2322.34,840.0,2291.9
acquisition,weibo_gadbench,hgb_attributes,0.0,zero_exposure,severe,size_alpha,5,0.0,0.0,0.0,0.0,0.0,2281.42,840.0,2236.86
acquisition,weibo_gadbench,hgb_attributes,0.0,zero_exposure,severe,size_alpha,6,0.0,0.0,0.0,0.0,0.0,2384.06,840.0,2347.24
acquisition,weibo_gadbench,hgb_attributes,0.0,zero_exposure,severe,size_alpha,7,0.06385137085137085,0.01969387755102041,5.08,3.86,0.32,2422.46,840.0,2375.4
acquisition,weibo_gadbench,hgb_attributes,0.0,zero_exposure,severe,size_alpha,8,0.07111111111111111,0.00731958762886598,2.1,1.42,0.22,2239.92,840.0,2214.7
acquisition,weibo_gadbench,hgb_attributes,0.0,zero_exposure,severe,size_alpha,9,0.0,0.0,0.0,0.0,0.0,2429.46,840.0,2394.82
acquisition,weibo_gadbench,hgb_attributes,0.0,zero_exposure,severe,uniform_counterfactual,0,0.09087158859355819,0.6302020202020202,137.86,124.78,1.0,2463.64,840.0,2208.46
acquisition,weibo_gadbench,hgb_attributes,0.0,zero_exposure,severe,uniform_counterfactual,1,0.09475079140323345,0.6545641025641025,141.24,127.64,1.0,2450.72,840.0,2197.44
acquisition,weibo_gadbench,hgb_attributes,0.0,zero_exposure,severe,uniform_counterfactual,2,0.08694874735329808,0.5783589743589743,124.0,112.78,1.0,2282.46,840.0,2044.04
acquisition,weibo_gadbench,hgb_attributes,0.0,zero_exposure,severe,uniform_counterfactual,3,0.08939705408012061,0.6551515151515152,142.64,129.72,1.0,2461.04,840.0,2205.44
acquisition,weibo_gadbench,hgb_attributes,0.0,zero_exposure,severe,uniform_counterfactual,4,0.08629990125838904,0.6763076923076923,144.52,131.88,1.0,2324.6,840.0,2086.68
acquisition,weibo_gadbench,hgb_attributes,0.0,zero_exposure,severe,uniform_counterfactual,5,0.08993099987501524,0.6995,154.0,139.9,1.0,2271.92,840.0,2032.32
acquisition,weibo_gadbench,hgb_attributes,0.0,zero_exposure,severe,uniform_counterfactual,6,0.10182152048763037,0.6447668393782383,138.8,124.44,1.0,2375.54,840.0,2132.52
acquisition,weibo_gadbench,hgb_attributes,0.0,zero_exposure,severe,uniform_counterfactual,7,0.09861277600034268,0.6433673469387755,140.44,126.1,1.0,2423.02,840.0,2173.14
acquisition,weibo_gadbench,hgb_attributes,0.0,zero_exposure,severe,uniform_counterfactual,8,0.09650175323667176,0.7212371134020619,155.34,139.92,1.0,2239.94,840.0,2012.0
acquisition,weibo_gadbench,hgb_attributes,0.0,zero_exposure,severe,uniform_counterfactual,9,0.09274189189845104,0.6983673469387754,151.1,136.88,1.0,2430.42,840.0,2181.2
acquisition,weibo_gadbench,hgb_attributes,0.0,zero_exposure,severe,weighted_bh,0,0.05082704876822523,0.010606060606060605,2.96,2.1,0.2,2467.78,840.0,2409.1
acquisition,weibo_gadbench,hgb_attributes,0.0,zero_exposure,severe,weighted_bh,1,0.0375,0.0009230769230769232,0.48,0.18,0.06,2451.52,840.0,2422.72
acquisition,weibo_gadbench,hgb_attributes,0.0,zero_exposure,severe,weighted_bh,2,0.059369281045751635,0.03005128205128205,6.82,5.86,0.6,2273.94,840.0,2240.66
acquisition,weibo_gadbench,hgb_attributes,0.0,zero_exposure,severe,weighted_bh,3,0.01,0.0006060606060606061,0.24,0.12,0.02,2455.82,840.0,2419.8
acquisition,weibo_gadbench,hgb_attributes,0.0,zero_exposure,severe,weighted_bh,4,0.02183333333333333,0.0035897435897435893,0.9,0.7,0.1,2322.34,840.0,2291.9
acquisition,weibo_gadbench,hgb_attributes,0.0,zero_exposure,severe,weighted_bh,5,0.0,0.016,3.2,3.2,0.4,2281.42,840.0,2236.86
acquisition,weibo_gadbench,hgb_attributes,0.0,zero_exposure,severe,weighted_bh,6,0.0,0.0,0.0,0.0,0.0,2384.06,840.0,2347.24
acquisition,weibo_gadbench,hgb_attributes,0.0,zero_exposure,severe,weighted_bh,7,0.06292424242424242,0.02142857142857143,5.48,4.2,0.34,2422.46,840.0,2375.4
acquisition,weibo_gadbench,hgb_attributes,0.0,zero_exposure,severe,weighted_bh,8,0.08478927203065133,0.02319587628865979,5.9,4.5,0.28,2239.92,840.0,2214.7
acquisition,weibo_gadbench,hgb_attributes,0.0,zero_exposure,severe,weighted_bh,9,0.0024675324675324673,0.013775510204081633,3.08,2.7,0.02,2429.46,840.0,2394.82
acquisition,weibo_gadbench,hgb_attributes,0.0,zero_exposure,severe,weighted_by,0,0.0,0.0,0.0,0.0,0.0,2467.78,840.0,2409.1
acquisition,weibo_gadbench,hgb_attributes,0.0,zero_exposure,severe,weighted_by,1,0.0,0.0,0.0,0.0,0.0,2451.52,840.0,2422.72
acquisition,weibo_gadbench,hgb_attributes,0.0,zero_exposure,severe,weighted_by,2,0.0,0.0,0.0,0.0,0.0,2273.94,840.0,2240.66
acquisition,weibo_gadbench,hgb_attributes,0.0,zero_exposure,severe,weighted_by,3,0.0,0.0,0.0,0.0,0.0,2455.82,840.0,2419.8
acquisition,weibo_gadbench,hgb_attributes,0.0,zero_exposure,severe,weighted_by,4,0.0,0.0,0.0,0.0,0.0,2322.34,840.0,2291.9
acquisition,weibo_gadbench,hgb_attributes,0.0,zero_exposure,severe,weighted_by,5,0.0,0.0,0.0,0.0,0.0,2281.42,840.0,2236.86
acquisition,weibo_gadbench,hgb_attributes,0.0,zero_exposure,severe,weighted_by,6,0.0,0.0,0.0,0.0,0.0,2384.06,840.0,2347.24
acquisition,weibo_gadbench,hgb_attributes,0.0,zero_exposure,severe,weighted_by,7,0.0,0.0,0.0,0.0,0.0,2422.46,840.0,2375.4
acquisition,weibo_gadbench,hgb_attributes,0.0,zero_exposure,severe,weighted_by,8,0.0,0.0,0.0,0.0,0.0,2239.92,840.0,2214.7
acquisition,weibo_gadbench,hgb_attributes,0.0,zero_exposure,severe,weighted_by,9,0.0,0.0,0.0,0.0,0.0,2429.46,840.0,2394.82
acquisition,weibo_gadbench,hgb_graph_features,0.0,exposure_80,moderate,equal_alpha,0,0.011211925063218647,0.21444444444444444,44.06,42.46,0.32,2381.28,840.0,2290.36
acquisition,weibo_gadbench,hgb_graph_features,0.0,exposure_80,moderate,equal_alpha,1,0.016199548251284314,0.17446153846153847,36.8,34.02,0.22,2381.22,840.0,2310.48
acquisition,weibo_gadbench,hgb_graph_features,0.0,exposure_80,moderate,equal_alpha,2,0.016563938810220336,0.21015384615384616,43.32,40.98,0.32,2392.6,840.0,2318.72
acquisition,weibo_gadbench,hgb_graph_features,0.0,exposure_80,moderate,equal_alpha,3,0.005932965947151144,0.11212121212121212,22.98,22.2,0.18,2378.1,840.0,2301.88
acquisition,weibo_gadbench,hgb_graph_features,0.0,exposure_80,moderate,equal_alpha,4,0.01851077099596193,0.33230769230769236,67.68,64.8,0.46,2385.48,840.0,2314.82
acquisition,weibo_gadbench,hgb_graph_features,0.0,exposure_80,moderate,equal_alpha,5,0.017715157766800774,0.2963,62.0,59.26,0.44,2377.3,840.0,2290.04
acquisition,weibo_gadbench,hgb_graph_features,0.0,exposure_80,moderate,equal_alpha,6,0.022801392069249856,0.3478756476683938,70.5,67.14,0.5,2370.54,840.0,2296.84
acquisition,weibo_gadbench,hgb_graph_features,0.0,exposure_80,moderate,equal_alpha,7,0.05530157519373666,0.28551020408163263,58.7,55.96,0.82,2386.1,840.0,2301.5
acquisition,weibo_gadbench,hgb_graph_features,0.0,exposure_80,moderate,equal_alpha,8,0.015412697676480657,0.18917525773195876,39.1,36.7,0.26,2373.96,840.0,2308.46
acquisition,weibo_gadbench,hgb_graph_features,0.0,exposure_80,moderate,equal_alpha,9,0.025216705738244416,0.49367346938775514,100.72,96.76,0.68,2391.36,840.0,2314.78
acquisition,weibo_gadbench,hgb_graph_features,0.0,exposure_80,moderate,pooled_reference,0,0.10606676904368478,0.8753535353535353,194.12,173.32,1.0,2381.28,840.0,2290.36
acquisition,weibo_gadbench,hgb_graph_features,0.0,exposure_80,moderate,pooled_reference,1,0.18945429230121452,0.9313846153846154,224.6,181.62,1.0,2381.22,840.0,2310.48
acquisition,weibo_gadbench,hgb_graph_features,0.0,exposure_80,moderate,pooled_reference,2,0.1874992900742895,0.963076923076923,231.42,187.8,1.0,2392.6,840.0,2318.72
acquisition,weibo_gadbench,hgb_graph_features,0.0,exposure_80,moderate,pooled_reference,3,0.158560592120594,0.9024242424242425,212.76,178.68,1.0,2378.1,840.0,2301.88
acquisition,weibo_gadbench,hgb_graph_features,0.0,exposure_80,moderate,pooled_reference,4,0.12648227085795066,0.9301538461538462,208.16,181.38,1.0,2385.48,840.0,2314.82
acquisition,weibo_gadbench,hgb_graph_features,0.0,exposure_80,moderate,pooled_reference,5,0.15204830397628027,0.9142,216.28,182.84,1.0,2377.3,840.0,2290.04
acquisition,weibo_gadbench,hgb_graph_features,0.0,exposure_80,moderate,pooled_reference,6,0.19876008012319235,0.9557512953367875,230.62,184.46,1.0,2370.54,840.0,2296.84
acquisition,weibo_gadbench,hgb_graph_features,0.0,exposure_80,moderate,pooled_reference,7,0.1382859761638546,0.9312244897959183,212.46,182.52,1.0,2386.1,840.0,2301.5
acquisition,weibo_gadbench,hgb_graph_features,0.0,exposure_80,moderate,pooled_reference,8,0.19678691682763397,0.9595876288659794,232.12,186.16,1.0,2373.96,840.0,2308.46
acquisition,weibo_gadbench,hgb_graph_features,0.0,exposure_80,moderate,pooled_reference,9,0.14485616096042186,0.919795918367347,211.12,180.28,1.0,2391.36,840.0,2314.78
acquisition,weibo_gadbench,hgb_graph_features,0.0,exposure_80,moderate,pooled_stratum,0,0.014846153846153847,0.004343434343434344,1.12,0.86,0.06,2381.28,840.0,2290.36
acquisition,weibo_gadbench,hgb_graph_features,0.0,exposure_80,moderate,pooled_stratum,1,0.005454545454545454,0.0008205128205128205,0.22,0.16,0.02,2381.22,840.0,2310.48
acquisition,weibo_gadbench,hgb_graph_features,0.0,exposure_80,moderate,pooled_stratum,2,0.023535353535353538,0.006358974358974359,1.5,1.24,0.14,2392.6,840.0,2318.72
acquisition,weibo_gadbench,hgb_graph_features,0.0,exposure_80,moderate,pooled_stratum,3,0.02812121212121212,0.0064646464646464655,1.56,1.28,0.16,2378.1,840.0,2301.88
acquisition,weibo_gadbench,hgb_graph_features,0.0,exposure_80,moderate,pooled_stratum,4,0.0,0.009948717948717949,1.94,1.94,0.18,2385.48,840.0,2314.82
acquisition,weibo_gadbench,hgb_graph_features,0.0,exposure_80,moderate,pooled_stratum,5,0.013692307692307693,0.0128,2.72,2.56,0.24,2377.3,840.0,2290.04
acquisition,weibo_gadbench,hgb_graph_features,0.0,exposure_80,moderate,pooled_stratum,6,0.02537373737373737,0.013160621761658031,2.78,2.54,0.3,2370.54,840.0,2296.84
acquisition,weibo_gadbench,hgb_graph_features,0.0,exposure_80,moderate,pooled_stratum,7,0.07292463556395445,0.07459183673469388,15.92,14.62,0.96,2386.1,840.0,2301.5
acquisition,weibo_gadbench,hgb_graph_features,0.0,exposure_80,moderate,pooled_stratum,8,0.0,0.0,0.0,0.0,0.0,2373.96,840.0,2308.46
acquisition,weibo_gadbench,hgb_graph_features,0.0,exposure_80,moderate,pooled_stratum,9,0.0,0.0,0.0,0.0,0.0,2391.36,840.0,2314.78
acquisition,weibo_gadbench,hgb_graph_features,0.0,exposure_80,moderate,size_alpha,0,0.014846153846153847,0.004343434343434344,1.12,0.86,0.06,2381.28,840.0,2290.36
acquisition,weibo_gadbench,hgb_graph_features,0.0,exposure_80,moderate,size_alpha,1,0.005454545454545454,0.0008205128205128205,0.22,0.16,0.02,2381.22,840.0,2310.48
acquisition,weibo_gadbench,hgb_graph_features,0.0,exposure_80,moderate,size_alpha,2,0.023535353535353538,0.006358974358974359,1.5,1.24,0.14,2392.6,840.0,2318.72
acquisition,weibo_gadbench,hgb_graph_features,0.0,exposure_80,moderate,size_alpha,3,0.02812121212121212,0.0064646464646464655,1.56,1.28,0.16,2378.1,840.0,2301.88
acquisition,weibo_gadbench,hgb_graph_features,0.0,exposure_80,moderate,size_alpha,4,0.0,0.009948717948717949,1.94,1.94,0.18,2385.48,840.0,2314.82
acquisition,weibo_gadbench,hgb_graph_features,0.0,exposure_80,moderate,size_alpha,5,0.013692307692307693,0.0128,2.72,2.56,0.24,2377.3,840.0,2290.04
acquisition,weibo_gadbench,hgb_graph_features,0.0,exposure_80,moderate,size_alpha,6,0.02537373737373737,0.013160621761658031,2.78,2.54,0.3,2370.54,840.0,2296.84
acquisition,weibo_gadbench,hgb_graph_features,0.0,exposure_80,moderate,size_alpha,7,0.07292463556395445,0.07459183673469388,15.92,14.62,0.96,2386.1,840.0,2301.5
acquisition,weibo_gadbench,hgb_graph_features,0.0,exposure_80,moderate,size_alpha,8,0.0,0.0,0.0,0.0,0.0,2373.96,840.0,2308.46
acquisition,weibo_gadbench,hgb_graph_features,0.0,exposure_80,moderate,size_alpha,9,0.0,0.0,0.0,0.0,0.0,2391.36,840.0,2314.78
acquisition,weibo_gadbench,hgb_graph_features,0.0,exposure_80,moderate,uniform_counterfactual,0,0.07703842426011129,0.82,176.02,162.36,1.0,2378.32,840.0,2131.68
acquisition,weibo_gadbench,hgb_graph_features,0.0,exposure_80,moderate,uniform_counterfactual,1,0.10199992759370664,0.8513846153846154,185.12,166.02,1.0,2381.36,840.0,2134.92
acquisition,weibo_gadbench,hgb_graph_features,0.0,exposure_80,moderate,uniform_counterfactual,2,0.09629765273152423,0.8462564102564103,182.84,165.02,1.0,2400.78,840.0,2149.9
acquisition,weibo_gadbench,hgb_graph_features,0.0,exposure_80,moderate,uniform_counterfactual,3,0.08735121266934807,0.7979797979797979,173.66,158.0,1.0,2380.4,840.0,2133.18
acquisition,weibo_gadbench,hgb_graph_features,0.0,exposure_80,moderate,uniform_counterfactual,4,0.06900785725719355,0.8670769230769231,181.86,169.08,1.0,2392.48,840.0,2147.68
acquisition,weibo_gadbench,hgb_graph_features,0.0,exposure_80,moderate,uniform_counterfactual,5,0.1024916066076514,0.8514,190.4,170.28,1.0,2369.58,840.0,2120.02
acquisition,weibo_gadbench,hgb_graph_features,0.0,exposure_80,moderate,uniform_counterfactual,6,0.09477375743525134,0.8346113989637306,178.26,161.08,1.0,2366.96,840.0,2124.76
acquisition,weibo_gadbench,hgb_graph_features,0.0,exposure_80,moderate,uniform_counterfactual,7,0.080129864438741,0.8621428571428571,183.96,168.98,1.0,2387.44,840.0,2141.44
acquisition,weibo_gadbench,hgb_graph_features,0.0,exposure_80,moderate,uniform_counterfactual,8,0.10835583368715801,0.8642268041237113,188.28,167.66,1.0,2376.46,840.0,2133.78
acquisition,weibo_gadbench,hgb_graph_features,0.0,exposure_80,moderate,uniform_counterfactual,9,0.09834481307749553,0.8657142857142857,188.46,169.68,1.0,2388.58,840.0,2143.34
acquisition,weibo_gadbench,hgb_graph_features,0.0,exposure_80,moderate,weighted_bh,0,0.06634845775892485,0.7458585858585859,158.96,147.68,1.0,2381.28,840.0,2290.36
acquisition,weibo_gadbench,hgb_graph_features,0.0,exposure_80,moderate,weighted_bh,1,0.09378877663485681,0.8106666666666666,175.56,158.08,1.0,2381.22,840.0,2310.48
acquisition,weibo_gadbench,hgb_graph_features,0.0,exposure_80,moderate,weighted_bh,2,0.08743460513158154,0.8015384615384614,172.24,156.3,1.0,2392.6,840.0,2318.72
acquisition,weibo_gadbench,hgb_graph_features,0.0,exposure_80,moderate,weighted_bh,3,0.07384492829274514,0.7462626262626263,160.74,147.76,1.0,2378.1,840.0,2301.88
acquisition,weibo_gadbench,hgb_graph_features,0.0,exposure_80,moderate,weighted_bh,4,0.06221718661676197,0.8179487179487179,170.84,159.5,1.0,2385.48,840.0,2314.82
acquisition,weibo_gadbench,hgb_graph_features,0.0,exposure_80,moderate,weighted_bh,5,0.09783238060199234,0.8257000000000001,184.26,165.14,1.0,2377.3,840.0,2290.04
acquisition,weibo_gadbench,hgb_graph_features,0.0,exposure_80,moderate,weighted_bh,6,0.09622024145871513,0.8209326424870466,176.32,158.44,1.0,2370.54,840.0,2296.84
acquisition,weibo_gadbench,hgb_graph_features,0.0,exposure_80,moderate,weighted_bh,7,0.07140437343377556,0.843469387755102,178.56,165.32,1.0,2386.1,840.0,2301.5
acquisition,weibo_gadbench,hgb_graph_features,0.0,exposure_80,moderate,weighted_bh,8,0.10089877959176782,0.8138144329896907,176.88,157.88,0.98,2373.96,840.0,2308.46
acquisition,weibo_gadbench,hgb_graph_features,0.0,exposure_80,moderate,weighted_bh,9,0.09310199736457965,0.8362244897959183,181.36,163.9,1.0,2391.36,840.0,2314.78
acquisition,weibo_gadbench,hgb_graph_features,0.0,exposure_80,moderate,weighted_by,0,0.0,0.0,0.0,0.0,0.0,2381.28,840.0,2290.36
acquisition,weibo_gadbench,hgb_graph_features,0.0,exposure_80,moderate,weighted_by,1,0.0,0.0,0.0,0.0,0.0,2381.22,840.0,2310.48
acquisition,weibo_gadbench,hgb_graph_features,0.0,exposure_80,moderate,weighted_by,2,0.0,0.0,0.0,0.0,0.0,2392.6,840.0,2318.72
acquisition,weibo_gadbench,hgb_graph_features,0.0,exposure_80,moderate,weighted_by,3,0.0,0.0,0.0,0.0,0.0,2378.1,840.0,2301.88
acquisition,weibo_gadbench,hgb_graph_features,0.0,exposure_80,moderate,weighted_by,4,0.0,0.0,0.0,0.0,0.0,2385.48,840.0,2314.82
acquisition,weibo_gadbench,hgb_graph_features,0.0,exposure_80,moderate,weighted_by,5,0.0,0.0,0.0,0.0,0.0,2377.3,840.0,2290.04
acquisition,weibo_gadbench,hgb_graph_features,0.0,exposure_80,moderate,weighted_by,6,0.0,0.0,0.0,0.0,0.0,2370.54,840.0,2296.84
acquisition,weibo_gadbench,hgb_graph_features,0.0,exposure_80,moderate,weighted_by,7,0.0,0.0,0.0,0.0,0.0,2386.1,840.0,2301.5
acquisition,weibo_gadbench,hgb_graph_features,0.0,exposure_80,moderate,weighted_by,8,0.0,0.0,0.0,0.0,0.0,2373.96,840.0,2308.46
acquisition,weibo_gadbench,hgb_graph_features,0.0,exposure_80,moderate,weighted_by,9,0.0,0.0,0.0,0.0,0.0,2391.36,840.0,2314.78
acquisition,weibo_gadbench,hgb_graph_features,0.0,exposure_80,neutral,equal_alpha,0,0.024043442311275438,0.5882828282828283,119.52,116.48,1.0,2836.6,840.0,2542.74
acquisition,weibo_gadbench,hgb_graph_features,0.0,exposure_80,neutral,equal_alpha,1,0.020763067709231135,0.5503589743589744,109.96,107.32,1.0,2833.74,840.0,2540.36
acquisition,weibo_gadbench,hgb_graph_features,0.0,exposure_80,neutral,equal_alpha,2,0.02132996012078703,0.504,100.78,98.28,0.98,2851.48,840.0,2555.28
acquisition,weibo_gadbench,hgb_graph_features,0.0,exposure_80,neutral,equal_alpha,3,0.01726224406954826,0.4017171717171717,81.56,79.54,0.74,2831.68,840.0,2536.74
acquisition,weibo_gadbench,hgb_graph_features,0.0,exposure_80,neutral,equal_alpha,4,0.029416234458270286,0.6847179487179487,137.78,133.52,1.0,2843.96,840.0,2554.2
acquisition,weibo_gadbench,hgb_graph_features,0.0,exposure_80,neutral,equal_alpha,5,0.028562605004812436,0.6326999999999999,130.4,126.54,1.0,2823.34,840.0,2525.08
acquisition,weibo_gadbench,hgb_graph_features,0.0,exposure_80,neutral,equal_alpha,6,0.03080298378001174,0.6197927461139896,123.74,119.62,1.0,2824.38,840.0,2536.04
acquisition,weibo_gadbench,hgb_graph_features,0.0,exposure_80,neutral,equal_alpha,7,0.022897894856077322,0.6024489795918367,121.0,118.08,1.0,2840.28,840.0,2545.72
acquisition,weibo_gadbench,hgb_graph_features,0.0,exposure_80,neutral,equal_alpha,8,0.031052568848978758,0.5205154639175258,105.02,100.98,0.88,2829.46,840.0,2539.0
acquisition,weibo_gadbench,hgb_graph_features,0.0,exposure_80,neutral,equal_alpha,9,0.030191615242503717,0.695,140.68,136.22,1.0,2842.78,840.0,2550.76
acquisition,weibo_gadbench,hgb_graph_features,0.0,exposure_80,neutral,pooled_reference,0,0.07850751593450753,0.8237373737373737,177.06,163.1,1.0,2836.6,840.0,2542.74
acquisition,weibo_gadbench,hgb_graph_features,0.0,exposure_80,neutral,pooled_reference,1,0.10380815051702032,0.8554871794871794,186.28,166.82,1.0,2833.74,840.0,2540.36
acquisition,weibo_gadbench,hgb_graph_features,0.0,exposure_80,neutral,pooled_reference,2,0.09849363164216879,0.848,183.64,165.36,1.0,2851.48,840.0,2555.28
acquisition,weibo_gadbench,hgb_graph_features,0.0,exposure_80,neutral,pooled_reference,3,0.08729471784056148,0.7958585858585859,173.26,157.58,1.0,2831.68,840.0,2536.74
acquisition,weibo_gadbench,hgb_graph_features,0.0,exposure_80,neutral,pooled_reference,4,0.06807421619342839,0.8664615384615385,181.52,168.96,1.0,2843.96,840.0,2554.2
acquisition,weibo_gadbench,hgb_graph_features,0.0,exposure_80,neutral,pooled_reference,5,0.10357852134600534,0.8534,191.2,170.68,1.0,2823.34,840.0,2525.08
acquisition,weibo_gadbench,hgb_graph_features,0.0,exposure_80,neutral,pooled_reference,6,0.09834265754592962,0.8383419689119171,179.74,161.8,1.0,2824.38,840.0,2536.04
acquisition,weibo_gadbench,hgb_graph_features,0.0,exposure_80,neutral,pooled_reference,7,0.07970910665024471,0.8598979591836735,183.38,168.54,1.0,2840.28,840.0,2545.72
acquisition,weibo_gadbench,hgb_graph_features,0.0,exposure_80,neutral,pooled_reference,8,0.10805095288142974,0.8661855670103092,188.54,168.04,1.0,2829.46,840.0,2539.0
acquisition,weibo_gadbench,hgb_graph_features,0.0,exposure_80,neutral,pooled_reference,9,0.09960324953847605,0.8687755102040816,189.32,170.28,1.0,2842.78,840.0,2550.76
acquisition,weibo_gadbench,hgb_graph_features,0.0,exposure_80,neutral,pooled_stratum,0,0.044299859160285934,0.34121212121212124,72.62,67.56,0.58,2836.6,840.0,2542.74
acquisition,weibo_gadbench,hgb_graph_features,0.0,exposure_80,neutral,pooled_stratum,1,0.060297197477656536,0.2815384615384615,60.1,54.9,0.66,2833.74,840.0,2540.36
acquisition,weibo_gadbench,hgb_graph_features,0.0,exposure_80,neutral,pooled_stratum,2,0.040181385245711854,0.12092307692307692,26.24,23.58,0.34,2851.48,840.0,2555.28
acquisition,weibo_gadbench,hgb_graph_features,0.0,exposure_80,neutral,pooled_stratum,3,0.04258431388519756,0.10454545454545455,23.12,20.7,0.34,2831.68,840.0,2536.74
acquisition,weibo_gadbench,hgb_graph_features,0.0,exposure_80,neutral,pooled_stratum,4,0.06334282626987683,0.559076923076923,118.18,109.02,0.84,2843.96,840.0,2554.2
acquisition,weibo_gadbench,hgb_graph_features,0.0,exposure_80,neutral,pooled_stratum,5,0.10087430699799364,0.5660000000000001,126.3,113.2,1.0,2823.34,840.0,2525.08
acquisition,weibo_gadbench,hgb_graph_features,0.0,exposure_80,neutral,pooled_stratum,6,0.09358444388608449,0.4878756476683938,104.22,94.16,1.0,2824.38,840.0,2536.04
acquisition,weibo_gadbench,hgb_graph_features,0.0,exposure_80,neutral,pooled_stratum,7,0.07218270570559603,0.3613265306122449,76.76,70.82,1.0,2840.28,840.0,2545.72
acquisition,weibo_gadbench,hgb_graph_features,0.0,exposure_80,neutral,pooled_stratum,8,0.0342115784447346,0.15896907216494846,35.14,30.84,0.28,2829.46,840.0,2539.0
acquisition,weibo_gadbench,hgb_graph_features,0.0,exposure_80,neutral,pooled_stratum,9,0.06641019500625371,0.4594897959183673,100.04,90.06,0.68,2842.78,840.0,2550.76
acquisition,weibo_gadbench,hgb_graph_features,0.0,exposure_80,neutral,size_alpha,0,0.016082369578128308,0.08121212121212121,16.46,16.08,0.24,2836.6,840.0,2542.74
acquisition,weibo_gadbench,hgb_graph_features,0.0,exposure_80,neutral,size_alpha,1,0.010563356880014968,0.17866666666666667,35.36,34.84,0.44,2833.74,840.0,2540.36
acquisition,weibo_gadbench,hgb_graph_features,0.0,exposure_80,neutral,size_alpha,2,0.0215946016714211,0.09887179487179487,19.78,19.28,0.32,2851.48,840.0,2555.28
acquisition,weibo_gadbench,hgb_graph_features,0.0,exposure_80,neutral,size_alpha,3,0.029908473566007815,0.046767676767676764,9.7,9.26,0.26,2831.68,840.0,2536.74
acquisition,weibo_gadbench,hgb_graph_features,0.0,exposure_80,neutral,size_alpha,4,0.017332431066378325,0.4314871794871795,86.34,84.14,0.78,2843.96,840.0,2554.2
acquisition,weibo_gadbench,hgb_graph_features,0.0,exposure_80,neutral,size_alpha,5,0.010071225922703495,0.48100000000000004,97.28,96.2,1.0,2823.34,840.0,2525.08
acquisition,weibo_gadbench,hgb_graph_features,0.0,exposure_80,neutral,size_alpha,6,0.015291444568230228,0.3829015544041451,75.36,73.9,0.88,2824.38,840.0,2536.04
acquisition,weibo_gadbench,hgb_graph_features,0.0,exposure_80,neutral,size_alpha,7,0.05778082541987421,0.21948979591836737,44.74,43.02,1.0,2840.28,840.0,2545.72
acquisition,weibo_gadbench,hgb_graph_features,0.0,exposure_80,neutral,size_alpha,8,0.004592533315065009,0.05835051546391752,11.88,11.32,0.1,2829.46,840.0,2539.0
acquisition,weibo_gadbench,hgb_graph_features,0.0,exposure_80,neutral,size_alpha,9,0.012993594324889675,0.33173469387755106,66.76,65.02,0.54,2842.78,840.0,2550.76
acquisition,weibo_gadbench,hgb_graph_features,0.0,exposure_80,neutral,uniform_counterfactual,0,0.07850751593450753,0.8237373737373737,177.06,163.1,1.0,2836.6,840.0,2542.74
acquisition,weibo_gadbench,hgb_graph_features,0.0,exposure_80,neutral,uniform_counterfactual,1,0.10380815051702032,0.8554871794871794,186.28,166.82,1.0,2833.74,840.0,2540.36
acquisition,weibo_gadbench,hgb_graph_features,0.0,exposure_80,neutral,uniform_counterfactual,2,0.09849363164216879,0.848,183.64,165.36,1.0,2851.48,840.0,2555.28
acquisition,weibo_gadbench,hgb_graph_features,0.0,exposure_80,neutral,uniform_counterfactual,3,0.08729471784056148,0.7958585858585859,173.26,157.58,1.0,2831.68,840.0,2536.74
acquisition,weibo_gadbench,hgb_graph_features,0.0,exposure_80,neutral,uniform_counterfactual,4,0.06807421619342839,0.8664615384615385,181.52,168.96,1.0,2843.96,840.0,2554.2
acquisition,weibo_gadbench,hgb_graph_features,0.0,exposure_80,neutral,uniform_counterfactual,5,0.10357852134600534,0.8534,191.2,170.68,1.0,2823.34,840.0,2525.08
acquisition,weibo_gadbench,hgb_graph_features,0.0,exposure_80,neutral,uniform_counterfactual,6,0.09834265754592962,0.8383419689119171,179.74,161.8,1.0,2824.38,840.0,2536.04
acquisition,weibo_gadbench,hgb_graph_features,0.0,exposure_80,neutral,uniform_counterfactual,7,0.07970910665024471,0.8598979591836735,183.38,168.54,1.0,2840.28,840.0,2545.72
acquisition,weibo_gadbench,hgb_graph_features,0.0,exposure_80,neutral,uniform_counterfactual,8,0.10805095288142974,0.8661855670103092,188.54,168.04,1.0,2829.46,840.0,2539.0
acquisition,weibo_gadbench,hgb_graph_features,0.0,exposure_80,neutral,uniform_counterfactual,9,0.09960324953847605,0.8687755102040816,189.32,170.28,1.0,2842.78,840.0,2550.76
acquisition,weibo_gadbench,hgb_graph_features,0.0,exposure_80,neutral,weighted_bh,0,0.07850751593450753,0.8237373737373737,177.06,163.1,1.0,2836.6,840.0,2542.74
acquisition,weibo_gadbench,hgb_graph_features,0.0,exposure_80,neutral,weighted_bh,1,0.10380815051702032,0.8554871794871794,186.28,166.82,1.0,2833.74,840.0,2540.36
acquisition,weibo_gadbench,hgb_graph_features,0.0,exposure_80,neutral,weighted_bh,2,0.09849363164216879,0.848,183.64,165.36,1.0,2851.48,840.0,2555.28
acquisition,weibo_gadbench,hgb_graph_features,0.0,exposure_80,neutral,weighted_bh,3,0.08729471784056148,0.7958585858585859,173.26,157.58,1.0,2831.68,840.0,2536.74
acquisition,weibo_gadbench,hgb_graph_features,0.0,exposure_80,neutral,weighted_bh,4,0.06807421619342839,0.8664615384615385,181.52,168.96,1.0,2843.96,840.0,2554.2
acquisition,weibo_gadbench,hgb_graph_features,0.0,exposure_80,neutral,weighted_bh,5,0.10357852134600534,0.8534,191.2,170.68,1.0,2823.34,840.0,2525.08
acquisition,weibo_gadbench,hgb_graph_features,0.0,exposure_80,neutral,weighted_bh,6,0.09834265754592962,0.8383419689119171,179.74,161.8,1.0,2824.38,840.0,2536.04
acquisition,weibo_gadbench,hgb_graph_features,0.0,exposure_80,neutral,weighted_bh,7,0.07970910665024471,0.8598979591836735,183.38,168.54,1.0,2840.28,840.0,2545.72
acquisition,weibo_gadbench,hgb_graph_features,0.0,exposure_80,neutral,weighted_bh,8,0.10805095288142974,0.8661855670103092,188.54,168.04,1.0,2829.46,840.0,2539.0
acquisition,weibo_gadbench,hgb_graph_features,0.0,exposure_80,neutral,weighted_bh,9,0.09960324953847605,0.8687755102040816,189.32,170.28,1.0,2842.78,840.0,2550.76
acquisition,weibo_gadbench,hgb_graph_features,0.0,exposure_80,neutral,weighted_by,0,0.0005414304005853302,0.05111111111111111,10.16,10.12,0.14,2836.6,840.0,2542.74
acquisition,weibo_gadbench,hgb_graph_features,0.0,exposure_80,neutral,weighted_by,1,0.005009713870012533,0.2151794871794872,42.4,41.96,0.52,2833.74,840.0,2540.36
acquisition,weibo_gadbench,hgb_graph_features,0.0,exposure_80,neutral,weighted_by,2,0.003037136193752907,0.10594871794871795,20.98,20.66,0.22,2851.48,840.0,2555.28
acquisition,weibo_gadbench,hgb_graph_features,0.0,exposure_80,neutral,weighted_by,3,0.0032807864797859587,0.05757575757575758,11.68,11.4,0.14,2831.68,840.0,2536.74
acquisition,weibo_gadbench,hgb_graph_features,0.0,exposure_80,neutral,weighted_by,4,0.015478230507203948,0.4353846153846154,86.9,84.9,0.7,2843.96,840.0,2554.2
acquisition,weibo_gadbench,hgb_graph_features,0.0,exposure_80,neutral,weighted_by,5,0.00849972416945817,0.3204,65.04,64.08,0.62,2823.34,840.0,2525.08
acquisition,weibo_gadbench,hgb_graph_features,0.0,exposure_80,neutral,weighted_by,6,0.013537307227281404,0.42207253886010365,82.76,81.46,1.0,2824.38,840.0,2536.04
acquisition,weibo_gadbench,hgb_graph_features,0.0,exposure_80,neutral,weighted_by,7,0.011375573289006577,0.22387755102040818,44.7,43.88,0.62,2840.28,840.0,2545.72
acquisition,weibo_gadbench,hgb_graph_features,0.0,exposure_80,neutral,weighted_by,8,0.008822203847781504,0.08742268041237113,18.1,16.96,0.14,2829.46,840.0,2539.0
acquisition,weibo_gadbench,hgb_graph_features,0.0,exposure_80,neutral,weighted_by,9,0.010580533221659605,0.175,35.48,34.3,0.36,2842.78,840.0,2550.76
acquisition,weibo_gadbench,hgb_graph_features,0.0,exposure_80,severe,equal_alpha,0,0.0,0.0,0.0,0.0,0.0,2297.26,840.0,2242.7
acquisition,weibo_gadbench,hgb_graph_features,0.0,exposure_80,severe,equal_alpha,1,0.0,0.0,0.0,0.0,0.0,2296.52,840.0,2268.14
acquisition,weibo_gadbench,hgb_graph_features,0.0,exposure_80,severe,equal_alpha,2,0.0,0.0,0.0,0.0,0.0,2306.46,840.0,2273.18
acquisition,weibo_gadbench,hgb_graph_features,0.0,exposure_80,severe,equal_alpha,3,0.0,0.0,0.0,0.0,0.0,2292.12,840.0,2256.74
acquisition,weibo_gadbench,hgb_graph_features,0.0,exposure_80,severe,equal_alpha,4,0.0,0.0,0.0,0.0,0.0,2301.26,840.0,2271.28
acquisition,weibo_gadbench,hgb_graph_features,0.0,exposure_80,severe,equal_alpha,5,0.0,0.0014000000000000002,0.28,0.28,0.02,2291.48,840.0,2246.92
acquisition,weibo_gadbench,hgb_graph_features,0.0,exposure_80,severe,equal_alpha,6,0.0,0.0,0.0,0.0,0.0,2287.5,840.0,2252.12
acquisition,weibo_gadbench,hgb_graph_features,0.0,exposure_80,severe,equal_alpha,7,0.050244729470735654,0.05295918367346939,11.28,10.38,0.66,2302.3,840.0,2256.72
acquisition,weibo_gadbench,hgb_graph_features,0.0,exposure_80,severe,equal_alpha,8,0.0,0.0,0.0,0.0,0.0,2291.28,840.0,2266.06
acquisition,weibo_gadbench,hgb_graph_features,0.0,exposure_80,severe,equal_alpha,9,0.0,0.0,0.0,0.0,0.0,2304.12,840.0,2270.46
acquisition,weibo_gadbench,hgb_graph_features,0.0,exposure_80,severe,pooled_reference,0,0.11329570309242534,0.8867676767676769,198.26,175.58,1.0,2297.26,840.0,2242.7
acquisition,weibo_gadbench,hgb_graph_features,0.0,exposure_80,severe,pooled_reference,1,0.21662581052706628,0.9466666666666668,235.98,184.6,1.0,2296.52,840.0,2268.14
acquisition,weibo_gadbench,hgb_graph_features,0.0,exposure_80,severe,pooled_reference,2,0.21903377167110302,0.9704615384615384,242.58,189.24,1.0,2306.46,840.0,2273.18
acquisition,weibo_gadbench,hgb_graph_features,0.0,exposure_80,severe,pooled_reference,3,0.17604669723672056,0.9179797979797979,220.82,181.76,1.0,2292.12,840.0,2256.74
acquisition,weibo_gadbench,hgb_graph_features,0.0,exposure_80,severe,pooled_reference,4,0.1499371032942653,0.9452307692307693,217.66,184.32,1.0,2301.26,840.0,2271.28
acquisition,weibo_gadbench,hgb_graph_features,0.0,exposure_80,severe,pooled_reference,5,0.1669447149122132,0.9238000000000001,222.34,184.76,1.0,2291.48,840.0,2246.92
acquisition,weibo_gadbench,hgb_graph_features,0.0,exposure_80,severe,pooled_reference,6,0.23657419204057348,0.9684974093264249,245.22,186.92,1.0,2287.5,840.0,2252.12
acquisition,weibo_gadbench,hgb_graph_features,0.0,exposure_80,severe,pooled_reference,7,0.15738842995506647,0.9430612244897959,220.06,184.84,1.0,2302.3,840.0,2256.72
acquisition,weibo_gadbench,hgb_graph_features,0.0,exposure_80,severe,pooled_reference,8,0.22166957132977752,0.9682474226804123,241.64,187.84,1.0,2291.28,840.0,2266.06
acquisition,weibo_gadbench,hgb_graph_features,0.0,exposure_80,severe,pooled_reference,9,0.15618509269207898,0.9293877551020409,216.14,182.16,1.0,2304.12,840.0,2270.46
acquisition,weibo_gadbench,hgb_graph_features,0.0,exposure_80,severe,pooled_stratum,0,0.014846153846153847,0.004343434343434344,1.12,0.86,0.06,2297.26,840.0,2242.7
acquisition,weibo_gadbench,hgb_graph_features,0.0,exposure_80,severe,pooled_stratum,1,0.005454545454545454,0.0008205128205128205,0.22,0.16,0.02,2296.52,840.0,2268.14
acquisition,weibo_gadbench,hgb_graph_features,0.0,exposure_80,severe,pooled_stratum,2,0.023535353535353538,0.006358974358974359,1.5,1.24,0.14,2306.46,840.0,2273.18
acquisition,weibo_gadbench,hgb_graph_features,0.0,exposure_80,severe,pooled_stratum,3,0.02812121212121212,0.0064646464646464655,1.56,1.28,0.16,2292.12,840.0,2256.74
acquisition,weibo_gadbench,hgb_graph_features,0.0,exposure_80,severe,pooled_stratum,4,0.0,0.009948717948717949,1.94,1.94,0.18,2301.26,840.0,2271.28
acquisition,weibo_gadbench,hgb_graph_features,0.0,exposure_80,severe,pooled_stratum,5,0.013692307692307693,0.0128,2.72,2.56,0.24,2291.48,840.0,2246.92
acquisition,weibo_gadbench,hgb_graph_features,0.0,exposure_80,severe,pooled_stratum,6,0.02537373737373737,0.013160621761658031,2.78,2.54,0.3,2287.5,840.0,2252.12
acquisition,weibo_gadbench,hgb_graph_features,0.0,exposure_80,severe,pooled_stratum,7,0.07292463556395445,0.07459183673469388,15.92,14.62,0.96,2302.3,840.0,2256.72
acquisition,weibo_gadbench,hgb_graph_features,0.0,exposure_80,severe,pooled_stratum,8,0.0,0.0,0.0,0.0,0.0,2291.28,840.0,2266.06
acquisition,weibo_gadbench,hgb_graph_features,0.0,exposure_80,severe,pooled_stratum,9,0.0,0.0,0.0,0.0,0.0,2304.12,840.0,2270.46
acquisition,weibo_gadbench,hgb_graph_features,0.0,exposure_80,severe,size_alpha,0,0.014846153846153847,0.004343434343434344,1.12,0.86,0.06,2297.26,840.0,2242.7
acquisition,weibo_gadbench,hgb_graph_features,0.0,exposure_80,severe,size_alpha,1,0.005454545454545454,0.0008205128205128205,0.22,0.16,0.02,2296.52,840.0,2268.14
acquisition,weibo_gadbench,hgb_graph_features,0.0,exposure_80,severe,size_alpha,2,0.023535353535353538,0.006358974358974359,1.5,1.24,0.14,2306.46,840.0,2273.18
acquisition,weibo_gadbench,hgb_graph_features,0.0,exposure_80,severe,size_alpha,3,0.02812121212121212,0.0064646464646464655,1.56,1.28,0.16,2292.12,840.0,2256.74
acquisition,weibo_gadbench,hgb_graph_features,0.0,exposure_80,severe,size_alpha,4,0.0,0.009948717948717949,1.94,1.94,0.18,2301.26,840.0,2271.28
acquisition,weibo_gadbench,hgb_graph_features,0.0,exposure_80,severe,size_alpha,5,0.013692307692307693,0.0128,2.72,2.56,0.24,2291.48,840.0,2246.92
acquisition,weibo_gadbench,hgb_graph_features,0.0,exposure_80,severe,size_alpha,6,0.02537373737373737,0.013160621761658031,2.78,2.54,0.3,2287.5,840.0,2252.12
acquisition,weibo_gadbench,hgb_graph_features,0.0,exposure_80,severe,size_alpha,7,0.07292463556395445,0.07459183673469388,15.92,14.62,0.96,2302.3,840.0,2256.72
acquisition,weibo_gadbench,hgb_graph_features,0.0,exposure_80,severe,size_alpha,8,0.0,0.0,0.0,0.0,0.0,2291.28,840.0,2266.06
acquisition,weibo_gadbench,hgb_graph_features,0.0,exposure_80,severe,size_alpha,9,0.0,0.0,0.0,0.0,0.0,2304.12,840.0,2270.46
acquisition,weibo_gadbench,hgb_graph_features,0.0,exposure_80,severe,uniform_counterfactual,0,0.07713333241592929,0.8188888888888889,175.78,162.14,1.0,2292.32,840.0,2054.7
acquisition,weibo_gadbench,hgb_graph_features,0.0,exposure_80,severe,uniform_counterfactual,1,0.10534947018180509,0.8545641025641025,186.52,166.64,1.0,2296.12,840.0,2058.08
acquisition,weibo_gadbench,hgb_graph_features,0.0,exposure_80,severe,uniform_counterfactual,2,0.09537711816729644,0.8418461538461538,181.72,164.16,1.0,2314.66,840.0,2072.58
acquisition,weibo_gadbench,hgb_graph_features,0.0,exposure_80,severe,uniform_counterfactual,3,0.08843920789436444,0.7979797979797979,173.86,158.0,1.0,2296.3,840.0,2058.02
acquisition,weibo_gadbench,hgb_graph_features,0.0,exposure_80,severe,uniform_counterfactual,4,0.06984746549973889,0.8681025641025641,182.24,169.28,1.0,2302.3,840.0,2066.38
acquisition,weibo_gadbench,hgb_graph_features,0.0,exposure_80,severe,uniform_counterfactual,5,0.10054114014689931,0.8508,189.76,170.16,1.0,2282.32,840.0,2041.7
acquisition,weibo_gadbench,hgb_graph_features,0.0,exposure_80,severe,uniform_counterfactual,6,0.09544005535249925,0.8353367875647669,178.56,161.22,1.0,2280.48,840.0,2047.14
acquisition,weibo_gadbench,hgb_graph_features,0.0,exposure_80,severe,uniform_counterfactual,7,0.0792862600234358,0.8611224489795919,183.54,168.78,1.0,2302.76,840.0,2066.0
acquisition,weibo_gadbench,hgb_graph_features,0.0,exposure_80,severe,uniform_counterfactual,8,0.10663251795175775,0.8637113402061856,187.78,167.56,1.0,2291.06,840.0,2057.2
acquisition,weibo_gadbench,hgb_graph_features,0.0,exposure_80,severe,uniform_counterfactual,9,0.09837434131571463,0.8684693877551021,189.06,170.22,1.0,2302.74,840.0,2066.38
acquisition,weibo_gadbench,hgb_graph_features,0.0,exposure_80,severe,weighted_bh,0,0.013278559971484584,0.022121212121212118,5.08,4.38,0.14,2297.26,840.0,2242.7
acquisition,weibo_gadbench,hgb_graph_features,0.0,exposure_80,severe,weighted_bh,1,0.05967119892655697,0.3957948717948718,89.08,77.18,0.46,2296.52,840.0,2268.14
acquisition,weibo_gadbench,hgb_graph_features,0.0,exposure_80,severe,weighted_bh,2,0.06079048194035343,0.42348717948717945,94.62,82.58,0.5,2306.46,840.0,2273.18
acquisition,weibo_gadbench,hgb_graph_features,0.0,exposure_80,severe,weighted_bh,3,0.054453198225482835,0.24878787878787878,57.02,49.26,0.38,2292.12,840.0,2256.74
acquisition,weibo_gadbench,hgb_graph_features,0.0,exposure_80,severe,weighted_bh,4,0.035850383526681726,0.2552820512820513,54.98,49.78,0.52,2301.26,840.0,2271.28
acquisition,weibo_gadbench,hgb_graph_features,0.0,exposure_80,severe,weighted_bh,5,0.06174108028110001,0.36060000000000003,84.04,72.12,0.54,2291.48,840.0,2246.92
acquisition,weibo_gadbench,hgb_graph_features,0.0,exposure_80,severe,weighted_bh,6,0.08372047908101055,0.4739896373056995,105.78,91.48,0.66,2287.5,840.0,2252.12
acquisition,weibo_gadbench,hgb_graph_features,0.0,exposure_80,severe,weighted_bh,7,0.05873605794216458,0.44142857142857145,93.72,86.52,0.96,2302.3,840.0,2256.72
acquisition,weibo_gadbench,hgb_graph_features,0.0,exposure_80,severe,weighted_bh,8,0.05745313143751674,0.36597938144329895,82.6,71.0,0.42,2291.28,840.0,2266.06
acquisition,weibo_gadbench,hgb_graph_features,0.0,exposure_80,severe,weighted_bh,9,0.017749164352184443,0.10224489795918368,23.54,20.04,0.12,2304.12,840.0,2270.46
acquisition,weibo_gadbench,hgb_graph_features,0.0,exposure_80,severe,weighted_by,0,0.0,0.0,0.0,0.0,0.0,2297.26,840.0,2242.7
acquisition,weibo_gadbench,hgb_graph_features,0.0,exposure_80,severe,weighted_by,1,0.0,0.0,0.0,0.0,0.0,2296.52,840.0,2268.14
acquisition,weibo_gadbench,hgb_graph_features,0.0,exposure_80,severe,weighted_by,2,0.0,0.0,0.0,0.0,0.0,2306.46,840.0,2273.18
acquisition,weibo_gadbench,hgb_graph_features,0.0,exposure_80,severe,weighted_by,3,0.0,0.0,0.0,0.0,0.0,2292.12,840.0,2256.74
acquisition,weibo_gadbench,hgb_graph_features,0.0,exposure_80,severe,weighted_by,4,0.0,0.0,0.0,0.0,0.0,2301.26,840.0,2271.28
acquisition,weibo_gadbench,hgb_graph_features,0.0,exposure_80,severe,weighted_by,5,0.0,0.0,0.0,0.0,0.0,2291.48,840.0,2246.92
acquisition,weibo_gadbench,hgb_graph_features,0.0,exposure_80,severe,weighted_by,6,0.0,0.0,0.0,0.0,0.0,2287.5,840.0,2252.12
acquisition,weibo_gadbench,hgb_graph_features,0.0,exposure_80,severe,weighted_by,7,0.0,0.0,0.0,0.0,0.0,2302.3,840.0,2256.72
acquisition,weibo_gadbench,hgb_graph_features,0.0,exposure_80,severe,weighted_by,8,0.0,0.0,0.0,0.0,0.0,2291.28,840.0,2266.06
acquisition,weibo_gadbench,hgb_graph_features,0.0,exposure_80,severe,weighted_by,9,0.0,0.0,0.0,0.0,0.0,2304.12,840.0,2270.46
acquisition,weibo_gadbench,hgb_graph_features,0.0,zero_exposure,moderate,equal_alpha,0,0.0020408163265306124,0.028181818181818183,5.88,5.58,0.04,2524.6,840.0,2430.04
acquisition,weibo_gadbench,hgb_graph_features,0.0,zero_exposure,moderate,equal_alpha,1,0.0,0.0,0.0,0.0,0.0,2512.8,840.0,2441.68
acquisition,weibo_gadbench,hgb_graph_features,0.0,zero_exposure,moderate,equal_alpha,2,0.017912547648190877,0.2323076923076923,47.8,45.3,0.36,2365.84,840.0,2291.96
acquisition,weibo_gadbench,hgb_graph_features,0.0,zero_exposure,moderate,equal_alpha,3,0.0,0.0,0.0,0.0,0.0,2515.98,840.0,2439.28
acquisition,weibo_gadbench,hgb_graph_features,0.0,zero_exposure,moderate,equal_alpha,4,0.01752917590393739,0.31641025641025644,64.42,61.7,0.44,2403.28,840.0,2332.24
acquisition,weibo_gadbench,hgb_graph_features,0.0,zero_exposure,moderate,equal_alpha,5,0.01887349110013411,0.3233,67.56,64.66,0.48,2368.96,840.0,2281.7
acquisition,weibo_gadbench,hgb_graph_features,0.0,zero_exposure,moderate,equal_alpha,6,0.011698313861468907,0.14766839378238342,30.32,28.5,0.2,2452.0,840.0,2377.08
acquisition,weibo_gadbench,hgb_graph_features,0.0,zero_exposure,moderate,equal_alpha,7,0.05073068985425965,0.11061224489795919,22.98,21.68,0.72,2487.74,840.0,2401.9
acquisition,weibo_gadbench,hgb_graph_features,0.0,zero_exposure,moderate,equal_alpha,8,0.019802384638360135,0.2619587628865979,53.76,50.82,0.38,2330.68,840.0,2265.18
acquisition,weibo_gadbench,hgb_graph_features,0.0,zero_exposure,moderate,equal_alpha,9,0.006498931851779411,0.0953061224489796,19.76,18.68,0.12,2496.4,840.0,2418.92
acquisition,weibo_gadbench,hgb_graph_features,0.0,zero_exposure,moderate,pooled_reference,0,0.10537573162082074,0.8753535353535353,193.92,173.32,1.0,2524.6,840.0,2430.04
acquisition,weibo_gadbench,hgb_graph_features,0.0,zero_exposure,moderate,pooled_reference,1,0.19473562916742324,0.9353846153846154,227.0,182.4,1.0,2512.8,840.0,2441.68
acquisition,weibo_gadbench,hgb_graph_features,0.0,zero_exposure,moderate,pooled_reference,2,0.18615322623943445,0.9620512820512821,230.8,187.6,1.0,2365.84,840.0,2291.96
acquisition,weibo_gadbench,hgb_graph_features,0.0,zero_exposure,moderate,pooled_reference,3,0.1568425514303632,0.9016161616161616,212.2,178.52,1.0,2515.98,840.0,2439.28
acquisition,weibo_gadbench,hgb_graph_features,0.0,zero_exposure,moderate,pooled_reference,4,0.1273784630874863,0.9313846153846154,208.64,181.62,1.0,2403.28,840.0,2332.24
acquisition,weibo_gadbench,hgb_graph_features,0.0,zero_exposure,moderate,pooled_reference,5,0.151283161999098,0.9136,215.96,182.72,1.0,2368.96,840.0,2281.7
acquisition,weibo_gadbench,hgb_graph_features,0.0,zero_exposure,moderate,pooled_reference,6,0.20084537778659683,0.9567875647668393,231.4,184.66,1.0,2452.0,840.0,2377.08
acquisition,weibo_gadbench,hgb_graph_features,0.0,zero_exposure,moderate,pooled_reference,7,0.13948168551761683,0.9329591836734694,213.16,182.86,1.0,2487.74,840.0,2401.9
acquisition,weibo_gadbench,hgb_graph_features,0.0,zero_exposure,moderate,pooled_reference,8,0.19357783032322273,0.9582474226804123,230.88,185.9,1.0,2330.68,840.0,2265.18
acquisition,weibo_gadbench,hgb_graph_features,0.0,zero_exposure,moderate,pooled_reference,9,0.14260649519266985,0.9178571428571429,210.12,179.9,1.0,2496.4,840.0,2418.92
acquisition,weibo_gadbench,hgb_graph_features,0.0,zero_exposure,moderate,pooled_stratum,0,0.00890282131661442,0.0064646464646464655,1.44,1.28,0.12,2524.6,840.0,2430.04
acquisition,weibo_gadbench,hgb_graph_features,0.0,zero_exposure,moderate,pooled_stratum,1,0.01,0.0015384615384615385,0.4,0.3,0.04,2512.8,840.0,2441.68
acquisition,weibo_gadbench,hgb_graph_features,0.0,zero_exposure,moderate,pooled_stratum,2,0.023535353535353538,0.006358974358974359,1.5,1.24,0.14,2365.84,840.0,2291.96
acquisition,weibo_gadbench,hgb_graph_features,0.0,zero_exposure,moderate,pooled_stratum,3,0.015192307692307692,0.002929292929292929,0.74,0.58,0.08,2515.98,840.0,2439.28
acquisition,weibo_gadbench,hgb_graph_features,0.0,zero_exposure,moderate,pooled_stratum,4,0.0,0.009948717948717949,1.94,1.94,0.18,2403.28,840.0,2332.24
acquisition,weibo_gadbench,hgb_graph_features,0.0,zero_exposure,moderate,pooled_stratum,5,0.013692307692307693,0.0128,2.72,2.56,0.24,2368.96,840.0,2281.7
acquisition,weibo_gadbench,hgb_graph_features,0.0,zero_exposure,moderate,pooled_stratum,6,0.02705555555555556,0.015025906735751295,3.16,2.9,0.32,2452.0,840.0,2377.08
acquisition,weibo_gadbench,hgb_graph_features,0.0,zero_exposure,moderate,pooled_stratum,7,0.07231418519560934,0.08255102040816327,17.54,16.18,1.0,2487.74,840.0,2401.9
acquisition,weibo_gadbench,hgb_graph_features,0.0,zero_exposure,moderate,pooled_stratum,8,0.0,0.0,0.0,0.0,0.0,2330.68,840.0,2265.18
acquisition,weibo_gadbench,hgb_graph_features,0.0,zero_exposure,moderate,pooled_stratum,9,0.01,0.0012244897959183673,0.32,0.24,0.04,2496.4,840.0,2418.92
acquisition,weibo_gadbench,hgb_graph_features,0.0,zero_exposure,moderate,size_alpha,0,0.00890282131661442,0.0064646464646464655,1.44,1.28,0.12,2524.6,840.0,2430.04
acquisition,weibo_gadbench,hgb_graph_features,0.0,zero_exposure,moderate,size_alpha,1,0.01,0.0015384615384615385,0.4,0.3,0.04,2512.8,840.0,2441.68
acquisition,weibo_gadbench,hgb_graph_features,0.0,zero_exposure,moderate,size_alpha,2,0.023535353535353538,0.006358974358974359,1.5,1.24,0.14,2365.84,840.0,2291.96
acquisition,weibo_gadbench,hgb_graph_features,0.0,zero_exposure,moderate,size_alpha,3,0.015192307692307692,0.002929292929292929,0.74,0.58,0.08,2515.98,840.0,2439.28
acquisition,weibo_gadbench,hgb_graph_features,0.0,zero_exposure,moderate,size_alpha,4,0.0,0.009948717948717949,1.94,1.94,0.18,2403.28,840.0,2332.24
acquisition,weibo_gadbench,hgb_graph_features,0.0,zero_exposure,moderate,size_alpha,5,0.013692307692307693,0.0128,2.72,2.56,0.24,2368.96,840.0,2281.7
acquisition,weibo_gadbench,hgb_graph_features,0.0,zero_exposure,moderate,size_alpha,6,0.02705555555555556,0.015025906735751295,3.16,2.9,0.32,2452.0,840.0,2377.08
acquisition,weibo_gadbench,hgb_graph_features,0.0,zero_exposure,moderate,size_alpha,7,0.07231418519560934,0.08255102040816327,17.54,16.18,1.0,2487.74,840.0,2401.9
acquisition,weibo_gadbench,hgb_graph_features,0.0,zero_exposure,moderate,size_alpha,8,0.0,0.0,0.0,0.0,0.0,2330.68,840.0,2265.18
acquisition,weibo_gadbench,hgb_graph_features,0.0,zero_exposure,moderate,size_alpha,9,0.01,0.0012244897959183673,0.32,0.24,0.04,2496.4,840.0,2418.92
acquisition,weibo_gadbench,hgb_graph_features,0.0,zero_exposure,moderate,uniform_counterfactual,0,0.07692954156431474,0.8195959595959595,175.88,162.28,1.0,2523.5,840.0,2261.9
acquisition,weibo_gadbench,hgb_graph_features,0.0,zero_exposure,moderate,uniform_counterfactual,1,0.10325940172822295,0.8533333333333333,185.76,166.4,1.0,2511.96,840.0,2252.54
acquisition,weibo_gadbench,hgb_graph_features,0.0,zero_exposure,moderate,uniform_counterfactual,2,0.09677640201672905,0.8460512820512821,182.9,164.98,1.0,2374.56,840.0,2126.54
acquisition,weibo_gadbench,hgb_graph_features,0.0,zero_exposure,moderate,uniform_counterfactual,3,0.08549092418441201,0.795959595959596,172.82,157.6,1.0,2519.1,840.0,2256.62
acquisition,weibo_gadbench,hgb_graph_features,0.0,zero_exposure,moderate,uniform_counterfactual,4,0.06904048315388792,0.867897435897436,182.04,169.24,1.0,2410.44,840.0,2163.82
acquisition,weibo_gadbench,hgb_graph_features,0.0,zero_exposure,moderate,uniform_counterfactual,5,0.10306053412293247,0.8518000000000001,190.62,170.36,1.0,2360.58,840.0,2111.84
acquisition,weibo_gadbench,hgb_graph_features,0.0,zero_exposure,moderate,uniform_counterfactual,6,0.09461302079388581,0.8341968911917098,178.12,161.0,1.0,2445.16,840.0,2195.1
acquisition,weibo_gadbench,hgb_graph_features,0.0,zero_exposure,moderate,uniform_counterfactual,7,0.08144258253801624,0.8620408163265306,184.2,168.96,1.0,2490.04,840.0,2232.94
acquisition,weibo_gadbench,hgb_graph_features,0.0,zero_exposure,moderate,uniform_counterfactual,8,0.10721814620501924,0.8642268041237113,188.02,167.66,1.0,2333.2,840.0,2095.12
acquisition,weibo_gadbench,hgb_graph_features,0.0,zero_exposure,moderate,uniform_counterfactual,9,0.10053913594385179,0.8663265306122448,189.0,169.8,1.0,2494.86,840.0,2238.8
acquisition,weibo_gadbench,hgb_graph_features,0.0,zero_exposure,moderate,weighted_bh,0,0.07073786873298084,0.7731313131313131,165.38,153.08,1.0,2524.6,840.0,2430.04
acquisition,weibo_gadbench,hgb_graph_features,0.0,zero_exposure,moderate,weighted_bh,1,0.09532947878130912,0.8114871794871794,176.12,158.24,1.0,2512.8,840.0,2441.68
acquisition,weibo_gadbench,hgb_graph_features,0.0,zero_exposure,moderate,weighted_bh,2,0.08752900456800282,0.8017435897435896,172.3,156.34,1.0,2365.84,840.0,2291.96
acquisition,weibo_gadbench,hgb_graph_features,0.0,zero_exposure,moderate,weighted_bh,3,0.07438517757867132,0.7506060606060606,161.66,148.62,1.0,2515.98,840.0,2439.28
acquisition,weibo_gadbench,hgb_graph_features,0.0,zero_exposure,moderate,weighted_bh,4,0.06221718661676197,0.8179487179487179,170.84,159.5,1.0,2403.28,840.0,2332.24
acquisition,weibo_gadbench,hgb_graph_features,0.0,zero_exposure,moderate,weighted_bh,5,0.09797564585655642,0.8271000000000001,184.58,165.42,1.0,2368.96,840.0,2281.7
acquisition,weibo_gadbench,hgb_graph_features,0.0,zero_exposure,moderate,weighted_bh,6,0.09628861653601878,0.8209326424870466,176.34,158.44,1.0,2452.0,840.0,2377.08
acquisition,weibo_gadbench,hgb_graph_features,0.0,zero_exposure,moderate,weighted_bh,7,0.07217492712018016,0.8448979591836735,179.0,165.6,1.0,2487.74,840.0,2401.9
acquisition,weibo_gadbench,hgb_graph_features,0.0,zero_exposure,moderate,weighted_bh,8,0.10024267354468933,0.8130927835051547,176.68,157.74,0.98,2330.68,840.0,2265.18
acquisition,weibo_gadbench,hgb_graph_features,0.0,zero_exposure,moderate,weighted_bh,9,0.09127572648015177,0.8345918367346938,180.58,163.58,1.0,2496.4,840.0,2418.92
acquisition,weibo_gadbench,hgb_graph_features,0.0,zero_exposure,moderate,weighted_by,0,0.0,0.0,0.0,0.0,0.0,2524.6,840.0,2430.04
acquisition,weibo_gadbench,hgb_graph_features,0.0,zero_exposure,moderate,weighted_by,1,0.0,0.0,0.0,0.0,0.0,2512.8,840.0,2441.68
acquisition,weibo_gadbench,hgb_graph_features,0.0,zero_exposure,moderate,weighted_by,2,0.0,0.0,0.0,0.0,0.0,2365.84,840.0,2291.96
acquisition,weibo_gadbench,hgb_graph_features,0.0,zero_exposure,moderate,weighted_by,3,0.0,0.0,0.0,0.0,0.0,2515.98,840.0,2439.28
acquisition,weibo_gadbench,hgb_graph_features,0.0,zero_exposure,moderate,weighted_by,4,0.0,0.0,0.0,0.0,0.0,2403.28,840.0,2332.24
acquisition,weibo_gadbench,hgb_graph_features,0.0,zero_exposure,moderate,weighted_by,5,0.0,0.0,0.0,0.0,0.0,2368.96,840.0,2281.7
acquisition,weibo_gadbench,hgb_graph_features,0.0,zero_exposure,moderate,weighted_by,6,0.0,0.0,0.0,0.0,0.0,2452.0,840.0,2377.08
acquisition,weibo_gadbench,hgb_graph_features,0.0,zero_exposure,moderate,weighted_by,7,0.0,0.0,0.0,0.0,0.0,2487.74,840.0,2401.9
acquisition,weibo_gadbench,hgb_graph_features,0.0,zero_exposure,moderate,weighted_by,8,0.0,0.0,0.0,0.0,0.0,2330.68,840.0,2265.18
acquisition,weibo_gadbench,hgb_graph_features,0.0,zero_exposure,moderate,weighted_by,9,0.0,0.0,0.0,0.0,0.0,2496.4,840.0,2418.92
acquisition,weibo_gadbench,hgb_graph_features,0.0,zero_exposure,neutral,equal_alpha,0,0.015099284785924599,0.41727272727272724,84.5,82.62,0.74,2836.6,840.0,2542.74
acquisition,weibo_gadbench,hgb_graph_features,0.0,zero_exposure,neutral,equal_alpha,1,0.012576298004221892,0.3616410256410256,71.96,70.52,0.76,2833.74,840.0,2540.36
acquisition,weibo_gadbench,hgb_graph_features,0.0,zero_exposure,neutral,equal_alpha,2,0.023738192588100726,0.525025641025641,105.22,102.38,1.0,2851.48,840.0,2555.28
acquisition,weibo_gadbench,hgb_graph_features,0.0,zero_exposure,neutral,equal_alpha,3,0.006228216485046198,0.10949494949494949,22.22,21.68,0.26,2831.68,840.0,2536.74
acquisition,weibo_gadbench,hgb_graph_features,0.0,zero_exposure,neutral,equal_alpha,4,0.028604979908046165,0.6742564102564103,135.58,131.48,1.0,2843.96,840.0,2554.2
acquisition,weibo_gadbench,hgb_graph_features,0.0,zero_exposure,neutral,equal_alpha,5,0.0302708002662941,0.6456000000000001,133.32,129.12,1.0,2823.34,840.0,2525.08
acquisition,weibo_gadbench,hgb_graph_features,0.0,zero_exposure,neutral,equal_alpha,6,0.027928452316535166,0.566321243523316,112.78,109.3,1.0,2824.38,840.0,2536.04
acquisition,weibo_gadbench,hgb_graph_features,0.0,zero_exposure,neutral,equal_alpha,7,0.025631263910538615,0.423469387755102,85.06,83.0,0.9,2840.28,840.0,2545.72
acquisition,weibo_gadbench,hgb_graph_features,0.0,zero_exposure,neutral,equal_alpha,8,0.03375399012772144,0.541958762886598,109.64,105.14,0.88,2829.46,840.0,2539.0
acquisition,weibo_gadbench,hgb_graph_features,0.0,zero_exposure,neutral,equal_alpha,9,0.02362715238789618,0.6492857142857144,130.6,127.26,1.0,2842.78,840.0,2550.76
acquisition,weibo_gadbench,hgb_graph_features,0.0,zero_exposure,neutral,pooled_reference,0,0.07850751593450753,0.8237373737373737,177.06,163.1,1.0,2836.6,840.0,2542.74
acquisition,weibo_gadbench,hgb_graph_features,0.0,zero_exposure,neutral,pooled_reference,1,0.10380815051702032,0.8554871794871794,186.28,166.82,1.0,2833.74,840.0,2540.36
acquisition,weibo_gadbench,hgb_graph_features,0.0,zero_exposure,neutral,pooled_reference,2,0.09849363164216879,0.848,183.64,165.36,1.0,2851.48,840.0,2555.28
acquisition,weibo_gadbench,hgb_graph_features,0.0,zero_exposure,neutral,pooled_reference,3,0.08729471784056148,0.7958585858585859,173.26,157.58,1.0,2831.68,840.0,2536.74
acquisition,weibo_gadbench,hgb_graph_features,0.0,zero_exposure,neutral,pooled_reference,4,0.06807421619342839,0.8664615384615385,181.52,168.96,1.0,2843.96,840.0,2554.2
acquisition,weibo_gadbench,hgb_graph_features,0.0,zero_exposure,neutral,pooled_reference,5,0.10357852134600534,0.8534,191.2,170.68,1.0,2823.34,840.0,2525.08
acquisition,weibo_gadbench,hgb_graph_features,0.0,zero_exposure,neutral,pooled_reference,6,0.09834265754592962,0.8383419689119171,179.74,161.8,1.0,2824.38,840.0,2536.04
acquisition,weibo_gadbench,hgb_graph_features,0.0,zero_exposure,neutral,pooled_reference,7,0.07970910665024471,0.8598979591836735,183.38,168.54,1.0,2840.28,840.0,2545.72
acquisition,weibo_gadbench,hgb_graph_features,0.0,zero_exposure,neutral,pooled_reference,8,0.10805095288142974,0.8661855670103092,188.54,168.04,1.0,2829.46,840.0,2539.0
acquisition,weibo_gadbench,hgb_graph_features,0.0,zero_exposure,neutral,pooled_reference,9,0.09960324953847605,0.8687755102040816,189.32,170.28,1.0,2842.78,840.0,2550.76
acquisition,weibo_gadbench,hgb_graph_features,0.0,zero_exposure,neutral,pooled_stratum,0,0.01348236098080525,0.059494949494949496,12.58,11.78,0.2,2836.6,840.0,2542.74
acquisition,weibo_gadbench,hgb_graph_features,0.0,zero_exposure,neutral,pooled_stratum,1,0.01,0.0015384615384615385,0.4,0.3,0.04,2833.74,840.0,2540.36
acquisition,weibo_gadbench,hgb_graph_features,0.0,zero_exposure,neutral,pooled_stratum,2,0.04500855837725839,0.15846153846153846,34.28,30.9,0.4,2851.48,840.0,2555.28
acquisition,weibo_gadbench,hgb_graph_features,0.0,zero_exposure,neutral,pooled_stratum,3,0.015192307692307692,0.002929292929292929,0.74,0.58,0.08,2831.68,840.0,2536.74
acquisition,weibo_gadbench,hgb_graph_features,0.0,zero_exposure,neutral,pooled_stratum,4,0.05942603899442281,0.5157948717948718,109.16,100.58,0.82,2843.96,840.0,2554.2
acquisition,weibo_gadbench,hgb_graph_features,0.0,zero_exposure,neutral,pooled_stratum,5,0.10215952155192948,0.5695,127.26,113.9,1.0,2823.34,840.0,2525.08
acquisition,weibo_gadbench,hgb_graph_features,0.0,zero_exposure,neutral,pooled_stratum,6,0.06390940476536776,0.24849740932642486,53.28,47.96,0.58,2824.38,840.0,2536.04
acquisition,weibo_gadbench,hgb_graph_features,0.0,zero_exposure,neutral,pooled_stratum,7,0.0758846956278001,0.11244897959183672,24.02,22.04,1.0,2840.28,840.0,2545.72
acquisition,weibo_gadbench,hgb_graph_features,0.0,zero_exposure,neutral,pooled_stratum,8,0.04434492771810441,0.1807216494845361,40.06,35.06,0.34,2829.46,840.0,2539.0
acquisition,weibo_gadbench,hgb_graph_features,0.0,zero_exposure,neutral,pooled_stratum,9,0.03745286784507209,0.2103061224489796,46.74,41.22,0.34,2842.78,840.0,2550.76
acquisition,weibo_gadbench,hgb_graph_features,0.0,zero_exposure,neutral,size_alpha,0,0.00890282131661442,0.0064646464646464655,1.44,1.28,0.12,2836.6,840.0,2542.74
acquisition,weibo_gadbench,hgb_graph_features,0.0,zero_exposure,neutral,size_alpha,1,0.01,0.0015384615384615385,0.4,0.3,0.04,2833.74,840.0,2540.36
acquisition,weibo_gadbench,hgb_graph_features,0.0,zero_exposure,neutral,size_alpha,2,0.022603571399479466,0.11066666666666666,22.2,21.58,0.34,2851.48,840.0,2555.28
acquisition,weibo_gadbench,hgb_graph_features,0.0,zero_exposure,neutral,size_alpha,3,0.015192307692307692,0.002929292929292929,0.74,0.58,0.08,2831.68,840.0,2536.74
acquisition,weibo_gadbench,hgb_graph_features,0.0,zero_exposure,neutral,size_alpha,4,0.01698278089929395,0.43005128205128207,86.0,83.86,0.78,2843.96,840.0,2554.2
acquisition,weibo_gadbench,hgb_graph_features,0.0,zero_exposure,neutral,size_alpha,5,0.010053384709500996,0.4814,97.36,96.28,1.0,2823.34,840.0,2525.08
acquisition,weibo_gadbench,hgb_graph_features,0.0,zero_exposure,neutral,size_alpha,6,0.024998239201306775,0.07585492227979275,15.28,14.64,0.36,2824.38,840.0,2536.04
acquisition,weibo_gadbench,hgb_graph_features,0.0,zero_exposure,neutral,size_alpha,7,0.07267782155924571,0.0926530612244898,19.56,18.16,1.0,2840.28,840.0,2545.72
acquisition,weibo_gadbench,hgb_graph_features,0.0,zero_exposure,neutral,size_alpha,8,0.011224690235512534,0.15628865979381443,31.62,30.32,0.28,2829.46,840.0,2539.0
acquisition,weibo_gadbench,hgb_graph_features,0.0,zero_exposure,neutral,size_alpha,9,0.006339597214570697,0.11591836734693878,23.56,22.72,0.2,2842.78,840.0,2550.76
acquisition,weibo_gadbench,hgb_graph_features,0.0,zero_exposure,neutral,uniform_counterfactual,0,0.07850751593450753,0.8237373737373737,177.06,163.1,1.0,2836.6,840.0,2542.74
acquisition,weibo_gadbench,hgb_graph_features,0.0,zero_exposure,neutral,uniform_counterfactual,1,0.10380815051702032,0.8554871794871794,186.28,166.82,1.0,2833.74,840.0,2540.36
acquisition,weibo_gadbench,hgb_graph_features,0.0,zero_exposure,neutral,uniform_counterfactual,2,0.09849363164216879,0.848,183.64,165.36,1.0,2851.48,840.0,2555.28
acquisition,weibo_gadbench,hgb_graph_features,0.0,zero_exposure,neutral,uniform_counterfactual,3,0.08729471784056148,0.7958585858585859,173.26,157.58,1.0,2831.68,840.0,2536.74
acquisition,weibo_gadbench,hgb_graph_features,0.0,zero_exposure,neutral,uniform_counterfactual,4,0.06807421619342839,0.8664615384615385,181.52,168.96,1.0,2843.96,840.0,2554.2
acquisition,weibo_gadbench,hgb_graph_features,0.0,zero_exposure,neutral,uniform_counterfactual,5,0.10357852134600534,0.8534,191.2,170.68,1.0,2823.34,840.0,2525.08
acquisition,weibo_gadbench,hgb_graph_features,0.0,zero_exposure,neutral,uniform_counterfactual,6,0.09834265754592962,0.8383419689119171,179.74,161.8,1.0,2824.38,840.0,2536.04
acquisition,weibo_gadbench,hgb_graph_features,0.0,zero_exposure,neutral,uniform_counterfactual,7,0.07970910665024471,0.8598979591836735,183.38,168.54,1.0,2840.28,840.0,2545.72
acquisition,weibo_gadbench,hgb_graph_features,0.0,zero_exposure,neutral,uniform_counterfactual,8,0.10805095288142974,0.8661855670103092,188.54,168.04,1.0,2829.46,840.0,2539.0
acquisition,weibo_gadbench,hgb_graph_features,0.0,zero_exposure,neutral,uniform_counterfactual,9,0.09960324953847605,0.8687755102040816,189.32,170.28,1.0,2842.78,840.0,2550.76
acquisition,weibo_gadbench,hgb_graph_features,0.0,zero_exposure,neutral,weighted_bh,0,0.07850751593450753,0.8237373737373737,177.06,163.1,1.0,2836.6,840.0,2542.74
acquisition,weibo_gadbench,hgb_graph_features,0.0,zero_exposure,neutral,weighted_bh,1,0.10380815051702032,0.8554871794871794,186.28,166.82,1.0,2833.74,840.0,2540.36
acquisition,weibo_gadbench,hgb_graph_features,0.0,zero_exposure,neutral,weighted_bh,2,0.09849363164216879,0.848,183.64,165.36,1.0,2851.48,840.0,2555.28
acquisition,weibo_gadbench,hgb_graph_features,0.0,zero_exposure,neutral,weighted_bh,3,0.08729471784056148,0.7958585858585859,173.26,157.58,1.0,2831.68,840.0,2536.74
acquisition,weibo_gadbench,hgb_graph_features,0.0,zero_exposure,neutral,weighted_bh,4,0.06807421619342839,0.8664615384615385,181.52,168.96,1.0,2843.96,840.0,2554.2
acquisition,weibo_gadbench,hgb_graph_features,0.0,zero_exposure,neutral,weighted_bh,5,0.10357852134600534,0.8534,191.2,170.68,1.0,2823.34,840.0,2525.08
acquisition,weibo_gadbench,hgb_graph_features,0.0,zero_exposure,neutral,weighted_bh,6,0.09834265754592962,0.8383419689119171,179.74,161.8,1.0,2824.38,840.0,2536.04
acquisition,weibo_gadbench,hgb_graph_features,0.0,zero_exposure,neutral,weighted_bh,7,0.07970910665024471,0.8598979591836735,183.38,168.54,1.0,2840.28,840.0,2545.72
acquisition,weibo_gadbench,hgb_graph_features,0.0,zero_exposure,neutral,weighted_bh,8,0.10805095288142974,0.8661855670103092,188.54,168.04,1.0,2829.46,840.0,2539.0
acquisition,weibo_gadbench,hgb_graph_features,0.0,zero_exposure,neutral,weighted_bh,9,0.09960324953847605,0.8687755102040816,189.32,170.28,1.0,2842.78,840.0,2550.76
acquisition,weibo_gadbench,hgb_graph_features,0.0,zero_exposure,neutral,weighted_by,0,0.0005414304005853302,0.05111111111111111,10.16,10.12,0.14,2836.6,840.0,2542.74
acquisition,weibo_gadbench,hgb_graph_features,0.0,zero_exposure,neutral,weighted_by,1,0.005009713870012533,0.2151794871794872,42.4,41.96,0.52,2833.74,840.0,2540.36
acquisition,weibo_gadbench,hgb_graph_features,0.0,zero_exposure,neutral,weighted_by,2,0.003037136193752907,0.10594871794871795,20.98,20.66,0.22,2851.48,840.0,2555.28
acquisition,weibo_gadbench,hgb_graph_features,0.0,zero_exposure,neutral,weighted_by,3,0.0032807864797859587,0.05757575757575758,11.68,11.4,0.14,2831.68,840.0,2536.74
acquisition,weibo_gadbench,hgb_graph_features,0.0,zero_exposure,neutral,weighted_by,4,0.015478230507203948,0.4353846153846154,86.9,84.9,0.7,2843.96,840.0,2554.2
acquisition,weibo_gadbench,hgb_graph_features,0.0,zero_exposure,neutral,weighted_by,5,0.00849972416945817,0.3204,65.04,64.08,0.62,2823.34,840.0,2525.08
acquisition,weibo_gadbench,hgb_graph_features,0.0,zero_exposure,neutral,weighted_by,6,0.013537307227281404,0.42207253886010365,82.76,81.46,1.0,2824.38,840.0,2536.04
acquisition,weibo_gadbench,hgb_graph_features,0.0,zero_exposure,neutral,weighted_by,7,0.011375573289006577,0.22387755102040818,44.7,43.88,0.62,2840.28,840.0,2545.72
acquisition,weibo_gadbench,hgb_graph_features,0.0,zero_exposure,neutral,weighted_by,8,0.008822203847781504,0.08742268041237113,18.1,16.96,0.14,2829.46,840.0,2539.0
acquisition,weibo_gadbench,hgb_graph_features,0.0,zero_exposure,neutral,weighted_by,9,0.010580533221659605,0.175,35.48,34.3,0.36,2842.78,840.0,2550.76
acquisition,weibo_gadbench,hgb_graph_features,0.0,zero_exposure,severe,equal_alpha,0,0.0,0.0,0.0,0.0,0.0,2467.78,840.0,2409.1
acquisition,weibo_gadbench,hgb_graph_features,0.0,zero_exposure,severe,equal_alpha,1,0.0,0.0,0.0,0.0,0.0,2451.52,840.0,2422.72
acquisition,weibo_gadbench,hgb_graph_features,0.0,zero_exposure,severe,equal_alpha,2,0.0,0.0,0.0,0.0,0.0,2273.94,840.0,2240.66
acquisition,weibo_gadbench,hgb_graph_features,0.0,zero_exposure,severe,equal_alpha,3,0.0,0.0,0.0,0.0,0.0,2455.82,840.0,2419.8
acquisition,weibo_gadbench,hgb_graph_features,0.0,zero_exposure,severe,equal_alpha,4,0.0,0.0,0.0,0.0,0.0,2322.34,840.0,2291.9
acquisition,weibo_gadbench,hgb_graph_features,0.0,zero_exposure,severe,equal_alpha,5,0.0,0.0014000000000000002,0.28,0.28,0.02,2281.42,840.0,2236.86
acquisition,weibo_gadbench,hgb_graph_features,0.0,zero_exposure,severe,equal_alpha,6,0.0,0.0,0.0,0.0,0.0,2384.06,840.0,2347.24
acquisition,weibo_gadbench,hgb_graph_features,0.0,zero_exposure,severe,equal_alpha,7,0.047926103136629455,0.05591836734693877,11.86,10.96,0.66,2422.46,840.0,2375.4
acquisition,weibo_gadbench,hgb_graph_features,0.0,zero_exposure,severe,equal_alpha,8,0.0,0.0,0.0,0.0,0.0,2239.92,840.0,2214.7
acquisition,weibo_gadbench,hgb_graph_features,0.0,zero_exposure,severe,equal_alpha,9,0.0,0.0,0.0,0.0,0.0,2429.46,840.0,2394.82
acquisition,weibo_gadbench,hgb_graph_features,0.0,zero_exposure,severe,pooled_reference,0,0.11406484453689,0.8874747474747474,198.58,175.72,1.0,2467.78,840.0,2409.1
acquisition,weibo_gadbench,hgb_graph_features,0.0,zero_exposure,severe,pooled_reference,1,0.21856749859122393,0.9482051282051281,236.94,184.9,1.0,2451.52,840.0,2422.72
acquisition,weibo_gadbench,hgb_graph_features,0.0,zero_exposure,severe,pooled_reference,2,0.2211402748569819,0.9704615384615384,243.24,189.24,1.0,2273.94,840.0,2240.66
acquisition,weibo_gadbench,hgb_graph_features,0.0,zero_exposure,severe,pooled_reference,3,0.17483370034228216,0.9165656565656566,220.22,181.48,1.0,2455.82,840.0,2419.8
acquisition,weibo_gadbench,hgb_graph_features,0.0,zero_exposure,severe,pooled_reference,4,0.15193854769984752,0.9466666666666668,218.52,184.6,1.0,2322.34,840.0,2291.9
acquisition,weibo_gadbench,hgb_graph_features,0.0,zero_exposure,severe,pooled_reference,5,0.16618928206581746,0.9235000000000001,222.06,184.7,1.0,2281.42,840.0,2236.86
acquisition,weibo_gadbench,hgb_graph_features,0.0,zero_exposure,severe,pooled_reference,6,0.23625556100898057,0.9689119170984456,245.18,187.0,1.0,2384.06,840.0,2347.24
acquisition,weibo_gadbench,hgb_graph_features,0.0,zero_exposure,severe,pooled_reference,7,0.15881199811868751,0.9445918367346938,220.76,185.14,1.0,2422.46,840.0,2375.4
acquisition,weibo_gadbench,hgb_graph_features,0.0,zero_exposure,severe,pooled_reference,8,0.21806366559454365,0.9675257731958763,240.34,187.7,1.0,2239.92,840.0,2214.7
acquisition,weibo_gadbench,hgb_graph_features,0.0,zero_exposure,severe,pooled_reference,9,0.15556038395654304,0.9294897959183673,215.98,182.18,1.0,2429.46,840.0,2394.82
acquisition,weibo_gadbench,hgb_graph_features,0.0,zero_exposure,severe,pooled_stratum,0,0.00890282131661442,0.0064646464646464655,1.44,1.28,0.12,2467.78,840.0,2409.1
acquisition,weibo_gadbench,hgb_graph_features,0.0,zero_exposure,severe,pooled_stratum,1,0.01,0.0015384615384615385,0.4,0.3,0.04,2451.52,840.0,2422.72
acquisition,weibo_gadbench,hgb_graph_features,0.0,zero_exposure,severe,pooled_stratum,2,0.023535353535353538,0.006358974358974359,1.5,1.24,0.14,2273.94,840.0,2240.66
acquisition,weibo_gadbench,hgb_graph_features,0.0,zero_exposure,severe,pooled_stratum,3,0.015192307692307692,0.002929292929292929,0.74,0.58,0.08,2455.82,840.0,2419.8
acquisition,weibo_gadbench,hgb_graph_features,0.0,zero_exposure,severe,pooled_stratum,4,0.0,0.009948717948717949,1.94,1.94,0.18,2322.34,840.0,2291.9
acquisition,weibo_gadbench,hgb_graph_features,0.0,zero_exposure,severe,pooled_stratum,5,0.013692307692307693,0.0128,2.72,2.56,0.24,2281.42,840.0,2236.86
acquisition,weibo_gadbench,hgb_graph_features,0.0,zero_exposure,severe,pooled_stratum,6,0.02705555555555556,0.015025906735751295,3.16,2.9,0.32,2384.06,840.0,2347.24
acquisition,weibo_gadbench,hgb_graph_features,0.0,zero_exposure,severe,pooled_stratum,7,0.07231418519560934,0.08255102040816327,17.54,16.18,1.0,2422.46,840.0,2375.4
acquisition,weibo_gadbench,hgb_graph_features,0.0,zero_exposure,severe,pooled_stratum,8,0.0,0.0,0.0,0.0,0.0,2239.92,840.0,2214.7
acquisition,weibo_gadbench,hgb_graph_features,0.0,zero_exposure,severe,pooled_stratum,9,0.01,0.0012244897959183673,0.32,0.24,0.04,2429.46,840.0,2394.82
acquisition,weibo_gadbench,hgb_graph_features,0.0,zero_exposure,severe,size_alpha,0,0.00890282131661442,0.0064646464646464655,1.44,1.28,0.12,2467.78,840.0,2409.1
acquisition,weibo_gadbench,hgb_graph_features,0.0,zero_exposure,severe,size_alpha,1,0.01,0.0015384615384615385,0.4,0.3,0.04,2451.52,840.0,2422.72
acquisition,weibo_gadbench,hgb_graph_features,0.0,zero_exposure,severe,size_alpha,2,0.023535353535353538,0.006358974358974359,1.5,1.24,0.14,2273.94,840.0,2240.66
acquisition,weibo_gadbench,hgb_graph_features,0.0,zero_exposure,severe,size_alpha,3,0.015192307692307692,0.002929292929292929,0.74,0.58,0.08,2455.82,840.0,2419.8
acquisition,weibo_gadbench,hgb_graph_features,0.0,zero_exposure,severe,size_alpha,4,0.0,0.009948717948717949,1.94,1.94,0.18,2322.34,840.0,2291.9
acquisition,weibo_gadbench,hgb_graph_features,0.0,zero_exposure,severe,size_alpha,5,0.013692307692307693,0.0128,2.72,2.56,0.24,2281.42,840.0,2236.86
acquisition,weibo_gadbench,hgb_graph_features,0.0,zero_exposure,severe,size_alpha,6,0.02705555555555556,0.015025906735751295,3.16,2.9,0.32,2384.06,840.0,2347.24
acquisition,weibo_gadbench,hgb_graph_features,0.0,zero_exposure,severe,size_alpha,7,0.07231418519560934,0.08255102040816327,17.54,16.18,1.0,2422.46,840.0,2375.4
acquisition,weibo_gadbench,hgb_graph_features,0.0,zero_exposure,severe,size_alpha,8,0.0,0.0,0.0,0.0,0.0,2239.92,840.0,2214.7
acquisition,weibo_gadbench,hgb_graph_features,0.0,zero_exposure,severe,size_alpha,9,0.01,0.0012244897959183673,0.32,0.24,0.04,2429.46,840.0,2394.82
acquisition,weibo_gadbench,hgb_graph_features,0.0,zero_exposure,severe,uniform_counterfactual,0,0.07771040977273377,0.8214141414141415,176.42,162.64,1.0,2463.64,840.0,2208.46
acquisition,weibo_gadbench,hgb_graph_features,0.0,zero_exposure,severe,uniform_counterfactual,1,0.10321242356432435,0.8524102564102565,185.58,166.22,1.0,2450.72,840.0,2197.44
acquisition,weibo_gadbench,hgb_graph_features,0.0,zero_exposure,severe,uniform_counterfactual,2,0.09498582414299643,0.8414358974358974,181.54,164.08,1.0,2282.46,840.0,2044.04
acquisition,weibo_gadbench,hgb_graph_features,0.0,zero_exposure,severe,uniform_counterfactual,3,0.08608284770777916,0.7971717171717172,173.14,157.84,1.0,2461.04,840.0,2205.44
acquisition,weibo_gadbench,hgb_graph_features,0.0,zero_exposure,severe,uniform_counterfactual,4,0.0691016633347944,0.8671794871794871,181.9,169.1,1.0,2324.6,840.0,2086.68
acquisition,weibo_gadbench,hgb_graph_features,0.0,zero_exposure,severe,uniform_counterfactual,5,0.10059092979583778,0.8517,189.98,170.34,1.0,2271.92,840.0,2032.32
acquisition,weibo_gadbench,hgb_graph_features,0.0,zero_exposure,severe,uniform_counterfactual,6,0.09507025482352544,0.8352331606217617,178.46,161.2,1.0,2375.54,840.0,2132.52
acquisition,weibo_gadbench,hgb_graph_features,0.0,zero_exposure,severe,uniform_counterfactual,7,0.07975794257712567,0.8611224489795919,183.64,168.78,1.0,2423.02,840.0,2173.14
acquisition,weibo_gadbench,hgb_graph_features,0.0,zero_exposure,severe,uniform_counterfactual,8,0.10709040717716523,0.8639175257731959,187.96,167.6,1.0,2239.94,840.0,2012.0
acquisition,weibo_gadbench,hgb_graph_features,0.0,zero_exposure,severe,uniform_counterfactual,9,0.09840772592924735,0.8654081632653061,188.42,169.62,1.0,2430.42,840.0,2181.2
acquisition,weibo_gadbench,hgb_graph_features,0.0,zero_exposure,severe,weighted_bh,0,0.008247841543930929,0.019595959595959597,4.44,3.88,0.12,2467.78,840.0,2409.1
acquisition,weibo_gadbench,hgb_graph_features,0.0,zero_exposure,severe,weighted_bh,1,0.05779093924207748,0.3642051282051282,82.72,71.02,0.42,2451.52,840.0,2422.72
acquisition,weibo_gadbench,hgb_graph_features,0.0,zero_exposure,severe,weighted_bh,2,0.06286076212556169,0.42328205128205126,95.22,82.54,0.5,2273.94,840.0,2240.66
acquisition,weibo_gadbench,hgb_graph_features,0.0,zero_exposure,severe,weighted_bh,3,0.03861973010638927,0.16555555555555557,38.3,32.78,0.28,2455.82,840.0,2419.8
acquisition,weibo_gadbench,hgb_graph_features,0.0,zero_exposure,severe,weighted_bh,4,0.03377237444040015,0.22512820512820514,48.78,43.9,0.48,2322.34,840.0,2291.9
acquisition,weibo_gadbench,hgb_graph_features,0.0,zero_exposure,severe,weighted_bh,5,0.06145448438738451,0.35969999999999996,83.76,71.94,0.54,2281.42,840.0,2236.86
acquisition,weibo_gadbench,hgb_graph_features,0.0,zero_exposure,severe,weighted_bh,6,0.08456370666462376,0.47761658031088083,106.7,92.18,0.68,2384.06,840.0,2347.24
acquisition,weibo_gadbench,hgb_graph_features,0.0,zero_exposure,severe,weighted_bh,7,0.057336089971290506,0.5148979591836735,108.72,100.92,0.96,2422.46,840.0,2375.4
acquisition,weibo_gadbench,hgb_graph_features,0.0,zero_exposure,severe,weighted_bh,8,0.0523441953812179,0.3331958762886598,75.3,64.64,0.38,2239.92,840.0,2214.7
acquisition,weibo_gadbench,hgb_graph_features,0.0,zero_exposure,severe,weighted_bh,9,0.014148233482118987,0.08336734693877551,19.04,16.34,0.12,2429.46,840.0,2394.82
acquisition,weibo_gadbench,hgb_graph_features,0.0,zero_exposure,severe,weighted_by,0,0.0,0.0,0.0,0.0,0.0,2467.78,840.0,2409.1
acquisition,weibo_gadbench,hgb_graph_features,0.0,zero_exposure,severe,weighted_by,1,0.0,0.0,0.0,0.0,0.0,2451.52,840.0,2422.72
acquisition,weibo_gadbench,hgb_graph_features,0.0,zero_exposure,severe,weighted_by,2,0.0,0.0,0.0,0.0,0.0,2273.94,840.0,2240.66
acquisition,weibo_gadbench,hgb_graph_features,0.0,zero_exposure,severe,weighted_by,3,0.0,0.0,0.0,0.0,0.0,2455.82,840.0,2419.8
acquisition,weibo_gadbench,hgb_graph_features,0.0,zero_exposure,severe,weighted_by,4,0.0,0.0,0.0,0.0,0.0,2322.34,840.0,2291.9
acquisition,weibo_gadbench,hgb_graph_features,0.0,zero_exposure,severe,weighted_by,5,0.0,0.0,0.0,0.0,0.0,2281.42,840.0,2236.86
acquisition,weibo_gadbench,hgb_graph_features,0.0,zero_exposure,severe,weighted_by,6,0.0,0.0,0.0,0.0,0.0,2384.06,840.0,2347.24
acquisition,weibo_gadbench,hgb_graph_features,0.0,zero_exposure,severe,weighted_by,7,0.0,0.0,0.0,0.0,0.0,2422.46,840.0,2375.4
acquisition,weibo_gadbench,hgb_graph_features,0.0,zero_exposure,severe,weighted_by,8,0.0,0.0,0.0,0.0,0.0,2239.92,840.0,2214.7
acquisition,weibo_gadbench,hgb_graph_features,0.0,zero_exposure,severe,weighted_by,9,0.0,0.0,0.0,0.0,0.0,2429.46,840.0,2394.82
allocation,amazon,hgb_attributes,0.25,exposure_80,uniform,equal_alpha,0,0.03895192383474409,0.56,108.4,103.6,1.0,1491.6,864.0,1347.2
allocation,amazon,hgb_attributes,0.25,exposure_80,uniform,equal_alpha,1,0.04187734843753542,0.6131147540983607,117.6,112.2,1.0,1448.6,864.0,1318.2
allocation,amazon,hgb_attributes,0.25,exposure_80,uniform,equal_alpha,2,0.053053453638560025,0.644808743169399,124.8,118.0,1.0,1472.6,864.0,1333.6
allocation,amazon,hgb_attributes,0.25,exposure_80,uniform,equal_alpha,3,0.022519509476031215,0.4247311827956989,82.4,79.0,0.8,1500.0,864.0,1347.6
allocation,amazon,hgb_attributes,0.25,exposure_80,uniform,equal_alpha,4,0.041093114853035864,0.6521739130434783,125.0,120.0,1.0,1487.2,864.0,1352.6
allocation,amazon,hgb_attributes,0.25,exposure_80,uniform,equal_alpha,5,0.04146728573692182,0.4870967741935484,93.8,90.6,1.0,1468.2,864.0,1318.6
allocation,amazon,hgb_attributes,0.25,exposure_80,uniform,equal_alpha,6,0.034168914079394055,0.47659574468085103,93.6,89.6,0.8,1433.6,864.0,1299.6
allocation,amazon,hgb_attributes,0.25,exposure_80,uniform,equal_alpha,7,0.03331856255659431,0.6427807486631016,124.6,120.2,1.0,1443.0,864.0,1303.8
allocation,amazon,hgb_attributes,0.25,exposure_80,uniform,equal_alpha,8,0.033652762553443974,0.5459459459459459,104.6,101.0,1.0,1461.8,864.0,1325.0
allocation,amazon,hgb_attributes,0.25,exposure_80,uniform,equal_alpha,9,0.0212004212004212,0.25591397849462366,48.8,47.6,0.8,1462.0,864.0,1322.0
allocation,amazon,hgb_attributes,0.25,exposure_80,uniform,filtered_low,0,0.1289166389166389,0.7935135135135135,169.4,146.8,1.0,1491.6,864.0,1347.2
allocation,amazon,hgb_attributes,0.25,exposure_80,uniform,filtered_low,1,0.13538629976446753,0.8021857923497269,170.4,146.8,1.0,1448.6,864.0,1318.2
allocation,amazon,hgb_attributes,0.25,exposure_80,uniform,filtered_low,2,0.11729793239082667,0.7672131147540984,159.2,140.4,1.0,1472.6,864.0,1333.6
allocation,amazon,hgb_attributes,0.25,exposure_80,uniform,filtered_low,3,0.09187253495594054,0.8301075268817204,171.2,154.4,1.0,1500.0,864.0,1347.6
allocation,amazon,hgb_attributes,0.25,exposure_80,uniform,filtered_low,4,0.08773620559334845,0.7684782608695653,155.2,141.4,1.0,1487.2,864.0,1352.6
allocation,amazon,hgb_attributes,0.25,exposure_80,uniform,filtered_low,5,0.11244285320269902,0.8086021505376344,169.6,150.4,1.0,1468.2,864.0,1318.6
allocation,amazon,hgb_attributes,0.25,exposure_80,uniform,filtered_low,6,0.09662276480173018,0.7691489361702127,160.2,144.6,1.0,1433.6,864.0,1299.6
allocation,amazon,hgb_attributes,0.25,exposure_80,uniform,filtered_low,7,0.1410508358645321,0.8149732620320856,177.8,152.4,1.0,1443.0,864.0,1303.8
allocation,amazon,hgb_attributes,0.25,exposure_80,uniform,filtered_low,8,0.10492564897811787,0.7794594594594595,161.2,144.2,1.0,1461.8,864.0,1325.0
allocation,amazon,hgb_attributes,0.25,exposure_80,uniform,filtered_low,9,0.08618426533744442,0.8,163.4,148.8,1.0,1462.0,864.0,1322.0
allocation,amazon,hgb_attributes,0.25,exposure_80,uniform,pooled_reference,0,0.11440989780053576,0.7902702702702703,165.8,146.2,1.0,1491.6,864.0,1347.2
allocation,amazon,hgb_attributes,0.25,exposure_80,uniform,pooled_reference,1,0.11263648589764708,0.7879781420765027,162.8,144.2,1.0,1448.6,864.0,1318.2
allocation,amazon,hgb_attributes,0.25,exposure_80,uniform,pooled_reference,2,0.09822586391914123,0.7584699453551913,154.0,138.8,1.0,1472.6,864.0,1333.6
allocation,amazon,hgb_attributes,0.25,exposure_80,uniform,pooled_reference,3,0.06359798164716284,0.789247311827957,158.0,146.8,1.0,1500.0,864.0,1347.6
allocation,amazon,hgb_attributes,0.25,exposure_80,uniform,pooled_reference,4,0.07456247222915766,0.7532608695652174,150.0,138.6,1.0,1487.2,864.0,1352.6
allocation,amazon,hgb_attributes,0.25,exposure_80,uniform,pooled_reference,5,0.08185470548168397,0.7795698924731183,158.0,145.0,1.0,1468.2,864.0,1318.6
allocation,amazon,hgb_attributes,0.25,exposure_80,uniform,pooled_reference,6,0.08907810873668436,0.7648936170212766,158.0,143.8,1.0,1433.6,864.0,1299.6
allocation,amazon,hgb_attributes,0.25,exposure_80,uniform,pooled_reference,7,0.11193527323168831,0.7967914438502673,168.2,149.0,1.0,1443.0,864.0,1303.8
allocation,amazon,hgb_attributes,0.25,exposure_80,uniform,pooled_reference,8,0.0940276875289358,0.7772972972972972,158.8,143.8,1.0,1461.8,864.0,1325.0
allocation,amazon,hgb_attributes,0.25,exposure_80,uniform,pooled_reference,9,0.06860920300749254,0.789247311827957,158.0,146.8,1.0,1462.0,864.0,1322.0
allocation,amazon,hgb_attributes,0.25,exposure_80,uniform,pooled_stratum,0,0.08159869389482755,0.46594594594594596,98.2,86.2,1.0,1491.6,864.0,1347.2
allocation,amazon,hgb_attributes,0.25,exposure_80,uniform,pooled_stratum,1,0.08901935129023879,0.5224043715846994,105.4,95.6,1.0,1448.6,864.0,1318.2
allocation,amazon,hgb_attributes,0.25,exposure_80,uniform,pooled_stratum,2,0.07760321023838006,0.4590163934426229,91.0,84.0,1.0,1472.6,864.0,1333.6
allocation,amazon,hgb_attributes,0.25,exposure_80,uniform,pooled_stratum,3,0.06544989893827104,0.4827956989247312,97.6,89.8,1.0,1500.0,864.0,1347.6
allocation,amazon,hgb_attributes,0.25,exposure_80,uniform,pooled_stratum,4,0.06920325385428412,0.44673913043478264,89.0,82.2,1.0,1487.2,864.0,1352.6
allocation,amazon,hgb_attributes,0.25,exposure_80,uniform,pooled_stratum,5,0.06146660888824691,0.2204301075268817,44.4,41.0,0.8,1468.2,864.0,1318.6
allocation,amazon,hgb_attributes,0.25,exposure_80,uniform,pooled_stratum,6,0.06315398067998122,0.55,111.8,103.4,1.0,1433.6,864.0,1299.6
allocation,amazon,hgb_attributes,0.25,exposure_80,uniform,pooled_stratum,7,0.06723175814084906,0.2962566844919786,60.8,55.4,0.8,1443.0,864.0,1303.8
allocation,amazon,hgb_attributes,0.25,exposure_80,uniform,pooled_stratum,8,0.04762000798302557,0.3005405405405405,60.2,55.6,0.6,1461.8,864.0,1325.0
allocation,amazon,hgb_attributes,0.25,exposure_80,uniform,pooled_stratum,9,0.07739306408792421,0.2978494623655914,61.0,55.4,0.8,1462.0,864.0,1322.0
allocation,amazon,hgb_attributes,0.25,exposure_80,uniform,size_alpha,0,0.06839012925969448,0.2486486486486487,52.0,46.0,0.8,1491.6,864.0,1347.2
allocation,amazon,hgb_attributes,0.25,exposure_80,uniform,size_alpha,1,0.07115384615384615,0.16721311475409836,33.0,30.6,1.0,1448.6,864.0,1318.2
allocation,amazon,hgb_attributes,0.25,exposure_80,uniform,size_alpha,2,0.06535286935286935,0.35300546448087433,67.4,64.6,1.0,1472.6,864.0,1333.6
allocation,amazon,hgb_attributes,0.25,exposure_80,uniform,size_alpha,3,0.034999999999999996,0.23763440860215054,45.8,44.2,1.0,1500.0,864.0,1347.6
allocation,amazon,hgb_attributes,0.25,exposure_80,uniform,size_alpha,4,0.08755399229146592,0.20760869565217394,42.0,38.2,1.0,1487.2,864.0,1352.6
allocation,amazon,hgb_attributes,0.25,exposure_80,uniform,size_alpha,5,0.05648904870872834,0.13118279569892474,26.2,24.4,0.8,1468.2,864.0,1318.6
allocation,amazon,hgb_attributes,0.25,exposure_80,uniform,size_alpha,6,0.026137566137566137,0.14574468085106382,28.4,27.4,0.8,1433.6,864.0,1299.6
allocation,amazon,hgb_attributes,0.25,exposure_80,uniform,size_alpha,7,0.05901116427432217,0.14652406417112301,29.6,27.4,0.8,1443.0,864.0,1303.8
allocation,amazon,hgb_attributes,0.25,exposure_80,uniform,size_alpha,8,0.018604651162790697,0.04216216216216216,8.6,7.8,0.2,1461.8,864.0,1325.0
allocation,amazon,hgb_attributes,0.25,exposure_80,uniform,size_alpha,9,0.06291378857416594,0.13978494623655915,28.4,26.0,0.8,1462.0,864.0,1322.0
allocation,amazon,hgb_attributes,0.25,zero_exposure,uniform,equal_alpha,0,0.02746447205096612,0.5794594594594594,110.6,107.2,1.0,1491.6,864.0,1347.2
allocation,amazon,hgb_attributes,0.25,zero_exposure,uniform,equal_alpha,1,0.042583758254241016,0.659016393442623,126.0,120.6,1.0,1448.6,864.0,1318.2
allocation,amazon,hgb_attributes,0.25,zero_exposure,uniform,equal_alpha,2,0.051389329480298306,0.644808743169399,124.4,118.0,1.0,1472.6,864.0,1333.6
allocation,amazon,hgb_attributes,0.25,zero_exposure,uniform,equal_alpha,3,0.03447785091620708,0.5096774193548387,100.0,94.8,1.0,1500.0,864.0,1347.6
allocation,amazon,hgb_attributes,0.25,zero_exposure,uniform,equal_alpha,4,0.034614173084477576,0.5728260869565218,109.4,105.4,1.0,1487.2,864.0,1352.6
allocation,amazon,hgb_attributes,0.25,zero_exposure,uniform,equal_alpha,5,0.038844777564111366,0.6043010752688172,117.0,112.4,1.0,1468.2,864.0,1318.6
allocation,amazon,hgb_attributes,0.25,zero_exposure,uniform,equal_alpha,6,0.04022773025806393,0.474468085106383,94.0,89.2,0.8,1433.6,864.0,1299.6
allocation,amazon,hgb_attributes,0.25,zero_exposure,uniform,equal_alpha,7,0.030510298291258196,0.572192513368984,110.4,107.0,1.0,1443.0,864.0,1303.8
allocation,amazon,hgb_attributes,0.25,zero_exposure,uniform,equal_alpha,8,0.049103661701829004,0.6194594594594595,120.6,114.6,1.0,1461.8,864.0,1325.0
allocation,amazon,hgb_attributes,0.25,zero_exposure,uniform,equal_alpha,9,0.04577498524866946,0.4376344086021505,86.2,81.4,1.0,1462.0,864.0,1322.0
allocation,amazon,hgb_attributes,0.25,zero_exposure,uniform,filtered_low,0,0.09228135242366742,0.7632432432432432,158.4,141.2,1.0,1491.6,864.0,1347.2
allocation,amazon,hgb_attributes,0.25,zero_exposure,uniform,filtered_low,1,0.12700869519318608,0.7573770491803279,164.2,138.6,1.0,1448.6,864.0,1318.2
allocation,amazon,hgb_attributes,0.25,zero_exposure,uniform,filtered_low,2,0.05158540193499306,0.7071038251366121,136.6,129.4,1.0,1472.6,864.0,1333.6
allocation,amazon,hgb_attributes,0.25,zero_exposure,uniform,filtered_low,3,0.09749979007562593,0.7333333333333334,156.2,136.4,1.0,1500.0,864.0,1347.6
allocation,amazon,hgb_attributes,0.25,zero_exposure,uniform,filtered_low,4,0.05317940746360922,0.7119565217391305,138.4,131.0,1.0,1487.2,864.0,1352.6
allocation,amazon,hgb_attributes,0.25,zero_exposure,uniform,filtered_low,5,0.08049698398638604,0.6376344086021506,132.0,118.6,0.8,1468.2,864.0,1318.6
allocation,amazon,hgb_attributes,0.25,zero_exposure,uniform,filtered_low,6,0.05244060529606063,0.7159574468085106,142.8,134.6,1.0,1433.6,864.0,1299.6
allocation,amazon,hgb_attributes,0.25,zero_exposure,uniform,filtered_low,7,0.14494410400937444,0.7967914438502673,176.6,149.0,1.0,1443.0,864.0,1303.8
allocation,amazon,hgb_attributes,0.25,zero_exposure,uniform,filtered_low,8,0.18558471306518998,0.5243243243243244,146.4,97.0,0.6,1461.8,864.0,1325.0
allocation,amazon,hgb_attributes,0.25,zero_exposure,uniform,filtered_low,9,0.04541803413808089,0.443010752688172,89.6,82.4,0.6,1462.0,864.0,1322.0
allocation,amazon,hgb_attributes,0.25,zero_exposure,uniform,pooled_reference,0,0.11440989780053576,0.7902702702702703,165.8,146.2,1.0,1491.6,864.0,1347.2
allocation,amazon,hgb_attributes,0.25,zero_exposure,uniform,pooled_reference,1,0.11263648589764708,0.7879781420765027,162.8,144.2,1.0,1448.6,864.0,1318.2
allocation,amazon,hgb_attributes,0.25,zero_exposure,uniform,pooled_reference,2,0.09822586391914123,0.7584699453551913,154.0,138.8,1.0,1472.6,864.0,1333.6
allocation,amazon,hgb_attributes,0.25,zero_exposure,uniform,pooled_reference,3,0.06359798164716284,0.789247311827957,158.0,146.8,1.0,1500.0,864.0,1347.6
allocation,amazon,hgb_attributes,0.25,zero_exposure,uniform,pooled_reference,4,0.07456247222915766,0.7532608695652174,150.0,138.6,1.0,1487.2,864.0,1352.6
allocation,amazon,hgb_attributes,0.25,zero_exposure,uniform,pooled_reference,5,0.08185470548168397,0.7795698924731183,158.0,145.0,1.0,1468.2,864.0,1318.6
allocation,amazon,hgb_attributes,0.25,zero_exposure,uniform,pooled_reference,6,0.08907810873668436,0.7648936170212766,158.0,143.8,1.0,1433.6,864.0,1299.6
allocation,amazon,hgb_attributes,0.25,zero_exposure,uniform,pooled_reference,7,0.11193527323168831,0.7967914438502673,168.2,149.0,1.0,1443.0,864.0,1303.8
allocation,amazon,hgb_attributes,0.25,zero_exposure,uniform,pooled_reference,8,0.0940276875289358,0.7772972972972972,158.8,143.8,1.0,1461.8,864.0,1325.0
allocation,amazon,hgb_attributes,0.25,zero_exposure,uniform,pooled_reference,9,0.06860920300749254,0.789247311827957,158.0,146.8,1.0,1462.0,864.0,1322.0
allocation,amazon,hgb_attributes,0.25,zero_exposure,uniform,pooled_stratum,0,0.09075435503383249,0.7524324324324324,153.6,139.2,1.0,1491.6,864.0,1347.2
allocation,amazon,hgb_attributes,0.25,zero_exposure,uniform,pooled_stratum,1,0.10656108783717799,0.7846994535519125,161.0,143.6,1.0,1448.6,864.0,1318.2
allocation,amazon,hgb_attributes,0.25,zero_exposure,uniform,pooled_stratum,2,0.09450729009552539,0.7475409836065573,151.2,136.8,1.0,1472.6,864.0,1333.6
allocation,amazon,hgb_attributes,0.25,zero_exposure,uniform,pooled_stratum,3,0.04790626152873344,0.7526881720430108,148.0,140.0,1.0,1500.0,864.0,1347.6
allocation,amazon,hgb_attributes,0.25,zero_exposure,uniform,pooled_stratum,4,0.07003670018166248,0.7445652173913043,147.4,137.0,1.0,1487.2,864.0,1352.6
allocation,amazon,hgb_attributes,0.25,zero_exposure,uniform,pooled_stratum,5,0.07493284115394994,0.7268817204301075,146.4,135.2,1.0,1468.2,864.0,1318.6
allocation,amazon,hgb_attributes,0.25,zero_exposure,uniform,pooled_stratum,6,0.07280755966158792,0.7542553191489362,153.0,141.8,1.0,1433.6,864.0,1299.6
allocation,amazon,hgb_attributes,0.25,zero_exposure,uniform,pooled_stratum,7,0.08465161605242763,0.7796791443850267,159.4,145.8,1.0,1443.0,864.0,1303.8
allocation,amazon,hgb_attributes,0.25,zero_exposure,uniform,pooled_stratum,8,0.10251909615860796,0.7524324324324325,155.4,139.2,1.0,1461.8,864.0,1325.0
allocation,amazon,hgb_attributes,0.25,zero_exposure,uniform,pooled_stratum,9,0.06793167067202288,0.7516129032258064,150.4,139.8,1.0,1462.0,864.0,1322.0
allocation,amazon,hgb_attributes,0.25,zero_exposure,uniform,size_alpha,0,0.08528191104246964,0.652972972972973,132.4,120.8,1.0,1491.6,864.0,1347.2
allocation,amazon,hgb_attributes,0.25,zero_exposure,uniform,size_alpha,1,0.08868921871812349,0.6896174863387978,138.6,126.2,1.0,1448.6,864.0,1318.2
allocation,amazon,hgb_attributes,0.25,zero_exposure,uniform,size_alpha,2,0.0893370305368266,0.6633879781420765,133.4,121.4,1.0,1472.6,864.0,1333.6
allocation,amazon,hgb_attributes,0.25,zero_exposure,uniform,size_alpha,3,0.04841513179183966,0.6301075268817204,124.4,117.2,1.0,1500.0,864.0,1347.6
allocation,amazon,hgb_attributes,0.25,zero_exposure,uniform,size_alpha,4,0.06331068009441057,0.6206521739130435,122.0,114.2,1.0,1487.2,864.0,1352.6
allocation,amazon,hgb_attributes,0.25,zero_exposure,uniform,size_alpha,5,0.07087653243929196,0.6602150537634409,132.4,122.8,1.0,1468.2,864.0,1318.6
allocation,amazon,hgb_attributes,0.25,zero_exposure,uniform,size_alpha,6,0.05855338608297141,0.6361702127659574,127.0,119.6,1.0,1433.6,864.0,1299.6
allocation,amazon,hgb_attributes,0.25,zero_exposure,uniform,size_alpha,7,0.08147371311022197,0.6641711229946524,135.2,124.2,1.0,1443.0,864.0,1303.8
allocation,amazon,hgb_attributes,0.25,zero_exposure,uniform,size_alpha,8,0.0705267930054691,0.6767567567567567,135.0,125.2,1.0,1461.8,864.0,1325.0
allocation,amazon,hgb_attributes,0.25,zero_exposure,uniform,size_alpha,9,0.06570506948458107,0.6526881720430107,130.2,121.4,1.0,1462.0,864.0,1322.0
allocation,amazon,hgb_attributes,0.5,exposure_80,uniform,equal_alpha,0,0.031457103185177915,0.6345945945945946,121.2,117.4,1.0,2942.4,864.0,2661.0
allocation,amazon,hgb_attributes,0.5,exposure_80,uniform,equal_alpha,1,0.05440742675463831,0.7278688524590164,141.0,133.2,1.0,2923.4,864.0,2653.2
allocation,amazon,hgb_attributes,0.5,exposure_80,uniform,equal_alpha,2,0.05063518249317393,0.701639344262295,135.2,128.4,1.0,2898.0,864.0,2627.0
allocation,amazon,hgb_attributes,0.5,exposure_80,uniform,equal_alpha,3,0.03742747007506593,0.6387096774193548,124.0,118.8,1.0,2936.6,864.0,2648.0
allocation,amazon,hgb_attributes,0.5,exposure_80,uniform,equal_alpha,4,0.04106789069003618,0.65,124.6,119.6,1.0,2938.6,864.0,2661.0
allocation,amazon,hgb_attributes,0.5,exposure_80,uniform,equal_alpha,5,0.04955177550087151,0.5451612903225806,105.2,101.4,1.0,2944.0,864.0,2654.4
allocation,amazon,hgb_attributes,0.5,exposure_80,uniform,equal_alpha,6,0.03364943462826142,0.4659574468085106,91.0,87.6,1.0,2911.4,864.0,2632.4
allocation,amazon,hgb_attributes,0.5,exposure_80,uniform,equal_alpha,7,0.01737121737121737,0.4898395721925134,93.4,91.6,1.0,2890.0,864.0,2616.4
allocation,amazon,hgb_attributes,0.5,exposure_80,uniform,equal_alpha,8,0.030340948178499992,0.5848648648648649,111.6,108.2,1.0,2920.4,864.0,2637.6
allocation,amazon,hgb_attributes,0.5,exposure_80,uniform,equal_alpha,9,0.04848575509003975,0.37526881720430105,73.2,69.8,1.0,2923.0,864.0,2648.8
allocation,amazon,hgb_attributes,0.5,exposure_80,uniform,filtered_low,0,0.11861728852612578,0.7935135135135136,167.0,146.8,1.0,2942.4,864.0,2661.0
allocation,amazon,hgb_attributes,0.5,exposure_80,uniform,filtered_low,1,0.12099642597618306,0.7967213114754099,166.0,145.8,1.0,2923.4,864.0,2653.2
allocation,amazon,hgb_attributes,0.5,exposure_80,uniform,filtered_low,2,0.12664260188800064,0.7759562841530054,162.6,142.0,1.0,2898.0,864.0,2627.0
allocation,amazon,hgb_attributes,0.5,exposure_80,uniform,filtered_low,3,0.11375250289527342,0.846236559139785,178.0,157.4,1.0,2936.6,864.0,2648.0
allocation,amazon,hgb_attributes,0.5,exposure_80,uniform,filtered_low,4,0.08888879794171416,0.7728260869565217,156.2,142.2,1.0,2938.6,864.0,2661.0
allocation,amazon,hgb_attributes,0.5,exposure_80,uniform,filtered_low,5,0.11641453440215839,0.810752688172043,170.8,150.8,1.0,2944.0,864.0,2654.4
allocation,amazon,hgb_attributes,0.5,exposure_80,uniform,filtered_low,6,0.09909203214238713,0.7691489361702127,160.6,144.6,1.0,2911.4,864.0,2632.4
allocation,amazon,hgb_attributes,0.5,exposure_80,uniform,filtered_low,7,0.1372114831186968,0.8192513368983956,178.0,153.2,1.0,2890.0,864.0,2616.4
allocation,amazon,hgb_attributes,0.5,exposure_80,uniform,filtered_low,8,0.11541984869424722,0.7837837837837838,164.0,145.0,1.0,2920.4,864.0,2637.6
allocation,amazon,hgb_attributes,0.5,exposure_80,uniform,filtered_low,9,0.0984917744425428,0.8043010752688172,166.4,149.6,1.0,2923.0,864.0,2648.8
allocation,amazon,hgb_attributes,0.5,exposure_80,uniform,pooled_reference,0,0.10337191605400473,0.7805405405405406,161.6,144.4,1.0,2942.4,864.0,2661.0
allocation,amazon,hgb_attributes,0.5,exposure_80,uniform,pooled_reference,1,0.10141835607413585,0.7846994535519125,160.0,143.6,1.0,2923.4,864.0,2653.2
allocation,amazon,hgb_attributes,0.5,exposure_80,uniform,pooled_reference,2,0.10765658873803534,0.7650273224043715,157.0,140.0,1.0,2898.0,864.0,2627.0
allocation,amazon,hgb_attributes,0.5,exposure_80,uniform,pooled_reference,3,0.06794283086307759,0.810752688172043,162.8,150.8,1.0,2936.6,864.0,2648.0
allocation,amazon,hgb_attributes,0.5,exposure_80,uniform,pooled_reference,4,0.07134024841837609,0.7554347826086957,149.8,139.0,1.0,2938.6,864.0,2661.0
allocation,amazon,hgb_attributes,0.5,exposure_80,uniform,pooled_reference,5,0.07390820122605543,0.7666666666666667,154.0,142.6,1.0,2944.0,864.0,2654.4
allocation,amazon,hgb_attributes,0.5,exposure_80,uniform,pooled_reference,6,0.08085161329191065,0.7574468085106383,155.0,142.4,1.0,2911.4,864.0,2632.4
allocation,amazon,hgb_attributes,0.5,exposure_80,uniform,pooled_reference,7,0.10439552681046176,0.7967914438502673,166.4,149.0,1.0,2890.0,864.0,2616.4
allocation,amazon,hgb_attributes,0.5,exposure_80,uniform,pooled_reference,8,0.10005091722115922,0.7794594594594595,160.4,144.2,1.0,2920.4,864.0,2637.6
allocation,amazon,hgb_attributes,0.5,exposure_80,uniform,pooled_reference,9,0.07464607447012267,0.7967741935483871,160.6,148.2,1.0,2923.0,864.0,2648.8
allocation,amazon,hgb_attributes,0.5,exposure_80,uniform,pooled_stratum,0,0.10031975781527633,0.7275675675675676,150.2,134.6,1.0,2942.4,864.0,2661.0
allocation,amazon,hgb_attributes,0.5,exposure_80,uniform,pooled_stratum,1,0.08463151598044678,0.5748633879781421,114.8,105.2,1.0,2923.4,864.0,2653.2
allocation,amazon,hgb_attributes,0.5,exposure_80,uniform,pooled_stratum,2,0.09533224471576376,0.6316939890710382,128.0,115.6,1.0,2898.0,864.0,2627.0
allocation,amazon,hgb_attributes,0.5,exposure_80,uniform,pooled_stratum,3,0.08907214358144991,0.5236559139784946,108.0,97.4,1.0,2936.6,864.0,2648.0
allocation,amazon,hgb_attributes,0.5,exposure_80,uniform,pooled_stratum,4,0.0769581133389555,0.5086956521739131,102.2,93.6,1.0,2938.6,864.0,2661.0
allocation,amazon,hgb_attributes,0.5,exposure_80,uniform,pooled_stratum,5,0.07881833545057612,0.36344086021505373,74.2,67.6,1.0,2944.0,864.0,2654.4
allocation,amazon,hgb_attributes,0.5,exposure_80,uniform,pooled_stratum,6,0.05618440779610194,0.2712765957446809,54.6,51.0,1.0,2911.4,864.0,2632.4
allocation,amazon,hgb_attributes,0.5,exposure_80,uniform,pooled_stratum,7,0.0972622863807571,0.48235294117647054,100.2,90.2,1.0,2890.0,864.0,2616.4
allocation,amazon,hgb_attributes,0.5,exposure_80,uniform,pooled_stratum,8,0.1266499617025933,0.48108108108108105,101.2,89.0,1.0,2920.4,864.0,2637.6
allocation,amazon,hgb_attributes,0.5,exposure_80,uniform,pooled_stratum,9,0.09248801742919391,0.35268817204301073,72.8,65.6,1.0,2923.0,864.0,2648.8
allocation,amazon,hgb_attributes,0.5,exposure_80,uniform,size_alpha,0,0.03874982226161879,0.3945945945945946,76.2,73.0,1.0,2942.4,864.0,2661.0
allocation,amazon,hgb_attributes,0.5,exposure_80,uniform,size_alpha,1,0.04178280341121087,0.4360655737704918,83.0,79.8,1.0,2923.4,864.0,2653.2
allocation,amazon,hgb_attributes,0.5,exposure_80,uniform,size_alpha,2,0.10821497402379757,0.26994535519125684,53.0,49.4,1.0,2898.0,864.0,2627.0
allocation,amazon,hgb_attributes,0.5,exposure_80,uniform,size_alpha,3,0.0881799092325408,0.2989247311827957,60.4,55.6,1.0,2936.6,864.0,2648.0
allocation,amazon,hgb_attributes,0.5,exposure_80,uniform,size_alpha,4,0.0723623675498872,0.33695652173913043,66.2,62.0,1.0,2938.6,864.0,2661.0
allocation,amazon,hgb_attributes,0.5,exposure_80,uniform,size_alpha,5,0.061503816001246034,0.2247311827956989,44.2,41.8,1.0,2944.0,864.0,2654.4
allocation,amazon,hgb_attributes,0.5,exposure_80,uniform,size_alpha,6,0.04398790864308106,0.21702127659574472,42.4,40.8,1.0,2911.4,864.0,2632.4
allocation,amazon,hgb_attributes,0.5,exposure_80,uniform,size_alpha,7,0.04370267131242741,0.1914438502673797,37.6,35.8,1.0,2890.0,864.0,2616.4
allocation,amazon,hgb_attributes,0.5,exposure_80,uniform,size_alpha,8,0.05398722860791827,0.24432432432432433,48.4,45.2,0.8,2920.4,864.0,2637.6
allocation,amazon,hgb_attributes,0.5,exposure_80,uniform,size_alpha,9,0.07901234567901234,0.15376344086021507,32.2,28.6,0.8,2923.0,864.0,2648.8
allocation,amazon,hgb_attributes,0.5,zero_exposure,uniform,equal_alpha,0,0.03776346688016279,0.664864864864865,128.0,123.0,1.0,2942.4,864.0,2661.0
allocation,amazon,hgb_attributes,0.5,zero_exposure,uniform,equal_alpha,1,0.05032525283695871,0.6972677595628415,134.4,127.6,1.0,2923.4,864.0,2653.2
allocation,amazon,hgb_attributes,0.5,zero_exposure,uniform,equal_alpha,2,0.052634870969878914,0.6863387978142076,132.6,125.6,1.0,2898.0,864.0,2627.0
allocation,amazon,hgb_attributes,0.5,zero_exposure,uniform,equal_alpha,3,0.038670228595552664,0.6408602150537634,125.0,119.2,1.0,2936.6,864.0,2648.0
allocation,amazon,hgb_attributes,0.5,zero_exposure,uniform,equal_alpha,4,0.03949136530777103,0.6543478260869565,125.4,120.4,1.0,2938.6,864.0,2661.0
allocation,amazon,hgb_attributes,0.5,zero_exposure,uniform,equal_alpha,5,0.04295785808371275,0.6419354838709677,124.8,119.4,1.0,2944.0,864.0,2654.4
allocation,amazon,hgb_attributes,0.5,zero_exposure,uniform,equal_alpha,6,0.03555977254379638,0.6787234042553191,132.4,127.6,1.0,2911.4,864.0,2632.4
allocation,amazon,hgb_attributes,0.5,zero_exposure,uniform,equal_alpha,7,0.0294566684853609,0.6524064171122994,125.8,122.0,1.0,2890.0,864.0,2616.4
allocation,amazon,hgb_attributes,0.5,zero_exposure,uniform,equal_alpha,8,0.04671376558449218,0.6778378378378378,131.8,125.4,1.0,2920.4,864.0,2637.6
allocation,amazon,hgb_attributes,0.5,zero_exposure,uniform,equal_alpha,9,0.04762949190741007,0.5150537634408602,101.6,95.8,1.0,2923.0,864.0,2648.8
allocation,amazon,hgb_attributes,0.5,zero_exposure,uniform,filtered_low,0,0.1819230003850756,0.8302702702702703,193.8,153.6,1.0,2942.4,864.0,2661.0
allocation,amazon,hgb_attributes,0.5,zero_exposure,uniform,filtered_low,1,0.10350716683732149,0.6819672131147542,145.8,124.8,1.0,2923.4,864.0,2653.2
allocation,amazon,hgb_attributes,0.5,zero_exposure,uniform,filtered_low,2,0.08797530245391466,0.7497267759562842,150.8,137.2,1.0,2898.0,864.0,2627.0
allocation,amazon,hgb_attributes,0.5,zero_exposure,uniform,filtered_low,3,0.09329537256211355,0.8010752688172044,166.2,149.0,1.0,2936.6,864.0,2648.0
allocation,amazon,hgb_attributes,0.5,zero_exposure,uniform,filtered_low,4,0.19810205139547124,0.7978260869565217,189.0,146.8,1.0,2938.6,864.0,2661.0
allocation,amazon,hgb_attributes,0.5,zero_exposure,uniform,filtered_low,5,0.09638500170882804,0.7763440860215054,161.0,144.4,1.0,2944.0,864.0,2654.4
allocation,amazon,hgb_attributes,0.5,zero_exposure,uniform,filtered_low,6,0.0861132412560984,0.7351063829787233,152.8,138.2,1.0,2911.4,864.0,2632.4
allocation,amazon,hgb_attributes,0.5,zero_exposure,uniform,filtered_low,7,0.1581051038513725,0.6802139037433156,159.8,127.2,0.8,2890.0,864.0,2616.4
allocation,amazon,hgb_attributes,0.5,zero_exposure,uniform,filtered_low,8,0.29769018408066045,0.8691891891891892,241.0,160.8,1.0,2920.4,864.0,2637.6
allocation,amazon,hgb_attributes,0.5,zero_exposure,uniform,filtered_low,9,0.09475380610794167,0.7763440860215054,160.2,144.4,1.0,2923.0,864.0,2648.8
allocation,amazon,hgb_attributes,0.5,zero_exposure,uniform,pooled_reference,0,0.10337191605400473,0.7805405405405406,161.6,144.4,1.0,2942.4,864.0,2661.0
allocation,amazon,hgb_attributes,0.5,zero_exposure,uniform,pooled_reference,1,0.10141835607413585,0.7846994535519125,160.0,143.6,1.0,2923.4,864.0,2653.2
allocation,amazon,hgb_attributes,0.5,zero_exposure,uniform,pooled_reference,2,0.10765658873803534,0.7650273224043715,157.0,140.0,1.0,2898.0,864.0,2627.0
allocation,amazon,hgb_attributes,0.5,zero_exposure,uniform,pooled_reference,3,0.06794283086307759,0.810752688172043,162.8,150.8,1.0,2936.6,864.0,2648.0
allocation,amazon,hgb_attributes,0.5,zero_exposure,uniform,pooled_reference,4,0.07134024841837609,0.7554347826086957,149.8,139.0,1.0,2938.6,864.0,2661.0
allocation,amazon,hgb_attributes,0.5,zero_exposure,uniform,pooled_reference,5,0.07390820122605543,0.7666666666666667,154.0,142.6,1.0,2944.0,864.0,2654.4
allocation,amazon,hgb_attributes,0.5,zero_exposure,uniform,pooled_reference,6,0.08085161329191065,0.7574468085106383,155.0,142.4,1.0,2911.4,864.0,2632.4
allocation,amazon,hgb_attributes,0.5,zero_exposure,uniform,pooled_reference,7,0.10439552681046176,0.7967914438502673,166.4,149.0,1.0,2890.0,864.0,2616.4
allocation,amazon,hgb_attributes,0.5,zero_exposure,uniform,pooled_reference,8,0.10005091722115922,0.7794594594594595,160.4,144.2,1.0,2920.4,864.0,2637.6
allocation,amazon,hgb_attributes,0.5,zero_exposure,uniform,pooled_reference,9,0.07464607447012267,0.7967741935483871,160.6,148.2,1.0,2923.0,864.0,2648.8
allocation,amazon,hgb_attributes,0.5,zero_exposure,uniform,pooled_stratum,0,0.10188893494664013,0.7708108108108108,159.4,142.6,1.0,2942.4,864.0,2661.0
allocation,amazon,hgb_attributes,0.5,zero_exposure,uniform,pooled_stratum,1,0.10087026560921238,0.780327868852459,159.0,142.8,1.0,2923.4,864.0,2653.2
allocation,amazon,hgb_attributes,0.5,zero_exposure,uniform,pooled_stratum,2,0.10781932927108626,0.7639344262295082,156.8,139.8,1.0,2898.0,864.0,2627.0
allocation,amazon,hgb_attributes,0.5,zero_exposure,uniform,pooled_stratum,3,0.07011735287397518,0.8086021505376344,162.8,150.4,1.0,2936.6,864.0,2648.0
allocation,amazon,hgb_attributes,0.5,zero_exposure,uniform,pooled_stratum,4,0.07098006689738663,0.7456521739130435,147.8,137.2,1.0,2938.6,864.0,2661.0
allocation,amazon,hgb_attributes,0.5,zero_exposure,uniform,pooled_stratum,5,0.07220968521575809,0.7666666666666667,153.8,142.6,1.0,2944.0,864.0,2654.4
allocation,amazon,hgb_attributes,0.5,zero_exposure,uniform,pooled_stratum,6,0.07835272833549352,0.7574468085106383,154.6,142.4,1.0,2911.4,864.0,2632.4
allocation,amazon,hgb_attributes,0.5,zero_exposure,uniform,pooled_stratum,7,0.10198363168475608,0.7828877005347594,163.0,146.4,1.0,2890.0,864.0,2616.4
allocation,amazon,hgb_attributes,0.5,zero_exposure,uniform,pooled_stratum,8,0.10071826404888715,0.7762162162162163,159.8,143.6,1.0,2920.4,864.0,2637.6
allocation,amazon,hgb_attributes,0.5,zero_exposure,uniform,pooled_stratum,9,0.07587048846647015,0.7827956989247312,158.0,145.6,1.0,2923.0,864.0,2648.8
allocation,amazon,hgb_attributes,0.5,zero_exposure,uniform,size_alpha,0,0.0756892706932997,0.692972972972973,138.8,128.2,1.0,2942.4,864.0,2661.0
allocation,amazon,hgb_attributes,0.5,zero_exposure,uniform,size_alpha,1,0.0909235786196241,0.7355191256830601,148.2,134.6,1.0,2923.4,864.0,2653.2
allocation,amazon,hgb_attributes,0.5,zero_exposure,uniform,size_alpha,2,0.10511236265062733,0.7125683060109289,145.8,130.4,1.0,2898.0,864.0,2627.0
allocation,amazon,hgb_attributes,0.5,zero_exposure,uniform,size_alpha,3,0.06188491875078454,0.7548387096774194,150.4,140.4,1.0,2936.6,864.0,2648.0
allocation,amazon,hgb_attributes,0.5,zero_exposure,uniform,size_alpha,4,0.0665480691043169,0.6858695652173913,135.2,126.2,1.0,2938.6,864.0,2661.0
allocation,amazon,hgb_attributes,0.5,zero_exposure,uniform,size_alpha,5,0.0651264514273471,0.7086021505376344,141.0,131.8,1.0,2944.0,864.0,2654.4
allocation,amazon,hgb_attributes,0.5,zero_exposure,uniform,size_alpha,6,0.06628106734131649,0.7,141.0,131.6,1.0,2911.4,864.0,2632.4
allocation,amazon,hgb_attributes,0.5,zero_exposure,uniform,size_alpha,7,0.08904967432304076,0.7112299465240641,146.0,133.0,1.0,2890.0,864.0,2616.4
allocation,amazon,hgb_attributes,0.5,zero_exposure,uniform,size_alpha,8,0.09444932710845422,0.7286486486486486,149.0,134.8,1.0,2920.4,864.0,2637.6
allocation,amazon,hgb_attributes,0.5,zero_exposure,uniform,size_alpha,9,0.06946367855444782,0.7064516129032258,141.6,131.4,1.0,2923.0,864.0,2648.8
allocation,amazon,hgb_attributes,1.0,exposure_80,uniform,equal_alpha,0,0.03696811805929622,0.6443243243243243,123.8,119.2,1.0,5831.0,864.0,5276.0
allocation,amazon,hgb_attributes,1.0,exposure_80,uniform,equal_alpha,1,0.0404876070030888,0.7060109289617487,134.8,129.2,1.0,5831.0,864.0,5283.0
allocation,amazon,hgb_attributes,1.0,exposure_80,uniform,equal_alpha,2,0.057517529475627785,0.7213114754098361,140.2,132.0,1.0,5831.0,864.0,5282.0
allocation,amazon,hgb_attributes,1.0,exposure_80,uniform,equal_alpha,3,0.03394963886502968,0.656989247311828,127.2,122.2,1.0,5831.0,864.0,5272.0
allocation,amazon,hgb_attributes,1.0,exposure_80,uniform,equal_alpha,4,0.03593230092455254,0.6728260869565218,128.4,123.8,1.0,5831.0,864.0,5281.0
allocation,amazon,hgb_attributes,1.0,exposure_80,uniform,equal_alpha,5,0.03724832394521099,0.6516129032258065,126.0,121.2,1.0,5831.0,864.0,5275.0
allocation,amazon,hgb_attributes,1.0,exposure_80,uniform,equal_alpha,6,0.0310083020427848,0.6297872340425532,122.2,118.4,1.0,5831.0,864.0,5268.0
allocation,amazon,hgb_attributes,1.0,exposure_80,uniform,equal_alpha,7,0.015980146288934054,0.6299465240641712,119.8,117.8,1.0,5832.0,864.0,5270.0
allocation,amazon,hgb_attributes,1.0,exposure_80,uniform,equal_alpha,8,0.036234522678335664,0.6064864864864865,116.4,112.2,1.0,5832.0,864.0,5276.0
allocation,amazon,hgb_attributes,1.0,exposure_80,uniform,equal_alpha,9,0.0511059010093449,0.4462365591397849,88.0,83.0,1.0,5832.0,864.0,5272.0
allocation,amazon,hgb_attributes,1.0,exposure_80,uniform,filtered_low,0,0.12672441690853936,0.8075675675675675,171.4,149.4,1.0,5831.0,864.0,5276.0
allocation,amazon,hgb_attributes,1.0,exposure_80,uniform,filtered_low,1,0.12250812796826034,0.8,167.0,146.4,1.0,5831.0,864.0,5283.0
allocation,amazon,hgb_attributes,1.0,exposure_80,uniform,filtered_low,2,0.1341925793886578,0.7825136612021858,165.4,143.2,1.0,5831.0,864.0,5282.0
allocation,amazon,hgb_attributes,1.0,exposure_80,uniform,filtered_low,3,0.1131321750072987,0.843010752688172,177.0,156.8,1.0,5831.0,864.0,5272.0
allocation,amazon,hgb_attributes,1.0,exposure_80,uniform,filtered_low,4,0.09949273029790337,0.7815217391304348,159.8,143.8,1.0,5831.0,864.0,5281.0
allocation,amazon,hgb_attributes,1.0,exposure_80,uniform,filtered_low,5,0.12252724282907283,0.810752688172043,172.0,150.8,1.0,5831.0,864.0,5275.0
allocation,amazon,hgb_attributes,1.0,exposure_80,uniform,filtered_low,6,0.10563579582810352,0.7723404255319148,162.4,145.2,1.0,5831.0,864.0,5268.0
allocation,amazon,hgb_attributes,1.0,exposure_80,uniform,filtered_low,7,0.1341673884492272,0.8149732620320856,176.2,152.4,1.0,5832.0,864.0,5270.0
allocation,amazon,hgb_attributes,1.0,exposure_80,uniform,filtered_low,8,0.11345382824510986,0.7827027027027027,163.4,144.8,1.0,5832.0,864.0,5276.0
allocation,amazon,hgb_attributes,1.0,exposure_80,uniform,filtered_low,9,0.11208588764303977,0.80752688172043,169.4,150.2,1.0,5832.0,864.0,5272.0
allocation,amazon,hgb_attributes,1.0,exposure_80,uniform,pooled_reference,0,0.11250374184920606,0.787027027027027,164.4,145.6,1.0,5831.0,864.0,5276.0
allocation,amazon,hgb_attributes,1.0,exposure_80,uniform,pooled_reference,1,0.09931795328407789,0.7814207650273224,159.0,143.0,1.0,5831.0,864.0,5283.0
allocation,amazon,hgb_attributes,1.0,exposure_80,uniform,pooled_reference,2,0.11059351613636197,0.7704918032786885,158.6,141.0,1.0,5831.0,864.0,5282.0
allocation,amazon,hgb_attributes,1.0,exposure_80,uniform,pooled_reference,3,0.08240237786341667,0.8301075268817204,168.6,154.4,1.0,5831.0,864.0,5272.0
allocation,amazon,hgb_attributes,1.0,exposure_80,uniform,pooled_reference,4,0.07083341807211997,0.7586956521739131,150.4,139.6,1.0,5831.0,864.0,5281.0
allocation,amazon,hgb_attributes,1.0,exposure_80,uniform,pooled_reference,5,0.0737982542485325,0.7655913978494624,153.8,142.4,1.0,5831.0,864.0,5275.0
allocation,amazon,hgb_attributes,1.0,exposure_80,uniform,pooled_reference,6,0.07938719147939603,0.7585106382978724,155.0,142.6,1.0,5831.0,864.0,5268.0
allocation,amazon,hgb_attributes,1.0,exposure_80,uniform,pooled_reference,7,0.1054060491019844,0.8021390374331551,167.8,150.0,1.0,5832.0,864.0,5270.0
allocation,amazon,hgb_attributes,1.0,exposure_80,uniform,pooled_reference,8,0.10058896661076064,0.7794594594594594,160.4,144.2,1.0,5832.0,864.0,5276.0
allocation,amazon,hgb_attributes,1.0,exposure_80,uniform,pooled_reference,9,0.08258235800936682,0.7978494623655914,162.0,148.4,1.0,5832.0,864.0,5272.0
allocation,amazon,hgb_attributes,1.0,exposure_80,uniform,pooled_stratum,0,0.10695169163213536,0.6572972972972974,136.0,121.6,1.0,5831.0,864.0,5276.0
allocation,amazon,hgb_attributes,1.0,exposure_80,uniform,pooled_stratum,1,0.09161028161465207,0.6371584699453552,129.2,116.6,1.0,5831.0,864.0,5283.0
allocation,amazon,hgb_attributes,1.0,exposure_80,uniform,pooled_stratum,2,0.10788222718221893,0.5956284153005464,122.2,109.0,1.0,5831.0,864.0,5282.0
allocation,amazon,hgb_attributes,1.0,exposure_80,uniform,pooled_stratum,3,0.09383296117574107,0.5634408602150538,116.0,104.8,1.0,5831.0,864.0,5272.0
allocation,amazon,hgb_attributes,1.0,exposure_80,uniform,pooled_stratum,4,0.07900801677365729,0.5630434782608695,112.6,103.6,1.0,5831.0,864.0,5281.0
allocation,amazon,hgb_attributes,1.0,exposure_80,uniform,pooled_stratum,5,0.06730793051522824,0.5354838709677419,106.8,99.6,1.0,5831.0,864.0,5275.0
allocation,amazon,hgb_attributes,1.0,exposure_80,uniform,pooled_stratum,6,0.09366955668160487,0.46382978723404256,97.0,87.2,1.0,5831.0,864.0,5268.0
allocation,amazon,hgb_attributes,1.0,exposure_80,uniform,pooled_stratum,7,0.1097066882068504,0.5240641711229947,110.4,98.0,1.0,5832.0,864.0,5270.0
allocation,amazon,hgb_attributes,1.0,exposure_80,uniform,pooled_stratum,8,0.10585493550146947,0.5816216216216217,120.4,107.6,1.0,5832.0,864.0,5276.0
allocation,amazon,hgb_attributes,1.0,exposure_80,uniform,pooled_stratum,9,0.08593641423657326,0.3860215053763441,78.6,71.8,1.0,5832.0,864.0,5272.0
allocation,amazon,hgb_attributes,1.0,exposure_80,uniform,size_alpha,0,0.041946639565159795,0.34162162162162163,66.2,63.2,1.0,5831.0,864.0,5276.0
allocation,amazon,hgb_attributes,1.0,exposure_80,uniform,size_alpha,1,0.0525214551530341,0.30163934426229505,57.2,55.2,1.0,5831.0,864.0,5283.0
allocation,amazon,hgb_attributes,1.0,exposure_80,uniform,size_alpha,2,0.04728518793298978,0.5256830601092897,101.0,96.2,1.0,5831.0,864.0,5282.0
allocation,amazon,hgb_attributes,1.0,exposure_80,uniform,size_alpha,3,0.030693000693000693,0.3860215053763441,74.8,71.8,1.0,5831.0,864.0,5272.0
allocation,amazon,hgb_attributes,1.0,exposure_80,uniform,size_alpha,4,0.0663351528513884,0.33043478260869563,64.2,60.8,1.0,5831.0,864.0,5281.0
allocation,amazon,hgb_attributes,1.0,exposure_80,uniform,size_alpha,5,0.0551264367816092,0.12258064516129033,24.2,22.8,1.0,5831.0,864.0,5275.0
allocation,amazon,hgb_attributes,1.0,exposure_80,uniform,size_alpha,6,0.05119047619047619,0.13404255319148936,26.6,25.2,1.0,5831.0,864.0,5268.0
allocation,amazon,hgb_attributes,1.0,exposure_80,uniform,size_alpha,7,0.03947652916073969,0.332620320855615,65.0,62.2,1.0,5832.0,864.0,5270.0
allocation,amazon,hgb_attributes,1.0,exposure_80,uniform,size_alpha,8,0.08681030877353531,0.1891891891891892,37.4,35.0,1.0,5832.0,864.0,5276.0
allocation,amazon,hgb_attributes,1.0,exposure_80,uniform,size_alpha,9,0.07157674772036474,0.2064516129032258,41.2,38.4,1.0,5832.0,864.0,5272.0
allocation,amazon,hgb_attributes,1.0,zero_exposure,uniform,equal_alpha,0,0.03962230094439408,0.6951351351351351,134.0,128.6,1.0,5831.0,864.0,5276.0
allocation,amazon,hgb_attributes,1.0,zero_exposure,uniform,equal_alpha,1,0.04421062691437928,0.718032786885246,137.6,131.4,1.0,5831.0,864.0,5283.0
allocation,amazon,hgb_attributes,1.0,zero_exposure,uniform,equal_alpha,2,0.0636228937323828,0.7147540983606557,139.8,130.8,1.0,5831.0,864.0,5282.0
allocation,amazon,hgb_attributes,1.0,zero_exposure,uniform,equal_alpha,3,0.03997861021011175,0.7161290322580645,139.4,133.2,1.0,5831.0,864.0,5272.0
allocation,amazon,hgb_attributes,1.0,zero_exposure,uniform,equal_alpha,4,0.044633518839366546,0.692391304347826,133.4,127.4,1.0,5831.0,864.0,5281.0
allocation,amazon,hgb_attributes,1.0,zero_exposure,uniform,equal_alpha,5,0.04510580997764692,0.6720430107526882,131.0,125.0,1.0,5831.0,864.0,5275.0
allocation,amazon,hgb_attributes,1.0,zero_exposure,uniform,equal_alpha,6,0.03280732922206406,0.6808510638297872,132.4,128.0,1.0,5831.0,864.0,5268.0
allocation,amazon,hgb_attributes,1.0,zero_exposure,uniform,equal_alpha,7,0.03701255779770768,0.7026737967914438,136.6,131.4,1.0,5832.0,864.0,5270.0
allocation,amazon,hgb_attributes,1.0,zero_exposure,uniform,equal_alpha,8,0.04797827044037531,0.6951351351351351,135.2,128.6,1.0,5832.0,864.0,5276.0
allocation,amazon,hgb_attributes,1.0,zero_exposure,uniform,equal_alpha,9,0.043704697187323956,0.656989247311828,128.4,122.2,1.0,5832.0,864.0,5272.0
allocation,amazon,hgb_attributes,1.0,zero_exposure,uniform,filtered_low,0,0.20009566694611625,0.8151351351351351,196.6,150.8,1.0,5831.0,864.0,5276.0
allocation,amazon,hgb_attributes,1.0,zero_exposure,uniform,filtered_low,1,0.22638707007115233,0.794535519125683,195.8,145.4,1.0,5831.0,864.0,5283.0
allocation,amazon,hgb_attributes,1.0,zero_exposure,uniform,filtered_low,2,0.10940046617854218,0.766120218579235,157.8,140.2,1.0,5831.0,864.0,5282.0
allocation,amazon,hgb_attributes,1.0,zero_exposure,uniform,filtered_low,3,0.1288741874221366,0.8344086021505376,181.6,155.2,1.0,5831.0,864.0,5272.0
allocation,amazon,hgb_attributes,1.0,zero_exposure,uniform,filtered_low,4,0.2193906197548138,0.7934782608695652,193.8,146.0,1.0,5831.0,864.0,5281.0
allocation,amazon,hgb_attributes,1.0,zero_exposure,uniform,filtered_low,5,0.21456366474283536,0.6967741935483871,186.0,129.6,0.8,5831.0,864.0,5275.0
allocation,amazon,hgb_attributes,1.0,zero_exposure,uniform,filtered_low,6,0.18188046638761168,0.8095744680851065,187.6,152.2,1.0,5831.0,864.0,5268.0
allocation,amazon,hgb_attributes,1.0,zero_exposure,uniform,filtered_low,7,0.24474297496047984,0.8588235294117647,217.2,160.6,1.0,5832.0,864.0,5270.0
allocation,amazon,hgb_attributes,1.0,zero_exposure,uniform,filtered_low,8,0.36800602543590466,0.8983783783783783,269.8,166.2,1.0,5832.0,864.0,5276.0
allocation,amazon,hgb_attributes,1.0,zero_exposure,uniform,filtered_low,9,0.08756922749259338,0.8021505376344086,163.8,149.2,1.0,5832.0,864.0,5272.0
allocation,amazon,hgb_attributes,1.0,zero_exposure,uniform,pooled_reference,0,0.11250374184920606,0.787027027027027,164.4,145.6,1.0,5831.0,864.0,5276.0
allocation,amazon,hgb_attributes,1.0,zero_exposure,uniform,pooled_reference,1,0.09931795328407789,0.7814207650273224,159.0,143.0,1.0,5831.0,864.0,5283.0
allocation,amazon,hgb_attributes,1.0,zero_exposure,uniform,pooled_reference,2,0.11059351613636197,0.7704918032786885,158.6,141.0,1.0,5831.0,864.0,5282.0
allocation,amazon,hgb_attributes,1.0,zero_exposure,uniform,pooled_reference,3,0.08240237786341667,0.8301075268817204,168.6,154.4,1.0,5831.0,864.0,5272.0
allocation,amazon,hgb_attributes,1.0,zero_exposure,uniform,pooled_reference,4,0.07083341807211997,0.7586956521739131,150.4,139.6,1.0,5831.0,864.0,5281.0
allocation,amazon,hgb_attributes,1.0,zero_exposure,uniform,pooled_reference,5,0.0737982542485325,0.7655913978494624,153.8,142.4,1.0,5831.0,864.0,5275.0
allocation,amazon,hgb_attributes,1.0,zero_exposure,uniform,pooled_reference,6,0.07938719147939603,0.7585106382978724,155.0,142.6,1.0,5831.0,864.0,5268.0
allocation,amazon,hgb_attributes,1.0,zero_exposure,uniform,pooled_reference,7,0.1054060491019844,0.8021390374331551,167.8,150.0,1.0,5832.0,864.0,5270.0
allocation,amazon,hgb_attributes,1.0,zero_exposure,uniform,pooled_reference,8,0.10058896661076064,0.7794594594594594,160.4,144.2,1.0,5832.0,864.0,5276.0
allocation,amazon,hgb_attributes,1.0,zero_exposure,uniform,pooled_reference,9,0.08258235800936682,0.7978494623655914,162.0,148.4,1.0,5832.0,864.0,5272.0
allocation,amazon,hgb_attributes,1.0,zero_exposure,uniform,pooled_stratum,0,0.1096531281320438,0.785945945945946,163.6,145.4,1.0,5831.0,864.0,5276.0
allocation,amazon,hgb_attributes,1.0,zero_exposure,uniform,pooled_stratum,1,0.09529877154515873,0.7792349726775957,157.8,142.6,1.0,5831.0,864.0,5283.0
allocation,amazon,hgb_attributes,1.0,zero_exposure,uniform,pooled_stratum,2,0.10860740273187033,0.7683060109289618,157.8,140.6,1.0,5831.0,864.0,5282.0
allocation,amazon,hgb_attributes,1.0,zero_exposure,uniform,pooled_stratum,3,0.08199288245266559,0.8301075268817204,168.6,154.4,1.0,5831.0,864.0,5272.0
allocation,amazon,hgb_attributes,1.0,zero_exposure,uniform,pooled_stratum,4,0.07485456584827307,0.7554347826086956,150.4,139.0,1.0,5831.0,864.0,5281.0
allocation,amazon,hgb_attributes,1.0,zero_exposure,uniform,pooled_stratum,5,0.0750422541679738,0.7634408602150538,153.6,142.0,1.0,5831.0,864.0,5275.0
allocation,amazon,hgb_attributes,1.0,zero_exposure,uniform,pooled_stratum,6,0.08036552830678947,0.7606382978723405,155.6,143.0,1.0,5831.0,864.0,5268.0
allocation,amazon,hgb_attributes,1.0,zero_exposure,uniform,pooled_stratum,7,0.10646852615945382,0.7946524064171123,166.4,148.6,1.0,5832.0,864.0,5270.0
allocation,amazon,hgb_attributes,1.0,zero_exposure,uniform,pooled_stratum,8,0.10182441433956965,0.7783783783783784,160.4,144.0,1.0,5832.0,864.0,5276.0
allocation,amazon,hgb_attributes,1.0,zero_exposure,uniform,pooled_stratum,9,0.08145382661498676,0.7978494623655914,161.8,148.4,1.0,5832.0,864.0,5272.0
allocation,amazon,hgb_attributes,1.0,zero_exposure,uniform,size_alpha,0,0.09621862209119272,0.7556756756756757,154.8,139.8,1.0,5831.0,864.0,5276.0
allocation,amazon,hgb_attributes,1.0,zero_exposure,uniform,size_alpha,1,0.09341725318918517,0.7551912568306011,152.6,138.2,1.0,5831.0,864.0,5283.0
allocation,amazon,hgb_attributes,1.0,zero_exposure,uniform,size_alpha,2,0.11131944998286006,0.746448087431694,153.8,136.6,1.0,5831.0,864.0,5282.0
allocation,amazon,hgb_attributes,1.0,zero_exposure,uniform,size_alpha,3,0.07745855422808397,0.80752688172043,163.2,150.2,1.0,5831.0,864.0,5272.0
allocation,amazon,hgb_attributes,1.0,zero_exposure,uniform,size_alpha,4,0.07272010380132946,0.7391304347826086,146.8,136.0,1.0,5831.0,864.0,5281.0
allocation,amazon,hgb_attributes,1.0,zero_exposure,uniform,size_alpha,5,0.07059376673829851,0.7473118279569892,149.6,139.0,1.0,5831.0,864.0,5275.0
allocation,amazon,hgb_attributes,1.0,zero_exposure,uniform,size_alpha,6,0.06858203126926181,0.7329787234042554,148.0,137.8,1.0,5831.0,864.0,5268.0
allocation,amazon,hgb_attributes,1.0,zero_exposure,uniform,size_alpha,7,0.10675643912493629,0.7636363636363637,160.0,142.8,1.0,5832.0,864.0,5270.0
allocation,amazon,hgb_attributes,1.0,zero_exposure,uniform,size_alpha,8,0.09837156531160093,0.7578378378378379,155.6,140.2,1.0,5832.0,864.0,5276.0
allocation,amazon,hgb_attributes,1.0,zero_exposure,uniform,size_alpha,9,0.08205393605038543,0.7698924731182796,156.2,143.2,1.0,5832.0,864.0,5272.0
allocation,amazon,hgb_graph_features,0.25,exposure_80,uniform,equal_alpha,0,0.035919548444625506,0.6097297297297297,117.4,112.8,1.0,1491.6,864.0,1347.2
allocation,amazon,hgb_graph_features,0.25,exposure_80,uniform,equal_alpha,1,0.036931854900115725,0.6557377049180328,124.6,120.0,1.0,1448.6,864.0,1318.2
allocation,amazon,hgb_graph_features,0.25,exposure_80,uniform,equal_alpha,2,0.05298463886674102,0.6404371584699453,123.8,117.2,1.0,1472.6,864.0,1333.6
allocation,amazon,hgb_graph_features,0.25,exposure_80,uniform,equal_alpha,3,0.025579839429081173,0.4559139784946237,88.4,84.8,0.8,1500.0,864.0,1347.6
allocation,amazon,hgb_graph_features,0.25,exposure_80,uniform,equal_alpha,4,0.05047616972165956,0.4793478260869565,91.8,88.2,1.0,1487.2,864.0,1352.6
allocation,amazon,hgb_graph_features,0.25,exposure_80,uniform,equal_alpha,5,0.0210770150756932,0.33225806451612905,64.2,61.8,0.6,1468.2,864.0,1318.6
allocation,amazon,hgb_graph_features,0.25,exposure_80,uniform,equal_alpha,6,0.03741096870617765,0.5191489361702127,101.4,97.6,1.0,1433.6,864.0,1299.6
allocation,amazon,hgb_graph_features,0.25,exposure_80,uniform,equal_alpha,7,0.053032243376305535,0.44171122994652406,88.0,82.6,0.8,1443.0,864.0,1303.8
allocation,amazon,hgb_graph_features,0.25,exposure_80,uniform,equal_alpha,8,0.03775856940979216,0.5156756756756756,99.4,95.4,1.0,1461.8,864.0,1325.0
allocation,amazon,hgb_graph_features,0.25,exposure_80,uniform,equal_alpha,9,0.024454525023784986,0.435483870967742,83.8,81.0,0.8,1462.0,864.0,1322.0
allocation,amazon,hgb_graph_features,0.25,exposure_80,uniform,filtered_low,0,0.16985001826206306,0.8432432432432433,188.0,156.0,1.0,1491.6,864.0,1347.2
allocation,amazon,hgb_graph_features,0.25,exposure_80,uniform,filtered_low,1,0.12518733114645686,0.8295081967213115,173.8,151.8,1.0,1448.6,864.0,1318.2
allocation,amazon,hgb_graph_features,0.25,exposure_80,uniform,filtered_low,2,0.1452740690758188,0.8010928961748635,171.8,146.6,1.0,1472.6,864.0,1333.6
allocation,amazon,hgb_graph_features,0.25,exposure_80,uniform,filtered_low,3,0.1029962370173815,0.8440860215053764,175.2,157.0,1.0,1500.0,864.0,1347.6
allocation,amazon,hgb_graph_features,0.25,exposure_80,uniform,filtered_low,4,0.1373653946234341,0.8032608695652174,171.6,147.8,1.0,1487.2,864.0,1352.6
allocation,amazon,hgb_graph_features,0.25,exposure_80,uniform,filtered_low,5,0.16428751679689052,0.8182795698924732,182.2,152.2,1.0,1468.2,864.0,1318.6
allocation,amazon,hgb_graph_features,0.25,exposure_80,uniform,filtered_low,6,0.09349918313397405,0.7829787234042553,162.8,147.2,1.0,1433.6,864.0,1299.6
allocation,amazon,hgb_graph_features,0.25,exposure_80,uniform,filtered_low,7,0.10642139393309195,0.8074866310160427,169.0,151.0,1.0,1443.0,864.0,1303.8
allocation,amazon,hgb_graph_features,0.25,exposure_80,uniform,filtered_low,8,0.13592647748695397,0.801081081081081,171.6,148.2,1.0,1461.8,864.0,1325.0
allocation,amazon,hgb_graph_features,0.25,exposure_80,uniform,filtered_low,9,0.092829121729799,0.8032258064516128,165.2,149.4,1.0,1462.0,864.0,1322.0
allocation,amazon,hgb_graph_features,0.25,exposure_80,uniform,pooled_reference,0,0.12427671156920886,0.8108108108108109,171.8,150.0,1.0,1491.6,864.0,1347.2
allocation,amazon,hgb_graph_features,0.25,exposure_80,uniform,pooled_reference,1,0.09201760429584976,0.8,161.6,146.4,1.0,1448.6,864.0,1318.2
allocation,amazon,hgb_graph_features,0.25,exposure_80,uniform,pooled_reference,2,0.1283373985149564,0.7846994535519125,165.0,143.6,1.0,1472.6,864.0,1333.6
allocation,amazon,hgb_graph_features,0.25,exposure_80,uniform,pooled_reference,3,0.04393691109036626,0.7645161290322581,149.4,142.2,1.0,1500.0,864.0,1347.6
allocation,amazon,hgb_graph_features,0.25,exposure_80,uniform,pooled_reference,4,0.08873166058820067,0.7630434782608695,154.4,140.4,1.0,1487.2,864.0,1352.6
allocation,amazon,hgb_graph_features,0.25,exposure_80,uniform,pooled_reference,5,0.08529435222420387,0.7623655913978494,155.2,141.8,1.0,1468.2,864.0,1318.6
allocation,amazon,hgb_graph_features,0.25,exposure_80,uniform,pooled_reference,6,0.08163214425157071,0.774468085106383,159.0,145.6,1.0,1433.6,864.0,1299.6
allocation,amazon,hgb_graph_features,0.25,exposure_80,uniform,pooled_reference,7,0.08320146019665957,0.7871657754010695,160.8,147.2,1.0,1443.0,864.0,1303.8
allocation,amazon,hgb_graph_features,0.25,exposure_80,uniform,pooled_reference,8,0.09736329632275395,0.7556756756756757,155.2,139.8,1.0,1461.8,864.0,1325.0
allocation,amazon,hgb_graph_features,0.25,exposure_80,uniform,pooled_reference,9,0.06623550120082063,0.7731182795698925,154.6,143.8,1.0,1462.0,864.0,1322.0
allocation,amazon,hgb_graph_features,0.25,exposure_80,uniform,pooled_stratum,0,0.14670581750972872,0.7351351351351352,159.2,136.0,1.0,1491.6,864.0,1347.2
allocation,amazon,hgb_graph_features,0.25,exposure_80,uniform,pooled_stratum,1,0.04561858897145812,0.4633879781420765,90.6,84.8,0.8,1448.6,864.0,1318.2
allocation,amazon,hgb_graph_features,0.25,exposure_80,uniform,pooled_stratum,2,0.12091943506853073,0.5431693989071038,112.4,99.4,1.0,1472.6,864.0,1333.6
allocation,amazon,hgb_graph_features,0.25,exposure_80,uniform,pooled_stratum,3,0.06182852284485678,0.4817204301075269,96.8,89.6,0.8,1500.0,864.0,1347.6
allocation,amazon,hgb_graph_features,0.25,exposure_80,uniform,pooled_stratum,4,0.10827195348934479,0.40869565217391307,82.8,75.2,1.0,1487.2,864.0,1352.6
allocation,amazon,hgb_graph_features,0.25,exposure_80,uniform,pooled_stratum,5,0.044833583582223155,0.3935483870967742,77.8,73.2,0.8,1468.2,864.0,1318.6
allocation,amazon,hgb_graph_features,0.25,exposure_80,uniform,pooled_stratum,6,0.07793030068937166,0.5148936170212767,104.8,96.8,1.0,1433.6,864.0,1299.6
allocation,amazon,hgb_graph_features,0.25,exposure_80,uniform,pooled_stratum,7,0.11461481890053318,0.3315508021390374,69.6,62.0,1.0,1443.0,864.0,1303.8
allocation,amazon,hgb_graph_features,0.25,exposure_80,uniform,pooled_stratum,8,0.02817671809256662,0.24,47.8,44.4,0.4,1461.8,864.0,1325.0
allocation,amazon,hgb_graph_features,0.25,exposure_80,uniform,pooled_stratum,9,0.06723391053391053,0.4612903225806452,92.8,85.8,0.8,1462.0,864.0,1322.0
allocation,amazon,hgb_graph_features,0.25,exposure_80,uniform,size_alpha,0,0.05385876343323152,0.36972972972972973,72.0,68.4,1.0,1491.6,864.0,1347.2
allocation,amazon,hgb_graph_features,0.25,exposure_80,uniform,size_alpha,1,0.0590280857354028,0.15956284153005465,31.6,29.2,0.8,1448.6,864.0,1318.2
allocation,amazon,hgb_graph_features,0.25,exposure_80,uniform,size_alpha,2,0.07315493111749365,0.34863387978142074,66.8,63.8,1.0,1472.6,864.0,1333.6
allocation,amazon,hgb_graph_features,0.25,exposure_80,uniform,size_alpha,3,0.042458550609458856,0.33870967741935487,66.8,63.0,0.8,1500.0,864.0,1347.6
allocation,amazon,hgb_graph_features,0.25,exposure_80,uniform,size_alpha,4,0.1060486881539513,0.3108695652173913,63.0,57.2,1.0,1487.2,864.0,1352.6
allocation,amazon,hgb_graph_features,0.25,exposure_80,uniform,size_alpha,5,0.0308688387635756,0.0967741935483871,19.0,18.0,0.6,1468.2,864.0,1318.6
allocation,amazon,hgb_graph_features,0.25,exposure_80,uniform,size_alpha,6,0.05279268535082489,0.12659574468085105,26.2,23.8,0.6,1433.6,864.0,1299.6
allocation,amazon,hgb_graph_features,0.25,exposure_80,uniform,size_alpha,7,0.1458974358974359,0.19572192513368986,42.8,36.6,1.0,1443.0,864.0,1303.8
allocation,amazon,hgb_graph_features,0.25,exposure_80,uniform,size_alpha,8,0.01,0.020540540540540542,4.0,3.8,0.2,1461.8,864.0,1325.0
allocation,amazon,hgb_graph_features,0.25,exposure_80,uniform,size_alpha,9,0.07377990430622008,0.14838709677419354,31.0,27.6,0.8,1462.0,864.0,1322.0
allocation,amazon,hgb_graph_features,0.25,zero_exposure,uniform,equal_alpha,0,0.07842494679882644,0.6183783783783785,125.2,114.4,1.0,1491.6,864.0,1347.2
allocation,amazon,hgb_graph_features,0.25,zero_exposure,uniform,equal_alpha,1,0.043934878431146254,0.6644808743169399,127.2,121.6,1.0,1448.6,864.0,1318.2
allocation,amazon,hgb_graph_features,0.25,zero_exposure,uniform,equal_alpha,2,0.05382727152192259,0.6404371584699453,124.0,117.2,1.0,1472.6,864.0,1333.6
allocation,amazon,hgb_graph_features,0.25,zero_exposure,uniform,equal_alpha,3,0.03814930869621398,0.5,98.2,93.0,0.8,1500.0,864.0,1347.6
allocation,amazon,hgb_graph_features,0.25,zero_exposure,uniform,equal_alpha,4,0.0686875283446712,0.5141304347826087,98.6,94.6,1.0,1487.2,864.0,1352.6
allocation,amazon,hgb_graph_features,0.25,zero_exposure,uniform,equal_alpha,5,0.04323464064578588,0.543010752688172,105.6,101.0,1.0,1468.2,864.0,1318.6
allocation,amazon,hgb_graph_features,0.25,zero_exposure,uniform,equal_alpha,6,0.047636309924262134,0.6085106382978724,120.2,114.4,1.0,1433.6,864.0,1299.6
allocation,amazon,hgb_graph_features,0.25,zero_exposure,uniform,equal_alpha,7,0.04200464541162377,0.5475935828877005,108.2,102.4,0.8,1443.0,864.0,1303.8
allocation,amazon,hgb_graph_features,0.25,zero_exposure,uniform,equal_alpha,8,0.031984789348225726,0.5437837837837838,104.2,100.6,1.0,1461.8,864.0,1325.0
allocation,amazon,hgb_graph_features,0.25,zero_exposure,uniform,equal_alpha,9,0.02096161128167446,0.5419354838709678,103.2,100.8,1.0,1462.0,864.0,1322.0
allocation,amazon,hgb_graph_features,0.25,zero_exposure,uniform,filtered_low,0,0.0673751267844481,0.7264864864864865,146.2,134.4,1.0,1491.6,864.0,1347.2
allocation,amazon,hgb_graph_features,0.25,zero_exposure,uniform,filtered_low,1,0.09722008439759819,0.653551912568306,137.6,119.6,0.8,1448.6,864.0,1318.2
allocation,amazon,hgb_graph_features,0.25,zero_exposure,uniform,filtered_low,2,0.06557366895494417,0.5836065573770493,117.8,106.8,0.8,1472.6,864.0,1333.6
allocation,amazon,hgb_graph_features,0.25,zero_exposure,uniform,filtered_low,3,0.12900299577717206,0.7795698924731183,172.8,145.0,1.0,1500.0,864.0,1347.6
allocation,amazon,hgb_graph_features,0.25,zero_exposure,uniform,filtered_low,4,0.0821423860737037,0.7293478260869566,147.6,134.2,1.0,1487.2,864.0,1352.6
allocation,amazon,hgb_graph_features,0.25,zero_exposure,uniform,filtered_low,5,0.10058592173878447,0.621505376344086,133.4,115.6,0.8,1468.2,864.0,1318.6
allocation,amazon,hgb_graph_features,0.25,zero_exposure,uniform,filtered_low,6,0.03366552282470699,0.5851063829787234,114.8,110.0,0.8,1433.6,864.0,1299.6
allocation,amazon,hgb_graph_features,0.25,zero_exposure,uniform,filtered_low,7,0.05842058288605119,0.7336898395721925,146.0,137.2,1.0,1443.0,864.0,1303.8
allocation,amazon,hgb_graph_features,0.25,zero_exposure,uniform,filtered_low,8,0.1602281947261663,0.7491891891891893,172.2,138.6,1.0,1461.8,864.0,1325.0
allocation,amazon,hgb_graph_features,0.25,zero_exposure,uniform,filtered_low,9,0.056195747429715295,0.5838709677419355,117.8,108.6,0.8,1462.0,864.0,1322.0
allocation,amazon,hgb_graph_features,0.25,zero_exposure,uniform,pooled_reference,0,0.12427671156920886,0.8108108108108109,171.8,150.0,1.0,1491.6,864.0,1347.2
allocation,amazon,hgb_graph_features,0.25,zero_exposure,uniform,pooled_reference,1,0.09201760429584976,0.8,161.6,146.4,1.0,1448.6,864.0,1318.2
allocation,amazon,hgb_graph_features,0.25,zero_exposure,uniform,pooled_reference,2,0.1283373985149564,0.7846994535519125,165.0,143.6,1.0,1472.6,864.0,1333.6
allocation,amazon,hgb_graph_features,0.25,zero_exposure,uniform,pooled_reference,3,0.04393691109036626,0.7645161290322581,149.4,142.2,1.0,1500.0,864.0,1347.6
allocation,amazon,hgb_graph_features,0.25,zero_exposure,uniform,pooled_reference,4,0.08873166058820067,0.7630434782608695,154.4,140.4,1.0,1487.2,864.0,1352.6
allocation,amazon,hgb_graph_features,0.25,zero_exposure,uniform,pooled_reference,5,0.08529435222420387,0.7623655913978494,155.2,141.8,1.0,1468.2,864.0,1318.6
allocation,amazon,hgb_graph_features,0.25,zero_exposure,uniform,pooled_reference,6,0.08163214425157071,0.774468085106383,159.0,145.6,1.0,1433.6,864.0,1299.6
allocation,amazon,hgb_graph_features,0.25,zero_exposure,uniform,pooled_reference,7,0.08320146019665957,0.7871657754010695,160.8,147.2,1.0,1443.0,864.0,1303.8
allocation,amazon,hgb_graph_features,0.25,zero_exposure,uniform,pooled_reference,8,0.09736329632275395,0.7556756756756757,155.2,139.8,1.0,1461.8,864.0,1325.0
allocation,amazon,hgb_graph_features,0.25,zero_exposure,uniform,pooled_reference,9,0.06623550120082063,0.7731182795698925,154.6,143.8,1.0,1462.0,864.0,1322.0
allocation,amazon,hgb_graph_features,0.25,zero_exposure,uniform,pooled_stratum,0,0.11310217378399046,0.7816216216216216,163.6,144.6,1.0,1491.6,864.0,1347.2
allocation,amazon,hgb_graph_features,0.25,zero_exposure,uniform,pooled_stratum,1,0.0922720352947893,0.7846994535519125,158.6,143.6,1.0,1448.6,864.0,1318.2
allocation,amazon,hgb_graph_features,0.25,zero_exposure,uniform,pooled_stratum,2,0.11808987873017034,0.7672131147540984,159.6,140.4,1.0,1472.6,864.0,1333.6
allocation,amazon,hgb_graph_features,0.25,zero_exposure,uniform,pooled_stratum,3,0.04620504709167872,0.7279569892473118,143.2,135.4,1.0,1500.0,864.0,1347.6
allocation,amazon,hgb_graph_features,0.25,zero_exposure,uniform,pooled_stratum,4,0.06947240765754285,0.7510869565217392,148.6,138.2,1.0,1487.2,864.0,1352.6
allocation,amazon,hgb_graph_features,0.25,zero_exposure,uniform,pooled_stratum,5,0.07258360315562216,0.7139784946236559,143.2,132.8,1.0,1468.2,864.0,1318.6
allocation,amazon,hgb_graph_features,0.25,zero_exposure,uniform,pooled_stratum,6,0.0722969122515458,0.7468085106382979,151.6,140.4,1.0,1433.6,864.0,1299.6
allocation,amazon,hgb_graph_features,0.25,zero_exposure,uniform,pooled_stratum,7,0.082844787440549,0.7754010695187166,158.4,145.0,1.0,1443.0,864.0,1303.8
allocation,amazon,hgb_graph_features,0.25,zero_exposure,uniform,pooled_stratum,8,0.07702512186662944,0.72,144.8,133.2,1.0,1461.8,864.0,1325.0
allocation,amazon,hgb_graph_features,0.25,zero_exposure,uniform,pooled_stratum,9,0.06487196605012698,0.743010752688172,148.4,138.2,1.0,1462.0,864.0,1322.0
allocation,amazon,hgb_graph_features,0.25,zero_exposure,uniform,size_alpha,0,0.10746426799002376,0.6724324324324324,140.2,124.4,1.0,1491.6,864.0,1347.2
allocation,amazon,hgb_graph_features,0.25,zero_exposure,uniform,size_alpha,1,0.08547322242974417,0.6950819672131148,139.4,127.2,1.0,1448.6,864.0,1318.2
allocation,amazon,hgb_graph_features,0.25,zero_exposure,uniform,size_alpha,2,0.10347648592210276,0.6754098360655737,138.0,123.6,1.0,1472.6,864.0,1333.6
allocation,amazon,hgb_graph_features,0.25,zero_exposure,uniform,size_alpha,3,0.03566338530552483,0.5612903225806452,109.8,104.4,1.0,1500.0,864.0,1347.6
allocation,amazon,hgb_graph_features,0.25,zero_exposure,uniform,size_alpha,4,0.05890862883913032,0.6315217391304347,123.4,116.2,1.0,1487.2,864.0,1352.6
allocation,amazon,hgb_graph_features,0.25,zero_exposure,uniform,size_alpha,5,0.06819492188603396,0.6387096774193548,127.6,118.8,1.0,1468.2,864.0,1318.6
allocation,amazon,hgb_graph_features,0.25,zero_exposure,uniform,size_alpha,6,0.07273797860514278,0.648936170212766,131.8,122.0,1.0,1433.6,864.0,1299.6
allocation,amazon,hgb_graph_features,0.25,zero_exposure,uniform,size_alpha,7,0.08335886732016727,0.6588235294117647,134.6,123.2,1.0,1443.0,864.0,1303.8
allocation,amazon,hgb_graph_features,0.25,zero_exposure,uniform,size_alpha,8,0.06635751704039346,0.6432432432432432,127.8,119.0,1.0,1461.8,864.0,1325.0
allocation,amazon,hgb_graph_features,0.25,zero_exposure,uniform,size_alpha,9,0.05294234062826834,0.6279569892473118,124.0,116.8,1.0,1462.0,864.0,1322.0
allocation,amazon,hgb_graph_features,0.5,exposure_80,uniform,equal_alpha,0,0.029510062881506732,0.6410810810810811,122.2,118.6,1.0,2942.4,864.0,2661.0
allocation,amazon,hgb_graph_features,0.5,exposure_80,uniform,equal_alpha,1,0.06079597345467867,0.6469945355191257,126.2,118.4,1.0,2923.4,864.0,2653.2
allocation,amazon,hgb_graph_features,0.5,exposure_80,uniform,equal_alpha,2,0.05225707545441891,0.6918032786885246,133.6,126.6,1.0,2898.0,864.0,2627.0
allocation,amazon,hgb_graph_features,0.5,exposure_80,uniform,equal_alpha,3,0.03493116163089901,0.5451612903225806,105.6,101.4,1.0,2936.6,864.0,2648.0
allocation,amazon,hgb_graph_features,0.5,exposure_80,uniform,equal_alpha,4,0.05077768491102859,0.5630434782608695,108.2,103.6,1.0,2938.6,864.0,2661.0
allocation,amazon,hgb_graph_features,0.5,exposure_80,uniform,equal_alpha,5,0.0408438398854731,0.5817204301075269,112.8,108.2,1.0,2944.0,864.0,2654.4
allocation,amazon,hgb_graph_features,0.5,exposure_80,uniform,equal_alpha,6,0.03270889053168492,0.6170212765957447,120.2,116.0,1.0,2911.4,864.0,2632.4
allocation,amazon,hgb_graph_features,0.5,exposure_80,uniform,equal_alpha,7,0.053055034450069524,0.413903743315508,80.4,77.4,1.0,2890.0,864.0,2616.4
allocation,amazon,hgb_graph_features,0.5,exposure_80,uniform,equal_alpha,8,0.023095092799259833,0.5362162162162163,101.6,99.2,1.0,2920.4,864.0,2637.6
allocation,amazon,hgb_graph_features,0.5,exposure_80,uniform,equal_alpha,9,0.025742332731914445,0.556989247311828,106.6,103.6,1.0,2923.0,864.0,2648.8
allocation,amazon,hgb_graph_features,0.5,exposure_80,uniform,filtered_low,0,0.16869243487629496,0.8454054054054054,188.2,156.4,1.0,2942.4,864.0,2661.0
allocation,amazon,hgb_graph_features,0.5,exposure_80,uniform,filtered_low,1,0.11957973727678135,0.8174863387978142,170.6,149.6,1.0,2923.4,864.0,2653.2
allocation,amazon,hgb_graph_features,0.5,exposure_80,uniform,filtered_low,2,0.15686761250467862,0.8120218579234972,176.4,148.6,1.0,2898.0,864.0,2627.0
allocation,amazon,hgb_graph_features,0.5,exposure_80,uniform,filtered_low,3,0.12394158818875275,0.8494623655913978,180.4,158.0,1.0,2936.6,864.0,2648.0
allocation,amazon,hgb_graph_features,0.5,exposure_80,uniform,filtered_low,4,0.14137361239143897,0.7978260869565218,171.2,146.8,1.0,2938.6,864.0,2661.0
allocation,amazon,hgb_graph_features,0.5,exposure_80,uniform,filtered_low,5,0.14298873228221054,0.810752688172043,176.4,150.8,1.0,2944.0,864.0,2654.4
allocation,amazon,hgb_graph_features,0.5,exposure_80,uniform,filtered_low,6,0.11018745110799229,0.7925531914893618,167.6,149.0,1.0,2911.4,864.0,2632.4
allocation,amazon,hgb_graph_features,0.5,exposure_80,uniform,filtered_low,7,0.11123142563940236,0.8085561497326204,170.4,151.2,1.0,2890.0,864.0,2616.4
allocation,amazon,hgb_graph_features,0.5,exposure_80,uniform,filtered_low,8,0.14222971708844784,0.7967567567567568,172.2,147.4,1.0,2920.4,864.0,2637.6
allocation,amazon,hgb_graph_features,0.5,exposure_80,uniform,filtered_low,9,0.10089794951223177,0.8064516129032258,167.2,150.0,1.0,2923.0,864.0,2648.8
allocation,amazon,hgb_graph_features,0.5,exposure_80,uniform,pooled_reference,0,0.11941176046787802,0.8151351351351351,171.4,150.8,1.0,2942.4,864.0,2661.0
allocation,amazon,hgb_graph_features,0.5,exposure_80,uniform,pooled_reference,1,0.09781363496622204,0.8076502732240437,164.2,147.8,1.0,2923.4,864.0,2653.2
allocation,amazon,hgb_graph_features,0.5,exposure_80,uniform,pooled_reference,2,0.12877781393256707,0.7956284153005464,167.2,145.6,1.0,2898.0,864.0,2627.0
allocation,amazon,hgb_graph_features,0.5,exposure_80,uniform,pooled_reference,3,0.05319891149789202,0.8053763440860215,158.6,149.8,1.0,2936.6,864.0,2648.0
allocation,amazon,hgb_graph_features,0.5,exposure_80,uniform,pooled_reference,4,0.07985776229961697,0.7597826086956522,152.0,139.8,1.0,2938.6,864.0,2661.0
allocation,amazon,hgb_graph_features,0.5,exposure_80,uniform,pooled_reference,5,0.09165133294487629,0.7709677419354839,158.0,143.4,1.0,2944.0,864.0,2654.4
allocation,amazon,hgb_graph_features,0.5,exposure_80,uniform,pooled_reference,6,0.07718209753973822,0.774468085106383,158.0,145.6,1.0,2911.4,864.0,2632.4
allocation,amazon,hgb_graph_features,0.5,exposure_80,uniform,pooled_reference,7,0.08405089955146672,0.7914438502673796,161.8,148.0,1.0,2890.0,864.0,2616.4
allocation,amazon,hgb_graph_features,0.5,exposure_80,uniform,pooled_reference,8,0.09697352736131284,0.7827027027027027,160.4,144.8,1.0,2920.4,864.0,2637.6
allocation,amazon,hgb_graph_features,0.5,exposure_80,uniform,pooled_reference,9,0.07792666560866093,0.8021505376344086,162.2,149.2,1.0,2923.0,864.0,2648.8
allocation,amazon,hgb_graph_features,0.5,exposure_80,uniform,pooled_stratum,0,0.13536347760081485,0.7545945945945947,161.6,139.6,1.0,2942.4,864.0,2661.0
allocation,amazon,hgb_graph_features,0.5,exposure_80,uniform,pooled_stratum,1,0.05795454545454546,0.28743169398907104,57.2,52.6,0.8,2923.4,864.0,2653.2
allocation,amazon,hgb_graph_features,0.5,exposure_80,uniform,pooled_stratum,2,0.08279672708244137,0.49617486338797817,101.6,90.8,0.8,2898.0,864.0,2627.0
allocation,amazon,hgb_graph_features,0.5,exposure_80,uniform,pooled_stratum,3,0.08089442368894424,0.3870967741935484,78.2,72.0,1.0,2936.6,864.0,2648.0
allocation,amazon,hgb_graph_features,0.5,exposure_80,uniform,pooled_stratum,4,0.08401935774309724,0.4532608695652174,91.2,83.4,1.0,2938.6,864.0,2661.0
allocation,amazon,hgb_graph_features,0.5,exposure_80,uniform,pooled_stratum,5,0.10109585702365427,0.5193548387096774,108.6,96.6,1.0,2944.0,864.0,2654.4
allocation,amazon,hgb_graph_features,0.5,exposure_80,uniform,pooled_stratum,6,0.07373361365814823,0.46170212765957447,94.4,86.8,1.0,2911.4,864.0,2632.4
allocation,amazon,hgb_graph_features,0.5,exposure_80,uniform,pooled_stratum,7,0.11384424695079931,0.38181818181818183,79.6,71.4,1.0,2890.0,864.0,2616.4
allocation,amazon,hgb_graph_features,0.5,exposure_80,uniform,pooled_stratum,8,0.07755150949268597,0.518918918918919,106.2,96.0,1.0,2920.4,864.0,2637.6
allocation,amazon,hgb_graph_features,0.5,exposure_80,uniform,pooled_stratum,9,0.08071029295986809,0.6064516129032258,122.6,112.8,1.0,2923.0,864.0,2648.8
allocation,amazon,hgb_graph_features,0.5,exposure_80,uniform,size_alpha,0,0.0790208789916515,0.40540540540540543,79.4,75.0,1.0,2942.4,864.0,2661.0
allocation,amazon,hgb_graph_features,0.5,exposure_80,uniform,size_alpha,1,0.05718709781209781,0.22732240437158469,44.4,41.6,0.8,2923.4,864.0,2653.2
allocation,amazon,hgb_graph_features,0.5,exposure_80,uniform,size_alpha,2,0.049996534996534996,0.2743169398907104,53.0,50.2,0.8,2898.0,864.0,2627.0
allocation,amazon,hgb_graph_features,0.5,exposure_80,uniform,size_alpha,3,0.06418722317933055,0.29354838709677417,57.8,54.6,1.0,2936.6,864.0,2648.0
allocation,amazon,hgb_graph_features,0.5,exposure_80,uniform,size_alpha,4,0.08808521615899322,0.16630434782608697,34.0,30.6,1.0,2938.6,864.0,2661.0
allocation,amazon,hgb_graph_features,0.5,exposure_80,uniform,size_alpha,5,0.10788961038961038,0.3032258064516129,61.8,56.4,1.0,2944.0,864.0,2654.4
allocation,amazon,hgb_graph_features,0.5,exposure_80,uniform,size_alpha,6,0.039046442905658715,0.21595744680851064,42.4,40.6,1.0,2911.4,864.0,2632.4
allocation,amazon,hgb_graph_features,0.5,exposure_80,uniform,size_alpha,7,0.09418655668655669,0.1679144385026738,34.6,31.4,1.0,2890.0,864.0,2616.4
allocation,amazon,hgb_graph_features,0.5,exposure_80,uniform,size_alpha,8,0.039469263077510496,0.21621621621621623,41.4,40.0,0.8,2920.4,864.0,2637.6
allocation,amazon,hgb_graph_features,0.5,exposure_80,uniform,size_alpha,9,0.07841834195922717,0.24838709677419354,49.8,46.2,1.0,2923.0,864.0,2648.8
allocation,amazon,hgb_graph_features,0.5,zero_exposure,uniform,equal_alpha,0,0.04019486078792754,0.6918918918918919,133.4,128.0,1.0,2942.4,864.0,2661.0
allocation,amazon,hgb_graph_features,0.5,zero_exposure,uniform,equal_alpha,1,0.06560377942228046,0.7333333333333334,143.8,134.2,1.0,2923.4,864.0,2653.2
allocation,amazon,hgb_graph_features,0.5,zero_exposure,uniform,equal_alpha,2,0.06314251648449687,0.6939890710382514,135.6,127.0,1.0,2898.0,864.0,2627.0
allocation,amazon,hgb_graph_features,0.5,zero_exposure,uniform,equal_alpha,3,0.027588325652841784,0.6086021505376344,117.4,113.2,1.0,2936.6,864.0,2648.0
allocation,amazon,hgb_graph_features,0.5,zero_exposure,uniform,equal_alpha,4,0.043206517609590094,0.682608695652174,131.4,125.6,1.0,2938.6,864.0,2661.0
allocation,amazon,hgb_graph_features,0.5,zero_exposure,uniform,equal_alpha,5,0.050534396123212755,0.613978494623656,120.2,114.2,1.0,2944.0,864.0,2654.4
allocation,amazon,hgb_graph_features,0.5,zero_exposure,uniform,equal_alpha,6,0.03620910788838819,0.6712765957446809,131.0,126.2,1.0,2911.4,864.0,2632.4
allocation,amazon,hgb_graph_features,0.5,zero_exposure,uniform,equal_alpha,7,0.048840361645599205,0.6877005347593583,135.2,128.6,1.0,2890.0,864.0,2616.4
allocation,amazon,hgb_graph_features,0.5,zero_exposure,uniform,equal_alpha,8,0.03977828738684882,0.6227027027027028,120.0,115.2,1.0,2920.4,864.0,2637.6
allocation,amazon,hgb_graph_features,0.5,zero_exposure,uniform,equal_alpha,9,0.03177758891773287,0.6408602150537634,123.4,119.2,1.0,2923.0,864.0,2648.8
allocation,amazon,hgb_graph_features,0.5,zero_exposure,uniform,filtered_low,0,0.18793056147491205,0.8454054054054054,198.6,156.4,1.0,2942.4,864.0,2661.0
allocation,amazon,hgb_graph_features,0.5,zero_exposure,uniform,filtered_low,1,0.06788359110924798,0.6557377049180328,131.4,120.0,1.0,2923.4,864.0,2653.2
allocation,amazon,hgb_graph_features,0.5,zero_exposure,uniform,filtered_low,2,0.1338876403210028,0.7770491803278688,166.4,142.2,1.0,2898.0,864.0,2627.0
allocation,amazon,hgb_graph_features,0.5,zero_exposure,uniform,filtered_low,3,0.13785916458699174,0.8397849462365592,182.6,156.2,1.0,2936.6,864.0,2648.0
allocation,amazon,hgb_graph_features,0.5,zero_exposure,uniform,filtered_low,4,0.09307265774624104,0.7423913043478261,152.0,136.6,1.0,2938.6,864.0,2661.0
allocation,amazon,hgb_graph_features,0.5,zero_exposure,uniform,filtered_low,5,0.09648873952484091,0.7376344086021506,155.8,137.2,1.0,2944.0,864.0,2654.4
allocation,amazon,hgb_graph_features,0.5,zero_exposure,uniform,filtered_low,6,0.05399220272086656,0.7457446808510638,148.4,140.2,1.0,2911.4,864.0,2632.4
allocation,amazon,hgb_graph_features,0.5,zero_exposure,uniform,filtered_low,7,0.05897361335781137,0.5946524064171123,120.6,111.2,0.8,2890.0,864.0,2616.4
allocation,amazon,hgb_graph_features,0.5,zero_exposure,uniform,filtered_low,8,0.25609528232772216,0.8594594594594595,214.8,159.0,1.0,2920.4,864.0,2637.6
allocation,amazon,hgb_graph_features,0.5,zero_exposure,uniform,filtered_low,9,0.0898934455935483,0.7666666666666666,157.4,142.6,1.0,2923.0,864.0,2648.8
allocation,amazon,hgb_graph_features,0.5,zero_exposure,uniform,pooled_reference,0,0.11941176046787802,0.8151351351351351,171.4,150.8,1.0,2942.4,864.0,2661.0
allocation,amazon,hgb_graph_features,0.5,zero_exposure,uniform,pooled_reference,1,0.09781363496622204,0.8076502732240437,164.2,147.8,1.0,2923.4,864.0,2653.2
allocation,amazon,hgb_graph_features,0.5,zero_exposure,uniform,pooled_reference,2,0.12877781393256707,0.7956284153005464,167.2,145.6,1.0,2898.0,864.0,2627.0
allocation,amazon,hgb_graph_features,0.5,zero_exposure,uniform,pooled_reference,3,0.05319891149789202,0.8053763440860215,158.6,149.8,1.0,2936.6,864.0,2648.0
allocation,amazon,hgb_graph_features,0.5,zero_exposure,uniform,pooled_reference,4,0.07985776229961697,0.7597826086956522,152.0,139.8,1.0,2938.6,864.0,2661.0
allocation,amazon,hgb_graph_features,0.5,zero_exposure,uniform,pooled_reference,5,0.09165133294487629,0.7709677419354839,158.0,143.4,1.0,2944.0,864.0,2654.4
allocation,amazon,hgb_graph_features,0.5,zero_exposure,uniform,pooled_reference,6,0.07718209753973822,0.774468085106383,158.0,145.6,1.0,2911.4,864.0,2632.4
allocation,amazon,hgb_graph_features,0.5,zero_exposure,uniform,pooled_reference,7,0.08405089955146672,0.7914438502673796,161.8,148.0,1.0,2890.0,864.0,2616.4
allocation,amazon,hgb_graph_features,0.5,zero_exposure,uniform,pooled_reference,8,0.09697352736131284,0.7827027027027027,160.4,144.8,1.0,2920.4,864.0,2637.6
allocation,amazon,hgb_graph_features,0.5,zero_exposure,uniform,pooled_reference,9,0.07792666560866093,0.8021505376344086,162.2,149.2,1.0,2923.0,864.0,2648.8
allocation,amazon,hgb_graph_features,0.5,zero_exposure,uniform,pooled_stratum,0,0.12476593291037266,0.8086486486486486,171.2,149.6,1.0,2942.4,864.0,2661.0
allocation,amazon,hgb_graph_features,0.5,zero_exposure,uniform,pooled_stratum,1,0.09869907208812925,0.7989071038251366,162.6,146.2,1.0,2923.4,864.0,2653.2
allocation,amazon,hgb_graph_features,0.5,zero_exposure,uniform,pooled_stratum,2,0.12390552977198062,0.7857923497267759,164.2,143.8,1.0,2898.0,864.0,2627.0
allocation,amazon,hgb_graph_features,0.5,zero_exposure,uniform,pooled_stratum,3,0.05068740539694139,0.7827956989247312,154.0,145.6,1.0,2936.6,864.0,2648.0
allocation,amazon,hgb_graph_features,0.5,zero_exposure,uniform,pooled_stratum,4,0.07364880886252001,0.7608695652173914,151.2,140.0,1.0,2938.6,864.0,2661.0
allocation,amazon,hgb_graph_features,0.5,zero_exposure,uniform,pooled_stratum,5,0.08989751818570817,0.7634408602150538,156.2,142.0,1.0,2944.0,864.0,2654.4
allocation,amazon,hgb_graph_features,0.5,zero_exposure,uniform,pooled_stratum,6,0.07403110436759863,0.7734042553191489,157.2,145.4,1.0,2911.4,864.0,2632.4
allocation,amazon,hgb_graph_features,0.5,zero_exposure,uniform,pooled_stratum,7,0.0814419909767233,0.7839572192513369,159.8,146.6,1.0,2890.0,864.0,2616.4
allocation,amazon,hgb_graph_features,0.5,zero_exposure,uniform,pooled_stratum,8,0.09470364798472083,0.7751351351351351,158.4,143.4,1.0,2920.4,864.0,2637.6
allocation,amazon,hgb_graph_features,0.5,zero_exposure,uniform,pooled_stratum,9,0.0742870013779458,0.7774193548387097,156.8,144.6,1.0,2923.0,864.0,2648.8
allocation,amazon,hgb_graph_features,0.5,zero_exposure,uniform,size_alpha,0,0.09574515317909543,0.7221621621621621,147.8,133.6,1.0,2942.4,864.0,2661.0
allocation,amazon,hgb_graph_features,0.5,zero_exposure,uniform,size_alpha,1,0.08996817935873344,0.746448087431694,150.4,136.6,1.0,2923.4,864.0,2653.2
allocation,amazon,hgb_graph_features,0.5,zero_exposure,uniform,size_alpha,2,0.11345026624783927,0.7300546448087432,150.8,133.6,1.0,2898.0,864.0,2627.0
allocation,amazon,hgb_graph_features,0.5,zero_exposure,uniform,size_alpha,3,0.051409811122052104,0.7376344086021505,145.2,137.2,1.0,2936.6,864.0,2648.0
allocation,amazon,hgb_graph_features,0.5,zero_exposure,uniform,size_alpha,4,0.07295417621687635,0.6956521739130435,138.0,128.0,1.0,2938.6,864.0,2661.0
allocation,amazon,hgb_graph_features,0.5,zero_exposure,uniform,size_alpha,5,0.08020703659001531,0.6989247311827957,141.4,130.0,1.0,2944.0,864.0,2654.4
allocation,amazon,hgb_graph_features,0.5,zero_exposure,uniform,size_alpha,6,0.07018648283111871,0.7074468085106382,143.2,133.0,1.0,2911.4,864.0,2632.4
allocation,amazon,hgb_graph_features,0.5,zero_exposure,uniform,size_alpha,7,0.07814820583987085,0.7005347593582888,142.2,131.0,1.0,2890.0,864.0,2616.4
allocation,amazon,hgb_graph_features,0.5,zero_exposure,uniform,size_alpha,8,0.08282679708711242,0.7167567567567568,144.6,132.6,1.0,2920.4,864.0,2637.6
allocation,amazon,hgb_graph_features,0.5,zero_exposure,uniform,size_alpha,9,0.06765718779689929,0.7075268817204301,141.8,131.6,1.0,2923.0,864.0,2648.8
allocation,amazon,hgb_graph_features,1.0,exposure_80,uniform,equal_alpha,0,0.03915262471576285,0.6605405405405406,127.2,122.2,1.0,5831.0,864.0,5276.0
allocation,amazon,hgb_graph_features,1.0,exposure_80,uniform,equal_alpha,1,0.044590364543780694,0.7333333333333333,140.6,134.2,1.0,5831.0,864.0,5283.0
allocation,amazon,hgb_graph_features,1.0,exposure_80,uniform,equal_alpha,2,0.04216588396332237,0.687431693989071,131.4,125.8,1.0,5831.0,864.0,5282.0
allocation,amazon,hgb_graph_features,1.0,exposure_80,uniform,equal_alpha,3,0.027311435523114352,0.621505376344086,119.4,115.6,1.0,5831.0,864.0,5272.0
allocation,amazon,hgb_graph_features,1.0,exposure_80,uniform,equal_alpha,4,0.034878759137405,0.6630434782608695,126.6,122.0,1.0,5831.0,864.0,5281.0
allocation,amazon,hgb_graph_features,1.0,exposure_80,uniform,equal_alpha,5,0.04118032901046504,0.5462365591397849,106.0,101.6,1.0,5831.0,864.0,5275.0
allocation,amazon,hgb_graph_features,1.0,exposure_80,uniform,equal_alpha,6,0.025049134412171707,0.6372340425531915,122.8,119.8,1.0,5831.0,864.0,5268.0
allocation,amazon,hgb_graph_features,1.0,exposure_80,uniform,equal_alpha,7,0.02843361064631163,0.6770053475935829,130.4,126.6,1.0,5832.0,864.0,5270.0
allocation,amazon,hgb_graph_features,1.0,exposure_80,uniform,equal_alpha,8,0.03150091839412228,0.5556756756756757,106.2,102.8,1.0,5832.0,864.0,5276.0
allocation,amazon,hgb_graph_features,1.0,exposure_80,uniform,equal_alpha,9,0.0254567756981936,0.6118279569892473,117.0,113.8,1.0,5832.0,864.0,5272.0
allocation,amazon,hgb_graph_features,1.0,exposure_80,uniform,filtered_low,0,0.16956856569142947,0.8464864864864865,188.6,156.6,1.0,5831.0,864.0,5276.0
allocation,amazon,hgb_graph_features,1.0,exposure_80,uniform,filtered_low,1,0.1306681340648659,0.8327868852459016,175.8,152.4,1.0,5831.0,864.0,5283.0
allocation,amazon,hgb_graph_features,1.0,exposure_80,uniform,filtered_low,2,0.17190044486301684,0.8163934426229508,180.6,149.4,1.0,5831.0,864.0,5282.0
allocation,amazon,hgb_graph_features,1.0,exposure_80,uniform,filtered_low,3,0.14059533443284217,0.8580645161290322,185.8,159.6,1.0,5831.0,864.0,5272.0
allocation,amazon,hgb_graph_features,1.0,exposure_80,uniform,filtered_low,4,0.14837168612952883,0.8032608695652174,173.8,147.8,1.0,5831.0,864.0,5281.0
allocation,amazon,hgb_graph_features,1.0,exposure_80,uniform,filtered_low,5,0.14490740764956497,0.8118279569892474,176.6,151.0,1.0,5831.0,864.0,5275.0
allocation,amazon,hgb_graph_features,1.0,exposure_80,uniform,filtered_low,6,0.10200361484101401,0.7936170212765957,166.2,149.2,1.0,5831.0,864.0,5268.0
allocation,amazon,hgb_graph_features,1.0,exposure_80,uniform,filtered_low,7,0.11640905739424276,0.8117647058823529,172.0,151.8,1.0,5832.0,864.0,5270.0
allocation,amazon,hgb_graph_features,1.0,exposure_80,uniform,filtered_low,8,0.1345630369034,0.7956756756756758,170.2,147.2,1.0,5832.0,864.0,5276.0
allocation,amazon,hgb_graph_features,1.0,exposure_80,uniform,filtered_low,9,0.13023659438454158,0.8086021505376344,173.0,150.4,1.0,5832.0,864.0,5272.0
allocation,amazon,hgb_graph_features,1.0,exposure_80,uniform,pooled_reference,0,0.11718015243634912,0.8248648648648649,173.2,152.6,1.0,5831.0,864.0,5276.0
allocation,amazon,hgb_graph_features,1.0,exposure_80,uniform,pooled_reference,1,0.0967665774904651,0.8076502732240437,164.0,147.8,1.0,5831.0,864.0,5283.0
allocation,amazon,hgb_graph_features,1.0,exposure_80,uniform,pooled_reference,2,0.12355775815401307,0.7879781420765027,164.6,144.2,1.0,5831.0,864.0,5282.0
allocation,amazon,hgb_graph_features,1.0,exposure_80,uniform,pooled_reference,3,0.06966243951029986,0.8236559139784946,164.8,153.2,1.0,5831.0,864.0,5272.0
allocation,amazon,hgb_graph_features,1.0,exposure_80,uniform,pooled_reference,4,0.07724528702780645,0.7630434782608695,152.2,140.4,1.0,5831.0,864.0,5281.0
allocation,amazon,hgb_graph_features,1.0,exposure_80,uniform,pooled_reference,5,0.08889213102479046,0.7709677419354838,157.6,143.4,1.0,5831.0,864.0,5275.0
allocation,amazon,hgb_graph_features,1.0,exposure_80,uniform,pooled_reference,6,0.06427941738753178,0.7680851063829788,154.4,144.4,1.0,5831.0,864.0,5268.0
allocation,amazon,hgb_graph_features,1.0,exposure_80,uniform,pooled_reference,7,0.08755013699821677,0.7925133689839572,162.6,148.2,1.0,5832.0,864.0,5270.0
allocation,amazon,hgb_graph_features,1.0,exposure_80,uniform,pooled_reference,8,0.10496510084741413,0.7837837837837838,162.0,145.0,1.0,5832.0,864.0,5276.0
allocation,amazon,hgb_graph_features,1.0,exposure_80,uniform,pooled_reference,9,0.08473721042801122,0.8053763440860215,164.0,149.8,1.0,5832.0,864.0,5272.0
allocation,amazon,hgb_graph_features,1.0,exposure_80,uniform,pooled_stratum,0,0.12040209353137535,0.7610810810810811,160.2,140.8,1.0,5831.0,864.0,5276.0
allocation,amazon,hgb_graph_features,1.0,exposure_80,uniform,pooled_stratum,1,0.08261738060848059,0.42841530054644805,86.2,78.4,1.0,5831.0,864.0,5283.0
allocation,amazon,hgb_graph_features,1.0,exposure_80,uniform,pooled_stratum,2,0.11773366810365246,0.42841530054644805,89.4,78.4,1.0,5831.0,864.0,5282.0
allocation,amazon,hgb_graph_features,1.0,exposure_80,uniform,pooled_stratum,3,0.09180005720524864,0.567741935483871,116.4,105.6,1.0,5831.0,864.0,5272.0
allocation,amazon,hgb_graph_features,1.0,exposure_80,uniform,pooled_stratum,4,0.09262442091822258,0.5076086956521739,103.4,93.4,1.0,5831.0,864.0,5281.0
allocation,amazon,hgb_graph_features,1.0,exposure_80,uniform,pooled_stratum,5,0.08962228933681732,0.5731182795698925,117.4,106.6,1.0,5831.0,864.0,5275.0
allocation,amazon,hgb_graph_features,1.0,exposure_80,uniform,pooled_stratum,6,0.06222766762910566,0.3180851063829787,64.0,59.8,1.0,5831.0,864.0,5268.0
allocation,amazon,hgb_graph_features,1.0,exposure_80,uniform,pooled_stratum,7,0.11690977591945573,0.3668449197860963,77.4,68.6,1.0,5832.0,864.0,5270.0
allocation,amazon,hgb_graph_features,1.0,exposure_80,uniform,pooled_stratum,8,0.11379628970232161,0.5599999999999999,116.4,103.6,1.0,5832.0,864.0,5276.0
allocation,amazon,hgb_graph_features,1.0,exposure_80,uniform,pooled_stratum,9,0.07454103630574219,0.6505376344086021,131.0,121.0,1.0,5832.0,864.0,5272.0
allocation,amazon,hgb_graph_features,1.0,exposure_80,uniform,size_alpha,0,0.04498659765570044,0.39567567567567574,75.2,73.2,1.0,5831.0,864.0,5276.0
allocation,amazon,hgb_graph_features,1.0,exposure_80,uniform,size_alpha,1,0.09045338441890166,0.2448087431693989,48.4,44.8,1.0,5831.0,864.0,5283.0
allocation,amazon,hgb_graph_features,1.0,exposure_80,uniform,size_alpha,2,0.13324039416392944,0.12568306010928962,26.2,23.0,1.0,5831.0,864.0,5282.0
allocation,amazon,hgb_graph_features,1.0,exposure_80,uniform,size_alpha,3,0.05507123651760052,0.2258064516129032,44.2,42.0,1.0,5831.0,864.0,5272.0
allocation,amazon,hgb_graph_features,1.0,exposure_80,uniform,size_alpha,4,0.07280472215956087,0.15543478260869564,31.0,28.6,1.0,5831.0,864.0,5281.0
allocation,amazon,hgb_graph_features,1.0,exposure_80,uniform,size_alpha,5,0.049325011015380546,0.4086021505376344,79.8,76.0,1.0,5831.0,864.0,5275.0
allocation,amazon,hgb_graph_features,1.0,exposure_80,uniform,size_alpha,6,0.06451612903225806,0.1351063829787234,27.4,25.4,1.0,5831.0,864.0,5268.0
allocation,amazon,hgb_graph_features,1.0,exposure_80,uniform,size_alpha,7,0.12020481310803892,0.1647058823529412,35.0,30.8,1.0,5832.0,864.0,5270.0
allocation,amazon,hgb_graph_features,1.0,exposure_80,uniform,size_alpha,8,0.0823198110014666,0.2616216216216216,51.6,48.4,1.0,5832.0,864.0,5276.0
allocation,amazon,hgb_graph_features,1.0,exposure_80,uniform,size_alpha,9,0.021408955224899592,0.4634408602150538,88.2,86.2,1.0,5832.0,864.0,5272.0
allocation,amazon,hgb_graph_features,1.0,zero_exposure,uniform,equal_alpha,0,0.04167925052811222,0.7232432432432432,139.6,133.8,1.0,5831.0,864.0,5276.0
allocation,amazon,hgb_graph_features,1.0,zero_exposure,uniform,equal_alpha,1,0.055601505271422755,0.7431693989071039,144.2,136.0,1.0,5831.0,864.0,5283.0
allocation,amazon,hgb_graph_features,1.0,zero_exposure,uniform,equal_alpha,2,0.054939989420042835,0.7038251366120218,136.4,128.8,1.0,5831.0,864.0,5282.0
allocation,amazon,hgb_graph_features,1.0,zero_exposure,uniform,equal_alpha,3,0.03484740227327828,0.6763440860215054,131.0,125.8,1.0,5831.0,864.0,5272.0
allocation,amazon,hgb_graph_features,1.0,zero_exposure,uniform,equal_alpha,4,0.043075321147038395,0.7206521739130435,138.6,132.6,1.0,5831.0,864.0,5281.0
allocation,amazon,hgb_graph_features,1.0,zero_exposure,uniform,equal_alpha,5,0.05776823789271447,0.6634408602150538,131.2,123.4,1.0,5831.0,864.0,5275.0
allocation,amazon,hgb_graph_features,1.0,zero_exposure,uniform,equal_alpha,6,0.03491294684419053,0.676595744680851,131.8,127.2,1.0,5831.0,864.0,5268.0
allocation,amazon,hgb_graph_features,1.0,zero_exposure,uniform,equal_alpha,7,0.05946828969438722,0.7315508021390376,145.4,136.8,1.0,5832.0,864.0,5270.0
allocation,amazon,hgb_graph_features,1.0,zero_exposure,uniform,equal_alpha,8,0.04312682976282318,0.6410810810810811,124.2,118.6,1.0,5832.0,864.0,5276.0
allocation,amazon,hgb_graph_features,1.0,zero_exposure,uniform,equal_alpha,9,0.03822396847270741,0.6903225806451613,133.8,128.4,1.0,5832.0,864.0,5272.0
allocation,amazon,hgb_graph_features,1.0,zero_exposure,uniform,filtered_low,0,0.23487345025950676,0.8767567567567568,212.6,162.2,1.0,5831.0,864.0,5276.0
allocation,amazon,hgb_graph_features,1.0,zero_exposure,uniform,filtered_low,1,0.12665031472869231,0.7715846994535519,164.0,141.2,1.0,5831.0,864.0,5283.0
allocation,amazon,hgb_graph_features,1.0,zero_exposure,uniform,filtered_low,2,0.22056296397629183,0.8163934426229508,195.8,149.4,1.0,5831.0,864.0,5282.0
allocation,amazon,hgb_graph_features,1.0,zero_exposure,uniform,filtered_low,3,0.2599279454196729,0.8903225806451612,226.6,165.6,1.0,5831.0,864.0,5272.0
allocation,amazon,hgb_graph_features,1.0,zero_exposure,uniform,filtered_low,4,0.04726371773041303,0.7217391304347827,139.6,132.8,1.0,5831.0,864.0,5281.0
allocation,amazon,hgb_graph_features,1.0,zero_exposure,uniform,filtered_low,5,0.12266587115224088,0.6365591397849462,142.6,118.4,0.8,5831.0,864.0,5275.0
allocation,amazon,hgb_graph_features,1.0,zero_exposure,uniform,filtered_low,6,0.07657582657749035,0.7606382978723405,155.8,143.0,1.0,5831.0,864.0,5268.0
allocation,amazon,hgb_graph_features,1.0,zero_exposure,uniform,filtered_low,7,0.05650102620630273,0.7497326203208556,148.8,140.2,1.0,5832.0,864.0,5270.0
allocation,amazon,hgb_graph_features,1.0,zero_exposure,uniform,filtered_low,8,0.277094115601502,0.8767567567567568,224.8,162.2,1.0,5832.0,864.0,5276.0
allocation,amazon,hgb_graph_features,1.0,zero_exposure,uniform,filtered_low,9,0.13133841775146124,0.8118279569892473,174.2,151.0,1.0,5832.0,864.0,5272.0
allocation,amazon,hgb_graph_features,1.0,zero_exposure,uniform,pooled_reference,0,0.11718015243634912,0.8248648648648649,173.2,152.6,1.0,5831.0,864.0,5276.0
allocation,amazon,hgb_graph_features,1.0,zero_exposure,uniform,pooled_reference,1,0.0967665774904651,0.8076502732240437,164.0,147.8,1.0,5831.0,864.0,5283.0
allocation,amazon,hgb_graph_features,1.0,zero_exposure,uniform,pooled_reference,2,0.12355775815401307,0.7879781420765027,164.6,144.2,1.0,5831.0,864.0,5282.0
allocation,amazon,hgb_graph_features,1.0,zero_exposure,uniform,pooled_reference,3,0.06966243951029986,0.8236559139784946,164.8,153.2,1.0,5831.0,864.0,5272.0
allocation,amazon,hgb_graph_features,1.0,zero_exposure,uniform,pooled_reference,4,0.07724528702780645,0.7630434782608695,152.2,140.4,1.0,5831.0,864.0,5281.0
allocation,amazon,hgb_graph_features,1.0,zero_exposure,uniform,pooled_reference,5,0.08889213102479046,0.7709677419354838,157.6,143.4,1.0,5831.0,864.0,5275.0
allocation,amazon,hgb_graph_features,1.0,zero_exposure,uniform,pooled_reference,6,0.06427941738753178,0.7680851063829788,154.4,144.4,1.0,5831.0,864.0,5268.0
allocation,amazon,hgb_graph_features,1.0,zero_exposure,uniform,pooled_reference,7,0.08755013699821677,0.7925133689839572,162.6,148.2,1.0,5832.0,864.0,5270.0
allocation,amazon,hgb_graph_features,1.0,zero_exposure,uniform,pooled_reference,8,0.10496510084741413,0.7837837837837838,162.0,145.0,1.0,5832.0,864.0,5276.0
allocation,amazon,hgb_graph_features,1.0,zero_exposure,uniform,pooled_reference,9,0.08473721042801122,0.8053763440860215,164.0,149.8,1.0,5832.0,864.0,5272.0
allocation,amazon,hgb_graph_features,1.0,zero_exposure,uniform,pooled_stratum,0,0.11445341156159668,0.8172972972972973,171.0,151.2,1.0,5831.0,864.0,5276.0
allocation,amazon,hgb_graph_features,1.0,zero_exposure,uniform,pooled_stratum,1,0.09207527804510711,0.7989071038251366,161.4,146.2,1.0,5831.0,864.0,5283.0
allocation,amazon,hgb_graph_features,1.0,zero_exposure,uniform,pooled_stratum,2,0.11300782698075691,0.7868852459016393,162.4,144.0,1.0,5831.0,864.0,5282.0
allocation,amazon,hgb_graph_features,1.0,zero_exposure,uniform,pooled_stratum,3,0.06134963625510187,0.8161290322580645,162.0,151.8,1.0,5831.0,864.0,5272.0
allocation,amazon,hgb_graph_features,1.0,zero_exposure,uniform,pooled_stratum,4,0.07723800316581414,0.7630434782608695,152.2,140.4,1.0,5831.0,864.0,5281.0
allocation,amazon,hgb_graph_features,1.0,zero_exposure,uniform,pooled_stratum,5,0.08655417710821192,0.7634408602150538,155.6,142.0,1.0,5831.0,864.0,5275.0
allocation,amazon,hgb_graph_features,1.0,zero_exposure,uniform,pooled_stratum,6,0.06434558777628281,0.7670212765957447,154.2,144.2,1.0,5831.0,864.0,5268.0
allocation,amazon,hgb_graph_features,1.0,zero_exposure,uniform,pooled_stratum,7,0.09048269141881593,0.7882352941176471,162.2,147.4,1.0,5832.0,864.0,5270.0
allocation,amazon,hgb_graph_features,1.0,zero_exposure,uniform,pooled_stratum,8,0.10282178328969267,0.7827027027027027,161.4,144.8,1.0,5832.0,864.0,5276.0
allocation,amazon,hgb_graph_features,1.0,zero_exposure,uniform,pooled_stratum,9,0.08368381592788672,0.8032258064516128,163.4,149.4,1.0,5832.0,864.0,5272.0
allocation,amazon,hgb_graph_features,1.0,zero_exposure,uniform,size_alpha,0,0.11011995948258187,0.7870270270270271,163.8,145.6,1.0,5831.0,864.0,5276.0
allocation,amazon,hgb_graph_features,1.0,zero_exposure,uniform,size_alpha,1,0.09197878771761869,0.7704918032786885,155.6,141.0,1.0,5831.0,864.0,5283.0
allocation,amazon,hgb_graph_features,1.0,zero_exposure,uniform,size_alpha,2,0.11492816245113535,0.7628415300546447,157.8,139.6,1.0,5831.0,864.0,5282.0
allocation,amazon,hgb_graph_features,1.0,zero_exposure,uniform,size_alpha,3,0.060608434512971376,0.7924731182795699,157.2,147.4,1.0,5831.0,864.0,5272.0
allocation,amazon,hgb_graph_features,1.0,zero_exposure,uniform,size_alpha,4,0.0779145272313233,0.7456521739130435,148.8,137.2,1.0,5831.0,864.0,5281.0
allocation,amazon,hgb_graph_features,1.0,zero_exposure,uniform,size_alpha,5,0.08541962090132307,0.7494623655913978,152.6,139.4,1.0,5831.0,864.0,5275.0
allocation,amazon,hgb_graph_features,1.0,zero_exposure,uniform,size_alpha,6,0.065493012347317,0.7372340425531915,148.4,138.6,1.0,5831.0,864.0,5268.0
allocation,amazon,hgb_graph_features,1.0,zero_exposure,uniform,size_alpha,7,0.08721801962693862,0.7604278074866311,156.0,142.2,1.0,5832.0,864.0,5270.0
allocation,amazon,hgb_graph_features,1.0,zero_exposure,uniform,size_alpha,8,0.10111604590378176,0.7589189189189189,156.2,140.4,1.0,5832.0,864.0,5276.0
allocation,amazon,hgb_graph_features,1.0,zero_exposure,uniform,size_alpha,9,0.08523554140396462,0.7774193548387097,158.4,144.6,1.0,5832.0,864.0,5272.0
allocation,tfinance,hgb_attributes,0.25,exposure_80,uniform,equal_alpha,0,0.046379651475139824,0.6361386138613861,269.8,257.0,1.0,6601.6,3936.0,6307.8
allocation,tfinance,hgb_attributes,0.25,exposure_80,uniform,equal_alpha,1,0.037626076806058624,0.6232673267326733,262.0,251.8,1.0,6644.8,3936.0,6346.2
allocation,tfinance,hgb_attributes,0.25,exposure_80,uniform,equal_alpha,2,0.05358653858162745,0.6426470588235295,277.2,262.2,1.0,6646.0,3936.0,6350.0
allocation,tfinance,hgb_attributes,0.25,exposure_80,uniform,equal_alpha,3,0.030294596484916947,0.6208955223880597,257.4,249.6,1.0,6669.0,3936.0,6367.2
allocation,tfinance,hgb_attributes,0.25,exposure_80,uniform,equal_alpha,4,0.035993159749577154,0.5891625615763547,248.4,239.2,1.0,6626.0,3936.0,6327.8
allocation,tfinance,hgb_attributes,0.25,exposure_80,uniform,equal_alpha,5,0.044149419470333864,0.648395061728395,274.8,262.6,1.0,6634.6,3936.0,6334.8
allocation,tfinance,hgb_attributes,0.25,exposure_80,uniform,equal_alpha,6,0.03911941157529492,0.6083538083538084,257.8,247.6,1.0,6619.6,3936.0,6311.8
allocation,tfinance,hgb_attributes,0.25,exposure_80,uniform,equal_alpha,7,0.030573393856710596,0.6275862068965518,262.8,254.8,1.0,6680.4,3936.0,6370.8
allocation,tfinance,hgb_attributes,0.25,exposure_80,uniform,equal_alpha,8,0.022046572605339043,0.6099009900990099,252.0,246.4,1.0,6662.2,3936.0,6364.4
allocation,tfinance,hgb_attributes,0.25,exposure_80,uniform,equal_alpha,9,0.02670022830135756,0.6269607843137255,262.8,255.8,1.0,6662.8,3936.0,6351.4
allocation,tfinance,hgb_attributes,0.25,exposure_80,uniform,filtered_low,0,0.09272419059483927,0.650990099009901,290.6,263.0,1.0,6601.6,3936.0,6307.8
allocation,tfinance,hgb_attributes,0.25,exposure_80,uniform,filtered_low,1,0.11733863620046306,0.6643564356435644,305.0,268.4,1.0,6644.8,3936.0,6346.2
allocation,tfinance,hgb_attributes,0.25,exposure_80,uniform,filtered_low,2,0.12599703970889192,0.6671568627450981,311.8,272.2,1.0,6646.0,3936.0,6350.0
allocation,tfinance,hgb_attributes,0.25,exposure_80,uniform,filtered_low,3,0.10646490655709136,0.664179104477612,299.0,267.0,1.0,6669.0,3936.0,6367.2
allocation,tfinance,hgb_attributes,0.25,exposure_80,uniform,filtered_low,4,0.12766065538423582,0.6596059113300493,308.0,267.8,1.0,6626.0,3936.0,6327.8
allocation,tfinance,hgb_attributes,0.25,exposure_80,uniform,filtered_low,5,0.13124983309898414,0.6770370370370371,317.4,274.2,1.0,6634.6,3936.0,6334.8
allocation,tfinance,hgb_attributes,0.25,exposure_80,uniform,filtered_low,6,0.11575647598818309,0.654054054054054,301.4,266.2,1.0,6619.6,3936.0,6311.8
allocation,tfinance,hgb_attributes,0.25,exposure_80,uniform,filtered_low,7,0.12322683448828442,0.6699507389162561,310.6,272.0,1.0,6680.4,3936.0,6370.8
allocation,tfinance,hgb_attributes,0.25,exposure_80,uniform,filtered_low,8,0.1382328919858944,0.6732673267326732,317.0,272.0,1.0,6662.2,3936.0,6364.4
allocation,tfinance,hgb_attributes,0.25,exposure_80,uniform,filtered_low,9,0.11227341307493599,0.665686274509804,306.6,271.6,1.0,6662.8,3936.0,6351.4
allocation,tfinance,hgb_attributes,0.25,exposure_80,uniform,pooled_reference,0,0.09060119537009907,0.6465346534653464,288.0,261.2,1.0,6601.6,3936.0,6307.8
allocation,tfinance,hgb_attributes,0.25,exposure_80,uniform,pooled_reference,1,0.07450537154381984,0.651980198019802,284.8,263.4,1.0,6644.8,3936.0,6346.2
allocation,tfinance,hgb_attributes,0.25,exposure_80,uniform,pooled_reference,2,0.10763505412261558,0.6563725490196078,300.4,267.8,1.0,6646.0,3936.0,6350.0
allocation,tfinance,hgb_attributes,0.25,exposure_80,uniform,pooled_reference,3,0.0846415632069848,0.6502487562189054,285.6,261.4,1.0,6669.0,3936.0,6367.2
allocation,tfinance,hgb_attributes,0.25,exposure_80,uniform,pooled_reference,4,0.09244878558374506,0.6330049261083743,283.8,257.0,1.0,6626.0,3936.0,6327.8
allocation,tfinance,hgb_attributes,0.25,exposure_80,uniform,pooled_reference,5,0.12509591944848805,0.6745679012345679,313.0,273.2,1.0,6634.6,3936.0,6334.8
allocation,tfinance,hgb_attributes,0.25,exposure_80,uniform,pooled_reference,6,0.07919825233442339,0.6412776412776413,283.6,261.0,1.0,6619.6,3936.0,6311.8
allocation,tfinance,hgb_attributes,0.25,exposure_80,uniform,pooled_reference,7,0.10552302019552788,0.6556650246305418,297.6,266.2,1.0,6680.4,3936.0,6370.8
allocation,tfinance,hgb_attributes,0.25,exposure_80,uniform,pooled_reference,8,0.08599006611334523,0.6410891089108911,283.6,259.0,1.0,6662.2,3936.0,6364.4
allocation,tfinance,hgb_attributes,0.25,exposure_80,uniform,pooled_reference,9,0.08429459779293509,0.6534313725490196,291.2,266.6,1.0,6662.8,3936.0,6351.4
allocation,tfinance,hgb_attributes,0.25,exposure_80,uniform,pooled_stratum,0,0.07665018046562526,0.5995049504950496,262.8,242.2,1.0,6601.6,3936.0,6307.8
allocation,tfinance,hgb_attributes,0.25,exposure_80,uniform,pooled_stratum,1,0.08796484025544363,0.6163366336633663,273.0,249.0,1.0,6644.8,3936.0,6346.2
allocation,tfinance,hgb_attributes,0.25,exposure_80,uniform,pooled_stratum,2,0.099894583422847,0.6220588235294118,282.0,253.8,1.0,6646.0,3936.0,6350.0
allocation,tfinance,hgb_attributes,0.25,exposure_80,uniform,pooled_stratum,3,0.07857748933178879,0.6109452736318408,266.8,245.6,1.0,6669.0,3936.0,6367.2
allocation,tfinance,hgb_attributes,0.25,exposure_80,uniform,pooled_stratum,4,0.0927712252558825,0.5517241379310345,247.6,224.0,1.0,6626.0,3936.0,6327.8
allocation,tfinance,hgb_attributes,0.25,exposure_80,uniform,pooled_stratum,5,0.12034446042903232,0.6582716049382716,303.6,266.6,1.0,6634.6,3936.0,6334.8
allocation,tfinance,hgb_attributes,0.25,exposure_80,uniform,pooled_stratum,6,0.07606714435726418,0.571990171990172,252.0,232.8,1.0,6619.6,3936.0,6311.8
allocation,tfinance,hgb_attributes,0.25,exposure_80,uniform,pooled_stratum,7,0.10068096391625803,0.6083743842364532,274.6,247.0,1.0,6680.4,3936.0,6370.8
allocation,tfinance,hgb_attributes,0.25,exposure_80,uniform,pooled_stratum,8,0.10168140274587253,0.6094059405940594,274.4,246.2,1.0,6662.2,3936.0,6364.4
allocation,tfinance,hgb_attributes,0.25,exposure_80,uniform,pooled_stratum,9,0.0908798417419107,0.6220588235294118,279.6,253.8,1.0,6662.8,3936.0,6351.4
allocation,tfinance,hgb_attributes,0.25,exposure_80,uniform,size_alpha,0,0.015133519778260024,0.5623762376237623,230.8,227.2,1.0,6601.6,3936.0,6307.8
allocation,tfinance,hgb_attributes,0.25,exposure_80,uniform,size_alpha,1,0.019946809666625546,0.5841584158415841,241.0,236.0,1.0,6644.8,3936.0,6346.2
allocation,tfinance,hgb_attributes,0.25,exposure_80,uniform,size_alpha,2,0.020441871319895923,0.592156862745098,247.0,241.6,1.0,6646.0,3936.0,6350.0
allocation,tfinance,hgb_attributes,0.25,exposure_80,uniform,size_alpha,3,0.007017945343936534,0.5666666666666667,229.4,227.8,1.0,6669.0,3936.0,6367.2
allocation,tfinance,hgb_attributes,0.25,exposure_80,uniform,size_alpha,4,0.012299107710235114,0.5108374384236453,210.0,207.4,1.0,6626.0,3936.0,6327.8
allocation,tfinance,hgb_attributes,0.25,exposure_80,uniform,size_alpha,5,0.028443372270010536,0.6335802469135803,264.2,256.6,1.0,6634.6,3936.0,6334.8
allocation,tfinance,hgb_attributes,0.25,exposure_80,uniform,size_alpha,6,0.0038406631360810503,0.5144963144963145,210.2,209.4,1.0,6619.6,3936.0,6311.8
allocation,tfinance,hgb_attributes,0.25,exposure_80,uniform,size_alpha,7,0.007038520484439116,0.5605911330049261,229.2,227.6,1.0,6680.4,3936.0,6370.8
allocation,tfinance,hgb_attributes,0.25,exposure_80,uniform,size_alpha,8,0.010797010640416837,0.5762376237623762,235.4,232.8,1.0,6662.2,3936.0,6364.4
allocation,tfinance,hgb_attributes,0.25,exposure_80,uniform,size_alpha,9,0.014315832632265504,0.5735294117647058,237.6,234.0,1.0,6662.8,3936.0,6351.4
allocation,tfinance,hgb_attributes,0.25,zero_exposure,uniform,equal_alpha,0,0.05151121935115151,0.6366336633663366,271.6,257.2,1.0,6601.6,3936.0,6307.8
allocation,tfinance,hgb_attributes,0.25,zero_exposure,uniform,equal_alpha,1,0.04578483232726686,0.6316831683168317,267.8,255.2,1.0,6644.8,3936.0,6346.2
allocation,tfinance,hgb_attributes,0.25,zero_exposure,uniform,equal_alpha,2,0.05912899978220082,0.6436274509803922,279.4,262.6,1.0,6646.0,3936.0,6350.0
allocation,tfinance,hgb_attributes,0.25,zero_exposure,uniform,equal_alpha,3,0.04645265760345767,0.6437810945273632,271.6,258.8,1.0,6669.0,3936.0,6367.2
allocation,tfinance,hgb_attributes,0.25,zero_exposure,uniform,equal_alpha,4,0.046894815799978916,0.6098522167487685,260.0,247.6,1.0,6626.0,3936.0,6327.8
allocation,tfinance,hgb_attributes,0.25,zero_exposure,uniform,equal_alpha,5,0.061788772627808575,0.6612345679012346,285.6,267.8,1.0,6634.6,3936.0,6334.8
allocation,tfinance,hgb_attributes,0.25,zero_exposure,uniform,equal_alpha,6,0.04024829812489367,0.6137592137592137,260.4,249.8,1.0,6619.6,3936.0,6311.8
allocation,tfinance,hgb_attributes,0.25,zero_exposure,uniform,equal_alpha,7,0.03324063799331316,0.632512315270936,265.6,256.8,1.0,6680.4,3936.0,6370.8
allocation,tfinance,hgb_attributes,0.25,zero_exposure,uniform,equal_alpha,8,0.03497677622733268,0.6242574257425743,261.4,252.2,1.0,6662.2,3936.0,6364.4
allocation,tfinance,hgb_attributes,0.25,zero_exposure,uniform,equal_alpha,9,0.03504688107689567,0.6328431372549019,267.6,258.2,1.0,6662.8,3936.0,6351.4
allocation,tfinance,hgb_attributes,0.25,zero_exposure,uniform,filtered_low,0,0.04936444003009073,0.6099009900990099,259.6,246.4,1.0,6601.6,3936.0,6307.8
allocation,tfinance,hgb_attributes,0.25,zero_exposure,uniform,filtered_low,1,0.05579397266851638,0.6326732673267327,271.0,255.6,1.0,6644.8,3936.0,6346.2
allocation,tfinance,hgb_attributes,0.25,zero_exposure,uniform,filtered_low,2,0.07345045270425402,0.6372549019607844,280.6,260.0,1.0,6646.0,3936.0,6350.0
allocation,tfinance,hgb_attributes,0.25,zero_exposure,uniform,filtered_low,3,0.05299899951945423,0.6149253731343284,261.2,247.2,1.0,6669.0,3936.0,6367.2
allocation,tfinance,hgb_attributes,0.25,zero_exposure,uniform,filtered_low,4,0.06614171901156939,0.6073891625615764,264.2,246.6,1.0,6626.0,3936.0,6327.8
allocation,tfinance,hgb_attributes,0.25,zero_exposure,uniform,filtered_low,5,0.08896613089612056,0.6479012345679013,289.6,262.4,1.0,6634.6,3936.0,6334.8
allocation,tfinance,hgb_attributes,0.25,zero_exposure,uniform,filtered_low,6,0.08143301920618802,0.6270270270270271,279.2,255.2,1.0,6619.6,3936.0,6311.8
allocation,tfinance,hgb_attributes,0.25,zero_exposure,uniform,filtered_low,7,0.0629122569100081,0.6147783251231528,266.4,249.6,1.0,6680.4,3936.0,6370.8
allocation,tfinance,hgb_attributes,0.25,zero_exposure,uniform,filtered_low,8,0.07422613433110432,0.6306930693069307,275.6,254.8,1.0,6662.2,3936.0,6364.4
allocation,tfinance,hgb_attributes,0.25,zero_exposure,uniform,filtered_low,9,0.06629848814276505,0.6426470588235295,281.0,262.2,1.0,6662.8,3936.0,6351.4
allocation,tfinance,hgb_attributes,0.25,zero_exposure,uniform,pooled_reference,0,0.09060119537009907,0.6465346534653464,288.0,261.2,1.0,6601.6,3936.0,6307.8
allocation,tfinance,hgb_attributes,0.25,zero_exposure,uniform,pooled_reference,1,0.07450537154381984,0.651980198019802,284.8,263.4,1.0,6644.8,3936.0,6346.2
allocation,tfinance,hgb_attributes,0.25,zero_exposure,uniform,pooled_reference,2,0.10763505412261558,0.6563725490196078,300.4,267.8,1.0,6646.0,3936.0,6350.0
allocation,tfinance,hgb_attributes,0.25,zero_exposure,uniform,pooled_reference,3,0.0846415632069848,0.6502487562189054,285.6,261.4,1.0,6669.0,3936.0,6367.2
allocation,tfinance,hgb_attributes,0.25,zero_exposure,uniform,pooled_reference,4,0.09244878558374506,0.6330049261083743,283.8,257.0,1.0,6626.0,3936.0,6327.8
allocation,tfinance,hgb_attributes,0.25,zero_exposure,uniform,pooled_reference,5,0.12509591944848805,0.6745679012345679,313.0,273.2,1.0,6634.6,3936.0,6334.8
allocation,tfinance,hgb_attributes,0.25,zero_exposure,uniform,pooled_reference,6,0.07919825233442339,0.6412776412776413,283.6,261.0,1.0,6619.6,3936.0,6311.8
allocation,tfinance,hgb_attributes,0.25,zero_exposure,uniform,pooled_reference,7,0.10552302019552788,0.6556650246305418,297.6,266.2,1.0,6680.4,3936.0,6370.8
allocation,tfinance,hgb_attributes,0.25,zero_exposure,uniform,pooled_reference,8,0.08599006611334523,0.6410891089108911,283.6,259.0,1.0,6662.2,3936.0,6364.4
allocation,tfinance,hgb_attributes,0.25,zero_exposure,uniform,pooled_reference,9,0.08429459779293509,0.6534313725490196,291.2,266.6,1.0,6662.8,3936.0,6351.4
allocation,tfinance,hgb_attributes,0.25,zero_exposure,uniform,pooled_stratum,0,0.08738264201696853,0.6628712871287129,294.2,267.8,1.0,6601.6,3936.0,6307.8
allocation,tfinance,hgb_attributes,0.25,zero_exposure,uniform,pooled_stratum,1,0.07805279915740747,0.657920792079208,288.4,265.8,1.0,6644.8,3936.0,6346.2
allocation,tfinance,hgb_attributes,0.25,zero_exposure,uniform,pooled_stratum,2,0.10650858264121973,0.6642156862745099,303.8,271.0,1.0,6646.0,3936.0,6350.0
allocation,tfinance,hgb_attributes,0.25,zero_exposure,uniform,pooled_stratum,3,0.08451271448669773,0.6716417910447762,295.2,270.0,1.0,6669.0,3936.0,6367.2
allocation,tfinance,hgb_attributes,0.25,zero_exposure,uniform,pooled_stratum,4,0.0760408097753472,0.6394088669950738,281.2,259.6,1.0,6626.0,3936.0,6327.8
allocation,tfinance,hgb_attributes,0.25,zero_exposure,uniform,pooled_stratum,5,0.12889203241600652,0.6849382716049383,318.8,277.4,1.0,6634.6,3936.0,6334.8
allocation,tfinance,hgb_attributes,0.25,zero_exposure,uniform,pooled_stratum,6,0.09339562225457435,0.6388206388206388,287.0,260.0,1.0,6619.6,3936.0,6311.8
allocation,tfinance,hgb_attributes,0.25,zero_exposure,uniform,pooled_stratum,7,0.08476852549403513,0.6561576354679802,291.0,266.4,1.0,6680.4,3936.0,6370.8
allocation,tfinance,hgb_attributes,0.25,zero_exposure,uniform,pooled_stratum,8,0.08663752190004358,0.6445544554455446,285.4,260.4,1.0,6662.2,3936.0,6364.4
allocation,tfinance,hgb_attributes,0.25,zero_exposure,uniform,pooled_stratum,9,0.07778878882807344,0.6553921568627451,290.0,267.4,1.0,6662.8,3936.0,6351.4
allocation,tfinance,hgb_attributes,0.25,zero_exposure,uniform,size_alpha,0,0.06018747249838295,0.6420792079207921,276.6,259.4,1.0,6601.6,3936.0,6307.8
allocation,tfinance,hgb_attributes,0.25,zero_exposure,uniform,size_alpha,1,0.04776801396143366,0.6386138613861386,271.2,258.0,1.0,6644.8,3936.0,6346.2
allocation,tfinance,hgb_attributes,0.25,zero_exposure,uniform,size_alpha,2,0.06399219757552524,0.6495098039215687,283.4,265.0,1.0,6646.0,3936.0,6350.0
allocation,tfinance,hgb_attributes,0.25,zero_exposure,uniform,size_alpha,3,0.05279476092111689,0.6502487562189054,276.2,261.4,1.0,6669.0,3936.0,6367.2
allocation,tfinance,hgb_attributes,0.25,zero_exposure,uniform,size_alpha,4,0.04824693632688023,0.6157635467980296,262.8,250.0,1.0,6626.0,3936.0,6327.8
allocation,tfinance,hgb_attributes,0.25,zero_exposure,uniform,size_alpha,5,0.06547292328114314,0.6622222222222222,287.2,268.2,1.0,6634.6,3936.0,6334.8
allocation,tfinance,hgb_attributes,0.25,zero_exposure,uniform,size_alpha,6,0.051683282069343514,0.6201474201474202,266.4,252.4,1.0,6619.6,3936.0,6311.8
allocation,tfinance,hgb_attributes,0.25,zero_exposure,uniform,size_alpha,7,0.038219637947224515,0.6354679802955665,268.2,258.0,1.0,6680.4,3936.0,6370.8
allocation,tfinance,hgb_attributes,0.25,zero_exposure,uniform,size_alpha,8,0.04235587717285324,0.6297029702970297,265.8,254.4,1.0,6662.2,3936.0,6364.4
allocation,tfinance,hgb_attributes,0.25,zero_exposure,uniform,size_alpha,9,0.03829500739716681,0.6357843137254902,269.8,259.4,1.0,6662.8,3936.0,6351.4
allocation,tfinance,hgb_attributes,0.5,exposure_80,uniform,equal_alpha,0,0.030004850809913653,0.6212871287128713,259.0,251.0,1.0,13215.8,3936.0,12618.4
allocation,tfinance,hgb_attributes,0.5,exposure_80,uniform,equal_alpha,1,0.030696091848722844,0.6351485148514852,264.8,256.6,1.0,13320.2,3936.0,12727.0
allocation,tfinance,hgb_attributes,0.5,exposure_80,uniform,equal_alpha,2,0.04326281757011634,0.6367647058823529,271.6,259.8,1.0,13283.2,3936.0,12687.8
allocation,tfinance,hgb_attributes,0.5,exposure_80,uniform,equal_alpha,3,0.037547109013136105,0.6353233830845771,265.4,255.4,1.0,13303.6,3936.0,12699.4
allocation,tfinance,hgb_attributes,0.5,exposure_80,uniform,equal_alpha,4,0.048720258173286665,0.6093596059113301,260.4,247.4,1.0,13291.2,3936.0,12677.6
allocation,tfinance,hgb_attributes,0.5,exposure_80,uniform,equal_alpha,5,0.050935224965336215,0.6503703703703704,277.6,263.4,1.0,13256.4,3936.0,12651.0
allocation,tfinance,hgb_attributes,0.5,exposure_80,uniform,equal_alpha,6,0.03677226116100636,0.6127764127764128,259.0,249.4,1.0,13258.2,3936.0,12648.6
allocation,tfinance,hgb_attributes,0.5,exposure_80,uniform,equal_alpha,7,0.024625314319711603,0.626600985221675,260.8,254.4,1.0,13305.6,3936.0,12696.8
allocation,tfinance,hgb_attributes,0.5,exposure_80,uniform,equal_alpha,8,0.040198148688821385,0.6212871287128713,261.6,251.0,1.0,13275.8,3936.0,12670.2
allocation,tfinance,hgb_attributes,0.5,exposure_80,uniform,equal_alpha,9,0.025988750693017697,0.6279411764705882,263.0,256.2,1.0,13320.4,3936.0,12700.6
allocation,tfinance,hgb_attributes,0.5,exposure_80,uniform,filtered_low,0,0.10606604851346775,0.657920792079208,298.2,265.8,1.0,13215.8,3936.0,12618.4
allocation,tfinance,hgb_attributes,0.5,exposure_80,uniform,filtered_low,1,0.12057160541467726,0.6702970297029702,308.4,270.8,1.0,13320.2,3936.0,12727.0
allocation,tfinance,hgb_attributes,0.5,exposure_80,uniform,filtered_low,2,0.1373910601159714,0.6720588235294118,318.2,274.2,1.0,13283.2,3936.0,12687.8
allocation,tfinance,hgb_attributes,0.5,exposure_80,uniform,filtered_low,3,0.11517285106456132,0.6691542288557214,304.2,269.0,1.0,13303.6,3936.0,12699.4
allocation,tfinance,hgb_attributes,0.5,exposure_80,uniform,filtered_low,4,0.12327820854307223,0.6620689655172414,307.8,268.8,1.0,13291.2,3936.0,12677.6
allocation,tfinance,hgb_attributes,0.5,exposure_80,uniform,filtered_low,5,0.13412196760241488,0.6755555555555556,316.2,273.6,1.0,13256.4,3936.0,12651.0
allocation,tfinance,hgb_attributes,0.5,exposure_80,uniform,filtered_low,6,0.12656056114141423,0.6560196560196561,305.8,267.0,1.0,13258.2,3936.0,12648.6
allocation,tfinance,hgb_attributes,0.5,exposure_80,uniform,filtered_low,7,0.12091313027456252,0.6714285714285715,310.2,272.6,1.0,13305.6,3936.0,12696.8
allocation,tfinance,hgb_attributes,0.5,exposure_80,uniform,filtered_low,8,0.15658365830759863,0.6787128712871288,325.8,274.2,1.0,13275.8,3936.0,12670.2
allocation,tfinance,hgb_attributes,0.5,exposure_80,uniform,filtered_low,9,0.12458404845760429,0.6730392156862746,314.2,274.6,1.0,13320.4,3936.0,12700.6
allocation,tfinance,hgb_attributes,0.5,exposure_80,uniform,pooled_reference,0,0.07880851244294099,0.6386138613861386,280.6,258.0,1.0,13215.8,3936.0,12618.4
allocation,tfinance,hgb_attributes,0.5,exposure_80,uniform,pooled_reference,1,0.07872032019858985,0.6534653465346535,287.0,264.0,1.0,13320.2,3936.0,12727.0
allocation,tfinance,hgb_attributes,0.5,exposure_80,uniform,pooled_reference,2,0.09578607872148513,0.6509803921568628,294.0,265.6,1.0,13283.2,3936.0,12687.8
allocation,tfinance,hgb_attributes,0.5,exposure_80,uniform,pooled_reference,3,0.09344569556788909,0.6537313432835821,290.2,262.8,1.0,13303.6,3936.0,12699.4
allocation,tfinance,hgb_attributes,0.5,exposure_80,uniform,pooled_reference,4,0.09683123128889107,0.6379310344827587,287.2,259.0,1.0,13291.2,3936.0,12677.6
allocation,tfinance,hgb_attributes,0.5,exposure_80,uniform,pooled_reference,5,0.11566484253442,0.6696296296296296,306.8,271.2,1.0,13256.4,3936.0,12651.0
allocation,tfinance,hgb_attributes,0.5,exposure_80,uniform,pooled_reference,6,0.08233652511528847,0.6393120393120393,283.6,260.2,1.0,13258.2,3936.0,12648.6
allocation,tfinance,hgb_attributes,0.5,exposure_80,uniform,pooled_reference,7,0.09319741384143436,0.6502463054187192,291.2,264.0,1.0,13305.6,3936.0,12696.8
allocation,tfinance,hgb_attributes,0.5,exposure_80,uniform,pooled_reference,8,0.1066350427773228,0.6544554455445545,296.4,264.4,1.0,13275.8,3936.0,12670.2
allocation,tfinance,hgb_attributes,0.5,exposure_80,uniform,pooled_reference,9,0.09135124925642049,0.657843137254902,295.4,268.4,1.0,13320.4,3936.0,12700.6
allocation,tfinance,hgb_attributes,0.5,exposure_80,uniform,pooled_stratum,0,0.07437232672111715,0.595049504950495,260.0,240.4,1.0,13215.8,3936.0,12618.4
allocation,tfinance,hgb_attributes,0.5,exposure_80,uniform,pooled_stratum,1,0.08205062234148539,0.6198019801980198,273.4,250.4,1.0,13320.2,3936.0,12727.0
allocation,tfinance,hgb_attributes,0.5,exposure_80,uniform,pooled_stratum,2,0.09031407616804651,0.6073529411764705,272.4,247.8,1.0,13283.2,3936.0,12687.8
allocation,tfinance,hgb_attributes,0.5,exposure_80,uniform,pooled_stratum,3,0.0901743935635166,0.6159203980099502,272.4,247.6,1.0,13303.6,3936.0,12699.4
allocation,tfinance,hgb_attributes,0.5,exposure_80,uniform,pooled_stratum,4,0.09470441590308405,0.5591133004926109,251.0,227.0,1.0,13291.2,3936.0,12677.6
allocation,tfinance,hgb_attributes,0.5,exposure_80,uniform,pooled_stratum,5,0.11369107749860859,0.654320987654321,299.2,265.0,1.0,13256.4,3936.0,12651.0
allocation,tfinance,hgb_attributes,0.5,exposure_80,uniform,pooled_stratum,6,0.08368768338958041,0.5778869778869778,257.0,235.2,1.0,13258.2,3936.0,12648.6
allocation,tfinance,hgb_attributes,0.5,exposure_80,uniform,pooled_stratum,7,0.10513407679637794,0.6068965517241379,275.4,246.4,1.0,13305.6,3936.0,12696.8
allocation,tfinance,hgb_attributes,0.5,exposure_80,uniform,pooled_stratum,8,0.11627000322518626,0.6198019801980198,283.8,250.4,1.0,13275.8,3936.0,12670.2
allocation,tfinance,hgb_attributes,0.5,exposure_80,uniform,pooled_stratum,9,0.09984312265037647,0.6215686274509804,282.0,253.6,1.0,13320.4,3936.0,12700.6
allocation,tfinance,hgb_attributes,0.5,exposure_80,uniform,size_alpha,0,0.011921807667749503,0.5683168316831683,232.4,229.6,1.0,13215.8,3936.0,12618.4
allocation,tfinance,hgb_attributes,0.5,exposure_80,uniform,size_alpha,1,0.01757495608865536,0.598019801980198,246.0,241.6,1.0,13320.2,3936.0,12727.0
allocation,tfinance,hgb_attributes,0.5,exposure_80,uniform,size_alpha,2,0.012276796580965591,0.5852941176470589,241.8,238.8,1.0,13283.2,3936.0,12687.8
allocation,tfinance,hgb_attributes,0.5,exposure_80,uniform,size_alpha,3,0.014703593637724322,0.5850746268656717,238.8,235.2,1.0,13303.6,3936.0,12699.4
allocation,tfinance,hgb_attributes,0.5,exposure_80,uniform,size_alpha,4,0.02242190947691851,0.5201970443349754,216.2,211.2,1.0,13291.2,3936.0,12677.6
allocation,tfinance,hgb_attributes,0.5,exposure_80,uniform,size_alpha,5,0.025694492471727726,0.6345679012345679,263.8,257.0,1.0,13256.4,3936.0,12651.0
allocation,tfinance,hgb_attributes,0.5,exposure_80,uniform,size_alpha,6,0.011179504226860764,0.5547911547911548,228.6,225.8,1.0,13258.2,3936.0,12648.6
allocation,tfinance,hgb_attributes,0.5,exposure_80,uniform,size_alpha,7,0.010279765333818797,0.5743842364532019,235.6,233.2,1.0,13305.6,3936.0,12696.8
allocation,tfinance,hgb_attributes,0.5,exposure_80,uniform,size_alpha,8,0.017671339587368145,0.5935643564356436,244.2,239.8,1.0,13275.8,3936.0,12670.2
allocation,tfinance,hgb_attributes,0.5,exposure_80,uniform,size_alpha,9,0.01664126366574687,0.5946078431372549,246.8,242.6,1.0,13320.4,3936.0,12700.6
allocation,tfinance,hgb_attributes,0.5,zero_exposure,uniform,equal_alpha,0,0.03813465164976572,0.6257425742574257,263.0,252.8,1.0,13215.8,3936.0,12618.4
allocation,tfinance,hgb_attributes,0.5,zero_exposure,uniform,equal_alpha,1,0.03856511201843293,0.6386138613861386,268.4,258.0,1.0,13320.2,3936.0,12727.0
allocation,tfinance,hgb_attributes,0.5,zero_exposure,uniform,equal_alpha,2,0.05263455723383246,0.6377450980392156,274.8,260.2,1.0,13283.2,3936.0,12687.8
allocation,tfinance,hgb_attributes,0.5,zero_exposure,uniform,equal_alpha,3,0.04404554969399945,0.6358208955223881,267.4,255.6,1.0,13303.6,3936.0,12699.4
allocation,tfinance,hgb_attributes,0.5,zero_exposure,uniform,equal_alpha,4,0.05615628898654962,0.6216748768472906,267.6,252.4,1.0,13291.2,3936.0,12677.6
allocation,tfinance,hgb_attributes,0.5,zero_exposure,uniform,equal_alpha,5,0.06385951138141183,0.6567901234567902,284.2,266.0,1.0,13256.4,3936.0,12651.0
allocation,tfinance,hgb_attributes,0.5,zero_exposure,uniform,equal_alpha,6,0.035208240752176184,0.6162162162162163,260.0,250.8,1.0,13258.2,3936.0,12648.6
allocation,tfinance,hgb_attributes,0.5,zero_exposure,uniform,equal_alpha,7,0.03442248286010046,0.6320197044334975,265.8,256.6,1.0,13305.6,3936.0,12696.8
allocation,tfinance,hgb_attributes,0.5,zero_exposure,uniform,equal_alpha,8,0.048144460754226695,0.6282178217821782,266.8,253.8,1.0,13275.8,3936.0,12670.2
allocation,tfinance,hgb_attributes,0.5,zero_exposure,uniform,equal_alpha,9,0.041245655904494395,0.6372549019607844,271.2,260.0,1.0,13320.4,3936.0,12700.6
allocation,tfinance,hgb_attributes,0.5,zero_exposure,uniform,filtered_low,0,0.04860003613358097,0.6089108910891089,259.2,246.0,1.0,13215.8,3936.0,12618.4
allocation,tfinance,hgb_attributes,0.5,zero_exposure,uniform,filtered_low,1,0.05429367892134466,0.6341584158415842,271.2,256.2,1.0,13320.2,3936.0,12727.0
allocation,tfinance,hgb_attributes,0.5,zero_exposure,uniform,filtered_low,2,0.07015621832452199,0.6313725490196078,277.0,257.6,1.0,13283.2,3936.0,12687.8
allocation,tfinance,hgb_attributes,0.5,zero_exposure,uniform,filtered_low,3,0.05763430877130178,0.609950248756219,260.6,245.2,1.0,13303.6,3936.0,12699.4
allocation,tfinance,hgb_attributes,0.5,zero_exposure,uniform,filtered_low,4,0.07141586771265554,0.6054187192118227,265.4,245.8,1.0,13291.2,3936.0,12677.6
allocation,tfinance,hgb_attributes,0.5,zero_exposure,uniform,filtered_low,5,0.07045428066653471,0.6474074074074074,282.4,262.2,1.0,13256.4,3936.0,12651.0
allocation,tfinance,hgb_attributes,0.5,zero_exposure,uniform,filtered_low,6,0.06954927203797721,0.6216216216216216,272.2,253.0,1.0,13258.2,3936.0,12648.6
allocation,tfinance,hgb_attributes,0.5,zero_exposure,uniform,filtered_low,7,0.0605091250034727,0.6098522167487685,263.8,247.6,1.0,13305.6,3936.0,12696.8
allocation,tfinance,hgb_attributes,0.5,zero_exposure,uniform,filtered_low,8,0.09363921283819225,0.6460396039603961,288.4,261.0,1.0,13275.8,3936.0,12670.2
allocation,tfinance,hgb_attributes,0.5,zero_exposure,uniform,filtered_low,9,0.07436661121424162,0.6480392156862745,285.6,264.4,1.0,13320.4,3936.0,12700.6
allocation,tfinance,hgb_attributes,0.5,zero_exposure,uniform,pooled_reference,0,0.07880851244294099,0.6386138613861386,280.6,258.0,1.0,13215.8,3936.0,12618.4
allocation,tfinance,hgb_attributes,0.5,zero_exposure,uniform,pooled_reference,1,0.07872032019858985,0.6534653465346535,287.0,264.0,1.0,13320.2,3936.0,12727.0
allocation,tfinance,hgb_attributes,0.5,zero_exposure,uniform,pooled_reference,2,0.09578607872148513,0.6509803921568628,294.0,265.6,1.0,13283.2,3936.0,12687.8
allocation,tfinance,hgb_attributes,0.5,zero_exposure,uniform,pooled_reference,3,0.09344569556788909,0.6537313432835821,290.2,262.8,1.0,13303.6,3936.0,12699.4
allocation,tfinance,hgb_attributes,0.5,zero_exposure,uniform,pooled_reference,4,0.09683123128889107,0.6379310344827587,287.2,259.0,1.0,13291.2,3936.0,12677.6
allocation,tfinance,hgb_attributes,0.5,zero_exposure,uniform,pooled_reference,5,0.11566484253442,0.6696296296296296,306.8,271.2,1.0,13256.4,3936.0,12651.0
allocation,tfinance,hgb_attributes,0.5,zero_exposure,uniform,pooled_reference,6,0.08233652511528847,0.6393120393120393,283.6,260.2,1.0,13258.2,3936.0,12648.6
allocation,tfinance,hgb_attributes,0.5,zero_exposure,uniform,pooled_reference,7,0.09319741384143436,0.6502463054187192,291.2,264.0,1.0,13305.6,3936.0,12696.8
allocation,tfinance,hgb_attributes,0.5,zero_exposure,uniform,pooled_reference,8,0.1066350427773228,0.6544554455445545,296.4,264.4,1.0,13275.8,3936.0,12670.2
allocation,tfinance,hgb_attributes,0.5,zero_exposure,uniform,pooled_reference,9,0.09135124925642049,0.657843137254902,295.4,268.4,1.0,13320.4,3936.0,12700.6
allocation,tfinance,hgb_attributes,0.5,zero_exposure,uniform,pooled_stratum,0,0.0743926652954623,0.655940594059406,287.0,265.0,1.0,13215.8,3936.0,12618.4
allocation,tfinance,hgb_attributes,0.5,zero_exposure,uniform,pooled_stratum,1,0.07531035452048829,0.6564356435643564,287.0,265.2,1.0,13320.2,3936.0,12727.0
allocation,tfinance,hgb_attributes,0.5,zero_exposure,uniform,pooled_stratum,2,0.09620682093623771,0.6593137254901961,298.2,269.0,1.0,13283.2,3936.0,12687.8
allocation,tfinance,hgb_attributes,0.5,zero_exposure,uniform,pooled_stratum,3,0.08829922351459651,0.6701492537313433,295.6,269.4,1.0,13303.6,3936.0,12699.4
allocation,tfinance,hgb_attributes,0.5,zero_exposure,uniform,pooled_stratum,4,0.09507794629559148,0.6591133004926109,296.0,267.6,1.0,13291.2,3936.0,12677.6
allocation,tfinance,hgb_attributes,0.5,zero_exposure,uniform,pooled_stratum,5,0.12188937541474609,0.677530864197531,312.6,274.4,1.0,13256.4,3936.0,12651.0
allocation,tfinance,hgb_attributes,0.5,zero_exposure,uniform,pooled_stratum,6,0.08025455263821646,0.6398034398034398,283.2,260.4,1.0,13258.2,3936.0,12648.6
allocation,tfinance,hgb_attributes,0.5,zero_exposure,uniform,pooled_stratum,7,0.08925579866756338,0.6620689655172414,295.2,268.8,1.0,13305.6,3936.0,12696.8
allocation,tfinance,hgb_attributes,0.5,zero_exposure,uniform,pooled_stratum,8,0.10371841549590574,0.6574257425742575,296.8,265.6,1.0,13275.8,3936.0,12670.2
allocation,tfinance,hgb_attributes,0.5,zero_exposure,uniform,pooled_stratum,9,0.0932270526222521,0.6622549019607843,298.0,270.2,1.0,13320.4,3936.0,12700.6
allocation,tfinance,hgb_attributes,0.5,zero_exposure,uniform,size_alpha,0,0.05055820581086593,0.6435643564356436,274.2,260.0,1.0,13215.8,3936.0,12618.4
allocation,tfinance,hgb_attributes,0.5,zero_exposure,uniform,size_alpha,1,0.04957239853127822,0.6475247524752475,275.4,261.6,1.0,13320.2,3936.0,12727.0
allocation,tfinance,hgb_attributes,0.5,zero_exposure,uniform,size_alpha,2,0.06449344688666135,0.6495098039215687,283.6,265.0,1.0,13283.2,3936.0,12687.8
allocation,tfinance,hgb_attributes,0.5,zero_exposure,uniform,size_alpha,3,0.05522153623668019,0.655223880597015,278.8,263.4,1.0,13303.6,3936.0,12699.4
allocation,tfinance,hgb_attributes,0.5,zero_exposure,uniform,size_alpha,4,0.06447079378219227,0.6428571428571429,279.2,261.0,1.0,13291.2,3936.0,12677.6
allocation,tfinance,hgb_attributes,0.5,zero_exposure,uniform,size_alpha,5,0.07635549389104031,0.6607407407407407,289.8,267.6,1.0,13256.4,3936.0,12651.0
allocation,tfinance,hgb_attributes,0.5,zero_exposure,uniform,size_alpha,6,0.04955166772720135,0.6285012285012285,269.2,255.8,1.0,13258.2,3936.0,12648.6
allocation,tfinance,hgb_attributes,0.5,zero_exposure,uniform,size_alpha,7,0.041069266543852546,0.6433497536945814,272.4,261.2,1.0,13305.6,3936.0,12696.8
allocation,tfinance,hgb_attributes,0.5,zero_exposure,uniform,size_alpha,8,0.059822112510824886,0.6410891089108911,275.8,259.0,1.0,13275.8,3936.0,12670.2
allocation,tfinance,hgb_attributes,0.5,zero_exposure,uniform,size_alpha,9,0.05012788713286358,0.6480392156862745,278.4,264.4,1.0,13320.4,3936.0,12700.6
allocation,tfinance,hgb_attributes,1.0,exposure_80,uniform,equal_alpha,0,0.024564151721589326,0.6024752475247525,249.6,243.4,1.0,26565.0,3936.0,25354.0
allocation,tfinance,hgb_attributes,1.0,exposure_80,uniform,equal_alpha,1,0.03374269432890122,0.6356435643564357,265.8,256.8,1.0,26566.0,3936.0,25354.0
allocation,tfinance,hgb_attributes,1.0,exposure_80,uniform,equal_alpha,2,0.04737102360977432,0.6406862745098039,274.4,261.4,1.0,26566.0,3936.0,25342.0
allocation,tfinance,hgb_attributes,1.0,exposure_80,uniform,equal_alpha,3,0.03379960901340525,0.6248756218905472,260.0,251.2,1.0,26566.0,3936.0,25359.0
allocation,tfinance,hgb_attributes,1.0,exposure_80,uniform,equal_alpha,4,0.04792722306284072,0.6177339901477833,263.6,250.8,1.0,26566.0,3936.0,25348.0
allocation,tfinance,hgb_attributes,1.0,exposure_80,uniform,equal_alpha,5,0.04307294356336276,0.6567901234567901,278.0,266.0,1.0,26566.0,3936.0,25351.0
allocation,tfinance,hgb_attributes,1.0,exposure_80,uniform,equal_alpha,6,0.03714786849937361,0.6221130221130221,263.0,253.2,1.0,26566.0,3936.0,25345.0
allocation,tfinance,hgb_attributes,1.0,exposure_80,uniform,equal_alpha,7,0.029594055817325115,0.625615763546798,261.8,254.0,1.0,26566.0,3936.0,25346.0
allocation,tfinance,hgb_attributes,1.0,exposure_80,uniform,equal_alpha,8,0.0401511869031244,0.6222772277227723,262.0,251.4,1.0,26566.0,3936.0,25354.0
allocation,tfinance,hgb_attributes,1.0,exposure_80,uniform,equal_alpha,9,0.0313447140588652,0.6392156862745099,269.2,260.8,1.0,26565.0,3936.0,25343.0
allocation,tfinance,hgb_attributes,1.0,exposure_80,uniform,filtered_low,0,0.1196541338941147,0.6688118811881189,307.2,270.2,1.0,26565.0,3936.0,25354.0
allocation,tfinance,hgb_attributes,1.0,exposure_80,uniform,filtered_low,1,0.1281566883387515,0.6698019801980198,310.6,270.6,1.0,26566.0,3936.0,25354.0
allocation,tfinance,hgb_attributes,1.0,exposure_80,uniform,filtered_low,2,0.14202050527495094,0.6754901960784314,322.0,275.6,1.0,26566.0,3936.0,25342.0
allocation,tfinance,hgb_attributes,1.0,exposure_80,uniform,filtered_low,3,0.1291876178809621,0.6805970149253732,314.2,273.6,1.0,26566.0,3936.0,25359.0
allocation,tfinance,hgb_attributes,1.0,exposure_80,uniform,filtered_low,4,0.15181209962164244,0.6778325123152709,324.8,275.2,1.0,26566.0,3936.0,25348.0
allocation,tfinance,hgb_attributes,1.0,exposure_80,uniform,filtered_low,5,0.13665883806519494,0.6765432098765432,317.6,274.0,1.0,26566.0,3936.0,25351.0
allocation,tfinance,hgb_attributes,1.0,exposure_80,uniform,filtered_low,6,0.13841986207454576,0.6653562653562654,314.4,270.8,1.0,26566.0,3936.0,25345.0
allocation,tfinance,hgb_attributes,1.0,exposure_80,uniform,filtered_low,7,0.1381274783726515,0.6822660098522167,321.4,277.0,1.0,26566.0,3936.0,25346.0
allocation,tfinance,hgb_attributes,1.0,exposure_80,uniform,filtered_low,8,0.15883493268427312,0.6816831683168317,327.8,275.4,1.0,26566.0,3936.0,25354.0
allocation,tfinance,hgb_attributes,1.0,exposure_80,uniform,filtered_low,9,0.13370485926941517,0.6764705882352942,319.0,276.0,1.0,26565.0,3936.0,25343.0
allocation,tfinance,hgb_attributes,1.0,exposure_80,uniform,pooled_reference,0,0.07070303038009744,0.6361386138613861,276.8,257.0,1.0,26565.0,3936.0,25354.0
allocation,tfinance,hgb_attributes,1.0,exposure_80,uniform,pooled_reference,1,0.0777357453507747,0.654950495049505,287.2,264.6,1.0,26566.0,3936.0,25354.0
allocation,tfinance,hgb_attributes,1.0,exposure_80,uniform,pooled_reference,2,0.10055112855525931,0.6519607843137255,296.0,266.0,1.0,26566.0,3936.0,25342.0
allocation,tfinance,hgb_attributes,1.0,exposure_80,uniform,pooled_reference,3,0.09130906853648942,0.6507462686567165,288.0,261.6,1.0,26566.0,3936.0,25359.0
allocation,tfinance,hgb_attributes,1.0,exposure_80,uniform,pooled_reference,4,0.10168697626847659,0.6467980295566502,292.6,262.6,1.0,26566.0,3936.0,25348.0
allocation,tfinance,hgb_attributes,1.0,exposure_80,uniform,pooled_reference,5,0.11199348946275993,0.6701234567901235,305.8,271.4,1.0,26566.0,3936.0,25351.0
allocation,tfinance,hgb_attributes,1.0,exposure_80,uniform,pooled_reference,6,0.08971784472544561,0.6422604422604422,287.2,261.4,1.0,26566.0,3936.0,25345.0
allocation,tfinance,hgb_attributes,1.0,exposure_80,uniform,pooled_reference,7,0.10253861178786124,0.6546798029556651,296.2,265.8,1.0,26566.0,3936.0,25346.0
allocation,tfinance,hgb_attributes,1.0,exposure_80,uniform,pooled_reference,8,0.10336177297163034,0.651980198019802,294.0,263.4,1.0,26566.0,3936.0,25354.0
allocation,tfinance,hgb_attributes,1.0,exposure_80,uniform,pooled_reference,9,0.0964704627791255,0.6617647058823529,298.8,270.0,1.0,26565.0,3936.0,25343.0
allocation,tfinance,hgb_attributes,1.0,exposure_80,uniform,pooled_stratum,0,0.08507902656513193,0.5757425742574258,254.4,232.6,1.0,26565.0,3936.0,25354.0
allocation,tfinance,hgb_attributes,1.0,exposure_80,uniform,pooled_stratum,1,0.08605087044918298,0.6064356435643564,268.2,245.0,1.0,26566.0,3936.0,25354.0
allocation,tfinance,hgb_attributes,1.0,exposure_80,uniform,pooled_stratum,2,0.09862835786908263,0.6151960784313726,278.6,251.0,1.0,26566.0,3936.0,25342.0
allocation,tfinance,hgb_attributes,1.0,exposure_80,uniform,pooled_stratum,3,0.09806938202443856,0.6114427860696517,272.6,245.8,1.0,26566.0,3936.0,25359.0
allocation,tfinance,hgb_attributes,1.0,exposure_80,uniform,pooled_stratum,4,0.10495745684696822,0.5482758620689655,249.0,222.6,1.0,26566.0,3936.0,25348.0
allocation,tfinance,hgb_attributes,1.0,exposure_80,uniform,pooled_stratum,5,0.1104852500419348,0.6474074074074074,295.0,262.2,1.0,26566.0,3936.0,25351.0
allocation,tfinance,hgb_attributes,1.0,exposure_80,uniform,pooled_stratum,6,0.09411891806367997,0.5906633906633907,265.4,240.4,1.0,26566.0,3936.0,25345.0
allocation,tfinance,hgb_attributes,1.0,exposure_80,uniform,pooled_stratum,7,0.10557518667204029,0.5960591133004927,270.6,242.0,1.0,26566.0,3936.0,25346.0
allocation,tfinance,hgb_attributes,1.0,exposure_80,uniform,pooled_stratum,8,0.11398319996345338,0.6163366336633663,281.4,249.0,1.0,26566.0,3936.0,25354.0
allocation,tfinance,hgb_attributes,1.0,exposure_80,uniform,pooled_stratum,9,0.10432020252115637,0.625,285.2,255.0,1.0,26565.0,3936.0,25343.0
allocation,tfinance,hgb_attributes,1.0,exposure_80,uniform,size_alpha,0,0.010578414525611205,0.5361386138613862,219.0,216.6,1.0,26565.0,3936.0,25354.0
allocation,tfinance,hgb_attributes,1.0,exposure_80,uniform,size_alpha,1,0.014198197517801872,0.5871287128712871,240.6,237.2,1.0,26566.0,3936.0,25354.0
allocation,tfinance,hgb_attributes,1.0,exposure_80,uniform,size_alpha,2,0.016589622527603414,0.6014705882352941,249.6,245.4,1.0,26566.0,3936.0,25342.0
allocation,tfinance,hgb_attributes,1.0,exposure_80,uniform,size_alpha,3,0.010167142475489863,0.5786069651741294,235.0,232.6,1.0,26566.0,3936.0,25359.0
allocation,tfinance,hgb_attributes,1.0,exposure_80,uniform,size_alpha,4,0.022033568063928338,0.5172413793103449,214.8,210.0,1.0,26566.0,3936.0,25348.0
allocation,tfinance,hgb_attributes,1.0,exposure_80,uniform,size_alpha,5,0.02148153655568261,0.6281481481481481,260.0,254.4,1.0,26566.0,3936.0,25351.0
allocation,tfinance,hgb_attributes,1.0,exposure_80,uniform,size_alpha,6,0.012658862927006912,0.5641277641277641,232.6,229.6,1.0,26566.0,3936.0,25345.0
allocation,tfinance,hgb_attributes,1.0,exposure_80,uniform,size_alpha,7,0.011821754138042307,0.5684729064039409,233.6,230.8,1.0,26566.0,3936.0,25346.0
allocation,tfinance,hgb_attributes,1.0,exposure_80,uniform,size_alpha,8,0.017852675190491645,0.5896039603960396,242.6,238.2,1.0,26566.0,3936.0,25354.0
allocation,tfinance,hgb_attributes,1.0,exposure_80,uniform,size_alpha,9,0.01684882239280273,0.6009803921568627,249.4,245.2,1.0,26565.0,3936.0,25343.0
allocation,tfinance,hgb_attributes,1.0,zero_exposure,uniform,equal_alpha,0,0.03607847322493461,0.6014851485148515,252.2,243.0,1.0,26565.0,3936.0,25354.0
allocation,tfinance,hgb_attributes,1.0,zero_exposure,uniform,equal_alpha,1,0.03484522938101764,0.6311881188118812,264.2,255.0,1.0,26566.0,3936.0,25354.0
allocation,tfinance,hgb_attributes,1.0,zero_exposure,uniform,equal_alpha,2,0.04793487231188228,0.6308823529411764,270.4,257.4,1.0,26566.0,3936.0,25342.0
allocation,tfinance,hgb_attributes,1.0,zero_exposure,uniform,equal_alpha,3,0.038527539875854486,0.6323383084577114,264.4,254.2,1.0,26566.0,3936.0,25359.0
allocation,tfinance,hgb_attributes,1.0,zero_exposure,uniform,equal_alpha,4,0.053875353839182114,0.6182266009852218,265.4,251.0,1.0,26566.0,3936.0,25348.0
allocation,tfinance,hgb_attributes,1.0,zero_exposure,uniform,equal_alpha,5,0.06086076192320818,0.6602469135802469,284.8,267.4,1.0,26566.0,3936.0,25351.0
allocation,tfinance,hgb_attributes,1.0,zero_exposure,uniform,equal_alpha,6,0.03864148620701637,0.6122850122850123,259.2,249.2,1.0,26566.0,3936.0,25345.0
allocation,tfinance,hgb_attributes,1.0,zero_exposure,uniform,equal_alpha,7,0.039998958349125945,0.632512315270936,267.6,256.8,1.0,26566.0,3936.0,25346.0
allocation,tfinance,hgb_attributes,1.0,zero_exposure,uniform,equal_alpha,8,0.05539000312355158,0.6267326732673267,268.2,253.2,1.0,26566.0,3936.0,25354.0
allocation,tfinance,hgb_attributes,1.0,zero_exposure,uniform,equal_alpha,9,0.04511576233857895,0.6426470588235295,274.6,262.2,1.0,26565.0,3936.0,25343.0
allocation,tfinance,hgb_attributes,1.0,zero_exposure,uniform,filtered_low,0,0.06392940342410883,0.6277227722772277,271.2,253.6,1.0,26565.0,3936.0,25354.0
allocation,tfinance,hgb_attributes,1.0,zero_exposure,uniform,filtered_low,1,0.052850897522846704,0.6346534653465347,270.8,256.4,1.0,26566.0,3936.0,25354.0
allocation,tfinance,hgb_attributes,1.0,zero_exposure,uniform,filtered_low,2,0.07419222706229198,0.6357843137254902,280.2,259.4,1.0,26566.0,3936.0,25342.0
allocation,tfinance,hgb_attributes,1.0,zero_exposure,uniform,filtered_low,3,0.05386401181650309,0.6134328358208955,260.8,246.6,1.0,26566.0,3936.0,25359.0
allocation,tfinance,hgb_attributes,1.0,zero_exposure,uniform,filtered_low,4,0.07056056060768663,0.6152709359605911,268.8,249.8,1.0,26566.0,3936.0,25348.0
allocation,tfinance,hgb_attributes,1.0,zero_exposure,uniform,filtered_low,5,0.06852823545449009,0.6464197530864197,281.4,261.8,1.0,26566.0,3936.0,25351.0
allocation,tfinance,hgb_attributes,1.0,zero_exposure,uniform,filtered_low,6,0.08608182490113266,0.6353808353808355,283.2,258.6,1.0,26566.0,3936.0,25345.0
allocation,tfinance,hgb_attributes,1.0,zero_exposure,uniform,filtered_low,7,0.06529620198939341,0.6197044334975369,269.2,251.6,1.0,26566.0,3936.0,25346.0
allocation,tfinance,hgb_attributes,1.0,zero_exposure,uniform,filtered_low,8,0.10056443344863546,0.649009900990099,291.6,262.2,1.0,26566.0,3936.0,25354.0
allocation,tfinance,hgb_attributes,1.0,zero_exposure,uniform,filtered_low,9,0.07687925363597137,0.6495098039215687,287.0,265.0,1.0,26565.0,3936.0,25343.0
allocation,tfinance,hgb_attributes,1.0,zero_exposure,uniform,pooled_reference,0,0.07070303038009744,0.6361386138613861,276.8,257.0,1.0,26565.0,3936.0,25354.0
allocation,tfinance,hgb_attributes,1.0,zero_exposure,uniform,pooled_reference,1,0.0777357453507747,0.654950495049505,287.2,264.6,1.0,26566.0,3936.0,25354.0
allocation,tfinance,hgb_attributes,1.0,zero_exposure,uniform,pooled_reference,2,0.10055112855525931,0.6519607843137255,296.0,266.0,1.0,26566.0,3936.0,25342.0
allocation,tfinance,hgb_attributes,1.0,zero_exposure,uniform,pooled_reference,3,0.09130906853648942,0.6507462686567165,288.0,261.6,1.0,26566.0,3936.0,25359.0
allocation,tfinance,hgb_attributes,1.0,zero_exposure,uniform,pooled_reference,4,0.10168697626847659,0.6467980295566502,292.6,262.6,1.0,26566.0,3936.0,25348.0
allocation,tfinance,hgb_attributes,1.0,zero_exposure,uniform,pooled_reference,5,0.11199348946275993,0.6701234567901235,305.8,271.4,1.0,26566.0,3936.0,25351.0
allocation,tfinance,hgb_attributes,1.0,zero_exposure,uniform,pooled_reference,6,0.08971784472544561,0.6422604422604422,287.2,261.4,1.0,26566.0,3936.0,25345.0
allocation,tfinance,hgb_attributes,1.0,zero_exposure,uniform,pooled_reference,7,0.10253861178786124,0.6546798029556651,296.2,265.8,1.0,26566.0,3936.0,25346.0
allocation,tfinance,hgb_attributes,1.0,zero_exposure,uniform,pooled_reference,8,0.10336177297163034,0.651980198019802,294.0,263.4,1.0,26566.0,3936.0,25354.0
allocation,tfinance,hgb_attributes,1.0,zero_exposure,uniform,pooled_reference,9,0.0964704627791255,0.6617647058823529,298.8,270.0,1.0,26565.0,3936.0,25343.0
allocation,tfinance,hgb_attributes,1.0,zero_exposure,uniform,pooled_stratum,0,0.07006869265223226,0.6400990099009901,278.4,258.6,1.0,26565.0,3936.0,25354.0
allocation,tfinance,hgb_attributes,1.0,zero_exposure,uniform,pooled_stratum,1,0.07979275942673014,0.6574257425742575,288.8,265.6,1.0,26566.0,3936.0,25354.0
allocation,tfinance,hgb_attributes,1.0,zero_exposure,uniform,pooled_stratum,2,0.09688839312164974,0.6568627450980392,297.0,268.0,1.0,26566.0,3936.0,25342.0
allocation,tfinance,hgb_attributes,1.0,zero_exposure,uniform,pooled_stratum,3,0.08889534626365944,0.6711442786069652,296.2,269.8,1.0,26566.0,3936.0,25359.0
allocation,tfinance,hgb_attributes,1.0,zero_exposure,uniform,pooled_stratum,4,0.09512368892026425,0.6551724137931034,294.2,266.0,1.0,26566.0,3936.0,25348.0
allocation,tfinance,hgb_attributes,1.0,zero_exposure,uniform,pooled_stratum,5,0.1152505802242465,0.6725925925925926,308.0,272.4,1.0,26566.0,3936.0,25351.0
allocation,tfinance,hgb_attributes,1.0,zero_exposure,uniform,pooled_stratum,6,0.08896441161716799,0.6427518427518428,287.2,261.6,1.0,26566.0,3936.0,25345.0
allocation,tfinance,hgb_attributes,1.0,zero_exposure,uniform,pooled_stratum,7,0.09456982723098827,0.6660098522167488,298.8,270.4,1.0,26566.0,3936.0,25346.0
allocation,tfinance,hgb_attributes,1.0,zero_exposure,uniform,pooled_stratum,8,0.10615122070594918,0.653960396039604,295.8,264.2,1.0,26566.0,3936.0,25354.0
allocation,tfinance,hgb_attributes,1.0,zero_exposure,uniform,pooled_stratum,9,0.09260518268753443,0.6637254901960784,298.4,270.8,1.0,26565.0,3936.0,25343.0
allocation,tfinance,hgb_attributes,1.0,zero_exposure,uniform,size_alpha,0,0.047286211035730816,0.6301980198019802,267.4,254.6,1.0,26565.0,3936.0,25354.0
allocation,tfinance,hgb_attributes,1.0,zero_exposure,uniform,size_alpha,1,0.05546191708409578,0.6485148514851485,277.4,262.0,1.0,26566.0,3936.0,25354.0
allocation,tfinance,hgb_attributes,1.0,zero_exposure,uniform,size_alpha,2,0.06826034813309342,0.65,284.8,265.2,1.0,26566.0,3936.0,25342.0
allocation,tfinance,hgb_attributes,1.0,zero_exposure,uniform,size_alpha,3,0.05904550170579722,0.6572139303482587,280.8,264.2,1.0,26566.0,3936.0,25359.0
allocation,tfinance,hgb_attributes,1.0,zero_exposure,uniform,size_alpha,4,0.07255659508421017,0.6408866995073892,280.8,260.2,1.0,26566.0,3936.0,25348.0
allocation,tfinance,hgb_attributes,1.0,zero_exposure,uniform,size_alpha,5,0.08047467687668294,0.6641975308641975,292.6,269.0,1.0,26566.0,3936.0,25351.0
allocation,tfinance,hgb_attributes,1.0,zero_exposure,uniform,size_alpha,6,0.06105343958976959,0.6339066339066339,274.8,258.0,1.0,26566.0,3936.0,25345.0
allocation,tfinance,hgb_attributes,1.0,zero_exposure,uniform,size_alpha,7,0.05308027150119179,0.6492610837438424,278.6,263.6,1.0,26566.0,3936.0,25346.0
allocation,tfinance,hgb_attributes,1.0,zero_exposure,uniform,size_alpha,8,0.07166723984328592,0.6396039603960396,278.6,258.4,1.0,26566.0,3936.0,25354.0
allocation,tfinance,hgb_attributes,1.0,zero_exposure,uniform,size_alpha,9,0.058962734598174284,0.653921568627451,283.6,266.8,1.0,26565.0,3936.0,25343.0
allocation,tfinance,hgb_graph_features,0.25,exposure_80,uniform,equal_alpha,0,0.040474380472987695,0.7386138613861386,311.2,298.4,1.0,6601.6,3936.0,6307.8
allocation,tfinance,hgb_graph_features,0.25,exposure_80,uniform,equal_alpha,1,0.029229616247925562,0.7202970297029703,300.0,291.0,1.0,6644.8,3936.0,6346.2
allocation,tfinance,hgb_graph_features,0.25,exposure_80,uniform,equal_alpha,2,0.044032103572500716,0.7480392156862745,319.4,305.2,1.0,6646.0,3936.0,6350.0
allocation,tfinance,hgb_graph_features,0.25,exposure_80,uniform,equal_alpha,3,0.039804606543517515,0.7238805970149254,303.2,291.0,1.0,6669.0,3936.0,6367.2
allocation,tfinance,hgb_graph_features,0.25,exposure_80,uniform,equal_alpha,4,0.04814572751365702,0.7266009852216749,310.0,295.0,1.0,6626.0,3936.0,6327.8
allocation,tfinance,hgb_graph_features,0.25,exposure_80,uniform,equal_alpha,5,0.034280674355349705,0.7496296296296296,314.4,303.6,1.0,6634.6,3936.0,6334.8
allocation,tfinance,hgb_graph_features,0.25,exposure_80,uniform,equal_alpha,6,0.038104759322199915,0.7223587223587223,305.8,294.0,1.0,6619.6,3936.0,6311.8
allocation,tfinance,hgb_graph_features,0.25,exposure_80,uniform,equal_alpha,7,0.03640923067654693,0.7270935960591133,306.6,295.2,1.0,6680.4,3936.0,6370.8
allocation,tfinance,hgb_graph_features,0.25,exposure_80,uniform,equal_alpha,8,0.03697890458403422,0.7321782178217822,307.4,295.8,1.0,6662.2,3936.0,6364.4
allocation,tfinance,hgb_graph_features,0.25,exposure_80,uniform,equal_alpha,9,0.03564486181916102,0.7191176470588235,304.4,293.4,1.0,6662.8,3936.0,6351.4
allocation,tfinance,hgb_graph_features,0.25,exposure_80,uniform,filtered_low,0,0.1436529390348643,0.8084158415841584,381.6,326.6,1.0,6601.6,3936.0,6307.8
allocation,tfinance,hgb_graph_features,0.25,exposure_80,uniform,filtered_low,1,0.22182083840379202,0.846039603960396,440.2,341.8,1.0,6644.8,3936.0,6346.2
allocation,tfinance,hgb_graph_features,0.25,exposure_80,uniform,filtered_low,2,0.1463526483294023,0.8058823529411765,385.4,328.8,1.0,6646.0,3936.0,6350.0
allocation,tfinance,hgb_graph_features,0.25,exposure_80,uniform,filtered_low,3,0.18908882414834208,0.8223880597014925,408.0,330.6,1.0,6669.0,3936.0,6367.2
allocation,tfinance,hgb_graph_features,0.25,exposure_80,uniform,filtered_low,4,0.21459814445975162,0.8379310344827585,433.8,340.2,1.0,6626.0,3936.0,6327.8
allocation,tfinance,hgb_graph_features,0.25,exposure_80,uniform,filtered_low,5,0.18031320963069913,0.8330864197530865,412.2,337.4,1.0,6634.6,3936.0,6334.8
allocation,tfinance,hgb_graph_features,0.25,exposure_80,uniform,filtered_low,6,0.15830913249391285,0.8117936117936118,393.4,330.4,1.0,6619.6,3936.0,6311.8
allocation,tfinance,hgb_graph_features,0.25,exposure_80,uniform,filtered_low,7,0.17130880355624914,0.8201970443349754,404.0,333.0,1.0,6680.4,3936.0,6370.8
allocation,tfinance,hgb_graph_features,0.25,exposure_80,uniform,filtered_low,8,0.2047821842971341,0.8495049504950496,432.0,343.2,1.0,6662.2,3936.0,6364.4
allocation,tfinance,hgb_graph_features,0.25,exposure_80,uniform,filtered_low,9,0.18805944875398958,0.8387254901960783,423.0,342.2,1.0,6662.8,3936.0,6351.4
allocation,tfinance,hgb_graph_features,0.25,exposure_80,uniform,pooled_reference,0,0.09296143350120785,0.7905940594059406,352.6,319.4,1.0,6601.6,3936.0,6307.8
allocation,tfinance,hgb_graph_features,0.25,exposure_80,uniform,pooled_reference,1,0.07911360345046532,0.7891089108910891,346.4,318.8,1.0,6644.8,3936.0,6346.2
allocation,tfinance,hgb_graph_features,0.25,exposure_80,uniform,pooled_reference,2,0.10096029344153823,0.782843137254902,355.4,319.4,1.0,6646.0,3936.0,6350.0
allocation,tfinance,hgb_graph_features,0.25,exposure_80,uniform,pooled_reference,3,0.09818460761558026,0.7805970149253731,348.2,313.8,1.0,6669.0,3936.0,6367.2
allocation,tfinance,hgb_graph_features,0.25,exposure_80,uniform,pooled_reference,4,0.1120214962156042,0.787192118226601,360.4,319.6,1.0,6626.0,3936.0,6327.8
allocation,tfinance,hgb_graph_features,0.25,exposure_80,uniform,pooled_reference,5,0.09667686580053078,0.7995061728395061,358.6,323.8,1.0,6634.6,3936.0,6334.8
allocation,tfinance,hgb_graph_features,0.25,exposure_80,uniform,pooled_reference,6,0.08466255095241511,0.769041769041769,342.2,313.0,1.0,6619.6,3936.0,6311.8
allocation,tfinance,hgb_graph_features,0.25,exposure_80,uniform,pooled_reference,7,0.09075516412908963,0.7827586206896552,349.8,317.8,1.0,6680.4,3936.0,6370.8
allocation,tfinance,hgb_graph_features,0.25,exposure_80,uniform,pooled_reference,8,0.08572889569548206,0.8,353.8,323.2,1.0,6662.2,3936.0,6364.4
allocation,tfinance,hgb_graph_features,0.25,exposure_80,uniform,pooled_reference,9,0.0810104705138886,0.7882352941176471,350.8,321.6,1.0,6662.8,3936.0,6351.4
allocation,tfinance,hgb_graph_features,0.25,exposure_80,uniform,pooled_stratum,0,0.08205672046017351,0.6797029702970298,299.4,274.6,1.0,6601.6,3936.0,6307.8
allocation,tfinance,hgb_graph_features,0.25,exposure_80,uniform,pooled_stratum,1,0.08272566619065999,0.6742574257425742,297.0,272.4,1.0,6644.8,3936.0,6346.2
allocation,tfinance,hgb_graph_features,0.25,exposure_80,uniform,pooled_stratum,2,0.10004133254126843,0.6774509803921569,307.6,276.4,1.0,6646.0,3936.0,6350.0
allocation,tfinance,hgb_graph_features,0.25,exposure_80,uniform,pooled_stratum,3,0.08890082092748211,0.6771144278606964,299.2,272.2,1.0,6669.0,3936.0,6367.2
allocation,tfinance,hgb_graph_features,0.25,exposure_80,uniform,pooled_stratum,4,0.08689493833993481,0.689655172413793,307.2,280.0,1.0,6626.0,3936.0,6327.8
allocation,tfinance,hgb_graph_features,0.25,exposure_80,uniform,pooled_stratum,5,0.09227398167246141,0.7175308641975309,320.4,290.6,1.0,6634.6,3936.0,6334.8
allocation,tfinance,hgb_graph_features,0.25,exposure_80,uniform,pooled_stratum,6,0.0975315324358501,0.7174447174447175,324.4,292.0,1.0,6619.6,3936.0,6311.8
allocation,tfinance,hgb_graph_features,0.25,exposure_80,uniform,pooled_stratum,7,0.09239621281278966,0.7152709359605911,320.0,290.4,1.0,6680.4,3936.0,6370.8
allocation,tfinance,hgb_graph_features,0.25,exposure_80,uniform,pooled_stratum,8,0.08621596061988634,0.6975247524752476,309.0,281.8,1.0,6662.2,3936.0,6364.4
allocation,tfinance,hgb_graph_features,0.25,exposure_80,uniform,pooled_stratum,9,0.09447669119201965,0.6563725490196078,296.2,267.8,1.0,6662.8,3936.0,6351.4
allocation,tfinance,hgb_graph_features,0.25,exposure_80,uniform,size_alpha,0,0.00858880371918893,0.6049504950495049,246.8,244.4,1.0,6601.6,3936.0,6307.8
allocation,tfinance,hgb_graph_features,0.25,exposure_80,uniform,size_alpha,1,0.009438500308065525,0.6450495049504951,263.2,260.6,1.0,6644.8,3936.0,6346.2
allocation,tfinance,hgb_graph_features,0.25,exposure_80,uniform,size_alpha,2,0.016515015387494964,0.6426470588235293,267.0,262.2,1.0,6646.0,3936.0,6350.0
allocation,tfinance,hgb_graph_features,0.25,exposure_80,uniform,size_alpha,3,0.012698792086504396,0.6402985074626866,260.8,257.4,1.0,6669.0,3936.0,6367.2
allocation,tfinance,hgb_graph_features,0.25,exposure_80,uniform,size_alpha,4,0.012958725450449682,0.6438423645320197,265.0,261.4,1.0,6626.0,3936.0,6327.8
allocation,tfinance,hgb_graph_features,0.25,exposure_80,uniform,size_alpha,5,0.011113447707697278,0.6671604938271605,273.4,270.2,1.0,6634.6,3936.0,6334.8
allocation,tfinance,hgb_graph_features,0.25,exposure_80,uniform,size_alpha,6,0.019383453280699917,0.6864864864864865,285.0,279.4,1.0,6619.6,3936.0,6311.8
allocation,tfinance,hgb_graph_features,0.25,exposure_80,uniform,size_alpha,7,0.0173043779946487,0.6822660098522167,282.0,277.0,1.0,6680.4,3936.0,6370.8
allocation,tfinance,hgb_graph_features,0.25,exposure_80,uniform,size_alpha,8,0.008509842972845499,0.6613861386138614,269.6,267.2,1.0,6662.2,3936.0,6364.4
allocation,tfinance,hgb_graph_features,0.25,exposure_80,uniform,size_alpha,9,0.00729173171565785,0.6063725490196079,249.4,247.4,1.0,6662.8,3936.0,6351.4
allocation,tfinance,hgb_graph_features,0.25,zero_exposure,uniform,equal_alpha,0,0.043302934000125415,0.7504950495049505,317.2,303.2,1.0,6601.6,3936.0,6307.8
allocation,tfinance,hgb_graph_features,0.25,zero_exposure,uniform,equal_alpha,1,0.0348710693945267,0.7396039603960396,309.8,298.8,1.0,6644.8,3936.0,6346.2
allocation,tfinance,hgb_graph_features,0.25,zero_exposure,uniform,equal_alpha,2,0.047775356648736195,0.7583333333333333,325.0,309.4,1.0,6646.0,3936.0,6350.0
allocation,tfinance,hgb_graph_features,0.25,zero_exposure,uniform,equal_alpha,3,0.043506207081952325,0.7353233830845771,309.2,295.6,1.0,6669.0,3936.0,6367.2
allocation,tfinance,hgb_graph_features,0.25,zero_exposure,uniform,equal_alpha,4,0.056983846824102416,0.7403940886699507,318.8,300.6,1.0,6626.0,3936.0,6327.8
allocation,tfinance,hgb_graph_features,0.25,zero_exposure,uniform,equal_alpha,5,0.03836197051582556,0.7540740740740741,317.6,305.4,1.0,6634.6,3936.0,6334.8
allocation,tfinance,hgb_graph_features,0.25,zero_exposure,uniform,equal_alpha,6,0.04682134116366008,0.7326781326781326,313.0,298.2,1.0,6619.6,3936.0,6311.8
allocation,tfinance,hgb_graph_features,0.25,zero_exposure,uniform,equal_alpha,7,0.04002413528038949,0.7399014778325124,313.2,300.4,1.0,6680.4,3936.0,6370.8
allocation,tfinance,hgb_graph_features,0.25,zero_exposure,uniform,equal_alpha,8,0.04418036468283868,0.7524752475247525,318.4,304.0,1.0,6662.2,3936.0,6364.4
allocation,tfinance,hgb_graph_features,0.25,zero_exposure,uniform,equal_alpha,9,0.03828282318063932,0.7318627450980392,310.6,298.6,1.0,6662.8,3936.0,6351.4
allocation,tfinance,hgb_graph_features,0.25,zero_exposure,uniform,filtered_low,0,0.10114464726482822,0.7900990099009901,355.4,319.2,1.0,6601.6,3936.0,6307.8
allocation,tfinance,hgb_graph_features,0.25,zero_exposure,uniform,filtered_low,1,0.14602075824592292,0.8222772277227722,391.0,332.2,1.0,6644.8,3936.0,6346.2
allocation,tfinance,hgb_graph_features,0.25,zero_exposure,uniform,filtered_low,2,0.09113969079798809,0.7725490196078432,347.0,315.2,1.0,6646.0,3936.0,6350.0
allocation,tfinance,hgb_graph_features,0.25,zero_exposure,uniform,filtered_low,3,0.14279583036495577,0.8079601990049751,379.4,324.8,1.0,6669.0,3936.0,6367.2
allocation,tfinance,hgb_graph_features,0.25,zero_exposure,uniform,filtered_low,4,0.14938225482643405,0.8152709359605911,389.8,331.0,1.0,6626.0,3936.0,6327.8
allocation,tfinance,hgb_graph_features,0.25,zero_exposure,uniform,filtered_low,5,0.12055856305551711,0.8138271604938272,375.6,329.6,1.0,6634.6,3936.0,6334.8
allocation,tfinance,hgb_graph_features,0.25,zero_exposure,uniform,filtered_low,6,0.09708724414874668,0.7818181818181819,353.0,318.2,1.0,6619.6,3936.0,6311.8
allocation,tfinance,hgb_graph_features,0.25,zero_exposure,uniform,filtered_low,7,0.08175634452947264,0.7704433497536946,341.0,312.8,1.0,6680.4,3936.0,6370.8
allocation,tfinance,hgb_graph_features,0.25,zero_exposure,uniform,filtered_low,8,0.1466329141409804,0.8301980198019802,394.8,335.4,1.0,6662.2,3936.0,6364.4
allocation,tfinance,hgb_graph_features,0.25,zero_exposure,uniform,filtered_low,9,0.15001412152761168,0.8220588235294117,396.0,335.4,1.0,6662.8,3936.0,6351.4
allocation,tfinance,hgb_graph_features,0.25,zero_exposure,uniform,pooled_reference,0,0.09296143350120785,0.7905940594059406,352.6,319.4,1.0,6601.6,3936.0,6307.8
allocation,tfinance,hgb_graph_features,0.25,zero_exposure,uniform,pooled_reference,1,0.07911360345046532,0.7891089108910891,346.4,318.8,1.0,6644.8,3936.0,6346.2
allocation,tfinance,hgb_graph_features,0.25,zero_exposure,uniform,pooled_reference,2,0.10096029344153823,0.782843137254902,355.4,319.4,1.0,6646.0,3936.0,6350.0
allocation,tfinance,hgb_graph_features,0.25,zero_exposure,uniform,pooled_reference,3,0.09818460761558026,0.7805970149253731,348.2,313.8,1.0,6669.0,3936.0,6367.2
allocation,tfinance,hgb_graph_features,0.25,zero_exposure,uniform,pooled_reference,4,0.1120214962156042,0.787192118226601,360.4,319.6,1.0,6626.0,3936.0,6327.8
allocation,tfinance,hgb_graph_features,0.25,zero_exposure,uniform,pooled_reference,5,0.09667686580053078,0.7995061728395061,358.6,323.8,1.0,6634.6,3936.0,6334.8
allocation,tfinance,hgb_graph_features,0.25,zero_exposure,uniform,pooled_reference,6,0.08466255095241511,0.769041769041769,342.2,313.0,1.0,6619.6,3936.0,6311.8
allocation,tfinance,hgb_graph_features,0.25,zero_exposure,uniform,pooled_reference,7,0.09075516412908963,0.7827586206896552,349.8,317.8,1.0,6680.4,3936.0,6370.8
allocation,tfinance,hgb_graph_features,0.25,zero_exposure,uniform,pooled_reference,8,0.08572889569548206,0.8,353.8,323.2,1.0,6662.2,3936.0,6364.4
allocation,tfinance,hgb_graph_features,0.25,zero_exposure,uniform,pooled_reference,9,0.0810104705138886,0.7882352941176471,350.8,321.6,1.0,6662.8,3936.0,6351.4
allocation,tfinance,hgb_graph_features,0.25,zero_exposure,uniform,pooled_stratum,0,0.09438577431246829,0.7846534653465347,350.4,317.0,1.0,6601.6,3936.0,6307.8
allocation,tfinance,hgb_graph_features,0.25,zero_exposure,uniform,pooled_stratum,1,0.08047036772825428,0.7757425742574258,341.2,313.4,1.0,6644.8,3936.0,6346.2
allocation,tfinance,hgb_graph_features,0.25,zero_exposure,uniform,pooled_stratum,2,0.09477772482431934,0.7808823529411765,352.0,318.6,1.0,6646.0,3936.0,6350.0
allocation,tfinance,hgb_graph_features,0.25,zero_exposure,uniform,pooled_stratum,3,0.09069210520918461,0.7621890547263682,337.2,306.4,1.0,6669.0,3936.0,6367.2
allocation,tfinance,hgb_graph_features,0.25,zero_exposure,uniform,pooled_stratum,4,0.1034203710096935,0.7788177339901478,353.0,316.2,1.0,6626.0,3936.0,6327.8
allocation,tfinance,hgb_graph_features,0.25,zero_exposure,uniform,pooled_stratum,5,0.09620984304725333,0.7856790123456789,352.2,318.2,1.0,6634.6,3936.0,6334.8
allocation,tfinance,hgb_graph_features,0.25,zero_exposure,uniform,pooled_stratum,6,0.08426670225562652,0.7611793611793611,338.4,309.8,1.0,6619.6,3936.0,6311.8
allocation,tfinance,hgb_graph_features,0.25,zero_exposure,uniform,pooled_stratum,7,0.08780484467533684,0.7788177339901478,347.0,316.2,1.0,6680.4,3936.0,6370.8
allocation,tfinance,hgb_graph_features,0.25,zero_exposure,uniform,pooled_stratum,8,0.09680232178142809,0.7876237623762377,353.2,318.2,1.0,6662.2,3936.0,6364.4
allocation,tfinance,hgb_graph_features,0.25,zero_exposure,uniform,pooled_stratum,9,0.08673497112492327,0.7563725490196078,338.8,308.6,1.0,6662.8,3936.0,6351.4
allocation,tfinance,hgb_graph_features,0.25,zero_exposure,uniform,size_alpha,0,0.05009741558566898,0.7574257425742574,322.4,306.0,1.0,6601.6,3936.0,6307.8
allocation,tfinance,hgb_graph_features,0.25,zero_exposure,uniform,size_alpha,1,0.03926043950915196,0.751980198019802,316.4,303.8,1.0,6644.8,3936.0,6346.2
allocation,tfinance,hgb_graph_features,0.25,zero_exposure,uniform,size_alpha,2,0.053384453358206255,0.7607843137254902,328.0,310.4,1.0,6646.0,3936.0,6350.0
allocation,tfinance,hgb_graph_features,0.25,zero_exposure,uniform,size_alpha,3,0.045729552565724474,0.7412935323383085,312.4,298.0,1.0,6669.0,3936.0,6367.2
allocation,tfinance,hgb_graph_features,0.25,zero_exposure,uniform,size_alpha,4,0.05990103737088054,0.7472906403940887,322.8,303.4,1.0,6626.0,3936.0,6327.8
allocation,tfinance,hgb_graph_features,0.25,zero_exposure,uniform,size_alpha,5,0.04848265193692117,0.7639506172839506,325.2,309.4,1.0,6634.6,3936.0,6334.8
allocation,tfinance,hgb_graph_features,0.25,zero_exposure,uniform,size_alpha,6,0.05001562418736642,0.7385749385749386,316.6,300.6,1.0,6619.6,3936.0,6311.8
allocation,tfinance,hgb_graph_features,0.25,zero_exposure,uniform,size_alpha,7,0.04608872255647831,0.7527093596059113,320.6,305.6,1.0,6680.4,3936.0,6370.8
allocation,tfinance,hgb_graph_features,0.25,zero_exposure,uniform,size_alpha,8,0.050190828298188064,0.7643564356435644,325.4,308.8,1.0,6662.2,3936.0,6364.4
allocation,tfinance,hgb_graph_features,0.25,zero_exposure,uniform,size_alpha,9,0.040987075706719146,0.7372549019607844,313.8,300.8,1.0,6662.8,3936.0,6351.4
allocation,tfinance,hgb_graph_features,0.5,exposure_80,uniform,equal_alpha,0,0.03134444566310557,0.7316831683168317,305.2,295.6,1.0,13215.8,3936.0,12618.4
allocation,tfinance,hgb_graph_features,0.5,exposure_80,uniform,equal_alpha,1,0.03529982208722772,0.7386138613861386,309.4,298.4,1.0,13320.2,3936.0,12727.0
allocation,tfinance,hgb_graph_features,0.5,exposure_80,uniform,equal_alpha,2,0.042069870493401836,0.7519607843137255,320.4,306.8,1.0,13283.2,3936.0,12687.8
allocation,tfinance,hgb_graph_features,0.5,exposure_80,uniform,equal_alpha,3,0.04080490635291598,0.7303482587064677,306.2,293.6,1.0,13303.6,3936.0,12699.4
allocation,tfinance,hgb_graph_features,0.5,exposure_80,uniform,equal_alpha,4,0.04406999133513193,0.7270935960591134,308.8,295.2,1.0,13291.2,3936.0,12677.6
allocation,tfinance,hgb_graph_features,0.5,exposure_80,uniform,equal_alpha,5,0.039501425325809005,0.7565432098765432,319.0,306.4,1.0,13256.4,3936.0,12651.0
allocation,tfinance,hgb_graph_features,0.5,exposure_80,uniform,equal_alpha,6,0.037692666728208805,0.7297297297297297,308.8,297.0,1.0,13258.2,3936.0,12648.6
allocation,tfinance,hgb_graph_features,0.5,exposure_80,uniform,equal_alpha,7,0.035080786970444346,0.7413793103448276,312.0,301.0,1.0,13305.6,3936.0,12696.8
allocation,tfinance,hgb_graph_features,0.5,exposure_80,uniform,equal_alpha,8,0.03672982685859444,0.7391089108910891,310.2,298.6,1.0,13275.8,3936.0,12670.2
allocation,tfinance,hgb_graph_features,0.5,exposure_80,uniform,equal_alpha,9,0.036170821361865196,0.7230392156862745,306.2,295.0,1.0,13320.4,3936.0,12700.6
allocation,tfinance,hgb_graph_features,0.5,exposure_80,uniform,filtered_low,0,0.1679289793063033,0.8193069306930691,398.4,331.0,1.0,13215.8,3936.0,12618.4
allocation,tfinance,hgb_graph_features,0.5,exposure_80,uniform,filtered_low,1,0.23229945830582444,0.8450495049504949,444.8,341.4,1.0,13320.2,3936.0,12727.0
allocation,tfinance,hgb_graph_features,0.5,exposure_80,uniform,filtered_low,2,0.15208711661568414,0.8049019607843138,387.6,328.4,1.0,13283.2,3936.0,12687.8
allocation,tfinance,hgb_graph_features,0.5,exposure_80,uniform,filtered_low,3,0.19937380414329003,0.82636815920398,415.2,332.2,1.0,13303.6,3936.0,12699.4
allocation,tfinance,hgb_graph_features,0.5,exposure_80,uniform,filtered_low,4,0.2195678687842743,0.8394088669950739,437.4,340.8,1.0,13291.2,3936.0,12677.6
allocation,tfinance,hgb_graph_features,0.5,exposure_80,uniform,filtered_low,5,0.18366601481743422,0.8335802469135803,414.0,337.6,1.0,13256.4,3936.0,12651.0
allocation,tfinance,hgb_graph_features,0.5,exposure_80,uniform,filtered_low,6,0.1652889008380661,0.8137592137592138,397.4,331.2,1.0,13258.2,3936.0,12648.6
allocation,tfinance,hgb_graph_features,0.5,exposure_80,uniform,filtered_low,7,0.19420825239687858,0.8270935960591134,417.0,335.8,1.0,13305.6,3936.0,12696.8
allocation,tfinance,hgb_graph_features,0.5,exposure_80,uniform,filtered_low,8,0.21597775226394056,0.8534653465346536,439.8,344.8,1.0,13275.8,3936.0,12670.2
allocation,tfinance,hgb_graph_features,0.5,exposure_80,uniform,filtered_low,9,0.18587142453359484,0.8392156862745098,421.2,342.4,1.0,13320.4,3936.0,12700.6
allocation,tfinance,hgb_graph_features,0.5,exposure_80,uniform,pooled_reference,0,0.08760428671753033,0.7876237623762377,349.0,318.2,1.0,13215.8,3936.0,12618.4
allocation,tfinance,hgb_graph_features,0.5,exposure_80,uniform,pooled_reference,1,0.0871020786588487,0.7950495049504951,352.2,321.2,1.0,13320.2,3936.0,12727.0
allocation,tfinance,hgb_graph_features,0.5,exposure_80,uniform,pooled_reference,2,0.09739062296688135,0.778921568627451,352.2,317.8,1.0,13283.2,3936.0,12687.8
allocation,tfinance,hgb_graph_features,0.5,exposure_80,uniform,pooled_reference,3,0.09122653465538832,0.7781094527363184,344.6,312.8,1.0,13303.6,3936.0,12699.4
allocation,tfinance,hgb_graph_features,0.5,exposure_80,uniform,pooled_reference,4,0.1119704284347314,0.7876847290640394,360.6,319.8,1.0,13291.2,3936.0,12677.6
allocation,tfinance,hgb_graph_features,0.5,exposure_80,uniform,pooled_reference,5,0.10131530245665725,0.8044444444444444,362.6,325.8,1.0,13256.4,3936.0,12651.0
allocation,tfinance,hgb_graph_features,0.5,exposure_80,uniform,pooled_reference,6,0.08824993899161472,0.7705159705159705,344.2,313.6,1.0,13258.2,3936.0,12648.6
allocation,tfinance,hgb_graph_features,0.5,exposure_80,uniform,pooled_reference,7,0.08804646553661577,0.7793103448275862,347.0,316.4,1.0,13305.6,3936.0,12696.8
allocation,tfinance,hgb_graph_features,0.5,exposure_80,uniform,pooled_reference,8,0.09778232041999639,0.805940594059406,361.0,325.6,1.0,13275.8,3936.0,12670.2
allocation,tfinance,hgb_graph_features,0.5,exposure_80,uniform,pooled_reference,9,0.09964957179549198,0.8019607843137255,363.8,327.2,1.0,13320.4,3936.0,12700.6
allocation,tfinance,hgb_graph_features,0.5,exposure_80,uniform,pooled_stratum,0,0.09182083511098951,0.692079207920792,308.2,279.6,1.0,13215.8,3936.0,12618.4
allocation,tfinance,hgb_graph_features,0.5,exposure_80,uniform,pooled_stratum,1,0.08850987414930835,0.6821782178217821,302.4,275.6,1.0,13320.2,3936.0,12727.0
allocation,tfinance,hgb_graph_features,0.5,exposure_80,uniform,pooled_stratum,2,0.10304940612469446,0.725,330.2,295.8,1.0,13283.2,3936.0,12687.8
allocation,tfinance,hgb_graph_features,0.5,exposure_80,uniform,pooled_stratum,3,0.0975901140046053,0.6885572139303482,307.4,276.8,1.0,13303.6,3936.0,12699.4
allocation,tfinance,hgb_graph_features,0.5,exposure_80,uniform,pooled_stratum,4,0.08807113420207427,0.7073891625615764,315.2,287.2,1.0,13291.2,3936.0,12677.6
allocation,tfinance,hgb_graph_features,0.5,exposure_80,uniform,pooled_stratum,5,0.09150366701741812,0.7358024691358025,328.2,298.0,1.0,13256.4,3936.0,12651.0
allocation,tfinance,hgb_graph_features,0.5,exposure_80,uniform,pooled_stratum,6,0.07826506018037699,0.6712530712530713,297.0,273.2,1.0,13258.2,3936.0,12648.6
allocation,tfinance,hgb_graph_features,0.5,exposure_80,uniform,pooled_stratum,7,0.10967589272050553,0.7098522167487685,324.0,288.2,1.0,13305.6,3936.0,12696.8
allocation,tfinance,hgb_graph_features,0.5,exposure_80,uniform,pooled_stratum,8,0.10295133882378063,0.7099009900990099,319.8,286.8,1.0,13275.8,3936.0,12670.2
allocation,tfinance,hgb_graph_features,0.5,exposure_80,uniform,pooled_stratum,9,0.10236056312400868,0.6862745098039216,312.8,280.0,1.0,13320.4,3936.0,12700.6
allocation,tfinance,hgb_graph_features,0.5,exposure_80,uniform,size_alpha,0,0.006020597827726742,0.6485148514851485,263.6,262.0,1.0,13215.8,3936.0,12618.4
allocation,tfinance,hgb_graph_features,0.5,exposure_80,uniform,size_alpha,1,0.008162036504270661,0.6544554455445544,266.6,264.4,1.0,13320.2,3936.0,12727.0
allocation,tfinance,hgb_graph_features,0.5,exposure_80,uniform,size_alpha,2,0.017701077837301633,0.6950980392156862,288.8,283.6,1.0,13283.2,3936.0,12687.8
allocation,tfinance,hgb_graph_features,0.5,exposure_80,uniform,size_alpha,3,0.01671357840795181,0.6592039800995024,269.6,265.0,1.0,13303.6,3936.0,12699.4
allocation,tfinance,hgb_graph_features,0.5,exposure_80,uniform,size_alpha,4,0.013796194245059129,0.6660098522167488,274.2,270.4,1.0,13291.2,3936.0,12677.6
allocation,tfinance,hgb_graph_features,0.5,exposure_80,uniform,size_alpha,5,0.022432656623803705,0.7101234567901235,294.2,287.6,1.0,13256.4,3936.0,12651.0
allocation,tfinance,hgb_graph_features,0.5,exposure_80,uniform,size_alpha,6,0.013366996385990154,0.6457002457002456,266.6,262.8,1.0,13258.2,3936.0,12648.6
allocation,tfinance,hgb_graph_features,0.5,exposure_80,uniform,size_alpha,7,0.01353317374511465,0.6768472906403942,278.6,274.8,1.0,13305.6,3936.0,12696.8
allocation,tfinance,hgb_graph_features,0.5,exposure_80,uniform,size_alpha,8,0.008465818759936407,0.6683168316831682,272.4,270.0,1.0,13275.8,3936.0,12670.2
allocation,tfinance,hgb_graph_features,0.5,exposure_80,uniform,size_alpha,9,0.020244137401826203,0.6553921568627451,273.2,267.4,1.0,13320.4,3936.0,12700.6
allocation,tfinance,hgb_graph_features,0.5,zero_exposure,uniform,equal_alpha,0,0.03599704942635111,0.7524752475247525,315.4,304.0,1.0,13215.8,3936.0,12618.4
allocation,tfinance,hgb_graph_features,0.5,zero_exposure,uniform,equal_alpha,1,0.03759625943211185,0.7554455445544555,317.2,305.2,1.0,13320.2,3936.0,12727.0
allocation,tfinance,hgb_graph_features,0.5,zero_exposure,uniform,equal_alpha,2,0.047496900489324465,0.7602941176470588,325.8,310.2,1.0,13283.2,3936.0,12687.8
allocation,tfinance,hgb_graph_features,0.5,zero_exposure,uniform,equal_alpha,3,0.047455801157016184,0.7427860696517413,313.6,298.6,1.0,13303.6,3936.0,12699.4
allocation,tfinance,hgb_graph_features,0.5,zero_exposure,uniform,equal_alpha,4,0.05548103898443909,0.7463054187192119,320.8,303.0,1.0,13291.2,3936.0,12677.6
allocation,tfinance,hgb_graph_features,0.5,zero_exposure,uniform,equal_alpha,5,0.04168908185775466,0.7595061728395062,321.0,307.6,1.0,13256.4,3936.0,12651.0
allocation,tfinance,hgb_graph_features,0.5,zero_exposure,uniform,equal_alpha,6,0.04465033448493881,0.7351351351351351,313.2,299.2,1.0,13258.2,3936.0,12648.6
allocation,tfinance,hgb_graph_features,0.5,zero_exposure,uniform,equal_alpha,7,0.040248734453040655,0.7512315270935961,317.8,305.0,1.0,13305.6,3936.0,12696.8
allocation,tfinance,hgb_graph_features,0.5,zero_exposure,uniform,equal_alpha,8,0.04995512888639979,0.7653465346534654,325.6,309.2,1.0,13275.8,3936.0,12670.2
allocation,tfinance,hgb_graph_features,0.5,zero_exposure,uniform,equal_alpha,9,0.040820007124847416,0.7401960784313726,315.0,302.0,1.0,13320.4,3936.0,12700.6
allocation,tfinance,hgb_graph_features,0.5,zero_exposure,uniform,filtered_low,0,0.1091986659717199,0.7905940594059406,359.4,319.4,1.0,13215.8,3936.0,12618.4
allocation,tfinance,hgb_graph_features,0.5,zero_exposure,uniform,filtered_low,1,0.14708606234730723,0.8242574257425742,391.8,333.0,1.0,13320.2,3936.0,12727.0
allocation,tfinance,hgb_graph_features,0.5,zero_exposure,uniform,filtered_low,2,0.08433613435365292,0.7720588235294118,344.0,315.0,1.0,13283.2,3936.0,12687.8
allocation,tfinance,hgb_graph_features,0.5,zero_exposure,uniform,filtered_low,3,0.14640682852918413,0.8079601990049751,381.2,324.8,1.0,13303.6,3936.0,12699.4
allocation,tfinance,hgb_graph_features,0.5,zero_exposure,uniform,filtered_low,4,0.13048752955157433,0.8054187192118226,377.6,327.0,1.0,13291.2,3936.0,12677.6
allocation,tfinance,hgb_graph_features,0.5,zero_exposure,uniform,filtered_low,5,0.11488927703919646,0.8093827160493827,370.8,327.8,1.0,13256.4,3936.0,12651.0
allocation,tfinance,hgb_graph_features,0.5,zero_exposure,uniform,filtered_low,6,0.10314336925061895,0.7832923832923833,356.0,318.8,1.0,13258.2,3936.0,12648.6
allocation,tfinance,hgb_graph_features,0.5,zero_exposure,uniform,filtered_low,7,0.08021012715533085,0.7704433497536946,340.2,312.8,1.0,13305.6,3936.0,12696.8
allocation,tfinance,hgb_graph_features,0.5,zero_exposure,uniform,filtered_low,8,0.15316738319174014,0.8400990099009901,401.0,339.4,1.0,13275.8,3936.0,12670.2
allocation,tfinance,hgb_graph_features,0.5,zero_exposure,uniform,filtered_low,9,0.14869877971638262,0.8215686274509804,394.4,335.2,1.0,13320.4,3936.0,12700.6
allocation,tfinance,hgb_graph_features,0.5,zero_exposure,uniform,pooled_reference,0,0.08760428671753033,0.7876237623762377,349.0,318.2,1.0,13215.8,3936.0,12618.4
allocation,tfinance,hgb_graph_features,0.5,zero_exposure,uniform,pooled_reference,1,0.0871020786588487,0.7950495049504951,352.2,321.2,1.0,13320.2,3936.0,12727.0
allocation,tfinance,hgb_graph_features,0.5,zero_exposure,uniform,pooled_reference,2,0.09739062296688135,0.778921568627451,352.2,317.8,1.0,13283.2,3936.0,12687.8
allocation,tfinance,hgb_graph_features,0.5,zero_exposure,uniform,pooled_reference,3,0.09122653465538832,0.7781094527363184,344.6,312.8,1.0,13303.6,3936.0,12699.4
allocation,tfinance,hgb_graph_features,0.5,zero_exposure,uniform,pooled_reference,4,0.1119704284347314,0.7876847290640394,360.6,319.8,1.0,13291.2,3936.0,12677.6
allocation,tfinance,hgb_graph_features,0.5,zero_exposure,uniform,pooled_reference,5,0.10131530245665725,0.8044444444444444,362.6,325.8,1.0,13256.4,3936.0,12651.0
allocation,tfinance,hgb_graph_features,0.5,zero_exposure,uniform,pooled_reference,6,0.08824993899161472,0.7705159705159705,344.2,313.6,1.0,13258.2,3936.0,12648.6
allocation,tfinance,hgb_graph_features,0.5,zero_exposure,uniform,pooled_reference,7,0.08804646553661577,0.7793103448275862,347.0,316.4,1.0,13305.6,3936.0,12696.8
allocation,tfinance,hgb_graph_features,0.5,zero_exposure,uniform,pooled_reference,8,0.09778232041999639,0.805940594059406,361.0,325.6,1.0,13275.8,3936.0,12670.2
allocation,tfinance,hgb_graph_features,0.5,zero_exposure,uniform,pooled_reference,9,0.09964957179549198,0.8019607843137255,363.8,327.2,1.0,13320.4,3936.0,12700.6
allocation,tfinance,hgb_graph_features,0.5,zero_exposure,uniform,pooled_stratum,0,0.08878284717679857,0.7851485148514852,348.4,317.2,1.0,13215.8,3936.0,12618.4
allocation,tfinance,hgb_graph_features,0.5,zero_exposure,uniform,pooled_stratum,1,0.08781454896029084,0.7896039603960396,350.0,319.0,1.0,13320.2,3936.0,12727.0
allocation,tfinance,hgb_graph_features,0.5,zero_exposure,uniform,pooled_stratum,2,0.10279806786656476,0.790686274509804,359.8,322.6,1.0,13283.2,3936.0,12687.8
allocation,tfinance,hgb_graph_features,0.5,zero_exposure,uniform,pooled_stratum,3,0.09395658570557792,0.7671641791044775,340.6,308.4,1.0,13303.6,3936.0,12699.4
allocation,tfinance,hgb_graph_features,0.5,zero_exposure,uniform,pooled_stratum,4,0.10634560376802567,0.7807881773399015,355.0,317.0,1.0,13291.2,3936.0,12677.6
allocation,tfinance,hgb_graph_features,0.5,zero_exposure,uniform,pooled_stratum,5,0.0976752080977433,0.7975308641975308,358.0,323.0,1.0,13256.4,3936.0,12651.0
allocation,tfinance,hgb_graph_features,0.5,zero_exposure,uniform,pooled_stratum,6,0.09117878513956558,0.7670761670761671,343.6,312.2,1.0,13258.2,3936.0,12648.6
allocation,tfinance,hgb_graph_features,0.5,zero_exposure,uniform,pooled_stratum,7,0.08786834059263963,0.7793103448275862,347.0,316.4,1.0,13305.6,3936.0,12696.8
allocation,tfinance,hgb_graph_features,0.5,zero_exposure,uniform,pooled_stratum,8,0.09671609423004593,0.8024752475247524,359.2,324.2,1.0,13275.8,3936.0,12670.2
allocation,tfinance,hgb_graph_features,0.5,zero_exposure,uniform,pooled_stratum,9,0.09560606029811966,0.7764705882352941,350.6,316.8,1.0,13320.4,3936.0,12700.6
allocation,tfinance,hgb_graph_features,0.5,zero_exposure,uniform,size_alpha,0,0.047841224013306684,0.7717821782178218,327.6,311.8,1.0,13215.8,3936.0,12618.4
allocation,tfinance,hgb_graph_features,0.5,zero_exposure,uniform,size_alpha,1,0.05301183374505129,0.7757425742574258,331.0,313.4,1.0,13320.2,3936.0,12727.0
allocation,tfinance,hgb_graph_features,0.5,zero_exposure,uniform,size_alpha,2,0.06406774480270319,0.7730392156862745,337.2,315.4,1.0,13283.2,3936.0,12687.8
allocation,tfinance,hgb_graph_features,0.5,zero_exposure,uniform,size_alpha,3,0.05478484100857339,0.7512437810945274,319.6,302.0,1.0,13303.6,3936.0,12699.4
allocation,tfinance,hgb_graph_features,0.5,zero_exposure,uniform,size_alpha,4,0.06336336647990794,0.7566502463054187,328.0,307.2,1.0,13291.2,3936.0,12677.6
allocation,tfinance,hgb_graph_features,0.5,zero_exposure,uniform,size_alpha,5,0.05799304195737799,0.777283950617284,334.2,314.8,1.0,13256.4,3936.0,12651.0
allocation,tfinance,hgb_graph_features,0.5,zero_exposure,uniform,size_alpha,6,0.06335960500274976,0.7557739557739558,328.6,307.6,1.0,13258.2,3936.0,12648.6
allocation,tfinance,hgb_graph_features,0.5,zero_exposure,uniform,size_alpha,7,0.046938341771849884,0.7600985221674877,323.8,308.6,1.0,13305.6,3936.0,12696.8
allocation,tfinance,hgb_graph_features,0.5,zero_exposure,uniform,size_alpha,8,0.05815961074092193,0.7811881188118812,335.2,315.6,1.0,13275.8,3936.0,12670.2
allocation,tfinance,hgb_graph_features,0.5,zero_exposure,uniform,size_alpha,9,0.048283453311969524,0.7588235294117647,325.4,309.6,1.0,13320.4,3936.0,12700.6
allocation,tfinance,hgb_graph_features,1.0,exposure_80,uniform,equal_alpha,0,0.03207322903549686,0.7277227722772277,303.8,294.0,1.0,26565.0,3936.0,25354.0
allocation,tfinance,hgb_graph_features,1.0,exposure_80,uniform,equal_alpha,1,0.03811879567234716,0.7445544554455445,312.8,300.8,1.0,26566.0,3936.0,25354.0
allocation,tfinance,hgb_graph_features,1.0,exposure_80,uniform,equal_alpha,2,0.03986953964508144,0.7480392156862745,318.0,305.2,1.0,26566.0,3936.0,25342.0
allocation,tfinance,hgb_graph_features,1.0,exposure_80,uniform,equal_alpha,3,0.03975784357372599,0.7293532338308457,305.4,293.2,1.0,26566.0,3936.0,25359.0
allocation,tfinance,hgb_graph_features,1.0,exposure_80,uniform,equal_alpha,4,0.04627615342140631,0.731527093596059,311.4,297.0,1.0,26566.0,3936.0,25348.0
allocation,tfinance,hgb_graph_features,1.0,exposure_80,uniform,equal_alpha,5,0.03648007191585173,0.7545679012345679,317.2,305.6,1.0,26566.0,3936.0,25351.0
allocation,tfinance,hgb_graph_features,1.0,exposure_80,uniform,equal_alpha,6,0.03792021364002317,0.7356265356265357,311.2,299.4,1.0,26566.0,3936.0,25345.0
allocation,tfinance,hgb_graph_features,1.0,exposure_80,uniform,equal_alpha,7,0.03132495014482979,0.7280788177339901,305.2,295.6,1.0,26566.0,3936.0,25346.0
allocation,tfinance,hgb_graph_features,1.0,exposure_80,uniform,equal_alpha,8,0.042369788066185535,0.7495049504950495,316.4,302.8,1.0,26566.0,3936.0,25354.0
allocation,tfinance,hgb_graph_features,1.0,exposure_80,uniform,equal_alpha,9,0.03936749206529395,0.7328431372549019,311.4,299.0,1.0,26565.0,3936.0,25343.0
allocation,tfinance,hgb_graph_features,1.0,exposure_80,uniform,filtered_low,0,0.17467606288366505,0.8222772277227722,403.0,332.2,1.0,26565.0,3936.0,25354.0
allocation,tfinance,hgb_graph_features,1.0,exposure_80,uniform,filtered_low,1,0.23359567158449593,0.8435643564356436,445.0,340.8,1.0,26566.0,3936.0,25354.0
allocation,tfinance,hgb_graph_features,1.0,exposure_80,uniform,filtered_low,2,0.16506956038996495,0.8073529411764706,394.8,329.4,1.0,26566.0,3936.0,25342.0
allocation,tfinance,hgb_graph_features,1.0,exposure_80,uniform,filtered_low,3,0.2046464996728356,0.827363184079602,418.4,332.6,1.0,26566.0,3936.0,25359.0
allocation,tfinance,hgb_graph_features,1.0,exposure_80,uniform,filtered_low,4,0.22708971463467137,0.8394088669950739,441.2,340.8,1.0,26566.0,3936.0,25348.0
allocation,tfinance,hgb_graph_features,1.0,exposure_80,uniform,filtered_low,5,0.20642716174961073,0.8439506172839506,431.2,341.8,1.0,26566.0,3936.0,25351.0
allocation,tfinance,hgb_graph_features,1.0,exposure_80,uniform,filtered_low,6,0.17051408464838308,0.8167076167076168,401.6,332.4,1.0,26566.0,3936.0,25345.0
allocation,tfinance,hgb_graph_features,1.0,exposure_80,uniform,filtered_low,7,0.22184860018727864,0.8384236453201972,437.6,340.4,1.0,26566.0,3936.0,25346.0
allocation,tfinance,hgb_graph_features,1.0,exposure_80,uniform,filtered_low,8,0.2244308774181884,0.8549504950495048,445.4,345.4,1.0,26566.0,3936.0,25354.0
allocation,tfinance,hgb_graph_features,1.0,exposure_80,uniform,filtered_low,9,0.1920157870024251,0.8426470588235293,426.2,343.8,1.0,26565.0,3936.0,25343.0
allocation,tfinance,hgb_graph_features,1.0,exposure_80,uniform,pooled_reference,0,0.08706796139084064,0.7886138613861386,349.2,318.6,1.0,26565.0,3936.0,25354.0
allocation,tfinance,hgb_graph_features,1.0,exposure_80,uniform,pooled_reference,1,0.09385500074968312,0.7960396039603961,355.0,321.6,1.0,26566.0,3936.0,25354.0
allocation,tfinance,hgb_graph_features,1.0,exposure_80,uniform,pooled_reference,2,0.09550778826521696,0.7794117647058824,351.6,318.0,1.0,26566.0,3936.0,25342.0
allocation,tfinance,hgb_graph_features,1.0,exposure_80,uniform,pooled_reference,3,0.09852797011747019,0.7805970149253731,348.4,313.8,1.0,26566.0,3936.0,25359.0
allocation,tfinance,hgb_graph_features,1.0,exposure_80,uniform,pooled_reference,4,0.11583132867673343,0.7935960591133006,364.6,322.2,1.0,26566.0,3936.0,25348.0
allocation,tfinance,hgb_graph_features,1.0,exposure_80,uniform,pooled_reference,5,0.09843392861861654,0.8039506172839506,361.2,325.6,1.0,26566.0,3936.0,25351.0
allocation,tfinance,hgb_graph_features,1.0,exposure_80,uniform,pooled_reference,6,0.09614533087851647,0.7783783783783784,350.8,316.8,1.0,26566.0,3936.0,25345.0
allocation,tfinance,hgb_graph_features,1.0,exposure_80,uniform,pooled_reference,7,0.0963899392473541,0.7847290640394089,352.6,318.6,1.0,26566.0,3936.0,25346.0
allocation,tfinance,hgb_graph_features,1.0,exposure_80,uniform,pooled_reference,8,0.10368944408926213,0.8103960396039603,365.6,327.4,1.0,26566.0,3936.0,25354.0
allocation,tfinance,hgb_graph_features,1.0,exposure_80,uniform,pooled_reference,9,0.10029779007007877,0.8,363.4,326.4,1.0,26565.0,3936.0,25343.0
allocation,tfinance,hgb_graph_features,1.0,exposure_80,uniform,pooled_stratum,0,0.09948906500909256,0.7024752475247524,315.4,283.8,1.0,26565.0,3936.0,25354.0
allocation,tfinance,hgb_graph_features,1.0,exposure_80,uniform,pooled_stratum,1,0.09009084753894062,0.696039603960396,309.2,281.2,1.0,26566.0,3936.0,25354.0
allocation,tfinance,hgb_graph_features,1.0,exposure_80,uniform,pooled_stratum,2,0.10371050914813944,0.7230392156862745,329.4,295.0,1.0,26566.0,3936.0,25342.0
allocation,tfinance,hgb_graph_features,1.0,exposure_80,uniform,pooled_stratum,3,0.10520620368735352,0.6870646766169154,309.0,276.2,1.0,26566.0,3936.0,25359.0
allocation,tfinance,hgb_graph_features,1.0,exposure_80,uniform,pooled_stratum,4,0.09584927974687366,0.7093596059113301,318.6,288.0,1.0,26566.0,3936.0,25348.0
allocation,tfinance,hgb_graph_features,1.0,exposure_80,uniform,pooled_stratum,5,0.09849713050681484,0.7288888888888889,327.6,295.2,1.0,26566.0,3936.0,25351.0
allocation,tfinance,hgb_graph_features,1.0,exposure_80,uniform,pooled_stratum,6,0.08768760538812098,0.7253071253071253,323.8,295.2,1.0,26566.0,3936.0,25345.0
allocation,tfinance,hgb_graph_features,1.0,exposure_80,uniform,pooled_stratum,7,0.1102053162244154,0.6886699507389162,314.2,279.6,1.0,26566.0,3936.0,25346.0
allocation,tfinance,hgb_graph_features,1.0,exposure_80,uniform,pooled_stratum,8,0.11131608471351222,0.7297029702970297,331.8,294.8,1.0,26566.0,3936.0,25354.0
allocation,tfinance,hgb_graph_features,1.0,exposure_80,uniform,pooled_stratum,9,0.10622475933897597,0.6911764705882353,316.2,282.0,1.0,26565.0,3936.0,25343.0
allocation,tfinance,hgb_graph_features,1.0,exposure_80,uniform,size_alpha,0,0.007228479799950016,0.6653465346534654,270.8,268.8,1.0,26565.0,3936.0,25354.0
allocation,tfinance,hgb_graph_features,1.0,exposure_80,uniform,size_alpha,1,0.009564727934261334,0.6663366336633663,271.8,269.2,1.0,26566.0,3936.0,25354.0
allocation,tfinance,hgb_graph_features,1.0,exposure_80,uniform,size_alpha,2,0.014462238613216657,0.6877450980392157,284.8,280.6,1.0,26566.0,3936.0,25342.0
allocation,tfinance,hgb_graph_features,1.0,exposure_80,uniform,size_alpha,3,0.015242800317140686,0.6532338308457712,266.8,262.6,1.0,26566.0,3936.0,25359.0
allocation,tfinance,hgb_graph_features,1.0,exposure_80,uniform,size_alpha,4,0.01512960472660158,0.6733990147783251,277.6,273.4,1.0,26566.0,3936.0,25348.0
allocation,tfinance,hgb_graph_features,1.0,exposure_80,uniform,size_alpha,5,0.01372005797910476,0.7037037037037037,289.0,285.0,1.0,26566.0,3936.0,25351.0
allocation,tfinance,hgb_graph_features,1.0,exposure_80,uniform,size_alpha,6,0.015882927077746974,0.7007371007371007,289.8,285.2,1.0,26566.0,3936.0,25345.0
allocation,tfinance,hgb_graph_features,1.0,exposure_80,uniform,size_alpha,7,0.012493810752567508,0.6561576354679802,269.8,266.4,1.0,26566.0,3936.0,25346.0
allocation,tfinance,hgb_graph_features,1.0,exposure_80,uniform,size_alpha,8,0.011860765103785437,0.691089108910891,282.6,279.2,1.0,26566.0,3936.0,25354.0
allocation,tfinance,hgb_graph_features,1.0,exposure_80,uniform,size_alpha,9,0.016503509728369788,0.6661764705882354,276.4,271.8,1.0,26565.0,3936.0,25343.0
allocation,tfinance,hgb_graph_features,1.0,zero_exposure,uniform,equal_alpha,0,0.03873148114603164,0.7514851485148515,316.0,303.6,1.0,26565.0,3936.0,25354.0
allocation,tfinance,hgb_graph_features,1.0,zero_exposure,uniform,equal_alpha,1,0.04615772144185826,0.7633663366336634,323.4,308.4,1.0,26566.0,3936.0,25354.0
allocation,tfinance,hgb_graph_features,1.0,zero_exposure,uniform,equal_alpha,2,0.04369292622253146,0.7558823529411764,322.6,308.4,1.0,26566.0,3936.0,25342.0
allocation,tfinance,hgb_graph_features,1.0,zero_exposure,uniform,equal_alpha,3,0.04863983177095019,0.7442786069651741,314.6,299.2,1.0,26566.0,3936.0,25359.0
allocation,tfinance,hgb_graph_features,1.0,zero_exposure,uniform,equal_alpha,4,0.0587052329128119,0.7507389162561576,323.8,304.8,1.0,26566.0,3936.0,25348.0
allocation,tfinance,hgb_graph_features,1.0,zero_exposure,uniform,equal_alpha,5,0.04321659214097764,0.7634567901234568,323.2,309.2,1.0,26566.0,3936.0,25351.0
allocation,tfinance,hgb_graph_features,1.0,zero_exposure,uniform,equal_alpha,6,0.04620820409606059,0.74004914004914,315.8,301.2,1.0,26566.0,3936.0,25345.0
allocation,tfinance,hgb_graph_features,1.0,zero_exposure,uniform,equal_alpha,7,0.03566543516822275,0.7463054187192119,314.2,303.0,1.0,26566.0,3936.0,25346.0
allocation,tfinance,hgb_graph_features,1.0,zero_exposure,uniform,equal_alpha,8,0.05217159315116075,0.7712871287128713,329.0,311.6,1.0,26566.0,3936.0,25354.0
allocation,tfinance,hgb_graph_features,1.0,zero_exposure,uniform,equal_alpha,9,0.04465738770961737,0.746078431372549,318.8,304.4,1.0,26565.0,3936.0,25343.0
allocation,tfinance,hgb_graph_features,1.0,zero_exposure,uniform,filtered_low,0,0.09363281803469284,0.7905940594059406,352.8,319.4,1.0,26565.0,3936.0,25354.0
allocation,tfinance,hgb_graph_features,1.0,zero_exposure,uniform,filtered_low,1,0.1381653109517098,0.8198019801980199,384.6,331.2,1.0,26566.0,3936.0,25354.0
allocation,tfinance,hgb_graph_features,1.0,zero_exposure,uniform,filtered_low,2,0.08242498042291738,0.7696078431372548,342.2,314.0,1.0,26566.0,3936.0,25342.0
allocation,tfinance,hgb_graph_features,1.0,zero_exposure,uniform,filtered_low,3,0.14752709253373084,0.8099502487562189,382.2,325.6,1.0,26566.0,3936.0,25359.0
allocation,tfinance,hgb_graph_features,1.0,zero_exposure,uniform,filtered_low,4,0.13984453696257843,0.8108374384236454,383.0,329.2,1.0,26566.0,3936.0,25348.0
allocation,tfinance,hgb_graph_features,1.0,zero_exposure,uniform,filtered_low,5,0.10713997556183459,0.8079012345679013,366.6,327.2,1.0,26566.0,3936.0,25351.0
allocation,tfinance,hgb_graph_features,1.0,zero_exposure,uniform,filtered_low,6,0.11876469599443676,0.7955773955773956,367.8,323.8,1.0,26566.0,3936.0,25345.0
allocation,tfinance,hgb_graph_features,1.0,zero_exposure,uniform,filtered_low,7,0.08026545712346275,0.7738916256157635,341.8,314.2,1.0,26566.0,3936.0,25346.0
allocation,tfinance,hgb_graph_features,1.0,zero_exposure,uniform,filtered_low,8,0.15990725856214322,0.8396039603960397,403.8,339.2,1.0,26566.0,3936.0,25354.0
allocation,tfinance,hgb_graph_features,1.0,zero_exposure,uniform,filtered_low,9,0.14184888626191577,0.8200980392156862,390.4,334.6,1.0,26565.0,3936.0,25343.0
allocation,tfinance,hgb_graph_features,1.0,zero_exposure,uniform,pooled_reference,0,0.08706796139084064,0.7886138613861386,349.2,318.6,1.0,26565.0,3936.0,25354.0
allocation,tfinance,hgb_graph_features,1.0,zero_exposure,uniform,pooled_reference,1,0.09385500074968312,0.7960396039603961,355.0,321.6,1.0,26566.0,3936.0,25354.0
allocation,tfinance,hgb_graph_features,1.0,zero_exposure,uniform,pooled_reference,2,0.09550778826521696,0.7794117647058824,351.6,318.0,1.0,26566.0,3936.0,25342.0
allocation,tfinance,hgb_graph_features,1.0,zero_exposure,uniform,pooled_reference,3,0.09852797011747019,0.7805970149253731,348.4,313.8,1.0,26566.0,3936.0,25359.0
allocation,tfinance,hgb_graph_features,1.0,zero_exposure,uniform,pooled_reference,4,0.11583132867673343,0.7935960591133006,364.6,322.2,1.0,26566.0,3936.0,25348.0
allocation,tfinance,hgb_graph_features,1.0,zero_exposure,uniform,pooled_reference,5,0.09843392861861654,0.8039506172839506,361.2,325.6,1.0,26566.0,3936.0,25351.0
allocation,tfinance,hgb_graph_features,1.0,zero_exposure,uniform,pooled_reference,6,0.09614533087851647,0.7783783783783784,350.8,316.8,1.0,26566.0,3936.0,25345.0
allocation,tfinance,hgb_graph_features,1.0,zero_exposure,uniform,pooled_reference,7,0.0963899392473541,0.7847290640394089,352.6,318.6,1.0,26566.0,3936.0,25346.0
allocation,tfinance,hgb_graph_features,1.0,zero_exposure,uniform,pooled_reference,8,0.10368944408926213,0.8103960396039603,365.6,327.4,1.0,26566.0,3936.0,25354.0
allocation,tfinance,hgb_graph_features,1.0,zero_exposure,uniform,pooled_reference,9,0.10029779007007877,0.8,363.4,326.4,1.0,26565.0,3936.0,25343.0
allocation,tfinance,hgb_graph_features,1.0,zero_exposure,uniform,pooled_stratum,0,0.08758874663497619,0.7886138613861386,349.4,318.6,1.0,26565.0,3936.0,25354.0
allocation,tfinance,hgb_graph_features,1.0,zero_exposure,uniform,pooled_stratum,1,0.09020691556124794,0.7960396039603961,353.6,321.6,1.0,26566.0,3936.0,25354.0
allocation,tfinance,hgb_graph_features,1.0,zero_exposure,uniform,pooled_stratum,2,0.09891539462000305,0.7897058823529413,357.6,322.2,1.0,26566.0,3936.0,25342.0
allocation,tfinance,hgb_graph_features,1.0,zero_exposure,uniform,pooled_stratum,3,0.09924162051708216,0.77363184079602,345.6,311.0,1.0,26566.0,3936.0,25359.0
allocation,tfinance,hgb_graph_features,1.0,zero_exposure,uniform,pooled_stratum,4,0.11359011645371435,0.789655172413793,361.8,320.6,1.0,26566.0,3936.0,25348.0
allocation,tfinance,hgb_graph_features,1.0,zero_exposure,uniform,pooled_stratum,5,0.09475428982127097,0.8,358.0,324.0,1.0,26566.0,3936.0,25351.0
allocation,tfinance,hgb_graph_features,1.0,zero_exposure,uniform,pooled_stratum,6,0.09202095388423955,0.7734643734643735,347.0,314.8,1.0,26566.0,3936.0,25345.0
allocation,tfinance,hgb_graph_features,1.0,zero_exposure,uniform,pooled_stratum,7,0.09434134476741313,0.7852216748768474,352.0,318.8,1.0,26566.0,3936.0,25346.0
allocation,tfinance,hgb_graph_features,1.0,zero_exposure,uniform,pooled_stratum,8,0.10480771970239608,0.8103960396039603,366.0,327.4,1.0,26566.0,3936.0,25354.0
allocation,tfinance,hgb_graph_features,1.0,zero_exposure,uniform,pooled_stratum,9,0.10007702930225515,0.788235294117647,357.8,321.6,1.0,26565.0,3936.0,25343.0
allocation,tfinance,hgb_graph_features,1.0,zero_exposure,uniform,size_alpha,0,0.054832978834051006,0.7797029702970297,333.4,315.0,1.0,26565.0,3936.0,25354.0
allocation,tfinance,hgb_graph_features,1.0,zero_exposure,uniform,size_alpha,1,0.062100088916951866,0.7831683168316832,337.4,316.4,1.0,26566.0,3936.0,25354.0
allocation,tfinance,hgb_graph_features,1.0,zero_exposure,uniform,size_alpha,2,0.06255524978240808,0.7779411764705882,338.6,317.4,1.0,26566.0,3936.0,25342.0
allocation,tfinance,hgb_graph_features,1.0,zero_exposure,uniform,size_alpha,3,0.0651801581683988,0.7611940298507462,327.6,306.0,1.0,26566.0,3936.0,25359.0
allocation,tfinance,hgb_graph_features,1.0,zero_exposure,uniform,size_alpha,4,0.0825586225933338,0.7694581280788177,340.6,312.4,1.0,26566.0,3936.0,25348.0
allocation,tfinance,hgb_graph_features,1.0,zero_exposure,uniform,size_alpha,5,0.061604322865340476,0.7817283950617284,337.4,316.6,1.0,26566.0,3936.0,25351.0
allocation,tfinance,hgb_graph_features,1.0,zero_exposure,uniform,size_alpha,6,0.06608162573078893,0.7621621621621621,332.4,310.2,1.0,26566.0,3936.0,25345.0
allocation,tfinance,hgb_graph_features,1.0,zero_exposure,uniform,size_alpha,7,0.05810712638002715,0.774384236453202,333.8,314.4,1.0,26566.0,3936.0,25346.0
allocation,tfinance,hgb_graph_features,1.0,zero_exposure,uniform,size_alpha,8,0.07177334787022556,0.7930693069306931,345.4,320.4,1.0,26566.0,3936.0,25354.0
allocation,tfinance,hgb_graph_features,1.0,zero_exposure,uniform,size_alpha,9,0.060479240621413036,0.7774509803921569,337.8,317.2,1.0,26565.0,3936.0,25343.0
allocation,weibo_gadbench,hgb_attributes,0.25,exposure_80,uniform,equal_alpha,0,0.0069767441860465115,0.3373737373737374,67.4,66.8,0.8,1413.6,840.0,1265.2
allocation,weibo_gadbench,hgb_attributes,0.25,exposure_80,uniform,equal_alpha,1,0.017811400065837785,0.5241025641025641,104.4,102.2,1.0,1422.0,840.0,1276.0
allocation,weibo_gadbench,hgb_attributes,0.25,exposure_80,uniform,equal_alpha,2,0.009708737864077669,0.23794871794871794,47.4,46.4,0.6,1431.8,840.0,1287.0
allocation,weibo_gadbench,hgb_attributes,0.25,exposure_80,uniform,equal_alpha,3,0.008424378043964722,0.23535353535353537,47.4,46.6,0.6,1440.2,840.0,1292.0
allocation,weibo_gadbench,hgb_attributes,0.25,exposure_80,uniform,equal_alpha,4,0.015063947214632658,0.46461538461538465,92.0,90.6,1.0,1405.6,840.0,1255.8
allocation,weibo_gadbench,hgb_attributes,0.25,exposure_80,uniform,equal_alpha,5,0.014633554914503114,0.542,110.2,108.4,1.0,1399.4,840.0,1243.8
allocation,weibo_gadbench,hgb_attributes,0.25,exposure_80,uniform,equal_alpha,6,0.030048151456024928,0.6165803108808291,123.0,119.0,1.0,1426.0,840.0,1274.0
allocation,weibo_gadbench,hgb_attributes,0.25,exposure_80,uniform,equal_alpha,7,0.013436370434999376,0.18061224489795918,36.8,35.4,0.4,1406.8,840.0,1265.8
allocation,weibo_gadbench,hgb_attributes,0.25,exposure_80,uniform,equal_alpha,8,0.023019931777257547,0.31237113402061856,63.2,60.6,0.6,1433.8,840.0,1284.6
allocation,weibo_gadbench,hgb_attributes,0.25,exposure_80,uniform,equal_alpha,9,0.03088373964778459,0.560204081632653,113.8,109.8,1.0,1375.0,840.0,1234.8
allocation,weibo_gadbench,hgb_attributes,0.25,exposure_80,uniform,filtered_low,0,0.137594795228139,0.7282828282828283,168.0,144.2,1.0,1413.6,840.0,1265.2
allocation,weibo_gadbench,hgb_attributes,0.25,exposure_80,uniform,filtered_low,1,0.1539669038174463,0.7394871794871796,172.6,144.2,1.0,1422.0,840.0,1276.0
allocation,weibo_gadbench,hgb_attributes,0.25,exposure_80,uniform,filtered_low,2,0.2158545332220227,0.8051282051282052,200.8,157.0,1.0,1431.8,840.0,1287.0
allocation,weibo_gadbench,hgb_attributes,0.25,exposure_80,uniform,filtered_low,3,0.19943325500523676,0.794949494949495,197.4,157.4,1.0,1440.2,840.0,1292.0
allocation,weibo_gadbench,hgb_attributes,0.25,exposure_80,uniform,filtered_low,4,0.1767026408626847,0.7794871794871795,185.4,152.0,1.0,1405.6,840.0,1255.8
allocation,weibo_gadbench,hgb_attributes,0.25,exposure_80,uniform,filtered_low,5,0.1781481014833554,0.796,195.0,159.2,1.0,1399.4,840.0,1243.8
allocation,weibo_gadbench,hgb_attributes,0.25,exposure_80,uniform,filtered_low,6,0.14812427767410524,0.6818652849740932,156.0,131.6,1.0,1426.0,840.0,1274.0
allocation,weibo_gadbench,hgb_attributes,0.25,exposure_80,uniform,filtered_low,7,0.15126437600523623,0.7459183673469388,173.0,146.2,1.0,1406.8,840.0,1265.8
allocation,weibo_gadbench,hgb_attributes,0.25,exposure_80,uniform,filtered_low,8,0.17018100219459517,0.8164948453608247,191.8,158.4,1.0,1433.8,840.0,1284.6
allocation,weibo_gadbench,hgb_attributes,0.25,exposure_80,uniform,filtered_low,9,0.1515650880552269,0.7571428571428571,176.2,148.4,1.0,1375.0,840.0,1234.8
allocation,weibo_gadbench,hgb_attributes,0.25,exposure_80,uniform,pooled_reference,0,0.0882876776362008,0.6333333333333334,137.6,125.4,1.0,1413.6,840.0,1265.2
allocation,weibo_gadbench,hgb_attributes,0.25,exposure_80,uniform,pooled_reference,1,0.0770457544715238,0.635897435897436,135.0,124.0,1.0,1422.0,840.0,1276.0
allocation,weibo_gadbench,hgb_attributes,0.25,exposure_80,uniform,pooled_reference,2,0.09749789629231001,0.6112820512820513,132.2,119.2,1.0,1431.8,840.0,1287.0
allocation,weibo_gadbench,hgb_attributes,0.25,exposure_80,uniform,pooled_reference,3,0.0998526355835194,0.6666666666666667,147.0,132.0,1.0,1440.2,840.0,1292.0
allocation,weibo_gadbench,hgb_attributes,0.25,exposure_80,uniform,pooled_reference,4,0.08601200669712783,0.6820512820512821,145.6,133.0,1.0,1405.6,840.0,1255.8
allocation,weibo_gadbench,hgb_attributes,0.25,exposure_80,uniform,pooled_reference,5,0.0894439720130163,0.696,153.2,139.2,1.0,1399.4,840.0,1243.8
allocation,weibo_gadbench,hgb_attributes,0.25,exposure_80,uniform,pooled_reference,6,0.10119181754507975,0.6404145077720207,137.6,123.6,1.0,1426.0,840.0,1274.0
allocation,weibo_gadbench,hgb_attributes,0.25,exposure_80,uniform,pooled_reference,7,0.08468092997709938,0.6255102040816326,134.0,122.6,1.0,1406.8,840.0,1265.8
allocation,weibo_gadbench,hgb_attributes,0.25,exposure_80,uniform,pooled_reference,8,0.11634795731008123,0.7494845360824742,165.2,145.4,1.0,1433.8,840.0,1284.6
allocation,weibo_gadbench,hgb_attributes,0.25,exposure_80,uniform,pooled_reference,9,0.09236889484596024,0.6959183673469388,150.4,136.4,1.0,1375.0,840.0,1234.8
allocation,weibo_gadbench,hgb_attributes,0.25,exposure_80,uniform,pooled_stratum,0,0.0,0.0,0.0,0.0,0.0,1413.6,840.0,1265.2
allocation,weibo_gadbench,hgb_attributes,0.25,exposure_80,uniform,pooled_stratum,1,0.0,0.0,0.0,0.0,0.0,1422.0,840.0,1276.0
allocation,weibo_gadbench,hgb_attributes,0.25,exposure_80,uniform,pooled_stratum,2,0.0,0.0,0.0,0.0,0.0,1431.8,840.0,1287.0
allocation,weibo_gadbench,hgb_attributes,0.25,exposure_80,uniform,pooled_stratum,3,0.0,0.0,0.0,0.0,0.0,1440.2,840.0,1292.0
allocation,weibo_gadbench,hgb_attributes,0.25,exposure_80,uniform,pooled_stratum,4,0.0,0.0,0.0,0.0,0.0,1405.6,840.0,1255.8
allocation,weibo_gadbench,hgb_attributes,0.25,exposure_80,uniform,pooled_stratum,5,0.022695035460992906,0.125,28.2,25.0,0.2,1399.4,840.0,1243.8
allocation,weibo_gadbench,hgb_attributes,0.25,exposure_80,uniform,pooled_stratum,6,0.0590909090909091,0.23316062176165805,52.8,45.0,0.4,1426.0,840.0,1274.0
allocation,weibo_gadbench,hgb_attributes,0.25,exposure_80,uniform,pooled_stratum,7,0.0,0.0,0.0,0.0,0.0,1406.8,840.0,1265.8
allocation,weibo_gadbench,hgb_attributes,0.25,exposure_80,uniform,pooled_stratum,8,0.0,0.0,0.0,0.0,0.0,1433.8,840.0,1284.6
allocation,weibo_gadbench,hgb_attributes,0.25,exposure_80,uniform,pooled_stratum,9,0.015492957746478872,0.1336734693877551,28.4,26.2,0.2,1375.0,840.0,1234.8
allocation,weibo_gadbench,hgb_attributes,0.25,exposure_80,uniform,size_alpha,0,0.0,0.0,0.0,0.0,0.0,1413.6,840.0,1265.2
allocation,weibo_gadbench,hgb_attributes,0.25,exposure_80,uniform,size_alpha,1,0.0,0.0,0.0,0.0,0.0,1422.0,840.0,1276.0
allocation,weibo_gadbench,hgb_attributes,0.25,exposure_80,uniform,size_alpha,2,0.0,0.0,0.0,0.0,0.0,1431.8,840.0,1287.0
allocation,weibo_gadbench,hgb_attributes,0.25,exposure_80,uniform,size_alpha,3,0.0,0.0,0.0,0.0,0.0,1440.2,840.0,1292.0
allocation,weibo_gadbench,hgb_attributes,0.25,exposure_80,uniform,size_alpha,4,0.0,0.0,0.0,0.0,0.0,1405.6,840.0,1255.8
allocation,weibo_gadbench,hgb_attributes,0.25,exposure_80,uniform,size_alpha,5,0.0,0.0,0.0,0.0,0.0,1399.4,840.0,1243.8
allocation,weibo_gadbench,hgb_attributes,0.25,exposure_80,uniform,size_alpha,6,0.0,0.0,0.0,0.0,0.0,1426.0,840.0,1274.0
allocation,weibo_gadbench,hgb_attributes,0.25,exposure_80,uniform,size_alpha,7,0.0,0.0,0.0,0.0,0.0,1406.8,840.0,1265.8
allocation,weibo_gadbench,hgb_attributes,0.25,exposure_80,uniform,size_alpha,8,0.0,0.0,0.0,0.0,0.0,1433.8,840.0,1284.6
allocation,weibo_gadbench,hgb_attributes,0.25,exposure_80,uniform,size_alpha,9,0.011594202898550725,0.13265306122448978,27.6,26.0,0.2,1375.0,840.0,1234.8
allocation,weibo_gadbench,hgb_attributes,0.25,zero_exposure,uniform,equal_alpha,0,0.014268271411128552,0.3747474747474747,75.6,74.2,0.8,1413.6,840.0,1265.2
allocation,weibo_gadbench,hgb_attributes,0.25,zero_exposure,uniform,equal_alpha,1,0.017438656909169178,0.5405128205128206,107.6,105.4,1.0,1422.0,840.0,1276.0
allocation,weibo_gadbench,hgb_attributes,0.25,zero_exposure,uniform,equal_alpha,2,0.020972423802612484,0.3948717948717949,79.2,77.0,1.0,1431.8,840.0,1287.0
allocation,weibo_gadbench,hgb_attributes,0.25,zero_exposure,uniform,equal_alpha,3,0.02183652075212647,0.4222222222222222,85.8,83.6,1.0,1440.2,840.0,1292.0
allocation,weibo_gadbench,hgb_attributes,0.25,zero_exposure,uniform,equal_alpha,4,0.020927222554866905,0.49641025641025643,99.0,96.8,1.0,1405.6,840.0,1255.8
allocation,weibo_gadbench,hgb_attributes,0.25,zero_exposure,uniform,equal_alpha,5,0.020064223706349544,0.5609999999999999,114.6,112.2,1.0,1399.4,840.0,1243.8
allocation,weibo_gadbench,hgb_attributes,0.25,zero_exposure,uniform,equal_alpha,6,0.0353134779688927,0.6217616580310881,124.8,120.0,1.0,1426.0,840.0,1274.0
allocation,weibo_gadbench,hgb_attributes,0.25,zero_exposure,uniform,equal_alpha,7,0.013436370434999376,0.18061224489795918,36.8,35.4,0.4,1406.8,840.0,1265.8
allocation,weibo_gadbench,hgb_attributes,0.25,zero_exposure,uniform,equal_alpha,8,0.04361567032563522,0.5597938144329897,113.8,108.6,1.0,1433.8,840.0,1284.6
allocation,weibo_gadbench,hgb_attributes,0.25,zero_exposure,uniform,equal_alpha,9,0.04158102570316311,0.6255102040816326,128.0,122.6,1.0,1375.0,840.0,1234.8
allocation,weibo_gadbench,hgb_attributes,0.25,zero_exposure,uniform,filtered_low,0,0.13794794341557703,0.7262626262626263,167.6,143.8,1.0,1413.6,840.0,1265.2
allocation,weibo_gadbench,hgb_attributes,0.25,zero_exposure,uniform,filtered_low,1,0.1490335579572918,0.7353846153846153,170.6,143.4,1.0,1422.0,840.0,1276.0
allocation,weibo_gadbench,hgb_attributes,0.25,zero_exposure,uniform,filtered_low,2,0.20814082786998506,0.7948717948717949,196.2,155.0,1.0,1431.8,840.0,1287.0
allocation,weibo_gadbench,hgb_attributes,0.25,zero_exposure,uniform,filtered_low,3,0.19164018434766372,0.7878787878787878,193.6,156.0,1.0,1440.2,840.0,1292.0
allocation,weibo_gadbench,hgb_attributes,0.25,zero_exposure,uniform,filtered_low,4,0.1702679211118173,0.7692307692307693,181.8,150.0,1.0,1405.6,840.0,1255.8
allocation,weibo_gadbench,hgb_attributes,0.25,zero_exposure,uniform,filtered_low,5,0.17385812894763897,0.7939999999999999,193.2,158.8,1.0,1399.4,840.0,1243.8
allocation,weibo_gadbench,hgb_attributes,0.25,zero_exposure,uniform,filtered_low,6,0.14215780209560328,0.672538860103627,152.6,129.8,1.0,1426.0,840.0,1274.0
allocation,weibo_gadbench,hgb_attributes,0.25,zero_exposure,uniform,filtered_low,7,0.14273441178658636,0.7306122448979593,168.2,143.2,1.0,1406.8,840.0,1265.8
allocation,weibo_gadbench,hgb_attributes,0.25,zero_exposure,uniform,filtered_low,8,0.17483857023147636,0.820618556701031,194.4,159.2,1.0,1433.8,840.0,1284.6
allocation,weibo_gadbench,hgb_attributes,0.25,zero_exposure,uniform,filtered_low,9,0.14882818754233731,0.753061224489796,174.4,147.6,1.0,1375.0,840.0,1234.8
allocation,weibo_gadbench,hgb_attributes,0.25,zero_exposure,uniform,pooled_reference,0,0.0882876776362008,0.6333333333333334,137.6,125.4,1.0,1413.6,840.0,1265.2
allocation,weibo_gadbench,hgb_attributes,0.25,zero_exposure,uniform,pooled_reference,1,0.0770457544715238,0.635897435897436,135.0,124.0,1.0,1422.0,840.0,1276.0
allocation,weibo_gadbench,hgb_attributes,0.25,zero_exposure,uniform,pooled_reference,2,0.09749789629231001,0.6112820512820513,132.2,119.2,1.0,1431.8,840.0,1287.0
allocation,weibo_gadbench,hgb_attributes,0.25,zero_exposure,uniform,pooled_reference,3,0.0998526355835194,0.6666666666666667,147.0,132.0,1.0,1440.2,840.0,1292.0
allocation,weibo_gadbench,hgb_attributes,0.25,zero_exposure,uniform,pooled_reference,4,0.08601200669712783,0.6820512820512821,145.6,133.0,1.0,1405.6,840.0,1255.8
allocation,weibo_gadbench,hgb_attributes,0.25,zero_exposure,uniform,pooled_reference,5,0.0894439720130163,0.696,153.2,139.2,1.0,1399.4,840.0,1243.8
allocation,weibo_gadbench,hgb_attributes,0.25,zero_exposure,uniform,pooled_reference,6,0.10119181754507975,0.6404145077720207,137.6,123.6,1.0,1426.0,840.0,1274.0
allocation,weibo_gadbench,hgb_attributes,0.25,zero_exposure,uniform,pooled_reference,7,0.08468092997709938,0.6255102040816326,134.0,122.6,1.0,1406.8,840.0,1265.8
allocation,weibo_gadbench,hgb_attributes,0.25,zero_exposure,uniform,pooled_reference,8,0.11634795731008123,0.7494845360824742,165.2,145.4,1.0,1433.8,840.0,1284.6
allocation,weibo_gadbench,hgb_attributes,0.25,zero_exposure,uniform,pooled_reference,9,0.09236889484596024,0.6959183673469388,150.4,136.4,1.0,1375.0,840.0,1234.8
allocation,weibo_gadbench,hgb_attributes,0.25,zero_exposure,uniform,pooled_stratum,0,0.032120335202266835,0.2696969696969697,56.4,53.4,0.6,1413.6,840.0,1265.2
allocation,weibo_gadbench,hgb_attributes,0.25,zero_exposure,uniform,pooled_stratum,1,0.032070517629407345,0.1958974358974359,42.0,38.2,0.4,1422.0,840.0,1276.0
allocation,weibo_gadbench,hgb_attributes,0.25,zero_exposure,uniform,pooled_stratum,2,0.0416,0.10153846153846154,25.0,19.8,0.2,1431.8,840.0,1287.0
allocation,weibo_gadbench,hgb_attributes,0.25,zero_exposure,uniform,pooled_stratum,3,0.0,0.0,0.0,0.0,0.0,1440.2,840.0,1292.0
allocation,weibo_gadbench,hgb_attributes,0.25,zero_exposure,uniform,pooled_stratum,4,0.07288682396035337,0.46871794871794875,98.6,91.4,1.0,1405.6,840.0,1255.8
allocation,weibo_gadbench,hgb_attributes,0.25,zero_exposure,uniform,pooled_stratum,5,0.08892212650259265,0.536,118.0,107.2,1.0,1399.4,840.0,1243.8
allocation,weibo_gadbench,hgb_attributes,0.25,zero_exposure,uniform,pooled_stratum,6,0.10162198253723678,0.5357512953367876,115.6,103.4,1.0,1426.0,840.0,1274.0
allocation,weibo_gadbench,hgb_attributes,0.25,zero_exposure,uniform,pooled_stratum,7,0.0,0.0,0.0,0.0,0.0,1406.8,840.0,1265.8
allocation,weibo_gadbench,hgb_attributes,0.25,zero_exposure,uniform,pooled_stratum,8,0.04926406926406926,0.2876288659793814,61.0,55.8,0.6,1433.8,840.0,1284.6
allocation,weibo_gadbench,hgb_attributes,0.25,zero_exposure,uniform,pooled_stratum,9,0.061185717609044586,0.44795918367346943,95.0,87.8,0.8,1375.0,840.0,1234.8
allocation,weibo_gadbench,hgb_attributes,0.25,zero_exposure,uniform,size_alpha,0,0.0069767441860465115,0.2646464646464647,53.0,52.4,0.6,1413.6,840.0,1265.2
allocation,weibo_gadbench,hgb_attributes,0.25,zero_exposure,uniform,size_alpha,1,0.002352941176470588,0.08615384615384616,17.0,16.8,0.2,1422.0,840.0,1276.0
allocation,weibo_gadbench,hgb_attributes,0.25,zero_exposure,uniform,size_alpha,2,0.013186813186813187,0.08717948717948718,18.2,17.0,0.2,1431.8,840.0,1287.0
allocation,weibo_gadbench,hgb_attributes,0.25,zero_exposure,uniform,size_alpha,3,0.0,0.0,0.0,0.0,0.0,1440.2,840.0,1292.0
allocation,weibo_gadbench,hgb_attributes,0.25,zero_exposure,uniform,size_alpha,4,0.017083724197590792,0.46461538461538465,92.2,90.6,1.0,1405.6,840.0,1255.8
allocation,weibo_gadbench,hgb_attributes,0.25,zero_exposure,uniform,size_alpha,5,0.01420738022256049,0.534,108.4,106.8,1.0,1399.4,840.0,1243.8
allocation,weibo_gadbench,hgb_attributes,0.25,zero_exposure,uniform,size_alpha,6,0.011309523809523808,0.42694300518134715,83.8,82.4,0.8,1426.0,840.0,1274.0
allocation,weibo_gadbench,hgb_attributes,0.25,zero_exposure,uniform,size_alpha,7,0.0,0.0,0.0,0.0,0.0,1406.8,840.0,1265.8
allocation,weibo_gadbench,hgb_attributes,0.25,zero_exposure,uniform,size_alpha,8,0.020517821101073648,0.2865979381443299,57.6,55.6,0.6,1433.8,840.0,1284.6
allocation,weibo_gadbench,hgb_attributes,0.25,zero_exposure,uniform,size_alpha,9,0.021023358483055598,0.4459183673469388,90.0,87.4,0.8,1375.0,840.0,1234.8
allocation,weibo_gadbench,hgb_attributes,0.5,exposure_80,uniform,equal_alpha,0,0.019935039824029232,0.43737373737373736,88.4,86.6,1.0,2865.6,840.0,2569.4
allocation,weibo_gadbench,hgb_attributes,0.5,exposure_80,uniform,equal_alpha,1,0.02525250274945521,0.5343589743589743,107.0,104.2,1.0,2854.4,840.0,2563.4
allocation,weibo_gadbench,hgb_attributes,0.5,exposure_80,uniform,equal_alpha,2,0.022982158028887,0.38461538461538464,77.2,75.0,1.0,2876.4,840.0,2576.6
allocation,weibo_gadbench,hgb_attributes,0.5,exposure_80,uniform,equal_alpha,3,0.025741910419329772,0.40909090909090906,83.6,81.0,1.0,2854.8,840.0,2557.4
allocation,weibo_gadbench,hgb_attributes,0.5,exposure_80,uniform,equal_alpha,4,0.02050859851459552,0.5241025641025641,104.4,102.2,1.0,2821.0,840.0,2523.0
allocation,weibo_gadbench,hgb_attributes,0.5,exposure_80,uniform,equal_alpha,5,0.01896094600828447,0.563,115.0,112.6,1.0,2796.6,840.0,2494.6
allocation,weibo_gadbench,hgb_attributes,0.5,exposure_80,uniform,equal_alpha,6,0.021236926075635754,0.5751295336787565,113.6,111.0,1.0,2857.0,840.0,2559.6
allocation,weibo_gadbench,hgb_attributes,0.5,exposure_80,uniform,equal_alpha,7,0.011067193675889328,0.3448979591836735,68.6,67.6,1.0,2832.2,840.0,2539.2
allocation,weibo_gadbench,hgb_attributes,0.5,exposure_80,uniform,equal_alpha,8,0.04056299403350534,0.5350515463917527,108.4,103.8,1.0,2843.8,840.0,2549.0
allocation,weibo_gadbench,hgb_attributes,0.5,exposure_80,uniform,equal_alpha,9,0.041937066157655446,0.5857142857142857,120.0,114.8,1.0,2800.2,840.0,2516.0
allocation,weibo_gadbench,hgb_attributes,0.5,exposure_80,uniform,filtered_low,0,0.168308558805941,0.7565656565656566,180.6,149.8,1.0,2865.6,840.0,2569.4
allocation,weibo_gadbench,hgb_attributes,0.5,exposure_80,uniform,filtered_low,1,0.18591638026232102,0.7938461538461539,190.2,154.8,1.0,2854.4,840.0,2563.4
allocation,weibo_gadbench,hgb_attributes,0.5,exposure_80,uniform,filtered_low,2,0.2281064144072603,0.8246153846153845,209.0,160.8,1.0,2876.4,840.0,2576.6
allocation,weibo_gadbench,hgb_attributes,0.5,exposure_80,uniform,filtered_low,3,0.22205062834255207,0.8212121212121211,209.4,162.6,1.0,2854.8,840.0,2557.4
allocation,weibo_gadbench,hgb_attributes,0.5,exposure_80,uniform,filtered_low,4,0.17464383033731065,0.7774358974358975,184.6,151.6,1.0,2821.0,840.0,2523.0
allocation,weibo_gadbench,hgb_attributes,0.5,exposure_80,uniform,filtered_low,5,0.18616968755411817,0.805,199.4,161.0,1.0,2796.6,840.0,2494.6
allocation,weibo_gadbench,hgb_attributes,0.5,exposure_80,uniform,filtered_low,6,0.1599932458098055,0.6880829015544041,158.8,132.8,1.0,2857.0,840.0,2559.6
allocation,weibo_gadbench,hgb_attributes,0.5,exposure_80,uniform,filtered_low,7,0.163128985035784,0.7622448979591837,179.2,149.4,1.0,2832.2,840.0,2539.2
allocation,weibo_gadbench,hgb_attributes,0.5,exposure_80,uniform,filtered_low,8,0.18838598012748362,0.8298969072164949,199.8,161.0,1.0,2843.8,840.0,2549.0
allocation,weibo_gadbench,hgb_attributes,0.5,exposure_80,uniform,filtered_low,9,0.2100484024292383,0.8081632653061224,202.6,158.4,1.0,2800.2,840.0,2516.0
allocation,weibo_gadbench,hgb_attributes,0.5,exposure_80,uniform,pooled_reference,0,0.08789777852323744,0.6323232323232324,137.6,125.2,1.0,2865.6,840.0,2569.4
allocation,weibo_gadbench,hgb_attributes,0.5,exposure_80,uniform,pooled_reference,1,0.07287231533390785,0.6317948717948718,133.2,123.2,1.0,2854.4,840.0,2563.4
allocation,weibo_gadbench,hgb_attributes,0.5,exposure_80,uniform,pooled_reference,2,0.10159874945686095,0.6133333333333333,133.4,119.6,1.0,2876.4,840.0,2576.6
allocation,weibo_gadbench,hgb_attributes,0.5,exposure_80,uniform,pooled_reference,3,0.10225767301557387,0.6747474747474748,149.0,133.6,1.0,2854.8,840.0,2557.4
allocation,weibo_gadbench,hgb_attributes,0.5,exposure_80,uniform,pooled_reference,4,0.0842312490590746,0.676923076923077,144.2,132.0,1.0,2821.0,840.0,2523.0
allocation,weibo_gadbench,hgb_attributes,0.5,exposure_80,uniform,pooled_reference,5,0.0989232347497002,0.706,156.8,141.2,1.0,2796.6,840.0,2494.6
allocation,weibo_gadbench,hgb_attributes,0.5,exposure_80,uniform,pooled_reference,6,0.1027680767664941,0.6435233160621762,138.6,124.2,1.0,2857.0,840.0,2559.6
allocation,weibo_gadbench,hgb_attributes,0.5,exposure_80,uniform,pooled_reference,7,0.10287451324175212,0.6520408163265307,142.8,127.8,1.0,2832.2,840.0,2539.2
allocation,weibo_gadbench,hgb_attributes,0.5,exposure_80,uniform,pooled_reference,8,0.10632505011940489,0.7319587628865979,159.6,142.0,1.0,2843.8,840.0,2549.0
allocation,weibo_gadbench,hgb_attributes,0.5,exposure_80,uniform,pooled_reference,9,0.0993175129025349,0.6979591836734694,152.0,136.8,1.0,2800.2,840.0,2516.0
allocation,weibo_gadbench,hgb_attributes,0.5,exposure_80,uniform,pooled_stratum,0,0.06819611686109209,0.23535353535353537,52.6,46.6,0.6,2865.6,840.0,2569.4
allocation,weibo_gadbench,hgb_attributes,0.5,exposure_80,uniform,pooled_stratum,1,0.06483434718862575,0.438974358974359,91.8,85.6,1.0,2854.4,840.0,2563.4
allocation,weibo_gadbench,hgb_attributes,0.5,exposure_80,uniform,pooled_stratum,2,0.08894977168949772,0.19692307692307692,45.4,38.4,0.6,2876.4,840.0,2576.6
allocation,weibo_gadbench,hgb_attributes,0.5,exposure_80,uniform,pooled_stratum,3,0.041671372106154715,0.13232323232323231,29.2,26.2,0.4,2854.8,840.0,2557.4
allocation,weibo_gadbench,hgb_attributes,0.5,exposure_80,uniform,pooled_stratum,4,0.07710987216413931,0.37948717948717947,82.0,74.0,0.8,2821.0,840.0,2523.0
allocation,weibo_gadbench,hgb_attributes,0.5,exposure_80,uniform,pooled_stratum,5,0.11527694939878803,0.507,115.0,101.4,1.0,2796.6,840.0,2494.6
allocation,weibo_gadbench,hgb_attributes,0.5,exposure_80,uniform,pooled_stratum,6,0.10311125193298001,0.4829015544041451,104.0,93.2,1.0,2857.0,840.0,2559.6
allocation,weibo_gadbench,hgb_attributes,0.5,exposure_80,uniform,pooled_stratum,7,0.023880597014925373,0.06020408163265306,13.4,11.8,0.2,2832.2,840.0,2539.2
allocation,weibo_gadbench,hgb_attributes,0.5,exposure_80,uniform,pooled_stratum,8,0.040755379885814666,0.15463917525773194,33.6,30.0,0.4,2843.8,840.0,2549.0
allocation,weibo_gadbench,hgb_attributes,0.5,exposure_80,uniform,pooled_stratum,9,0.07945901120125513,0.4714285714285714,101.0,92.4,1.0,2800.2,840.0,2516.0
allocation,weibo_gadbench,hgb_attributes,0.5,exposure_80,uniform,size_alpha,0,0.004651162790697674,0.23232323232323235,46.4,46.0,0.6,2865.6,840.0,2569.4
allocation,weibo_gadbench,hgb_attributes,0.5,exposure_80,uniform,size_alpha,1,0.010602057505637332,0.43589743589743596,86.0,85.0,1.0,2854.4,840.0,2563.4
allocation,weibo_gadbench,hgb_attributes,0.5,exposure_80,uniform,size_alpha,2,0.011940298507462687,0.06461538461538462,13.4,12.6,0.2,2876.4,840.0,2576.6
allocation,weibo_gadbench,hgb_attributes,0.5,exposure_80,uniform,size_alpha,3,0.0,0.0,0.0,0.0,0.0,2854.8,840.0,2557.4
allocation,weibo_gadbench,hgb_attributes,0.5,exposure_80,uniform,size_alpha,4,0.012765096639920015,0.3764102564102564,74.6,73.4,0.8,2821.0,840.0,2523.0
allocation,weibo_gadbench,hgb_attributes,0.5,exposure_80,uniform,size_alpha,5,0.00380952380952381,0.48200000000000004,96.8,96.4,1.0,2796.6,840.0,2494.6
allocation,weibo_gadbench,hgb_attributes,0.5,exposure_80,uniform,size_alpha,6,0.0059017666472529606,0.4829015544041451,93.8,93.2,1.0,2857.0,840.0,2559.6
allocation,weibo_gadbench,hgb_attributes,0.5,exposure_80,uniform,size_alpha,7,0.0,0.0,0.0,0.0,0.0,2832.2,840.0,2539.2
allocation,weibo_gadbench,hgb_attributes,0.5,exposure_80,uniform,size_alpha,8,0.013043478260869565,0.08865979381443298,18.4,17.2,0.2,2843.8,840.0,2549.0
allocation,weibo_gadbench,hgb_attributes,0.5,exposure_80,uniform,size_alpha,9,0.005755962941060516,0.46938775510204084,92.6,92.0,1.0,2800.2,840.0,2516.0
allocation,weibo_gadbench,hgb_attributes,0.5,zero_exposure,uniform,equal_alpha,0,0.03215003593726998,0.47474747474747475,97.2,94.0,1.0,2865.6,840.0,2569.4
allocation,weibo_gadbench,hgb_attributes,0.5,zero_exposure,uniform,equal_alpha,1,0.032711419553524815,0.5712820512820513,115.2,111.4,1.0,2854.4,840.0,2563.4
allocation,weibo_gadbench,hgb_attributes,0.5,zero_exposure,uniform,equal_alpha,2,0.05485191556682066,0.4553846153846154,94.2,88.8,1.0,2876.4,840.0,2576.6
allocation,weibo_gadbench,hgb_attributes,0.5,zero_exposure,uniform,equal_alpha,3,0.03605006105006105,0.4929292929292929,102.0,97.6,1.0,2854.8,840.0,2557.4
allocation,weibo_gadbench,hgb_attributes,0.5,zero_exposure,uniform,equal_alpha,4,0.029102721979790618,0.561025641025641,112.8,109.4,1.0,2821.0,840.0,2523.0
allocation,weibo_gadbench,hgb_attributes,0.5,zero_exposure,uniform,equal_alpha,5,0.028692150479873335,0.6,123.8,120.0,1.0,2796.6,840.0,2494.6
allocation,weibo_gadbench,hgb_attributes,0.5,zero_exposure,uniform,equal_alpha,6,0.028121403789061243,0.6020725388601036,119.8,116.2,1.0,2857.0,840.0,2559.6
allocation,weibo_gadbench,hgb_attributes,0.5,zero_exposure,uniform,equal_alpha,7,0.02435679223805779,0.4163265306122449,84.2,81.6,1.0,2832.2,840.0,2539.2
allocation,weibo_gadbench,hgb_attributes,0.5,zero_exposure,uniform,equal_alpha,8,0.03986778470750897,0.5639175257731959,114.2,109.4,1.0,2843.8,840.0,2549.0
allocation,weibo_gadbench,hgb_attributes,0.5,zero_exposure,uniform,equal_alpha,9,0.04971918361988033,0.6306122448979592,130.2,123.6,1.0,2800.2,840.0,2516.0
allocation,weibo_gadbench,hgb_attributes,0.5,zero_exposure,uniform,filtered_low,0,0.16819556622168402,0.7545454545454545,180.2,149.4,1.0,2865.6,840.0,2569.4
allocation,weibo_gadbench,hgb_attributes,0.5,zero_exposure,uniform,filtered_low,1,0.16552090512158,0.7641025641025642,178.8,149.0,1.0,2854.4,840.0,2563.4
allocation,weibo_gadbench,hgb_attributes,0.5,zero_exposure,uniform,filtered_low,2,0.22158571421977907,0.8102564102564103,204.0,158.0,1.0,2876.4,840.0,2576.6
allocation,weibo_gadbench,hgb_attributes,0.5,zero_exposure,uniform,filtered_low,3,0.21233783465539324,0.8191919191919192,206.4,162.2,1.0,2854.8,840.0,2557.4
allocation,weibo_gadbench,hgb_attributes,0.5,zero_exposure,uniform,filtered_low,4,0.15885380625836723,0.761025641025641,177.4,148.4,1.0,2821.0,840.0,2523.0
allocation,weibo_gadbench,hgb_attributes,0.5,zero_exposure,uniform,filtered_low,5,0.19329983885072516,0.813,203.2,162.6,1.0,2796.6,840.0,2494.6
allocation,weibo_gadbench,hgb_attributes,0.5,zero_exposure,uniform,filtered_low,6,0.14791512899982867,0.6797927461139897,154.8,131.2,1.0,2857.0,840.0,2559.6
allocation,weibo_gadbench,hgb_attributes,0.5,zero_exposure,uniform,filtered_low,7,0.1612259332579591,0.7622448979591836,178.8,149.4,1.0,2832.2,840.0,2539.2
allocation,weibo_gadbench,hgb_attributes,0.5,zero_exposure,uniform,filtered_low,8,0.17887882349622336,0.8216494845360824,195.2,159.4,1.0,2843.8,840.0,2549.0
allocation,weibo_gadbench,hgb_attributes,0.5,zero_exposure,uniform,filtered_low,9,0.20162467840357037,0.8020408163265307,198.6,157.2,1.0,2800.2,840.0,2516.0
allocation,weibo_gadbench,hgb_attributes,0.5,zero_exposure,uniform,pooled_reference,0,0.08789777852323744,0.6323232323232324,137.6,125.2,1.0,2865.6,840.0,2569.4
allocation,weibo_gadbench,hgb_attributes,0.5,zero_exposure,uniform,pooled_reference,1,0.07287231533390785,0.6317948717948718,133.2,123.2,1.0,2854.4,840.0,2563.4
allocation,weibo_gadbench,hgb_attributes,0.5,zero_exposure,uniform,pooled_reference,2,0.10159874945686095,0.6133333333333333,133.4,119.6,1.0,2876.4,840.0,2576.6
allocation,weibo_gadbench,hgb_attributes,0.5,zero_exposure,uniform,pooled_reference,3,0.10225767301557387,0.6747474747474748,149.0,133.6,1.0,2854.8,840.0,2557.4
allocation,weibo_gadbench,hgb_attributes,0.5,zero_exposure,uniform,pooled_reference,4,0.0842312490590746,0.676923076923077,144.2,132.0,1.0,2821.0,840.0,2523.0
allocation,weibo_gadbench,hgb_attributes,0.5,zero_exposure,uniform,pooled_reference,5,0.0989232347497002,0.706,156.8,141.2,1.0,2796.6,840.0,2494.6
allocation,weibo_gadbench,hgb_attributes,0.5,zero_exposure,uniform,pooled_reference,6,0.1027680767664941,0.6435233160621762,138.6,124.2,1.0,2857.0,840.0,2559.6
allocation,weibo_gadbench,hgb_attributes,0.5,zero_exposure,uniform,pooled_reference,7,0.10287451324175212,0.6520408163265307,142.8,127.8,1.0,2832.2,840.0,2539.2
allocation,weibo_gadbench,hgb_attributes,0.5,zero_exposure,uniform,pooled_reference,8,0.10632505011940489,0.7319587628865979,159.6,142.0,1.0,2843.8,840.0,2549.0
allocation,weibo_gadbench,hgb_attributes,0.5,zero_exposure,uniform,pooled_reference,9,0.0993175129025349,0.6979591836734694,152.0,136.8,1.0,2800.2,840.0,2516.0
allocation,weibo_gadbench,hgb_attributes,0.5,zero_exposure,uniform,pooled_stratum,0,0.08237739096845627,0.42020202020202024,90.8,83.2,1.0,2865.6,840.0,2569.4
allocation,weibo_gadbench,hgb_attributes,0.5,zero_exposure,uniform,pooled_stratum,1,0.06421368510402613,0.52,108.8,101.4,1.0,2854.4,840.0,2563.4
allocation,weibo_gadbench,hgb_attributes,0.5,zero_exposure,uniform,pooled_stratum,2,0.10222630587540238,0.3928205128205128,86.2,76.6,1.0,2876.4,840.0,2576.6
allocation,weibo_gadbench,hgb_attributes,0.5,zero_exposure,uniform,pooled_stratum,3,0.07201258334793584,0.3787878787878788,82.0,75.0,1.0,2854.8,840.0,2557.4
allocation,weibo_gadbench,hgb_attributes,0.5,zero_exposure,uniform,pooled_stratum,4,0.08716010232755186,0.5271794871794871,112.8,102.8,1.0,2821.0,840.0,2523.0
allocation,weibo_gadbench,hgb_attributes,0.5,zero_exposure,uniform,pooled_stratum,5,0.09791171483896308,0.563,125.0,112.6,1.0,2796.6,840.0,2494.6
allocation,weibo_gadbench,hgb_attributes,0.5,zero_exposure,uniform,pooled_stratum,6,0.09669366498783705,0.5595854922279793,119.8,108.0,1.0,2857.0,840.0,2559.6
allocation,weibo_gadbench,hgb_attributes,0.5,zero_exposure,uniform,pooled_stratum,7,0.07912349299446073,0.2571428571428571,54.8,50.4,1.0,2832.2,840.0,2539.2
allocation,weibo_gadbench,hgb_attributes,0.5,zero_exposure,uniform,pooled_stratum,8,0.09060357164239133,0.4896907216494846,106.2,95.0,1.0,2843.8,840.0,2549.0
allocation,weibo_gadbench,hgb_attributes,0.5,zero_exposure,uniform,pooled_stratum,9,0.08959372109960721,0.5469387755102041,118.4,107.2,1.0,2800.2,840.0,2516.0
allocation,weibo_gadbench,hgb_attributes,0.5,zero_exposure,uniform,size_alpha,0,0.008890637293469708,0.3848484848484849,77.0,76.2,1.0,2865.6,840.0,2569.4
allocation,weibo_gadbench,hgb_attributes,0.5,zero_exposure,uniform,size_alpha,1,0.01675892180565078,0.5148717948717949,102.2,100.4,1.0,2854.4,840.0,2563.4
allocation,weibo_gadbench,hgb_attributes,0.5,zero_exposure,uniform,size_alpha,2,0.025254885301614273,0.38769230769230767,78.0,75.6,1.0,2876.4,840.0,2576.6
allocation,weibo_gadbench,hgb_attributes,0.5,zero_exposure,uniform,size_alpha,3,0.022565792185378863,0.3616161616161616,73.6,71.6,1.0,2854.8,840.0,2557.4
allocation,weibo_gadbench,hgb_attributes,0.5,zero_exposure,uniform,size_alpha,4,0.026696052715757146,0.5169230769230769,103.6,100.8,1.0,2821.0,840.0,2523.0
allocation,weibo_gadbench,hgb_attributes,0.5,zero_exposure,uniform,size_alpha,5,0.013812101955817927,0.546,110.8,109.2,1.0,2796.6,840.0,2494.6
allocation,weibo_gadbench,hgb_attributes,0.5,zero_exposure,uniform,size_alpha,6,0.019211179313046882,0.5585492227979275,110.2,107.8,1.0,2857.0,840.0,2559.6
allocation,weibo_gadbench,hgb_attributes,0.5,zero_exposure,uniform,size_alpha,7,0.0,0.14591836734693878,28.6,28.6,0.6,2832.2,840.0,2539.2
allocation,weibo_gadbench,hgb_attributes,0.5,zero_exposure,uniform,size_alpha,8,0.03478480282603994,0.4731958762886598,95.8,91.8,1.0,2843.8,840.0,2549.0
allocation,weibo_gadbench,hgb_attributes,0.5,zero_exposure,uniform,size_alpha,9,0.027543824089497737,0.5357142857142857,108.2,105.0,1.0,2800.2,840.0,2516.0
allocation,weibo_gadbench,hgb_attributes,1.0,exposure_80,uniform,equal_alpha,0,0.01181764488741233,0.4353535353535354,87.2,86.2,1.0,5673.0,840.0,5081.0
allocation,weibo_gadbench,hgb_attributes,1.0,exposure_80,uniform,equal_alpha,1,0.022059160200581466,0.5415384615384615,108.0,105.6,1.0,5674.0,840.0,5089.0
allocation,weibo_gadbench,hgb_attributes,1.0,exposure_80,uniform,equal_alpha,2,0.032853189428531895,0.37435897435897436,75.8,73.0,1.0,5674.0,840.0,5088.0
allocation,weibo_gadbench,hgb_attributes,1.0,exposure_80,uniform,equal_alpha,3,0.024687741808875136,0.4171717171717172,84.8,82.6,1.0,5673.0,840.0,5081.0
allocation,weibo_gadbench,hgb_attributes,1.0,exposure_80,uniform,equal_alpha,4,0.022682009481251368,0.517948717948718,103.4,101.0,1.0,5674.0,840.0,5089.0
allocation,weibo_gadbench,hgb_attributes,1.0,exposure_80,uniform,equal_alpha,5,0.021267567203763195,0.575,117.6,115.0,1.0,5674.0,840.0,5074.0
allocation,weibo_gadbench,hgb_attributes,1.0,exposure_80,uniform,equal_alpha,6,0.021884679308000303,0.5896373056994818,116.4,113.8,1.0,5674.0,840.0,5094.0
allocation,weibo_gadbench,hgb_attributes,1.0,exposure_80,uniform,equal_alpha,7,0.021537414965986396,0.3816326530612245,76.8,74.8,1.0,5674.0,840.0,5085.0
allocation,weibo_gadbench,hgb_attributes,1.0,exposure_80,uniform,equal_alpha,8,0.042887683269345916,0.520618556701031,105.8,101.0,1.0,5674.0,840.0,5091.0
allocation,weibo_gadbench,hgb_attributes,1.0,exposure_80,uniform,equal_alpha,9,0.042647806721327744,0.5989795918367347,122.8,117.4,1.0,5674.0,840.0,5086.0
allocation,weibo_gadbench,hgb_attributes,1.0,exposure_80,uniform,filtered_low,0,0.19512587907657308,0.7828282828282828,192.8,155.0,1.0,5673.0,840.0,5081.0
allocation,weibo_gadbench,hgb_attributes,1.0,exposure_80,uniform,filtered_low,1,0.23446353526090197,0.8256410256410257,210.6,161.0,1.0,5674.0,840.0,5089.0
allocation,weibo_gadbench,hgb_attributes,1.0,exposure_80,uniform,filtered_low,2,0.24548320215900193,0.8482051282051282,219.4,165.4,1.0,5674.0,840.0,5088.0
allocation,weibo_gadbench,hgb_attributes,1.0,exposure_80,uniform,filtered_low,3,0.2494955235354471,0.8424242424242424,222.8,166.8,1.0,5673.0,840.0,5081.0
allocation,weibo_gadbench,hgb_attributes,1.0,exposure_80,uniform,filtered_low,4,0.20611473851201145,0.8051282051282052,198.2,157.0,1.0,5674.0,840.0,5089.0
allocation,weibo_gadbench,hgb_attributes,1.0,exposure_80,uniform,filtered_low,5,0.19103636306850832,0.819,202.8,163.8,1.0,5674.0,840.0,5074.0
allocation,weibo_gadbench,hgb_attributes,1.0,exposure_80,uniform,filtered_low,6,0.1948265824707355,0.7150259067357513,171.8,138.0,1.0,5674.0,840.0,5094.0
allocation,weibo_gadbench,hgb_attributes,1.0,exposure_80,uniform,filtered_low,7,0.18987320365933083,0.7959183673469388,193.6,156.0,1.0,5674.0,840.0,5085.0
allocation,weibo_gadbench,hgb_attributes,1.0,exposure_80,uniform,filtered_low,8,0.21136515540185266,0.8536082474226804,211.2,165.6,1.0,5674.0,840.0,5091.0
allocation,weibo_gadbench,hgb_attributes,1.0,exposure_80,uniform,filtered_low,9,0.2404290890687069,0.8173469387755101,211.6,160.2,1.0,5674.0,840.0,5086.0
allocation,weibo_gadbench,hgb_attributes,1.0,exposure_80,uniform,pooled_reference,0,0.08842834435919104,0.6363636363636364,138.6,126.0,1.0,5673.0,840.0,5081.0
allocation,weibo_gadbench,hgb_attributes,1.0,exposure_80,uniform,pooled_reference,1,0.09399188135217654,0.6543589743589744,141.0,127.6,1.0,5674.0,840.0,5089.0
allocation,weibo_gadbench,hgb_attributes,1.0,exposure_80,uniform,pooled_reference,2,0.08605909462846655,0.5723076923076923,122.4,111.6,1.0,5674.0,840.0,5088.0
allocation,weibo_gadbench,hgb_attributes,1.0,exposure_80,uniform,pooled_reference,3,0.08625882272690784,0.6616161616161615,143.4,131.0,1.0,5673.0,840.0,5081.0
allocation,weibo_gadbench,hgb_attributes,1.0,exposure_80,uniform,pooled_reference,4,0.08530767172337779,0.678974358974359,144.8,132.4,1.0,5674.0,840.0,5089.0
allocation,weibo_gadbench,hgb_attributes,1.0,exposure_80,uniform,pooled_reference,5,0.08873456917872516,0.706,155.0,141.2,1.0,5674.0,840.0,5074.0
allocation,weibo_gadbench,hgb_attributes,1.0,exposure_80,uniform,pooled_reference,6,0.09929743720332329,0.6466321243523316,138.6,124.8,1.0,5674.0,840.0,5094.0
allocation,weibo_gadbench,hgb_attributes,1.0,exposure_80,uniform,pooled_reference,7,0.10574533586303474,0.653061224489796,143.4,128.0,1.0,5674.0,840.0,5085.0
allocation,weibo_gadbench,hgb_attributes,1.0,exposure_80,uniform,pooled_reference,8,0.10006517130439974,0.7278350515463917,157.2,141.2,1.0,5674.0,840.0,5091.0
allocation,weibo_gadbench,hgb_attributes,1.0,exposure_80,uniform,pooled_reference,9,0.09934381797847369,0.6989795918367347,152.2,137.0,1.0,5674.0,840.0,5086.0
allocation,weibo_gadbench,hgb_attributes,1.0,exposure_80,uniform,pooled_stratum,0,0.09847324028664006,0.35353535353535354,78.0,70.0,1.0,5673.0,840.0,5081.0
allocation,weibo_gadbench,hgb_attributes,1.0,exposure_80,uniform,pooled_stratum,1,0.0827019591493137,0.4471794871794872,95.0,87.2,1.0,5674.0,840.0,5089.0
allocation,weibo_gadbench,hgb_attributes,1.0,exposure_80,uniform,pooled_stratum,2,0.09818527143275006,0.3323076923076923,72.0,64.8,1.0,5674.0,840.0,5088.0
allocation,weibo_gadbench,hgb_attributes,1.0,exposure_80,uniform,pooled_stratum,3,0.06898254077971663,0.25555555555555554,54.4,50.6,1.0,5673.0,840.0,5081.0
allocation,weibo_gadbench,hgb_attributes,1.0,exposure_80,uniform,pooled_stratum,4,0.08734186135336068,0.38256410256410256,82.2,74.6,1.0,5674.0,840.0,5089.0
allocation,weibo_gadbench,hgb_attributes,1.0,exposure_80,uniform,pooled_stratum,5,0.10018835832452444,0.503,111.8,100.6,1.0,5674.0,840.0,5074.0
allocation,weibo_gadbench,hgb_attributes,1.0,exposure_80,uniform,pooled_stratum,6,0.10534544868084601,0.5181347150259067,111.8,100.0,1.0,5674.0,840.0,5094.0
allocation,weibo_gadbench,hgb_attributes,1.0,exposure_80,uniform,pooled_stratum,7,0.08866511020072536,0.21020408163265306,45.2,41.2,1.0,5674.0,840.0,5085.0
allocation,weibo_gadbench,hgb_attributes,1.0,exposure_80,uniform,pooled_stratum,8,0.07063384376817212,0.3350515463917526,71.2,65.0,1.0,5674.0,840.0,5091.0
allocation,weibo_gadbench,hgb_attributes,1.0,exposure_80,uniform,pooled_stratum,9,0.0879404979874159,0.5040816326530612,108.4,98.8,1.0,5674.0,840.0,5086.0
allocation,weibo_gadbench,hgb_attributes,1.0,exposure_80,uniform,size_alpha,0,0.0,0.3525252525252525,69.8,69.8,1.0,5673.0,840.0,5081.0
allocation,weibo_gadbench,hgb_attributes,1.0,exposure_80,uniform,size_alpha,1,0.004347826086956522,0.4287179487179487,84.0,83.6,1.0,5674.0,840.0,5089.0
allocation,weibo_gadbench,hgb_attributes,1.0,exposure_80,uniform,size_alpha,2,0.017604433077578856,0.3230769230769231,64.2,63.0,1.0,5674.0,840.0,5088.0
allocation,weibo_gadbench,hgb_attributes,1.0,exposure_80,uniform,size_alpha,3,0.006403688524590165,0.24646464646464644,49.2,48.8,1.0,5673.0,840.0,5081.0
allocation,weibo_gadbench,hgb_attributes,1.0,exposure_80,uniform,size_alpha,4,0.006558504127711659,0.37333333333333335,73.4,72.8,1.0,5674.0,840.0,5089.0
allocation,weibo_gadbench,hgb_attributes,1.0,exposure_80,uniform,size_alpha,5,0.005936119954811544,0.49300000000000005,99.2,98.6,1.0,5674.0,840.0,5074.0
allocation,weibo_gadbench,hgb_attributes,1.0,exposure_80,uniform,size_alpha,6,0.009776018220966968,0.5139896373056995,100.2,99.2,1.0,5674.0,840.0,5094.0
allocation,weibo_gadbench,hgb_attributes,1.0,exposure_80,uniform,size_alpha,7,0.0,0.20918367346938777,41.0,41.0,1.0,5674.0,840.0,5085.0
allocation,weibo_gadbench,hgb_attributes,1.0,exposure_80,uniform,size_alpha,8,0.018090379220628207,0.3319587628865979,66.0,64.4,1.0,5674.0,840.0,5091.0
allocation,weibo_gadbench,hgb_attributes,1.0,exposure_80,uniform,size_alpha,9,0.017457807470518984,0.5,99.8,98.0,1.0,5674.0,840.0,5086.0
allocation,weibo_gadbench,hgb_attributes,1.0,zero_exposure,uniform,equal_alpha,0,0.03552436573522265,0.46767676767676764,96.0,92.6,1.0,5673.0,840.0,5081.0
allocation,weibo_gadbench,hgb_attributes,1.0,zero_exposure,uniform,equal_alpha,1,0.040460369499945636,0.5805128205128205,118.0,113.2,1.0,5674.0,840.0,5089.0
allocation,weibo_gadbench,hgb_attributes,1.0,zero_exposure,uniform,equal_alpha,2,0.040050349988512576,0.42666666666666664,87.2,83.2,1.0,5674.0,840.0,5088.0
allocation,weibo_gadbench,hgb_attributes,1.0,zero_exposure,uniform,equal_alpha,3,0.04284519438130209,0.5434343434343434,112.6,107.6,1.0,5673.0,840.0,5081.0
allocation,weibo_gadbench,hgb_attributes,1.0,zero_exposure,uniform,equal_alpha,4,0.04222306550726408,0.5784615384615385,117.8,112.8,1.0,5674.0,840.0,5089.0
allocation,weibo_gadbench,hgb_attributes,1.0,zero_exposure,uniform,equal_alpha,5,0.040325599388241644,0.632,131.8,126.4,1.0,5674.0,840.0,5074.0
allocation,weibo_gadbench,hgb_attributes,1.0,zero_exposure,uniform,equal_alpha,6,0.04294729609887584,0.6124352331606218,123.6,118.2,1.0,5674.0,840.0,5094.0
allocation,weibo_gadbench,hgb_attributes,1.0,zero_exposure,uniform,equal_alpha,7,0.04259700554731893,0.49897959183673474,102.4,97.8,1.0,5674.0,840.0,5085.0
allocation,weibo_gadbench,hgb_attributes,1.0,zero_exposure,uniform,equal_alpha,8,0.0472301189865653,0.5938144329896907,121.2,115.2,1.0,5674.0,840.0,5091.0
allocation,weibo_gadbench,hgb_attributes,1.0,zero_exposure,uniform,equal_alpha,9,0.04934282065316548,0.6551020408163265,135.2,128.4,1.0,5674.0,840.0,5086.0
allocation,weibo_gadbench,hgb_attributes,1.0,zero_exposure,uniform,filtered_low,0,0.18735283208830297,0.7767676767676768,189.6,153.8,1.0,5673.0,840.0,5081.0
allocation,weibo_gadbench,hgb_attributes,1.0,zero_exposure,uniform,filtered_low,1,0.1973083818106941,0.801025641025641,194.6,156.2,1.0,5674.0,840.0,5089.0
allocation,weibo_gadbench,hgb_attributes,1.0,zero_exposure,uniform,filtered_low,2,0.22784815180830056,0.8246153846153847,208.6,160.8,1.0,5674.0,840.0,5088.0
allocation,weibo_gadbench,hgb_attributes,1.0,zero_exposure,uniform,filtered_low,3,0.2409662077364571,0.8343434343434343,218.2,165.2,1.0,5673.0,840.0,5081.0
allocation,weibo_gadbench,hgb_attributes,1.0,zero_exposure,uniform,filtered_low,4,0.17645576034381766,0.7835897435897436,186.0,152.8,1.0,5674.0,840.0,5089.0
allocation,weibo_gadbench,hgb_attributes,1.0,zero_exposure,uniform,filtered_low,5,0.2001368866287742,0.8220000000000001,206.0,164.4,1.0,5674.0,840.0,5074.0
allocation,weibo_gadbench,hgb_attributes,1.0,zero_exposure,uniform,filtered_low,6,0.17175555914499543,0.689119170984456,161.0,133.0,1.0,5674.0,840.0,5094.0
allocation,weibo_gadbench,hgb_attributes,1.0,zero_exposure,uniform,filtered_low,7,0.17866202024512245,0.7826530612244899,187.6,153.4,1.0,5674.0,840.0,5085.0
allocation,weibo_gadbench,hgb_attributes,1.0,zero_exposure,uniform,filtered_low,8,0.19429307804250215,0.8371134020618557,202.4,162.4,1.0,5674.0,840.0,5091.0
allocation,weibo_gadbench,hgb_attributes,1.0,zero_exposure,uniform,filtered_low,9,0.20543410426508163,0.8030612244897959,198.8,157.4,1.0,5674.0,840.0,5086.0
allocation,weibo_gadbench,hgb_attributes,1.0,zero_exposure,uniform,pooled_reference,0,0.08842834435919104,0.6363636363636364,138.6,126.0,1.0,5673.0,840.0,5081.0
allocation,weibo_gadbench,hgb_attributes,1.0,zero_exposure,uniform,pooled_reference,1,0.09399188135217654,0.6543589743589744,141.0,127.6,1.0,5674.0,840.0,5089.0
allocation,weibo_gadbench,hgb_attributes,1.0,zero_exposure,uniform,pooled_reference,2,0.08605909462846655,0.5723076923076923,122.4,111.6,1.0,5674.0,840.0,5088.0
allocation,weibo_gadbench,hgb_attributes,1.0,zero_exposure,uniform,pooled_reference,3,0.08625882272690784,0.6616161616161615,143.4,131.0,1.0,5673.0,840.0,5081.0
allocation,weibo_gadbench,hgb_attributes,1.0,zero_exposure,uniform,pooled_reference,4,0.08530767172337779,0.678974358974359,144.8,132.4,1.0,5674.0,840.0,5089.0
allocation,weibo_gadbench,hgb_attributes,1.0,zero_exposure,uniform,pooled_reference,5,0.08873456917872516,0.706,155.0,141.2,1.0,5674.0,840.0,5074.0
allocation,weibo_gadbench,hgb_attributes,1.0,zero_exposure,uniform,pooled_reference,6,0.09929743720332329,0.6466321243523316,138.6,124.8,1.0,5674.0,840.0,5094.0
allocation,weibo_gadbench,hgb_attributes,1.0,zero_exposure,uniform,pooled_reference,7,0.10574533586303474,0.653061224489796,143.4,128.0,1.0,5674.0,840.0,5085.0
allocation,weibo_gadbench,hgb_attributes,1.0,zero_exposure,uniform,pooled_reference,8,0.10006517130439974,0.7278350515463917,157.2,141.2,1.0,5674.0,840.0,5091.0
allocation,weibo_gadbench,hgb_attributes,1.0,zero_exposure,uniform,pooled_reference,9,0.09934381797847369,0.6989795918367347,152.2,137.0,1.0,5674.0,840.0,5086.0
allocation,weibo_gadbench,hgb_attributes,1.0,zero_exposure,uniform,pooled_stratum,0,0.10253773417116059,0.4545454545454545,100.4,90.0,1.0,5673.0,840.0,5081.0
allocation,weibo_gadbench,hgb_attributes,1.0,zero_exposure,uniform,pooled_stratum,1,0.08947794852863236,0.5579487179487179,119.6,108.8,1.0,5674.0,840.0,5089.0
allocation,weibo_gadbench,hgb_attributes,1.0,zero_exposure,uniform,pooled_stratum,2,0.09997239142457089,0.4092307692307692,89.2,79.8,1.0,5674.0,840.0,5088.0
allocation,weibo_gadbench,hgb_attributes,1.0,zero_exposure,uniform,pooled_stratum,3,0.10386417319002794,0.5202020202020202,114.8,103.0,1.0,5673.0,840.0,5081.0
allocation,weibo_gadbench,hgb_attributes,1.0,zero_exposure,uniform,pooled_stratum,4,0.09466302716341782,0.5569230769230769,120.0,108.6,1.0,5674.0,840.0,5089.0
allocation,weibo_gadbench,hgb_attributes,1.0,zero_exposure,uniform,pooled_stratum,5,0.09977497420315545,0.618,137.4,123.6,1.0,5674.0,840.0,5074.0
allocation,weibo_gadbench,hgb_attributes,1.0,zero_exposure,uniform,pooled_stratum,6,0.09517709339365604,0.6020725388601036,128.6,116.2,1.0,5674.0,840.0,5094.0
allocation,weibo_gadbench,hgb_attributes,1.0,zero_exposure,uniform,pooled_stratum,7,0.09364957277276922,0.4612244897959184,99.8,90.4,1.0,5674.0,840.0,5085.0
allocation,weibo_gadbench,hgb_attributes,1.0,zero_exposure,uniform,pooled_stratum,8,0.088222726738119,0.5443298969072166,116.4,105.6,1.0,5674.0,840.0,5091.0
allocation,weibo_gadbench,hgb_attributes,1.0,zero_exposure,uniform,pooled_stratum,9,0.09339028399892152,0.633673469387755,137.2,124.2,1.0,5674.0,840.0,5086.0
allocation,weibo_gadbench,hgb_attributes,1.0,zero_exposure,uniform,size_alpha,0,0.01980235197527287,0.4494949494949495,90.8,89.0,1.0,5673.0,840.0,5081.0
allocation,weibo_gadbench,hgb_attributes,1.0,zero_exposure,uniform,size_alpha,1,0.032300157429794446,0.5507692307692308,111.0,107.4,1.0,5674.0,840.0,5089.0
allocation,weibo_gadbench,hgb_attributes,1.0,zero_exposure,uniform,size_alpha,2,0.031463511510528855,0.39897435897435896,80.6,77.8,1.0,5674.0,840.0,5088.0
allocation,weibo_gadbench,hgb_attributes,1.0,zero_exposure,uniform,size_alpha,3,0.033271182023595317,0.4858585858585859,99.8,96.2,1.0,5673.0,840.0,5081.0
allocation,weibo_gadbench,hgb_attributes,1.0,zero_exposure,uniform,size_alpha,4,0.03578442984120946,0.5446153846153846,110.2,106.2,1.0,5674.0,840.0,5089.0
allocation,weibo_gadbench,hgb_attributes,1.0,zero_exposure,uniform,size_alpha,5,0.02850470172445051,0.597,123.0,119.4,1.0,5674.0,840.0,5074.0
allocation,weibo_gadbench,hgb_attributes,1.0,zero_exposure,uniform,size_alpha,6,0.02973537488065505,0.5958549222797928,118.6,115.0,1.0,5674.0,840.0,5094.0
allocation,weibo_gadbench,hgb_attributes,1.0,zero_exposure,uniform,size_alpha,7,0.020632655670630353,0.42142857142857143,84.6,82.6,1.0,5674.0,840.0,5085.0
allocation,weibo_gadbench,hgb_attributes,1.0,zero_exposure,uniform,size_alpha,8,0.043409847033421524,0.5329896907216495,108.4,103.4,1.0,5674.0,840.0,5091.0
allocation,weibo_gadbench,hgb_attributes,1.0,zero_exposure,uniform,size_alpha,9,0.048767872063755775,0.6173469387755102,127.4,121.0,1.0,5674.0,840.0,5086.0
allocation,weibo_gadbench,hgb_graph_features,0.25,exposure_80,uniform,equal_alpha,0,0.013535486706218413,0.29797979797979796,60.6,59.0,0.6,1413.6,840.0,1265.2
allocation,weibo_gadbench,hgb_graph_features,0.25,exposure_80,uniform,equal_alpha,1,0.027312658884707193,0.5005128205128205,101.8,97.6,0.8,1422.0,840.0,1276.0
allocation,weibo_gadbench,hgb_graph_features,0.25,exposure_80,uniform,equal_alpha,2,0.024989824989824987,0.39794871794871794,81.0,77.6,0.6,1431.8,840.0,1287.0
allocation,weibo_gadbench,hgb_graph_features,0.25,exposure_80,uniform,equal_alpha,3,0.013404067197170643,0.25555555555555554,52.4,50.6,0.4,1440.2,840.0,1292.0
allocation,weibo_gadbench,hgb_graph_features,0.25,exposure_80,uniform,equal_alpha,4,0.019914070842312153,0.6728205128205128,134.0,131.2,1.0,1405.6,840.0,1255.8
allocation,weibo_gadbench,hgb_graph_features,0.25,exposure_80,uniform,equal_alpha,5,0.02748940437619683,0.605,125.2,121.0,1.0,1399.4,840.0,1243.8
allocation,weibo_gadbench,hgb_graph_features,0.25,exposure_80,uniform,equal_alpha,6,0.021015004786677234,0.5077720207253886,100.8,98.0,1.0,1426.0,840.0,1274.0
allocation,weibo_gadbench,hgb_graph_features,0.25,exposure_80,uniform,equal_alpha,7,0.015452918672096755,0.3744897959183674,75.4,73.4,0.6,1406.8,840.0,1265.8
allocation,weibo_gadbench,hgb_graph_features,0.25,exposure_80,uniform,equal_alpha,8,0.02850773981800641,0.45257731958762887,91.2,87.8,0.8,1433.8,840.0,1284.6
allocation,weibo_gadbench,hgb_graph_features,0.25,exposure_80,uniform,equal_alpha,9,0.03774395806197424,0.6714285714285715,137.2,131.6,1.0,1375.0,840.0,1234.8
allocation,weibo_gadbench,hgb_graph_features,0.25,exposure_80,uniform,filtered_low,0,0.22964288985358464,0.9545454545454545,245.8,189.0,1.0,1413.6,840.0,1265.2
allocation,weibo_gadbench,hgb_graph_features,0.25,exposure_80,uniform,filtered_low,1,0.2508197101380117,0.964102564102564,251.6,188.0,1.0,1422.0,840.0,1276.0
allocation,weibo_gadbench,hgb_graph_features,0.25,exposure_80,uniform,filtered_low,2,0.27646687137500514,0.9784615384615385,264.2,190.8,1.0,1431.8,840.0,1287.0
allocation,weibo_gadbench,hgb_graph_features,0.25,exposure_80,uniform,filtered_low,3,0.2881297465199932,0.9666666666666666,269.4,191.4,1.0,1440.2,840.0,1292.0
allocation,weibo_gadbench,hgb_graph_features,0.25,exposure_80,uniform,filtered_low,4,0.25250576301467,0.9733333333333334,254.2,189.8,1.0,1405.6,840.0,1255.8
allocation,weibo_gadbench,hgb_graph_features,0.25,exposure_80,uniform,filtered_low,5,0.26520493861438815,0.954,260.8,190.8,1.0,1399.4,840.0,1243.8
allocation,weibo_gadbench,hgb_graph_features,0.25,exposure_80,uniform,filtered_low,6,0.2886417075012123,0.97720207253886,266.0,188.6,1.0,1426.0,840.0,1274.0
allocation,weibo_gadbench,hgb_graph_features,0.25,exposure_80,uniform,filtered_low,7,0.21568088888133224,0.9693877551020409,242.8,190.0,1.0,1406.8,840.0,1265.8
allocation,weibo_gadbench,hgb_graph_features,0.25,exposure_80,uniform,filtered_low,8,0.26810816634346046,0.9762886597938145,259.0,189.4,1.0,1433.8,840.0,1284.6
allocation,weibo_gadbench,hgb_graph_features,0.25,exposure_80,uniform,filtered_low,9,0.24925750877103453,0.9734693877551021,255.8,190.8,1.0,1375.0,840.0,1234.8
allocation,weibo_gadbench,hgb_graph_features,0.25,exposure_80,uniform,pooled_reference,0,0.0837474082062159,0.8393939393939395,181.4,166.2,1.0,1413.6,840.0,1265.2
allocation,weibo_gadbench,hgb_graph_features,0.25,exposure_80,uniform,pooled_reference,1,0.09759375116706218,0.836923076923077,181.4,163.2,1.0,1422.0,840.0,1276.0
allocation,weibo_gadbench,hgb_graph_features,0.25,exposure_80,uniform,pooled_reference,2,0.09187515935644017,0.8051282051282052,174.2,157.0,1.0,1431.8,840.0,1287.0
allocation,weibo_gadbench,hgb_graph_features,0.25,exposure_80,uniform,pooled_reference,3,0.10702712539311529,0.8434343434343434,187.2,167.0,1.0,1440.2,840.0,1292.0
allocation,weibo_gadbench,hgb_graph_features,0.25,exposure_80,uniform,pooled_reference,4,0.07602396114829711,0.8687179487179486,183.6,169.4,1.0,1405.6,840.0,1255.8
allocation,weibo_gadbench,hgb_graph_features,0.25,exposure_80,uniform,pooled_reference,5,0.09684924126784591,0.834,186.4,166.8,1.0,1399.4,840.0,1243.8
allocation,weibo_gadbench,hgb_graph_features,0.25,exposure_80,uniform,pooled_reference,6,0.09435885361644665,0.8196891191709845,175.4,158.2,1.0,1426.0,840.0,1274.0
allocation,weibo_gadbench,hgb_graph_features,0.25,exposure_80,uniform,pooled_reference,7,0.08766914453170949,0.8755102040816327,188.4,171.6,1.0,1406.8,840.0,1265.8
allocation,weibo_gadbench,hgb_graph_features,0.25,exposure_80,uniform,pooled_reference,8,0.09142214793389472,0.8329896907216495,178.0,161.6,1.0,1433.8,840.0,1284.6
allocation,weibo_gadbench,hgb_graph_features,0.25,exposure_80,uniform,pooled_reference,9,0.11652066234992849,0.8979591836734693,199.4,176.0,1.0,1375.0,840.0,1234.8
allocation,weibo_gadbench,hgb_graph_features,0.25,exposure_80,uniform,pooled_stratum,0,0.0,0.0,0.0,0.0,0.0,1413.6,840.0,1265.2
allocation,weibo_gadbench,hgb_graph_features,0.25,exposure_80,uniform,pooled_stratum,1,0.021656050955414015,0.14358974358974358,31.4,28.0,0.2,1422.0,840.0,1276.0
allocation,weibo_gadbench,hgb_graph_features,0.25,exposure_80,uniform,pooled_stratum,2,0.03461538461538462,0.1323076923076923,31.2,25.8,0.2,1431.8,840.0,1287.0
allocation,weibo_gadbench,hgb_graph_features,0.25,exposure_80,uniform,pooled_stratum,3,0.02335766423357664,0.12222222222222223,27.4,24.2,0.2,1440.2,840.0,1292.0
allocation,weibo_gadbench,hgb_graph_features,0.25,exposure_80,uniform,pooled_stratum,4,0.016176470588235296,0.12820512820512822,27.2,25.0,0.2,1405.6,840.0,1255.8
allocation,weibo_gadbench,hgb_graph_features,0.25,exposure_80,uniform,pooled_stratum,5,0.031578947368421054,0.144,34.2,28.8,0.2,1399.4,840.0,1243.8
allocation,weibo_gadbench,hgb_graph_features,0.25,exposure_80,uniform,pooled_stratum,6,0.03013698630136986,0.12849740932642487,29.2,24.8,0.2,1426.0,840.0,1274.0
allocation,weibo_gadbench,hgb_graph_features,0.25,exposure_80,uniform,pooled_stratum,7,0.0,0.0,0.0,0.0,0.0,1406.8,840.0,1265.8
allocation,weibo_gadbench,hgb_graph_features,0.25,exposure_80,uniform,pooled_stratum,8,0.0,0.0,0.0,0.0,0.0,1433.8,840.0,1284.6
allocation,weibo_gadbench,hgb_graph_features,0.25,exposure_80,uniform,pooled_stratum,9,0.031578947368421054,0.13061224489795917,30.4,25.6,0.2,1375.0,840.0,1234.8
allocation,weibo_gadbench,hgb_graph_features,0.25,exposure_80,uniform,size_alpha,0,0.0,0.0,0.0,0.0,0.0,1413.6,840.0,1265.2
allocation,weibo_gadbench,hgb_graph_features,0.25,exposure_80,uniform,size_alpha,1,0.01208053691275168,0.14358974358974358,29.8,28.0,0.2,1422.0,840.0,1276.0
allocation,weibo_gadbench,hgb_graph_features,0.25,exposure_80,uniform,size_alpha,2,0.0,0.0,0.0,0.0,0.0,1431.8,840.0,1287.0
allocation,weibo_gadbench,hgb_graph_features,0.25,exposure_80,uniform,size_alpha,3,0.0064,0.12222222222222223,25.0,24.2,0.2,1440.2,840.0,1292.0
allocation,weibo_gadbench,hgb_graph_features,0.25,exposure_80,uniform,size_alpha,4,0.006201550387596899,0.12820512820512822,25.8,25.0,0.2,1405.6,840.0,1255.8
allocation,weibo_gadbench,hgb_graph_features,0.25,exposure_80,uniform,size_alpha,5,0.011764705882352941,0.144,30.6,28.8,0.2,1399.4,840.0,1243.8
allocation,weibo_gadbench,hgb_graph_features,0.25,exposure_80,uniform,size_alpha,6,0.009375,0.12642487046632125,25.6,24.4,0.2,1426.0,840.0,1274.0
allocation,weibo_gadbench,hgb_graph_features,0.25,exposure_80,uniform,size_alpha,7,0.0,0.0,0.0,0.0,0.0,1406.8,840.0,1265.8
allocation,weibo_gadbench,hgb_graph_features,0.25,exposure_80,uniform,size_alpha,8,0.0,0.0,0.0,0.0,0.0,1433.8,840.0,1284.6
allocation,weibo_gadbench,hgb_graph_features,0.25,exposure_80,uniform,size_alpha,9,0.0,0.0,0.0,0.0,0.0,1375.0,840.0,1234.8
allocation,weibo_gadbench,hgb_graph_features,0.25,zero_exposure,uniform,equal_alpha,0,0.03675581229496505,0.5696969696969697,117.6,112.8,1.0,1413.6,840.0,1265.2
allocation,weibo_gadbench,hgb_graph_features,0.25,zero_exposure,uniform,equal_alpha,1,0.026859102189794447,0.5128205128205128,104.0,100.0,0.8,1422.0,840.0,1276.0
allocation,weibo_gadbench,hgb_graph_features,0.25,zero_exposure,uniform,equal_alpha,2,0.027948824920038938,0.5302564102564102,107.4,103.4,0.8,1431.8,840.0,1287.0
allocation,weibo_gadbench,hgb_graph_features,0.25,zero_exposure,uniform,equal_alpha,3,0.021884819863969823,0.397979797979798,81.8,78.8,0.6,1440.2,840.0,1292.0
allocation,weibo_gadbench,hgb_graph_features,0.25,zero_exposure,uniform,equal_alpha,4,0.029076488615945147,0.7251282051282051,145.8,141.4,1.0,1405.6,840.0,1255.8
allocation,weibo_gadbench,hgb_graph_features,0.25,zero_exposure,uniform,equal_alpha,5,0.03407132722350113,0.663,137.8,132.6,1.0,1399.4,840.0,1243.8
allocation,weibo_gadbench,hgb_graph_features,0.25,zero_exposure,uniform,equal_alpha,6,0.02427614494102127,0.5316062176165803,105.8,102.6,1.0,1426.0,840.0,1274.0
allocation,weibo_gadbench,hgb_graph_features,0.25,zero_exposure,uniform,equal_alpha,7,0.016905075229196827,0.41836734693877553,84.4,82.0,0.6,1406.8,840.0,1265.8
allocation,weibo_gadbench,hgb_graph_features,0.25,zero_exposure,uniform,equal_alpha,8,0.040505417843547345,0.6494845360824743,131.4,126.0,1.0,1433.8,840.0,1284.6
allocation,weibo_gadbench,hgb_graph_features,0.25,zero_exposure,uniform,equal_alpha,9,0.04271764956017418,0.7091836734693878,145.6,139.0,1.0,1375.0,840.0,1234.8
allocation,weibo_gadbench,hgb_graph_features,0.25,zero_exposure,uniform,filtered_low,0,0.22449695614717108,0.9505050505050505,243.2,188.2,1.0,1413.6,840.0,1265.2
allocation,weibo_gadbench,hgb_graph_features,0.25,zero_exposure,uniform,filtered_low,1,0.24152181331078934,0.9558974358974359,246.4,186.4,1.0,1422.0,840.0,1276.0
allocation,weibo_gadbench,hgb_graph_features,0.25,zero_exposure,uniform,filtered_low,2,0.2733245532521423,0.9774358974358975,262.8,190.6,1.0,1431.8,840.0,1287.0
allocation,weibo_gadbench,hgb_graph_features,0.25,zero_exposure,uniform,filtered_low,3,0.29119709805671323,0.9636363636363636,270.0,190.8,1.0,1440.2,840.0,1292.0
allocation,weibo_gadbench,hgb_graph_features,0.25,zero_exposure,uniform,filtered_low,4,0.24440734498179134,0.9733333333333334,251.4,189.8,1.0,1405.6,840.0,1255.8
allocation,weibo_gadbench,hgb_graph_features,0.25,zero_exposure,uniform,filtered_low,5,0.25397059002163924,0.953,256.8,190.6,1.0,1399.4,840.0,1243.8
allocation,weibo_gadbench,hgb_graph_features,0.25,zero_exposure,uniform,filtered_low,6,0.28677134281179406,0.97720207253886,265.2,188.6,1.0,1426.0,840.0,1274.0
allocation,weibo_gadbench,hgb_graph_features,0.25,zero_exposure,uniform,filtered_low,7,0.20964146906482264,0.963265306122449,239.6,188.8,1.0,1406.8,840.0,1265.8
allocation,weibo_gadbench,hgb_graph_features,0.25,zero_exposure,uniform,filtered_low,8,0.26139583764323954,0.975257731958763,256.4,189.2,1.0,1433.8,840.0,1284.6
allocation,weibo_gadbench,hgb_graph_features,0.25,zero_exposure,uniform,filtered_low,9,0.24547551047578411,0.9734693877551021,254.2,190.8,1.0,1375.0,840.0,1234.8
allocation,weibo_gadbench,hgb_graph_features,0.25,zero_exposure,uniform,pooled_reference,0,0.0837474082062159,0.8393939393939395,181.4,166.2,1.0,1413.6,840.0,1265.2
allocation,weibo_gadbench,hgb_graph_features,0.25,zero_exposure,uniform,pooled_reference,1,0.09759375116706218,0.836923076923077,181.4,163.2,1.0,1422.0,840.0,1276.0
allocation,weibo_gadbench,hgb_graph_features,0.25,zero_exposure,uniform,pooled_reference,2,0.09187515935644017,0.8051282051282052,174.2,157.0,1.0,1431.8,840.0,1287.0
allocation,weibo_gadbench,hgb_graph_features,0.25,zero_exposure,uniform,pooled_reference,3,0.10702712539311529,0.8434343434343434,187.2,167.0,1.0,1440.2,840.0,1292.0
allocation,weibo_gadbench,hgb_graph_features,0.25,zero_exposure,uniform,pooled_reference,4,0.07602396114829711,0.8687179487179486,183.6,169.4,1.0,1405.6,840.0,1255.8
allocation,weibo_gadbench,hgb_graph_features,0.25,zero_exposure,uniform,pooled_reference,5,0.09684924126784591,0.834,186.4,166.8,1.0,1399.4,840.0,1243.8
allocation,weibo_gadbench,hgb_graph_features,0.25,zero_exposure,uniform,pooled_reference,6,0.09435885361644665,0.8196891191709845,175.4,158.2,1.0,1426.0,840.0,1274.0
allocation,weibo_gadbench,hgb_graph_features,0.25,zero_exposure,uniform,pooled_reference,7,0.08766914453170949,0.8755102040816327,188.4,171.6,1.0,1406.8,840.0,1265.8
allocation,weibo_gadbench,hgb_graph_features,0.25,zero_exposure,uniform,pooled_reference,8,0.09142214793389472,0.8329896907216495,178.0,161.6,1.0,1433.8,840.0,1284.6
allocation,weibo_gadbench,hgb_graph_features,0.25,zero_exposure,uniform,pooled_reference,9,0.11652066234992849,0.8979591836734693,199.4,176.0,1.0,1375.0,840.0,1234.8
allocation,weibo_gadbench,hgb_graph_features,0.25,zero_exposure,uniform,pooled_stratum,0,0.04126225798340458,0.16262626262626262,35.8,32.2,0.4,1413.6,840.0,1265.2
allocation,weibo_gadbench,hgb_graph_features,0.25,zero_exposure,uniform,pooled_stratum,1,0.02816011599606442,0.26564102564102565,56.0,51.8,0.4,1422.0,840.0,1276.0
allocation,weibo_gadbench,hgb_graph_features,0.25,zero_exposure,uniform,pooled_stratum,2,0.04686753246753247,0.2512820512820513,55.8,49.0,0.4,1431.8,840.0,1287.0
allocation,weibo_gadbench,hgb_graph_features,0.25,zero_exposure,uniform,pooled_stratum,3,0.05769726247987117,0.19797979797979798,45.4,39.2,0.4,1440.2,840.0,1292.0
allocation,weibo_gadbench,hgb_graph_features,0.25,zero_exposure,uniform,pooled_stratum,4,0.07686356284867979,0.515897435897436,111.0,100.6,0.8,1405.6,840.0,1255.8
allocation,weibo_gadbench,hgb_graph_features,0.25,zero_exposure,uniform,pooled_stratum,5,0.10804809526085264,0.623,140.4,124.6,1.0,1399.4,840.0,1243.8
allocation,weibo_gadbench,hgb_graph_features,0.25,zero_exposure,uniform,pooled_stratum,6,0.06005598290445322,0.29637305699481864,64.2,57.2,0.6,1426.0,840.0,1274.0
allocation,weibo_gadbench,hgb_graph_features,0.25,zero_exposure,uniform,pooled_stratum,7,0.039206722689075636,0.22448979591836737,48.8,44.0,0.4,1406.8,840.0,1265.8
allocation,weibo_gadbench,hgb_graph_features,0.25,zero_exposure,uniform,pooled_stratum,8,0.06240409971997933,0.4412371134020619,93.2,85.6,0.8,1433.8,840.0,1284.6
allocation,weibo_gadbench,hgb_graph_features,0.25,zero_exposure,uniform,pooled_stratum,9,0.038475499092558985,0.24489795918367346,53.6,48.0,0.4,1375.0,840.0,1234.8
allocation,weibo_gadbench,hgb_graph_features,0.25,zero_exposure,uniform,size_alpha,0,0.004347826086956522,0.09090909090909091,18.4,18.0,0.2,1413.6,840.0,1265.2
allocation,weibo_gadbench,hgb_graph_features,0.25,zero_exposure,uniform,size_alpha,1,0.0049180327868852455,0.12205128205128206,24.4,23.8,0.2,1422.0,840.0,1276.0
allocation,weibo_gadbench,hgb_graph_features,0.25,zero_exposure,uniform,size_alpha,2,0.017354862566251694,0.25025641025641027,51.0,48.8,0.4,1431.8,840.0,1287.0
allocation,weibo_gadbench,hgb_graph_features,0.25,zero_exposure,uniform,size_alpha,3,0.0064,0.12222222222222223,25.0,24.2,0.2,1440.2,840.0,1292.0
allocation,weibo_gadbench,hgb_graph_features,0.25,zero_exposure,uniform,size_alpha,4,0.014233620541057595,0.515897435897436,102.4,100.6,0.8,1405.6,840.0,1255.8
allocation,weibo_gadbench,hgb_graph_features,0.25,zero_exposure,uniform,size_alpha,5,0.023956604034098383,0.5589999999999999,115.2,111.8,1.0,1399.4,840.0,1243.8
allocation,weibo_gadbench,hgb_graph_features,0.25,zero_exposure,uniform,size_alpha,6,0.011939102564102563,0.29326424870466317,58.0,56.6,0.6,1426.0,840.0,1274.0
allocation,weibo_gadbench,hgb_graph_features,0.25,zero_exposure,uniform,size_alpha,7,0.007175032175032176,0.22346938775510203,44.6,43.8,0.4,1406.8,840.0,1265.8
allocation,weibo_gadbench,hgb_graph_features,0.25,zero_exposure,uniform,size_alpha,8,0.025975653668129726,0.4391752577319588,88.2,85.2,0.8,1433.8,840.0,1284.6
allocation,weibo_gadbench,hgb_graph_features,0.25,zero_exposure,uniform,size_alpha,9,0.008294314381270904,0.24489795918367346,49.0,48.0,0.4,1375.0,840.0,1234.8
allocation,weibo_gadbench,hgb_graph_features,0.5,exposure_80,uniform,equal_alpha,0,0.010959396334890407,0.40606060606060607,81.6,80.4,0.8,2865.6,840.0,2569.4
allocation,weibo_gadbench,hgb_graph_features,0.5,exposure_80,uniform,equal_alpha,1,0.02063941728533408,0.558974358974359,111.6,109.0,1.0,2854.4,840.0,2563.4
allocation,weibo_gadbench,hgb_graph_features,0.5,exposure_80,uniform,equal_alpha,2,0.01592412118784254,0.4882051282051282,97.0,95.2,1.0,2876.4,840.0,2576.6
allocation,weibo_gadbench,hgb_graph_features,0.5,exposure_80,uniform,equal_alpha,3,0.01382385730211817,0.2878787878787879,58.8,57.0,0.6,2854.8,840.0,2557.4
allocation,weibo_gadbench,hgb_graph_features,0.5,exposure_80,uniform,equal_alpha,4,0.02369562806486299,0.6584615384615384,131.6,128.4,1.0,2821.0,840.0,2523.0
allocation,weibo_gadbench,hgb_graph_features,0.5,exposure_80,uniform,equal_alpha,5,0.01989120987676714,0.5810000000000001,118.6,116.2,1.0,2796.6,840.0,2494.6
allocation,weibo_gadbench,hgb_graph_features,0.5,exposure_80,uniform,equal_alpha,6,0.02473929975122379,0.5647668393782384,112.0,109.0,1.0,2857.0,840.0,2559.6
allocation,weibo_gadbench,hgb_graph_features,0.5,exposure_80,uniform,equal_alpha,7,0.019927866417941587,0.5357142857142857,107.2,105.0,1.0,2832.2,840.0,2539.2
allocation,weibo_gadbench,hgb_graph_features,0.5,exposure_80,uniform,equal_alpha,8,0.02702693516647005,0.5041237113402062,101.2,97.8,1.0,2843.8,840.0,2549.0
allocation,weibo_gadbench,hgb_graph_features,0.5,exposure_80,uniform,equal_alpha,9,0.026906940603386175,0.6428571428571429,129.6,126.0,1.0,2800.2,840.0,2516.0
allocation,weibo_gadbench,hgb_graph_features,0.5,exposure_80,uniform,filtered_low,0,0.2747965730283878,0.9656565656565658,263.8,191.2,1.0,2865.6,840.0,2569.4
allocation,weibo_gadbench,hgb_graph_features,0.5,exposure_80,uniform,filtered_low,1,0.27371446638506036,0.9743589743589745,262.2,190.0,1.0,2854.4,840.0,2563.4
allocation,weibo_gadbench,hgb_graph_features,0.5,exposure_80,uniform,filtered_low,2,0.29962938925236243,0.9815384615384616,273.6,191.4,1.0,2876.4,840.0,2576.6
allocation,weibo_gadbench,hgb_graph_features,0.5,exposure_80,uniform,filtered_low,3,0.3216030044223519,0.9696969696969697,283.6,192.0,1.0,2854.8,840.0,2557.4
allocation,weibo_gadbench,hgb_graph_features,0.5,exposure_80,uniform,filtered_low,4,0.27494609828566496,0.9774358974358975,263.0,190.6,1.0,2821.0,840.0,2523.0
allocation,weibo_gadbench,hgb_graph_features,0.5,exposure_80,uniform,filtered_low,5,0.2816622244371381,0.959,267.4,191.8,1.0,2796.6,840.0,2494.6
allocation,weibo_gadbench,hgb_graph_features,0.5,exposure_80,uniform,filtered_low,6,0.31640214277857803,0.9792746113989637,277.4,189.0,1.0,2857.0,840.0,2559.6
allocation,weibo_gadbench,hgb_graph_features,0.5,exposure_80,uniform,filtered_low,7,0.26669486010043286,0.9755102040816327,260.8,191.2,1.0,2832.2,840.0,2539.2
allocation,weibo_gadbench,hgb_graph_features,0.5,exposure_80,uniform,filtered_low,8,0.29298006060178394,0.9773195876288661,268.4,189.6,1.0,2843.8,840.0,2549.0
allocation,weibo_gadbench,hgb_graph_features,0.5,exposure_80,uniform,filtered_low,9,0.2985674822139184,0.9806122448979592,274.8,192.2,1.0,2800.2,840.0,2516.0
allocation,weibo_gadbench,hgb_graph_features,0.5,exposure_80,uniform,pooled_reference,0,0.0786599782406111,0.8232323232323232,177.0,163.0,1.0,2865.6,840.0,2569.4
allocation,weibo_gadbench,hgb_graph_features,0.5,exposure_80,uniform,pooled_reference,1,0.09811101038453961,0.8338461538461539,180.6,162.6,1.0,2854.4,840.0,2563.4
allocation,weibo_gadbench,hgb_graph_features,0.5,exposure_80,uniform,pooled_reference,2,0.0915931896332183,0.8358974358974359,179.8,163.0,1.0,2876.4,840.0,2576.6
allocation,weibo_gadbench,hgb_graph_features,0.5,exposure_80,uniform,pooled_reference,3,0.09450586070528655,0.8131313131313131,178.2,161.0,1.0,2854.8,840.0,2557.4
allocation,weibo_gadbench,hgb_graph_features,0.5,exposure_80,uniform,pooled_reference,4,0.06948044170987393,0.8635897435897435,181.2,168.4,1.0,2821.0,840.0,2523.0
allocation,weibo_gadbench,hgb_graph_features,0.5,exposure_80,uniform,pooled_reference,5,0.09335525512840233,0.841,186.2,168.2,1.0,2796.6,840.0,2494.6
allocation,weibo_gadbench,hgb_graph_features,0.5,exposure_80,uniform,pooled_reference,6,0.0915424977174313,0.838341968911917,178.6,161.8,1.0,2857.0,840.0,2559.6
allocation,weibo_gadbench,hgb_graph_features,0.5,exposure_80,uniform,pooled_reference,7,0.0887056378745594,0.8765306122448979,188.8,171.8,1.0,2832.2,840.0,2539.2
allocation,weibo_gadbench,hgb_graph_features,0.5,exposure_80,uniform,pooled_reference,8,0.10081169849808887,0.8608247422680412,185.8,167.0,1.0,2843.8,840.0,2549.0
allocation,weibo_gadbench,hgb_graph_features,0.5,exposure_80,uniform,pooled_reference,9,0.09757116911484266,0.8734693877551021,189.8,171.2,1.0,2800.2,840.0,2516.0
allocation,weibo_gadbench,hgb_graph_features,0.5,exposure_80,uniform,pooled_stratum,0,0.0,0.0,0.0,0.0,0.0,2865.6,840.0,2569.4
allocation,weibo_gadbench,hgb_graph_features,0.5,exposure_80,uniform,pooled_stratum,1,0.0483950328022493,0.25846153846153846,55.0,50.4,0.6,2854.4,840.0,2563.4
allocation,weibo_gadbench,hgb_graph_features,0.5,exposure_80,uniform,pooled_stratum,2,0.0,0.0,0.0,0.0,0.0,2876.4,840.0,2576.6
allocation,weibo_gadbench,hgb_graph_features,0.5,exposure_80,uniform,pooled_stratum,3,0.017142857142857144,0.06464646464646465,14.0,12.8,0.2,2854.8,840.0,2557.4
allocation,weibo_gadbench,hgb_graph_features,0.5,exposure_80,uniform,pooled_stratum,4,0.019858156028368795,0.13025641025641027,28.2,25.4,0.2,2821.0,840.0,2523.0
allocation,weibo_gadbench,hgb_graph_features,0.5,exposure_80,uniform,pooled_stratum,5,0.09243329956095914,0.371,84.0,74.2,0.8,2796.6,840.0,2494.6
allocation,weibo_gadbench,hgb_graph_features,0.5,exposure_80,uniform,pooled_stratum,6,0.09386881171777309,0.3243523316062176,71.0,62.6,0.8,2857.0,840.0,2559.6
allocation,weibo_gadbench,hgb_graph_features,0.5,exposure_80,uniform,pooled_stratum,7,0.06316879154407759,0.23061224489795915,50.4,45.2,0.6,2832.2,840.0,2539.2
allocation,weibo_gadbench,hgb_graph_features,0.5,exposure_80,uniform,pooled_stratum,8,0.02,0.12061855670103092,26.0,23.4,0.2,2843.8,840.0,2549.0
allocation,weibo_gadbench,hgb_graph_features,0.5,exposure_80,uniform,pooled_stratum,9,0.05162068023337245,0.2755102040816327,60.4,54.0,0.6,2800.2,840.0,2516.0
allocation,weibo_gadbench,hgb_graph_features,0.5,exposure_80,uniform,size_alpha,0,0.0,0.0,0.0,0.0,0.0,2865.6,840.0,2569.4
allocation,weibo_gadbench,hgb_graph_features,0.5,exposure_80,uniform,size_alpha,1,0.0060912589334799335,0.19384615384615383,38.4,37.8,0.4,2854.4,840.0,2563.4
allocation,weibo_gadbench,hgb_graph_features,0.5,exposure_80,uniform,size_alpha,2,0.0,0.0,0.0,0.0,0.0,2876.4,840.0,2576.6
allocation,weibo_gadbench,hgb_graph_features,0.5,exposure_80,uniform,size_alpha,3,0.0,0.0,0.0,0.0,0.0,2854.8,840.0,2557.4
allocation,weibo_gadbench,hgb_graph_features,0.5,exposure_80,uniform,size_alpha,4,0.006201550387596899,0.12820512820512822,25.8,25.0,0.2,2821.0,840.0,2523.0
allocation,weibo_gadbench,hgb_graph_features,0.5,exposure_80,uniform,size_alpha,5,0.006031746031746032,0.371,74.8,74.2,0.8,2796.6,840.0,2494.6
allocation,weibo_gadbench,hgb_graph_features,0.5,exposure_80,uniform,size_alpha,6,0.009926458518007813,0.3243523316062176,63.4,62.6,0.8,2857.0,840.0,2559.6
allocation,weibo_gadbench,hgb_graph_features,0.5,exposure_80,uniform,size_alpha,7,0.012838915470494417,0.22959183673469385,46.0,45.0,0.6,2832.2,840.0,2539.2
allocation,weibo_gadbench,hgb_graph_features,0.5,exposure_80,uniform,size_alpha,8,0.009523809523809523,0.08247422680412371,16.8,16.0,0.2,2843.8,840.0,2549.0
allocation,weibo_gadbench,hgb_graph_features,0.5,exposure_80,uniform,size_alpha,9,0.008002883922134102,0.1489795918367347,29.8,29.2,0.4,2800.2,840.0,2516.0
allocation,weibo_gadbench,hgb_graph_features,0.5,zero_exposure,uniform,equal_alpha,0,0.025534371200141126,0.5515151515151515,112.2,109.2,1.0,2865.6,840.0,2569.4
allocation,weibo_gadbench,hgb_graph_features,0.5,zero_exposure,uniform,equal_alpha,1,0.02421893390596818,0.6215384615384616,124.6,121.2,1.0,2854.4,840.0,2563.4
allocation,weibo_gadbench,hgb_graph_features,0.5,zero_exposure,uniform,equal_alpha,2,0.030214835762685972,0.5815384615384616,117.2,113.4,1.0,2876.4,840.0,2576.6
allocation,weibo_gadbench,hgb_graph_features,0.5,zero_exposure,uniform,equal_alpha,3,0.023654293854293854,0.602020202020202,122.4,119.2,1.0,2854.8,840.0,2557.4
allocation,weibo_gadbench,hgb_graph_features,0.5,zero_exposure,uniform,equal_alpha,4,0.026338169484437873,0.6892307692307693,138.2,134.4,1.0,2821.0,840.0,2523.0
allocation,weibo_gadbench,hgb_graph_features,0.5,zero_exposure,uniform,equal_alpha,5,0.03575863932146988,0.654,136.0,130.8,1.0,2796.6,840.0,2494.6
allocation,weibo_gadbench,hgb_graph_features,0.5,zero_exposure,uniform,equal_alpha,6,0.03062072311564392,0.6435233160621762,128.4,124.2,1.0,2857.0,840.0,2559.6
allocation,weibo_gadbench,hgb_graph_features,0.5,zero_exposure,uniform,equal_alpha,7,0.022456427254552706,0.6959183673469387,139.6,136.4,1.0,2832.2,840.0,2539.2
allocation,weibo_gadbench,hgb_graph_features,0.5,zero_exposure,uniform,equal_alpha,8,0.036556315130825585,0.5804123711340206,117.8,112.6,1.0,2843.8,840.0,2549.0
allocation,weibo_gadbench,hgb_graph_features,0.5,zero_exposure,uniform,equal_alpha,9,0.03664597921581547,0.6826530612244899,139.2,133.8,1.0,2800.2,840.0,2516.0
allocation,weibo_gadbench,hgb_graph_features,0.5,zero_exposure,uniform,filtered_low,0,0.25371329665379044,0.9606060606060606,255.4,190.2,1.0,2865.6,840.0,2569.4
allocation,weibo_gadbench,hgb_graph_features,0.5,zero_exposure,uniform,filtered_low,1,0.2606451410026809,0.9692307692307691,256.2,189.0,1.0,2854.4,840.0,2563.4
allocation,weibo_gadbench,hgb_graph_features,0.5,zero_exposure,uniform,filtered_low,2,0.2915003480218491,0.9794871794871796,270.0,191.0,1.0,2876.4,840.0,2576.6
allocation,weibo_gadbench,hgb_graph_features,0.5,zero_exposure,uniform,filtered_low,3,0.3252126760258285,0.9696969696969697,285.0,192.0,1.0,2854.8,840.0,2557.4
allocation,weibo_gadbench,hgb_graph_features,0.5,zero_exposure,uniform,filtered_low,4,0.26758437879818503,0.9774358974358975,260.4,190.6,1.0,2821.0,840.0,2523.0
allocation,weibo_gadbench,hgb_graph_features,0.5,zero_exposure,uniform,filtered_low,5,0.26814311253754464,0.9559999999999998,261.6,191.2,1.0,2796.6,840.0,2494.6
allocation,weibo_gadbench,hgb_graph_features,0.5,zero_exposure,uniform,filtered_low,6,0.31255399110437987,0.9792746113989637,275.8,189.0,1.0,2857.0,840.0,2559.6
allocation,weibo_gadbench,hgb_graph_features,0.5,zero_exposure,uniform,filtered_low,7,0.2623887347151429,0.9744897959183675,259.0,191.0,1.0,2832.2,840.0,2539.2
allocation,weibo_gadbench,hgb_graph_features,0.5,zero_exposure,uniform,filtered_low,8,0.2782626948681754,0.9762886597938145,262.6,189.4,1.0,2843.8,840.0,2549.0
allocation,weibo_gadbench,hgb_graph_features,0.5,zero_exposure,uniform,filtered_low,9,0.28209320831611223,0.9806122448979592,268.6,192.2,1.0,2800.2,840.0,2516.0
allocation,weibo_gadbench,hgb_graph_features,0.5,zero_exposure,uniform,pooled_reference,0,0.0786599782406111,0.8232323232323232,177.0,163.0,1.0,2865.6,840.0,2569.4
allocation,weibo_gadbench,hgb_graph_features,0.5,zero_exposure,uniform,pooled_reference,1,0.09811101038453961,0.8338461538461539,180.6,162.6,1.0,2854.4,840.0,2563.4
allocation,weibo_gadbench,hgb_graph_features,0.5,zero_exposure,uniform,pooled_reference,2,0.0915931896332183,0.8358974358974359,179.8,163.0,1.0,2876.4,840.0,2576.6
allocation,weibo_gadbench,hgb_graph_features,0.5,zero_exposure,uniform,pooled_reference,3,0.09450586070528655,0.8131313131313131,178.2,161.0,1.0,2854.8,840.0,2557.4
allocation,weibo_gadbench,hgb_graph_features,0.5,zero_exposure,uniform,pooled_reference,4,0.06948044170987393,0.8635897435897435,181.2,168.4,1.0,2821.0,840.0,2523.0
allocation,weibo_gadbench,hgb_graph_features,0.5,zero_exposure,uniform,pooled_reference,5,0.09335525512840233,0.841,186.2,168.2,1.0,2796.6,840.0,2494.6
allocation,weibo_gadbench,hgb_graph_features,0.5,zero_exposure,uniform,pooled_reference,6,0.0915424977174313,0.838341968911917,178.6,161.8,1.0,2857.0,840.0,2559.6
allocation,weibo_gadbench,hgb_graph_features,0.5,zero_exposure,uniform,pooled_reference,7,0.0887056378745594,0.8765306122448979,188.8,171.8,1.0,2832.2,840.0,2539.2
allocation,weibo_gadbench,hgb_graph_features,0.5,zero_exposure,uniform,pooled_reference,8,0.10081169849808887,0.8608247422680412,185.8,167.0,1.0,2843.8,840.0,2549.0
allocation,weibo_gadbench,hgb_graph_features,0.5,zero_exposure,uniform,pooled_reference,9,0.09757116911484266,0.8734693877551021,189.8,171.2,1.0,2800.2,840.0,2516.0
allocation,weibo_gadbench,hgb_graph_features,0.5,zero_exposure,uniform,pooled_stratum,0,0.05292820512820513,0.3565656565656566,75.8,70.6,0.8,2865.6,840.0,2569.4
allocation,weibo_gadbench,hgb_graph_features,0.5,zero_exposure,uniform,pooled_stratum,1,0.07193438036538052,0.5169230769230768,109.0,100.8,1.0,2854.4,840.0,2563.4
allocation,weibo_gadbench,hgb_graph_features,0.5,zero_exposure,uniform,pooled_stratum,2,0.06327219639781953,0.36820512820512824,78.4,71.8,0.8,2876.4,840.0,2576.6
allocation,weibo_gadbench,hgb_graph_features,0.5,zero_exposure,uniform,pooled_stratum,3,0.04105308219178082,0.2878787878787879,62.6,57.0,0.6,2854.8,840.0,2557.4
allocation,weibo_gadbench,hgb_graph_features,0.5,zero_exposure,uniform,pooled_stratum,4,0.07811295999209891,0.6441025641025642,136.6,125.6,1.0,2821.0,840.0,2523.0
allocation,weibo_gadbench,hgb_graph_features,0.5,zero_exposure,uniform,pooled_stratum,5,0.09967919405210054,0.576,128.0,115.2,1.0,2796.6,840.0,2494.6
allocation,weibo_gadbench,hgb_graph_features,0.5,zero_exposure,uniform,pooled_stratum,6,0.09044702021588649,0.5181347150259067,110.6,100.0,1.0,2857.0,840.0,2559.6
allocation,weibo_gadbench,hgb_graph_features,0.5,zero_exposure,uniform,pooled_stratum,7,0.05398295213098363,0.35102040816326535,75.6,68.8,0.6,2832.2,840.0,2539.2
allocation,weibo_gadbench,hgb_graph_features,0.5,zero_exposure,uniform,pooled_stratum,8,0.07012700590865553,0.5041237113402062,106.2,97.8,1.0,2843.8,840.0,2549.0
allocation,weibo_gadbench,hgb_graph_features,0.5,zero_exposure,uniform,pooled_stratum,9,0.09858318041466015,0.616326530612245,134.4,120.8,1.0,2800.2,840.0,2516.0
allocation,weibo_gadbench,hgb_graph_features,0.5,zero_exposure,uniform,size_alpha,0,0.0061061745272271584,0.3373737373737374,67.4,66.8,0.8,2865.6,840.0,2569.4
allocation,weibo_gadbench,hgb_graph_features,0.5,zero_exposure,uniform,size_alpha,1,0.01579321355287523,0.5169230769230768,102.6,100.8,1.0,2854.4,840.0,2563.4
allocation,weibo_gadbench,hgb_graph_features,0.5,zero_exposure,uniform,size_alpha,2,0.006088055614072045,0.3651282051282051,71.8,71.2,0.8,2876.4,840.0,2576.6
allocation,weibo_gadbench,hgb_graph_features,0.5,zero_exposure,uniform,size_alpha,3,0.01286231884057971,0.2676767676767676,54.6,53.0,0.6,2854.8,840.0,2557.4
allocation,weibo_gadbench,hgb_graph_features,0.5,zero_exposure,uniform,size_alpha,4,0.018367054972770823,0.6194871794871795,123.2,120.8,1.0,2821.0,840.0,2523.0
allocation,weibo_gadbench,hgb_graph_features,0.5,zero_exposure,uniform,size_alpha,5,0.01997026126016635,0.576,117.6,115.2,1.0,2796.6,840.0,2494.6
allocation,weibo_gadbench,hgb_graph_features,0.5,zero_exposure,uniform,size_alpha,6,0.018038117281259723,0.5025906735751295,99.2,97.0,1.0,2857.0,840.0,2559.6
allocation,weibo_gadbench,hgb_graph_features,0.5,zero_exposure,uniform,size_alpha,7,0.010714855183881733,0.336734693877551,67.2,66.0,0.6,2832.2,840.0,2539.2
allocation,weibo_gadbench,hgb_graph_features,0.5,zero_exposure,uniform,size_alpha,8,0.025211875910697505,0.434020618556701,87.4,84.2,1.0,2843.8,840.0,2549.0
allocation,weibo_gadbench,hgb_graph_features,0.5,zero_exposure,uniform,size_alpha,9,0.024146190563201036,0.616326530612245,124.0,120.8,1.0,2800.2,840.0,2516.0
allocation,weibo_gadbench,hgb_graph_features,1.0,exposure_80,uniform,equal_alpha,0,0.011392267075455629,0.5161616161616162,103.4,102.2,1.0,5673.0,840.0,5081.0
allocation,weibo_gadbench,hgb_graph_features,1.0,exposure_80,uniform,equal_alpha,1,0.015545526567248207,0.5661538461538462,112.2,110.4,1.0,5674.0,840.0,5089.0
allocation,weibo_gadbench,hgb_graph_features,1.0,exposure_80,uniform,equal_alpha,2,0.02430689379061982,0.5374358974358975,107.6,104.8,1.0,5674.0,840.0,5088.0
allocation,weibo_gadbench,hgb_graph_features,1.0,exposure_80,uniform,equal_alpha,3,0.016362370493162037,0.39898989898989895,81.0,79.0,1.0,5673.0,840.0,5081.0
allocation,weibo_gadbench,hgb_graph_features,1.0,exposure_80,uniform,equal_alpha,4,0.02744266550285169,0.6707692307692308,134.6,130.8,1.0,5674.0,840.0,5089.0
allocation,weibo_gadbench,hgb_graph_features,1.0,exposure_80,uniform,equal_alpha,5,0.023497539341968136,0.615,126.0,123.0,1.0,5674.0,840.0,5074.0
allocation,weibo_gadbench,hgb_graph_features,1.0,exposure_80,uniform,equal_alpha,6,0.030290071918332707,0.6455958549222798,128.6,124.6,1.0,5674.0,840.0,5094.0
allocation,weibo_gadbench,hgb_graph_features,1.0,exposure_80,uniform,equal_alpha,7,0.019468417018204936,0.6142857142857142,122.8,120.4,1.0,5674.0,840.0,5085.0
allocation,weibo_gadbench,hgb_graph_features,1.0,exposure_80,uniform,equal_alpha,8,0.0282434925189588,0.4556701030927835,92.0,88.4,1.0,5674.0,840.0,5091.0
allocation,weibo_gadbench,hgb_graph_features,1.0,exposure_80,uniform,equal_alpha,9,0.03369531646777059,0.6459183673469389,131.2,126.6,1.0,5674.0,840.0,5086.0
allocation,weibo_gadbench,hgb_graph_features,1.0,exposure_80,uniform,filtered_low,0,0.31287539558197974,0.9717171717171716,280.2,192.4,1.0,5673.0,840.0,5081.0
allocation,weibo_gadbench,hgb_graph_features,1.0,exposure_80,uniform,filtered_low,1,0.31872368385689087,0.9846153846153847,282.0,192.0,1.0,5674.0,840.0,5089.0
allocation,weibo_gadbench,hgb_graph_features,1.0,exposure_80,uniform,filtered_low,2,0.3038317942353327,0.9825641025641026,275.4,191.6,1.0,5674.0,840.0,5088.0
allocation,weibo_gadbench,hgb_graph_features,1.0,exposure_80,uniform,filtered_low,3,0.34896477505351176,0.9747474747474747,296.6,193.0,1.0,5673.0,840.0,5081.0
allocation,weibo_gadbench,hgb_graph_features,1.0,exposure_80,uniform,filtered_low,4,0.3071264402614999,0.9825641025641026,276.6,191.6,1.0,5674.0,840.0,5089.0
allocation,weibo_gadbench,hgb_graph_features,1.0,exposure_80,uniform,filtered_low,5,0.31406313214502857,0.9650000000000001,282.0,193.0,1.0,5674.0,840.0,5074.0
allocation,weibo_gadbench,hgb_graph_features,1.0,exposure_80,uniform,filtered_low,6,0.34879446052309976,0.9823834196891191,291.6,189.6,1.0,5674.0,840.0,5094.0
allocation,weibo_gadbench,hgb_graph_features,1.0,exposure_80,uniform,filtered_low,7,0.29077321496142033,0.9806122448979592,271.2,192.2,1.0,5674.0,840.0,5085.0
allocation,weibo_gadbench,hgb_graph_features,1.0,exposure_80,uniform,filtered_low,8,0.3087842269920934,0.9783505154639176,274.8,189.8,1.0,5674.0,840.0,5091.0
allocation,weibo_gadbench,hgb_graph_features,1.0,exposure_80,uniform,filtered_low,9,0.3130572657169618,0.9816326530612244,280.2,192.4,1.0,5674.0,840.0,5086.0
allocation,weibo_gadbench,hgb_graph_features,1.0,exposure_80,uniform,pooled_reference,0,0.08157571428224322,0.8313131313131313,179.2,164.6,1.0,5673.0,840.0,5081.0
allocation,weibo_gadbench,hgb_graph_features,1.0,exposure_80,uniform,pooled_reference,1,0.10160356599132081,0.8564102564102564,186.0,167.0,1.0,5674.0,840.0,5089.0
allocation,weibo_gadbench,hgb_graph_features,1.0,exposure_80,uniform,pooled_reference,2,0.10035698970361076,0.8512820512820513,184.6,166.0,1.0,5674.0,840.0,5088.0
allocation,weibo_gadbench,hgb_graph_features,1.0,exposure_80,uniform,pooled_reference,3,0.08395224726177215,0.7898989898989899,171.0,156.4,1.0,5673.0,840.0,5081.0
allocation,weibo_gadbench,hgb_graph_features,1.0,exposure_80,uniform,pooled_reference,4,0.07281790010572067,0.8676923076923077,182.6,169.2,1.0,5674.0,840.0,5089.0
allocation,weibo_gadbench,hgb_graph_features,1.0,exposure_80,uniform,pooled_reference,5,0.1088415384445713,0.8539999999999999,192.4,170.8,1.0,5674.0,840.0,5074.0
allocation,weibo_gadbench,hgb_graph_features,1.0,exposure_80,uniform,pooled_reference,6,0.0990904951838997,0.8373056994818653,179.6,161.6,1.0,5674.0,840.0,5094.0
allocation,weibo_gadbench,hgb_graph_features,1.0,exposure_80,uniform,pooled_reference,7,0.07791167660759585,0.8581632653061224,182.6,168.2,1.0,5674.0,840.0,5085.0
allocation,weibo_gadbench,hgb_graph_features,1.0,exposure_80,uniform,pooled_reference,8,0.10338064713064714,0.8649484536082473,187.2,167.8,1.0,5674.0,840.0,5091.0
allocation,weibo_gadbench,hgb_graph_features,1.0,exposure_80,uniform,pooled_reference,9,0.10008263591661296,0.8724489795918368,190.2,171.0,1.0,5674.0,840.0,5086.0
allocation,weibo_gadbench,hgb_graph_features,1.0,exposure_80,uniform,pooled_stratum,0,0.0,0.0,0.0,0.0,0.0,5673.0,840.0,5081.0
allocation,weibo_gadbench,hgb_graph_features,1.0,exposure_80,uniform,pooled_stratum,1,0.07242061426340449,0.22666666666666666,50.2,44.2,0.6,5674.0,840.0,5089.0
allocation,weibo_gadbench,hgb_graph_features,1.0,exposure_80,uniform,pooled_stratum,2,0.032732732732732736,0.06871794871794872,14.6,13.4,0.4,5674.0,840.0,5088.0
allocation,weibo_gadbench,hgb_graph_features,1.0,exposure_80,uniform,pooled_stratum,3,0.0,0.0,0.0,0.0,0.0,5673.0,840.0,5081.0
allocation,weibo_gadbench,hgb_graph_features,1.0,exposure_80,uniform,pooled_stratum,4,0.10254412474237104,0.5887179487179488,128.0,114.8,1.0,5674.0,840.0,5089.0
allocation,weibo_gadbench,hgb_graph_features,1.0,exposure_80,uniform,pooled_stratum,5,0.10897929236646524,0.49799999999999994,112.0,99.6,1.0,5674.0,840.0,5074.0
allocation,weibo_gadbench,hgb_graph_features,1.0,exposure_80,uniform,pooled_stratum,6,0.11308626155997854,0.4362694300518134,95.4,84.2,1.0,5674.0,840.0,5094.0
allocation,weibo_gadbench,hgb_graph_features,1.0,exposure_80,uniform,pooled_stratum,7,0.10582611756218716,0.3479591836734694,76.4,68.2,1.0,5674.0,840.0,5085.0
allocation,weibo_gadbench,hgb_graph_features,1.0,exposure_80,uniform,pooled_stratum,8,0.009523809523809523,0.041237113402061855,8.4,8.0,0.2,5674.0,840.0,5091.0
allocation,weibo_gadbench,hgb_graph_features,1.0,exposure_80,uniform,pooled_stratum,9,0.0648327796234773,0.2785714285714286,61.8,54.6,0.6,5674.0,840.0,5086.0
allocation,weibo_gadbench,hgb_graph_features,1.0,exposure_80,uniform,size_alpha,0,0.0,0.0,0.0,0.0,0.0,5673.0,840.0,5081.0
allocation,weibo_gadbench,hgb_graph_features,1.0,exposure_80,uniform,size_alpha,1,0.0022988505747126436,0.0882051282051282,17.4,17.2,0.2,5674.0,840.0,5089.0
allocation,weibo_gadbench,hgb_graph_features,1.0,exposure_80,uniform,size_alpha,2,0.0,0.0,0.0,0.0,0.0,5674.0,840.0,5088.0
allocation,weibo_gadbench,hgb_graph_features,1.0,exposure_80,uniform,size_alpha,3,0.0,0.0,0.0,0.0,0.0,5673.0,840.0,5081.0
allocation,weibo_gadbench,hgb_graph_features,1.0,exposure_80,uniform,size_alpha,4,0.016113133930855426,0.5856410256410257,116.2,114.2,1.0,5674.0,840.0,5089.0
allocation,weibo_gadbench,hgb_graph_features,1.0,exposure_80,uniform,size_alpha,5,0.007127659574468086,0.483,97.4,96.6,1.0,5674.0,840.0,5074.0
allocation,weibo_gadbench,hgb_graph_features,1.0,exposure_80,uniform,size_alpha,6,0.015996556082322876,0.4362694300518134,85.8,84.2,1.0,5674.0,840.0,5094.0
allocation,weibo_gadbench,hgb_graph_features,1.0,exposure_80,uniform,size_alpha,7,0.008080059303187547,0.21836734693877552,43.4,42.8,0.6,5674.0,840.0,5085.0
allocation,weibo_gadbench,hgb_graph_features,1.0,exposure_80,uniform,size_alpha,8,0.004878048780487805,0.041237113402061855,8.2,8.0,0.2,5674.0,840.0,5091.0
allocation,weibo_gadbench,hgb_graph_features,1.0,exposure_80,uniform,size_alpha,9,0.01290921755282099,0.1877551020408163,38.2,36.8,0.4,5674.0,840.0,5086.0
allocation,weibo_gadbench,hgb_graph_features,1.0,zero_exposure,uniform,equal_alpha,0,0.03366040395655,0.5757575757575758,118.0,114.0,1.0,5673.0,840.0,5081.0
allocation,weibo_gadbench,hgb_graph_features,1.0,zero_exposure,uniform,equal_alpha,1,0.02861032868909185,0.6266666666666667,126.0,122.2,1.0,5674.0,840.0,5089.0
allocation,weibo_gadbench,hgb_graph_features,1.0,zero_exposure,uniform,equal_alpha,2,0.03232244961428915,0.6512820512820513,131.4,127.0,1.0,5674.0,840.0,5088.0
allocation,weibo_gadbench,hgb_graph_features,1.0,zero_exposure,uniform,equal_alpha,3,0.021592775392653342,0.6050505050505051,122.6,119.8,1.0,5673.0,840.0,5081.0
allocation,weibo_gadbench,hgb_graph_features,1.0,zero_exposure,uniform,equal_alpha,4,0.030663013207962275,0.7282051282051282,146.6,142.0,1.0,5674.0,840.0,5089.0
allocation,weibo_gadbench,hgb_graph_features,1.0,zero_exposure,uniform,equal_alpha,5,0.04595725872034452,0.714,150.0,142.8,1.0,5674.0,840.0,5074.0
allocation,weibo_gadbench,hgb_graph_features,1.0,zero_exposure,uniform,equal_alpha,6,0.03866918642595013,0.7191709844559585,144.4,138.8,1.0,5674.0,840.0,5094.0
allocation,weibo_gadbench,hgb_graph_features,1.0,zero_exposure,uniform,equal_alpha,7,0.02642236891573409,0.7479591836734694,150.6,146.6,1.0,5674.0,840.0,5085.0
allocation,weibo_gadbench,hgb_graph_features,1.0,zero_exposure,uniform,equal_alpha,8,0.0492637571790899,0.6752577319587629,138.0,131.0,1.0,5674.0,840.0,5091.0
allocation,weibo_gadbench,hgb_graph_features,1.0,zero_exposure,uniform,equal_alpha,9,0.04262782362825243,0.689795918367347,141.4,135.2,1.0,5674.0,840.0,5086.0
allocation,weibo_gadbench,hgb_graph_features,1.0,zero_exposure,uniform,filtered_low,0,0.3071358305770734,0.9717171717171716,278.0,192.4,1.0,5673.0,840.0,5081.0
allocation,weibo_gadbench,hgb_graph_features,1.0,zero_exposure,uniform,filtered_low,1,0.3044918635816579,0.9835897435897436,275.8,191.8,1.0,5674.0,840.0,5089.0
allocation,weibo_gadbench,hgb_graph_features,1.0,zero_exposure,uniform,filtered_low,2,0.300616598214393,0.9825641025641026,274.2,191.6,1.0,5674.0,840.0,5088.0
allocation,weibo_gadbench,hgb_graph_features,1.0,zero_exposure,uniform,filtered_low,3,0.35738709030251237,0.9747474747474747,300.4,193.0,1.0,5673.0,840.0,5081.0
allocation,weibo_gadbench,hgb_graph_features,1.0,zero_exposure,uniform,filtered_low,4,0.3061480275777468,0.9825641025641026,276.2,191.6,1.0,5674.0,840.0,5089.0
allocation,weibo_gadbench,hgb_graph_features,1.0,zero_exposure,uniform,filtered_low,5,0.2930571873166857,0.96,272.2,192.0,1.0,5674.0,840.0,5074.0
allocation,weibo_gadbench,hgb_graph_features,1.0,zero_exposure,uniform,filtered_low,6,0.3434965925194733,0.9823834196891191,289.4,189.6,1.0,5674.0,840.0,5094.0
allocation,weibo_gadbench,hgb_graph_features,1.0,zero_exposure,uniform,filtered_low,7,0.2710771699523334,0.9775510204081632,263.0,191.6,1.0,5674.0,840.0,5085.0
allocation,weibo_gadbench,hgb_graph_features,1.0,zero_exposure,uniform,filtered_low,8,0.311384666702728,0.9783505154639176,275.8,189.8,1.0,5674.0,840.0,5091.0
allocation,weibo_gadbench,hgb_graph_features,1.0,zero_exposure,uniform,filtered_low,9,0.3110063477183645,0.9816326530612244,279.4,192.4,1.0,5674.0,840.0,5086.0
allocation,weibo_gadbench,hgb_graph_features,1.0,zero_exposure,uniform,pooled_reference,0,0.08157571428224322,0.8313131313131313,179.2,164.6,1.0,5673.0,840.0,5081.0
allocation,weibo_gadbench,hgb_graph_features,1.0,zero_exposure,uniform,pooled_reference,1,0.10160356599132081,0.8564102564102564,186.0,167.0,1.0,5674.0,840.0,5089.0
allocation,weibo_gadbench,hgb_graph_features,1.0,zero_exposure,uniform,pooled_reference,2,0.10035698970361076,0.8512820512820513,184.6,166.0,1.0,5674.0,840.0,5088.0
allocation,weibo_gadbench,hgb_graph_features,1.0,zero_exposure,uniform,pooled_reference,3,0.08395224726177215,0.7898989898989899,171.0,156.4,1.0,5673.0,840.0,5081.0
allocation,weibo_gadbench,hgb_graph_features,1.0,zero_exposure,uniform,pooled_reference,4,0.07281790010572067,0.8676923076923077,182.6,169.2,1.0,5674.0,840.0,5089.0
allocation,weibo_gadbench,hgb_graph_features,1.0,zero_exposure,uniform,pooled_reference,5,0.1088415384445713,0.8539999999999999,192.4,170.8,1.0,5674.0,840.0,5074.0
allocation,weibo_gadbench,hgb_graph_features,1.0,zero_exposure,uniform,pooled_reference,6,0.0990904951838997,0.8373056994818653,179.6,161.6,1.0,5674.0,840.0,5094.0
allocation,weibo_gadbench,hgb_graph_features,1.0,zero_exposure,uniform,pooled_reference,7,0.07791167660759585,0.8581632653061224,182.6,168.2,1.0,5674.0,840.0,5085.0
allocation,weibo_gadbench,hgb_graph_features,1.0,zero_exposure,uniform,pooled_reference,8,0.10338064713064714,0.8649484536082473,187.2,167.8,1.0,5674.0,840.0,5091.0
allocation,weibo_gadbench,hgb_graph_features,1.0,zero_exposure,uniform,pooled_reference,9,0.10008263591661296,0.8724489795918368,190.2,171.0,1.0,5674.0,840.0,5086.0
allocation,weibo_gadbench,hgb_graph_features,1.0,zero_exposure,uniform,pooled_stratum,0,0.10303485466206301,0.5545454545454546,122.4,109.8,1.0,5673.0,840.0,5081.0
allocation,weibo_gadbench,hgb_graph_features,1.0,zero_exposure,uniform,pooled_stratum,1,0.0833868381742739,0.601025641025641,128.2,117.2,1.0,5674.0,840.0,5089.0
allocation,weibo_gadbench,hgb_graph_features,1.0,zero_exposure,uniform,pooled_stratum,2,0.07828012135090708,0.6041025641025641,128.0,117.8,1.0,5674.0,840.0,5088.0
allocation,weibo_gadbench,hgb_graph_features,1.0,zero_exposure,uniform,pooled_stratum,3,0.07929568853348391,0.5717171717171717,123.8,113.2,1.0,5673.0,840.0,5081.0
allocation,weibo_gadbench,hgb_graph_features,1.0,zero_exposure,uniform,pooled_stratum,4,0.09070469109348998,0.6871794871794872,147.4,134.0,1.0,5674.0,840.0,5089.0
allocation,weibo_gadbench,hgb_graph_features,1.0,zero_exposure,uniform,pooled_stratum,5,0.10023082115722885,0.6599999999999999,147.0,132.0,1.0,5674.0,840.0,5074.0
allocation,weibo_gadbench,hgb_graph_features,1.0,zero_exposure,uniform,pooled_stratum,6,0.10288834352653002,0.7015544041450777,151.2,135.4,1.0,5674.0,840.0,5094.0
allocation,weibo_gadbench,hgb_graph_features,1.0,zero_exposure,uniform,pooled_stratum,7,0.08020392245877447,0.6836734693877551,145.8,134.0,1.0,5674.0,840.0,5085.0
allocation,weibo_gadbench,hgb_graph_features,1.0,zero_exposure,uniform,pooled_stratum,8,0.0756102575117623,0.634020618556701,133.2,123.0,1.0,5674.0,840.0,5091.0
allocation,weibo_gadbench,hgb_graph_features,1.0,zero_exposure,uniform,pooled_stratum,9,0.10682678294499034,0.6724489795918368,147.6,131.8,1.0,5674.0,840.0,5086.0
allocation,weibo_gadbench,hgb_graph_features,1.0,zero_exposure,uniform,size_alpha,0,0.02502150813613264,0.5404040404040404,109.8,107.0,1.0,5673.0,840.0,5081.0
allocation,weibo_gadbench,hgb_graph_features,1.0,zero_exposure,uniform,size_alpha,1,0.024022501562608514,0.5928205128205128,118.6,115.6,1.0,5674.0,840.0,5089.0
allocation,weibo_gadbench,hgb_graph_features,1.0,zero_exposure,uniform,size_alpha,2,0.026046847484149493,0.5764102564102564,115.6,112.4,1.0,5674.0,840.0,5088.0
allocation,weibo_gadbench,hgb_graph_features,1.0,zero_exposure,uniform,size_alpha,3,0.018455555753494612,0.5424242424242425,109.6,107.4,1.0,5673.0,840.0,5081.0
allocation,weibo_gadbench,hgb_graph_features,1.0,zero_exposure,uniform,size_alpha,4,0.02562303508015288,0.6758974358974359,135.4,131.8,1.0,5674.0,840.0,5089.0
allocation,weibo_gadbench,hgb_graph_features,1.0,zero_exposure,uniform,size_alpha,5,0.03587035481660565,0.656,136.2,131.2,1.0,5674.0,840.0,5074.0
allocation,weibo_gadbench,hgb_graph_features,1.0,zero_exposure,uniform,size_alpha,6,0.03175969388041565,0.6839378238341969,136.4,132.0,1.0,5674.0,840.0,5094.0
allocation,weibo_gadbench,hgb_graph_features,1.0,zero_exposure,uniform,size_alpha,7,0.022146387399147573,0.6642857142857143,133.2,130.2,1.0,5674.0,840.0,5085.0
allocation,weibo_gadbench,hgb_graph_features,1.0,zero_exposure,uniform,size_alpha,8,0.04096568536975513,0.6268041237113402,127.0,121.6,1.0,5674.0,840.0,5091.0
allocation,weibo_gadbench,hgb_graph_features,1.0,zero_exposure,uniform,size_alpha,9,0.03703614634453338,0.6612244897959184,134.8,129.6,1.0,5674.0,840.0,5086.0
