phase,dataset,model,label_fraction,design,scenario,method,fdp_mean,fdp_std,power_mean,power_std,discoveries_mean,discoveries_std,true_discoveries_mean,true_discoveries_std,nonempty_mean,nonempty_std,reference_labels_mean,reference_labels_std,training_labels_mean,training_labels_std,n_reference_mean,n_reference_std
acquisition,amazon,hgb_attributes,0.0,exposure_80,moderate,equal_alpha,0.048486013322864355,0.010015769886199564,0.3740758816030296,0.07325818780081625,73.65599999999999,14.237071484137617,69.252,13.152017842648071,0.958,0.0649444206824403,2447.412,5.141925277126809,864.0,0.0,2283.868,7.533080821726753
acquisition,amazon,hgb_attributes,0.0,exposure_80,moderate,pooled_reference,0.10159728044172481,0.011064652449382793,0.7890802133997317,0.02235052113062895,163.01,5.562223775913135,146.224,4.61605699945551,1.0,0.0,2447.412,5.141925277126809,864.0,0.0,2283.868,7.533080821726753
acquisition,amazon,hgb_attributes,0.0,exposure_80,moderate,pooled_stratum,0.07121594291557116,0.012559577373151457,0.31334221835594145,0.035527328690775205,62.90599999999999,7.4826439177606225,58.1,6.965674570508029,1.0,0.0,2447.412,5.141925277126809,864.0,0.0,2283.868,7.533080821726753
acquisition,amazon,hgb_attributes,0.0,exposure_80,moderate,size_alpha,0.07125249603039571,0.012502128121479961,0.3114913665398052,0.035846930269478154,62.513999999999996,7.555383952299626,57.757999999999996,7.025031118950449,1.0,0.0,2447.412,5.141925277126809,864.0,0.0,2283.868,7.533080821726753
acquisition,amazon,hgb_attributes,0.0,exposure_80,moderate,uniform_counterfactual,0.08716055734048463,0.014072296437365748,0.7780140306009511,0.020457200758961132,158.238,5.31884239703005,144.172,4.2383455891813835,1.0,0.0,2448.918,2.7077739935231677,864.0,0.0,2215.552,4.389028746013491
acquisition,amazon,hgb_attributes,0.0,exposure_80,moderate,weighted_bh,0.08584212798613737,0.01299787234119742,0.7573800510757859,0.02141656780068752,154.212,5.5805073445182725,140.334,3.839352375943974,0.994,0.013498971154211068,2447.412,5.141925277126809,864.0,0.0,2283.868,7.533080821726753
acquisition,amazon,hgb_attributes,0.0,exposure_80,moderate,weighted_by,0.0005052664531963777,0.0011221223037506556,0.0038955433049865608,0.006909603612024267,0.76,1.3534482709812823,0.728,1.2899681305279513,0.012,0.021499353995462798,2447.412,5.141925277126809,864.0,0.0,2283.868,7.533080821726753
acquisition,amazon,hgb_attributes,0.0,exposure_80,neutral,equal_alpha,0.04303233544897792,0.009579663191301052,0.6147615126235644,0.06294998739346984,119.244,11.889352098972141,113.85,10.990408950029515,1.0,0.0,2915.29,3.4232181090638596,864.0,0.0,2637.546,5.571882187475945
acquisition,amazon,hgb_attributes,0.0,exposure_80,neutral,pooled_reference,0.08834568622555392,0.013274089236800225,0.7794120518821412,0.020368047684904304,158.68800000000002,5.131230738223418,144.432,4.260017736008982,1.0,0.0,2915.29,3.4232181090638596,864.0,0.0,2637.546,5.571882187475945
acquisition,amazon,hgb_attributes,0.0,exposure_80,neutral,pooled_stratum,0.08609788130128208,0.010342746081899008,0.6663295645948757,0.05714404006195862,135.534,12.47410134817112,123.44000000000001,10.269770093715724,1.0,0.0,2915.29,3.4232181090638596,864.0,0.0,2637.546,5.571882187475945
acquisition,amazon,hgb_attributes,0.0,exposure_80,neutral,size_alpha,0.06544499787726207,0.008523053843395384,0.4057605597540495,0.04720842762182201,80.45,9.59264185601536,75.17999999999999,8.711137188169586,1.0,0.0,2915.29,3.4232181090638596,864.0,0.0,2637.546,5.571882187475945
acquisition,amazon,hgb_attributes,0.0,exposure_80,neutral,uniform_counterfactual,0.08834568622555392,0.013274089236800225,0.7794120518821412,0.020368047684904304,158.68800000000002,5.131230738223418,144.432,4.260017736008982,1.0,0.0,2915.29,3.4232181090638596,864.0,0.0,2637.546,5.571882187475945
acquisition,amazon,hgb_attributes,0.0,exposure_80,neutral,weighted_bh,0.08834568622555392,0.013274089236800225,0.7794120518821412,0.020368047684904304,158.68800000000002,5.131230738223418,144.432,4.260017736008982,1.0,0.0,2915.29,3.4232181090638596,864.0,0.0,2637.546,5.571882187475945
acquisition,amazon,hgb_attributes,0.0,exposure_80,neutral,weighted_by,0.00458068362443653,0.0032011264366749418,0.10020556411041881,0.08290192691439385,18.958,15.543099790939744,18.497999999999998,15.207654359272869,0.21000000000000002,0.1592342788332825,2915.29,3.4232181090638596,864.0,0.0,2637.546,5.571882187475945
acquisition,amazon,hgb_attributes,0.0,exposure_80,severe,equal_alpha,0.042272231250233515,0.00889856649288911,0.2581646648305464,0.045310897127497654,50.374,8.691569606361224,47.866,8.619280970269182,0.946,0.08591985930052622,2359.79,4.729615911114361,864.0,0.0,2217.6639999999998,8.207101531939072
acquisition,amazon,hgb_attributes,0.0,exposure_80,severe,pooled_reference,0.1052089132485166,0.01048517813210233,0.7912632632090879,0.02290580791627626,164.122,5.876722064401396,146.63,4.76085193123154,1.0,0.0,2359.79,4.729615911114361,864.0,0.0,2217.6639999999998,8.207101531939072
acquisition,amazon,hgb_attributes,0.0,exposure_80,severe,pooled_stratum,0.07125249603039571,0.012502128121479961,0.3114913665398052,0.035846930269478154,62.513999999999996,7.555383952299626,57.757999999999996,7.025031118950449,1.0,0.0,2359.79,4.729615911114361,864.0,0.0,2217.6639999999998,8.207101531939072
acquisition,amazon,hgb_attributes,0.0,exposure_80,severe,size_alpha,0.07125249603039571,0.012502128121479961,0.3114913665398052,0.035846930269478154,62.513999999999996,7.555383952299626,57.757999999999996,7.025031118950449,1.0,0.0,2359.79,4.729615911114361,864.0,0.0,2217.6639999999998,8.207101531939072
acquisition,amazon,hgb_attributes,0.0,exposure_80,severe,uniform_counterfactual,0.08711235409794514,0.013699874393065982,0.7773864078263533,0.020727033693194775,158.128,5.401211386758012,144.05599999999998,4.2938902330326645,1.0,0.0,2361.91,2.6086735667341983,864.0,0.0,2136.7580000000003,4.377624419197679
acquisition,amazon,hgb_attributes,0.0,exposure_80,severe,weighted_bh,0.07486803509379936,0.014721663160025603,0.3855546171998703,0.06972564923167093,78.932,15.258338922263677,71.482,13.212487191205817,0.9879999999999999,0.016865480854231365,2359.79,4.729615911114361,864.0,0.0,2217.6639999999998,8.207101531939072
acquisition,amazon,hgb_attributes,0.0,exposure_80,severe,weighted_by,0.0013663626525445781,0.0020384657746304186,0.007678162844262401,0.010895823589821316,1.514,2.149130056557769,1.428,2.0302862414502596,0.024,0.033730961708462716,2359.79,4.729615911114361,864.0,0.0,2217.6639999999998,8.207101531939072
acquisition,amazon,hgb_attributes,0.0,zero_exposure,moderate,equal_alpha,0.046693607324362243,0.00833936548136051,0.45470415050261526,0.06709601609726372,89.08,13.056730916359662,84.186,11.884559731012333,0.952,0.05432413009990229,1441.66,66.63894423600127,864.0,0.0,1305.898,60.857829551979385
acquisition,amazon,hgb_attributes,0.0,zero_exposure,moderate,pooled_reference,0.08488911620384296,0.007975531032572182,0.7741587970707029,0.022388409073373076,157.152,5.682207708667857,143.45999999999998,4.637288479752408,1.0,0.0,1441.66,66.63894423600127,864.0,0.0,1305.898,60.857829551979385
acquisition,amazon,hgb_attributes,0.0,zero_exposure,moderate,pooled_stratum,0.07891175563633593,0.00891908563071761,0.7275614441284308,0.030827407448940785,147.28,6.743925661907414,134.794,5.245815687023531,0.99,0.025385910352879678,1441.66,66.63894423600127,864.0,0.0,1305.898,60.857829551979385
acquisition,amazon,hgb_attributes,0.0,zero_exposure,moderate,size_alpha,0.04224196035920051,0.008993845915994274,0.46306783395918866,0.08690454391141791,90.482,16.9166596387506,85.726,15.588140933984969,0.9259999999999999,0.07777460310981267,1441.66,66.63894423600127,864.0,0.0,1305.898,60.857829551979385
acquisition,amazon,hgb_attributes,0.0,zero_exposure,moderate,uniform_counterfactual,0.08621538120671249,0.012624772368729786,0.771922498545556,0.019833444237562198,157.03199999999998,5.212346027568687,143.04000000000002,4.0053186861694,1.0,0.0,1443.01,64.047101591112,864.0,0.0,1305.794,57.43626810068124
acquisition,amazon,hgb_attributes,0.0,zero_exposure,moderate,weighted_bh,0.08354628386537649,0.012818859451136913,0.7525365870309159,0.024510350010747056,152.996,6.142564068313282,139.434,4.353298111138771,0.99,0.016996731711975986,1441.66,66.63894423600127,864.0,0.0,1305.898,60.857829551979385
acquisition,amazon,hgb_attributes,0.0,zero_exposure,moderate,weighted_by,0.00016250000000000002,0.0005138701197773617,0.0012659574468085106,0.004003308952766353,0.248,0.7842448597217581,0.238,0.7526220831200743,0.004,0.01264911064067352,1441.66,66.63894423600127,864.0,0.0,1305.898,60.857829551979385
acquisition,amazon,hgb_attributes,0.0,zero_exposure,neutral,equal_alpha,0.044131003838364186,0.008578812788116383,0.6346407019640237,0.05348234751843581,123.39200000000001,10.131426136312482,117.54,9.146413990679013,0.9960000000000001,0.012649110640673528,2915.29,3.4232181090638596,864.0,0.0,2637.546,5.571882187475945
acquisition,amazon,hgb_attributes,0.0,zero_exposure,neutral,pooled_reference,0.08834568622555392,0.013274089236800225,0.7794120518821412,0.020368047684904304,158.68800000000002,5.131230738223418,144.432,4.260017736008982,1.0,0.0,2915.29,3.4232181090638596,864.0,0.0,2637.546,5.571882187475945
acquisition,amazon,hgb_attributes,0.0,zero_exposure,neutral,pooled_stratum,0.08578429778857556,0.01153596927927023,0.7748089014937224,0.01906515622046621,157.318,4.941735637517557,143.578,4.001737955772048,1.0,0.0,2915.29,3.4232181090638596,864.0,0.0,2637.546,5.571882187475945
acquisition,amazon,hgb_attributes,0.0,zero_exposure,neutral,size_alpha,0.05000092291685656,0.009680388036040181,0.6205246965604998,0.06531994151784164,121.34400000000001,12.476173914929026,114.92999999999999,11.549850407881673,0.9960000000000001,0.012649110640673528,2915.29,3.4232181090638596,864.0,0.0,2637.546,5.571882187475945
acquisition,amazon,hgb_attributes,0.0,zero_exposure,neutral,uniform_counterfactual,0.08834568622555392,0.013274089236800225,0.7794120518821412,0.020368047684904304,158.68800000000002,5.131230738223418,144.432,4.260017736008982,1.0,0.0,2915.29,3.4232181090638596,864.0,0.0,2637.546,5.571882187475945
acquisition,amazon,hgb_attributes,0.0,zero_exposure,neutral,weighted_bh,0.08834568622555392,0.013274089236800225,0.7794120518821412,0.020368047684904304,158.68800000000002,5.131230738223418,144.432,4.260017736008982,1.0,0.0,2915.29,3.4232181090638596,864.0,0.0,2637.546,5.571882187475945
acquisition,amazon,hgb_attributes,0.0,zero_exposure,neutral,weighted_by,0.00458068362443653,0.0032011264366749418,0.10020556411041881,0.08290192691439385,18.958,15.543099790939744,18.497999999999998,15.207654359272869,0.21000000000000002,0.1592342788332825,2915.29,3.4232181090638596,864.0,0.0,2637.546,5.571882187475945
acquisition,amazon,hgb_attributes,0.0,zero_exposure,severe,equal_alpha,0.03765867077112095,0.008052263753742012,0.2160324415088198,0.05244777626586392,42.010000000000005,9.919432107400773,40.058,9.9007494665808,0.8939999999999999,0.12473972903610141,1165.52,79.09703126891392,864.0,0.0,1056.404,72.28262419143347
acquisition,amazon,hgb_attributes,0.0,zero_exposure,severe,pooled_reference,0.08327026508859636,0.011157216357381955,0.770580484211281,0.025266427364112973,156.24200000000002,6.8885699209310145,142.798,5.149925134299416,1.0,0.0,1165.52,79.09703126891392,864.0,0.0,1056.404,72.28262419143347
acquisition,amazon,hgb_attributes,0.0,zero_exposure,severe,pooled_stratum,0.03223891199239363,0.008518285196965328,0.19362644425567174,0.06378212555418666,39.052,12.086595697530202,35.904,11.960214788112198,0.772,0.2422487243401799,1165.52,79.09703126891392,864.0,0.0,1056.404,72.28262419143347
acquisition,amazon,hgb_attributes,0.0,zero_exposure,severe,size_alpha,0.025672562403770777,0.00731890054351007,0.17228217163741402,0.06891791792318415,33.354,12.789898965807179,31.939999999999998,12.903942549985773,0.768,0.24607135369870084,1165.52,79.09703126891392,864.0,0.0,1056.404,72.28262419143347
acquisition,amazon,hgb_attributes,0.0,zero_exposure,severe,uniform_counterfactual,0.0853406512500092,0.012067940938123052,0.7697634822010635,0.018616297366436118,156.478,4.896687769412207,142.64000000000001,3.802174816250999,1.0,0.0,1167.576,77.96884209591532,864.0,0.0,1056.328,70.05048922027598
acquisition,amazon,hgb_attributes,0.0,zero_exposure,severe,weighted_bh,0.06662459338851248,0.01203459872824805,0.3450130186434363,0.053346043343121936,70.34200000000001,10.988699043411216,63.962,10.14597654245268,0.9800000000000001,0.02828427124746191,1165.52,79.09703126891392,864.0,0.0,1056.404,72.28262419143347
acquisition,amazon,hgb_attributes,0.0,zero_exposure,severe,weighted_by,0.0001350877192982456,0.00042718487689993894,0.0017612674445207047,0.004010461192529777,0.33799999999999997,0.7756545622891674,0.32999999999999996,0.7527874128124677,0.006,0.013498971154211057,1165.52,79.09703126891392,864.0,0.0,1056.404,72.28262419143347
acquisition,amazon,hgb_graph_features,0.0,exposure_80,moderate,equal_alpha,0.05080563937119239,0.007776731453770545,0.3668089494713482,0.06537308172939134,72.304,12.374234162610268,67.914,11.693489356617775,0.954,0.06535373831014653,2447.412,5.141925277126809,864.0,0.0,2283.868,7.533080821726753
acquisition,amazon,hgb_graph_features,0.0,exposure_80,moderate,pooled_reference,0.11522723639525415,0.020040904262905227,0.8058148540920292,0.019334695477108803,169.096,5.862171004746363,149.31,3.4803607731255566,1.0,0.0,2447.412,5.141925277126809,864.0,0.0,2283.868,7.533080821726753
acquisition,amazon,hgb_graph_features,0.0,exposure_80,moderate,pooled_stratum,0.08032293718570566,0.012301208628803316,0.31843018270560525,0.047389215954317915,64.676,9.997203164441096,59.041999999999994,9.080222464235112,1.0,0.0,2447.412,5.141925277126809,864.0,0.0,2283.868,7.533080821726753
acquisition,amazon,hgb_graph_features,0.0,exposure_80,moderate,size_alpha,0.08010282527689992,0.01197810347413523,0.3144080922711715,0.0453173832220317,63.772000000000006,9.456140626891898,58.298,8.717213877023884,1.0,0.0,2447.412,5.141925277126809,864.0,0.0,2283.868,7.533080821726753
acquisition,amazon,hgb_graph_features,0.0,exposure_80,moderate,uniform_counterfactual,0.08957326412503466,0.01814535095509749,0.787453439263631,0.018265088742311184,160.606,5.22748335456194,145.91199999999998,3.4803345943872817,1.0,0.0,2448.918,2.7077739935231677,864.0,0.0,2215.552,4.389028746013491
acquisition,amazon,hgb_graph_features,0.0,exposure_80,moderate,weighted_bh,0.08922215888373677,0.016347335737583235,0.7715999841079537,0.02073819507665061,157.656,5.790197079739358,142.974,3.9074293908456506,1.0,0.0,2447.412,5.141925277126809,864.0,0.0,2283.868,7.533080821726753
acquisition,amazon,hgb_graph_features,0.0,exposure_80,moderate,weighted_by,0.0003692445269910058,0.0009103279221967005,0.002684261974584555,0.006358027558491853,0.524,1.2411034516823236,0.5,1.1831783936123543,0.008,0.019321835661585917,2447.412,5.141925277126809,864.0,0.0,2283.868,7.533080821726753
acquisition,amazon,hgb_graph_features,0.0,exposure_80,neutral,equal_alpha,0.04256320396121181,0.005434755909978862,0.6097845302590074,0.04383264652441507,118.252,8.416825477049592,112.97,7.797151901673952,0.9960000000000001,0.008432740427115693,2915.29,3.4232181090638596,864.0,0.0,2637.546,5.571882187475945
acquisition,amazon,hgb_graph_features,0.0,exposure_80,neutral,pooled_reference,0.09043904634842223,0.01867408294350768,0.7890484983951331,0.019539175220965835,161.05,5.447456083143565,146.208,3.7306561829731173,1.0,0.0,2915.29,3.4232181090638596,864.0,0.0,2637.546,5.571882187475945
acquisition,amazon,hgb_graph_features,0.0,exposure_80,neutral,pooled_stratum,0.09444199536866218,0.014195979159230748,0.6830989441529233,0.0568658237130758,140.222,13.296166364783494,126.59400000000001,10.786007602444942,1.0,0.0,2915.29,3.4232181090638596,864.0,0.0,2637.546,5.571882187475945
acquisition,amazon,hgb_graph_features,0.0,exposure_80,neutral,size_alpha,0.0735787481503507,0.008590212256427598,0.4126263403881679,0.0696672552580657,82.454,13.957408387264767,76.47200000000001,12.990143956092252,1.0,0.0,2915.29,3.4232181090638596,864.0,0.0,2637.546,5.571882187475945
acquisition,amazon,hgb_graph_features,0.0,exposure_80,neutral,uniform_counterfactual,0.09043904634842223,0.01867408294350768,0.7890484983951331,0.019539175220965835,161.05,5.447456083143565,146.208,3.7306561829731173,1.0,0.0,2915.29,3.4232181090638596,864.0,0.0,2637.546,5.571882187475945
acquisition,amazon,hgb_graph_features,0.0,exposure_80,neutral,weighted_bh,0.09043904634842223,0.01867408294350768,0.7890484983951331,0.019539175220965835,161.05,5.447456083143565,146.208,3.7306561829731173,1.0,0.0,2915.29,3.4232181090638596,864.0,0.0,2637.546,5.571882187475945
acquisition,amazon,hgb_graph_features,0.0,exposure_80,neutral,weighted_by,0.004151332668130672,0.0024588406265743288,0.08977752430013249,0.061334374367487454,17.048000000000002,11.568548165896475,16.642,11.42164203022782,0.192,0.14733182502998687,2915.29,3.4232181090638596,864.0,0.0,2637.546,5.571882187475945
acquisition,amazon,hgb_graph_features,0.0,exposure_80,severe,equal_alpha,0.044658138309245074,0.006602878637620763,0.24593724118773638,0.057215530632968456,48.25,11.160988606152534,45.61,10.807479920047143,0.932,0.08804039476916893,2359.79,4.729615911114361,864.0,0.0,2217.6639999999998,8.207101531939072
acquisition,amazon,hgb_graph_features,0.0,exposure_80,severe,pooled_reference,0.12143182858624746,0.019809658936464518,0.8093783111428954,0.018720655076936425,171.042,5.732166160265131,149.96999999999997,3.34786499130416,1.0,0.0,2359.79,4.729615911114361,864.0,0.0,2217.6639999999998,8.207101531939072
acquisition,amazon,hgb_graph_features,0.0,exposure_80,severe,pooled_stratum,0.08010282527689992,0.01197810347413523,0.3144080922711715,0.0453173832220317,63.772000000000006,9.456140626891898,58.298,8.717213877023884,1.0,0.0,2359.79,4.729615911114361,864.0,0.0,2217.6639999999998,8.207101531939072
acquisition,amazon,hgb_graph_features,0.0,exposure_80,severe,size_alpha,0.08010282527689992,0.01197810347413523,0.3144080922711715,0.0453173832220317,63.772000000000006,9.456140626891898,58.298,8.717213877023884,1.0,0.0,2359.79,4.729615911114361,864.0,0.0,2217.6639999999998,8.207101531939072
acquisition,amazon,hgb_graph_features,0.0,exposure_80,severe,uniform_counterfactual,0.08963292143973321,0.017728397671748698,0.7869350442770007,0.018501809532650317,160.51600000000002,5.24856636510284,145.816,3.525687324637727,1.0,0.0,2361.91,2.6086735667341983,864.0,0.0,2136.7580000000003,4.377624419197679
acquisition,amazon,hgb_graph_features,0.0,exposure_80,severe,weighted_bh,0.08060718864369647,0.01492031587782798,0.436114825547229,0.08538549323376846,89.864,17.81869380422956,80.836,16.002701994073096,0.986,0.018973665961010296,2359.79,4.729615911114361,864.0,0.0,2217.6639999999998,8.207101531939072
acquisition,amazon,hgb_graph_features,0.0,exposure_80,severe,weighted_by,0.001207172640402522,0.0018776552375431934,0.006542704847578519,0.012116154101023577,1.292,2.3751715727500615,1.214,2.2538076423885176,0.02,0.03651483716701107,2359.79,4.729615911114361,864.0,0.0,2217.6639999999998,8.207101531939072
acquisition,amazon,hgb_graph_features,0.0,zero_exposure,moderate,equal_alpha,0.047527542243206405,0.007266150595415445,0.46595661027252044,0.06740373127481586,91.244,12.76277503784607,86.30199999999999,12.17920431628346,0.954,0.06931409989637348,1441.66,66.63894423600127,864.0,0.0,1305.898,60.857829551979385
acquisition,amazon,hgb_graph_features,0.0,zero_exposure,moderate,pooled_reference,0.08212195572743905,0.011651123212566847,0.7781765680961176,0.02235905403485711,157.426,4.804933113189224,144.19400000000002,4.258524000949944,1.0,0.0,1441.66,66.63894423600127,864.0,0.0,1305.898,60.857829551979385
acquisition,amazon,hgb_graph_features,0.0,zero_exposure,moderate,pooled_stratum,0.08088085586968123,0.01243012213681634,0.7391507049564433,0.03525822864323148,149.858,7.763163444541573,136.952,6.365435832158968,0.994,0.009660917830792988,1441.66,66.63894423600127,864.0,0.0,1305.898,60.857829551979385
acquisition,amazon,hgb_graph_features,0.0,zero_exposure,moderate,size_alpha,0.04403550014752643,0.010223472950635384,0.4691141414497668,0.07126097304054892,91.728,13.513296168342249,86.89,12.985377246049579,0.9359999999999999,0.10319345371140982,1441.66,66.63894423600127,864.0,0.0,1305.898,60.857829551979385
acquisition,amazon,hgb_graph_features,0.0,zero_exposure,moderate,uniform_counterfactual,0.09045461680468726,0.018456966121453682,0.7831680976646516,0.01827440829882678,160.06,5.151491693351236,145.11399999999998,3.295856658155977,1.0,0.0,1443.01,64.047101591112,864.0,0.0,1305.794,57.43626810068124
acquisition,amazon,hgb_graph_features,0.0,zero_exposure,moderate,weighted_bh,0.08698816755484487,0.014818012548593891,0.7667966455191277,0.023944369784403636,156.39000000000001,5.733777114607791,142.07999999999998,4.3546756480821935,0.998,0.006324555320336757,1441.66,66.63894423600127,864.0,0.0,1305.898,60.857829551979385
acquisition,amazon,hgb_graph_features,0.0,zero_exposure,moderate,weighted_by,0.00013448180050013893,0.00032673979055916977,0.001244091771606003,0.002625038366541447,0.24,0.5060522590492892,0.23200000000000004,0.489462290001317,0.004,0.008432740427115679,1441.66,66.63894423600127,864.0,0.0,1305.898,60.857829551979385
acquisition,amazon,hgb_graph_features,0.0,zero_exposure,neutral,equal_alpha,0.04530719370137361,0.008342515405731782,0.6393014658416891,0.038091256417252625,124.32000000000001,7.338701065810853,118.444,6.772118001203328,1.0,0.0,2915.29,3.4232181090638596,864.0,0.0,2637.546,5.571882187475945
acquisition,amazon,hgb_graph_features,0.0,zero_exposure,neutral,pooled_reference,0.09043904634842223,0.01867408294350768,0.7890484983951331,0.019539175220965835,161.05,5.447456083143565,146.208,3.7306561829731173,1.0,0.0,2915.29,3.4232181090638596,864.0,0.0,2637.546,5.571882187475945
acquisition,amazon,hgb_graph_features,0.0,zero_exposure,neutral,pooled_stratum,0.0880002796125525,0.015041605410897075,0.7831683728309421,0.02045327420400495,159.428,5.288698222520259,145.116,3.7931376633775615,1.0,0.0,2915.29,3.4232181090638596,864.0,0.0,2637.546,5.571882187475945
acquisition,amazon,hgb_graph_features,0.0,zero_exposure,neutral,size_alpha,0.05112649118301173,0.014187555599831399,0.6168912672596102,0.05408699026235468,120.66600000000001,10.332782996097638,114.29400000000001,9.87352937009974,1.0,0.0,2915.29,3.4232181090638596,864.0,0.0,2637.546,5.571882187475945
acquisition,amazon,hgb_graph_features,0.0,zero_exposure,neutral,uniform_counterfactual,0.09043904634842223,0.01867408294350768,0.7890484983951331,0.019539175220965835,161.05,5.447456083143565,146.208,3.7306561829731173,1.0,0.0,2915.29,3.4232181090638596,864.0,0.0,2637.546,5.571882187475945
acquisition,amazon,hgb_graph_features,0.0,zero_exposure,neutral,weighted_bh,0.09043904634842223,0.01867408294350768,0.7890484983951331,0.019539175220965835,161.05,5.447456083143565,146.208,3.7306561829731173,1.0,0.0,2915.29,3.4232181090638596,864.0,0.0,2637.546,5.571882187475945
acquisition,amazon,hgb_graph_features,0.0,zero_exposure,neutral,weighted_by,0.004151332668130672,0.0024588406265743288,0.08977752430013249,0.061334374367487454,17.048000000000002,11.568548165896475,16.642,11.42164203022782,0.192,0.14733182502998687,2915.29,3.4232181090638596,864.0,0.0,2637.546,5.571882187475945
acquisition,amazon,hgb_graph_features,0.0,zero_exposure,severe,equal_alpha,0.03775490047979184,0.008528756274284415,0.2087025916189636,0.06263863388062642,40.678,12.025297224323952,38.714,11.797694878426228,0.8879999999999999,0.14972567507871778,1165.52,79.09703126891392,864.0,0.0,1056.404,72.28262419143347
acquisition,amazon,hgb_graph_features,0.0,zero_exposure,severe,pooled_reference,0.079087083705047,0.011258850617850319,0.7747058212576062,0.02607990125153091,156.212,5.883077048242317,143.55,4.896313806210633,1.0,0.0,1165.52,79.09703126891392,864.0,0.0,1056.404,72.28262419143347
acquisition,amazon,hgb_graph_features,0.0,zero_exposure,severe,pooled_stratum,0.030405124528158838,0.010024698479872722,0.17070197185783023,0.0822191429185575,34.288,16.183778435348295,31.676,15.392358277188501,0.72,0.26898988002442686,1165.52,79.09703126891392,864.0,0.0,1056.404,72.28262419143347
acquisition,amazon,hgb_graph_features,0.0,zero_exposure,severe,size_alpha,0.024520150255560088,0.007836748267382085,0.1534974434674709,0.07689234220451303,29.633999999999997,14.641457274161992,28.488,14.425872436548008,0.7140000000000001,0.27179240443969566,1165.52,79.09703126891392,864.0,0.0,1056.404,72.28262419143347
acquisition,amazon,hgb_graph_features,0.0,zero_exposure,severe,uniform_counterfactual,0.09000541249695196,0.017177420885277014,0.7805552420792599,0.018220937605520893,159.51399999999998,5.123003025570052,144.632,3.388007608544515,1.0,0.0,1167.576,77.96884209591532,864.0,0.0,1056.328,70.05048922027598
acquisition,amazon,hgb_graph_features,0.0,zero_exposure,severe,weighted_bh,0.06902889967186865,0.015110968903571447,0.36657105779715893,0.07481608732270296,74.696,15.040454484858863,67.95599999999999,14.085541207604027,0.9800000000000001,0.02981423969999719,1165.52,79.09703126891392,864.0,0.0,1056.404,72.28262419143347
acquisition,amazon,hgb_graph_features,0.0,zero_exposure,severe,weighted_by,0.0003836089536387247,0.000636749132498342,0.0037364270098130974,0.0067471260315787075,0.722,1.2890461589873343,0.698,1.2585158807985786,0.012,0.021499353995462798,1165.52,79.09703126891392,864.0,0.0,1056.404,72.28262419143347
acquisition,tfinance,hgb_attributes,0.0,exposure_80,moderate,equal_alpha,0.03283035991692392,0.0056490640920088915,0.6093087693492347,0.01710260730691831,255.794,7.568496401385007,247.00799999999998,6.804699030000438,1.0,0.0,11152.704000000002,15.051200911851012,3936.0,0.0,10971.244,14.3623142672449
acquisition,tfinance,hgb_attributes,0.0,exposure_80,moderate,pooled_reference,0.10853833080141313,0.01004311775150316,0.6595571218091042,0.0065755097939591755,300.374,5.990481709437991,267.386,3.1127272786273963,1.0,0.0,11152.704000000002,15.051200911851012,3936.0,0.0,10971.244,14.3623142672449
acquisition,tfinance,hgb_attributes,0.0,exposure_80,moderate,pooled_stratum,0.0899754688081112,0.012425008130595544,0.5594949546678342,0.044639047590803775,250.72199999999998,20.41039049111996,226.796,17.821270187927443,0.942,0.06425643072011464,11152.704000000002,15.051200911851012,3936.0,0.0,10971.244,14.3623142672449
acquisition,tfinance,hgb_attributes,0.0,exposure_80,moderate,size_alpha,0.020660163394285908,0.009704078850527235,0.4699090773971163,0.08353687982378372,194.08800000000002,34.346462473513114,190.472,33.71267509739063,0.8640000000000001,0.1069994807879407,11152.704000000002,15.051200911851012,3936.0,0.0,10971.244,14.3623142672449
acquisition,tfinance,hgb_attributes,0.0,exposure_80,moderate,uniform_counterfactual,0.0942559026609783,0.010902713431832436,0.6512541772972218,0.008980064568174986,291.846,7.0456672265064135,264.02,3.9722369852095487,1.0,0.0,11154.498,13.226933633058406,3936.0,0.0,10644.179999999998,11.33970409176946
acquisition,tfinance,hgb_attributes,0.0,exposure_80,moderate,weighted_bh,0.09369172323945525,0.010796292192427859,0.6464802908536,0.010500100948918524,289.672,7.674339349054398,262.084,4.498669432917536,1.0,0.0,11152.704000000002,15.051200911851012,3936.0,0.0,10971.244,14.3623142672449
acquisition,tfinance,hgb_attributes,0.0,exposure_80,moderate,weighted_by,0.0,0.0,0.0,0.0,0.0,0.0,0.0,0.0,0.0,0.0,11152.704000000002,15.051200911851012,3936.0,0.0,10971.244,14.3623142672449
acquisition,tfinance,hgb_attributes,0.0,exposure_80,neutral,equal_alpha,0.036826370203900956,0.004994576544176378,0.6233590758536376,0.012611590044209307,262.492,5.551153633855477,252.704,4.9350879762506,1.0,0.0,13277.785999999998,15.638442803979675,3936.0,0.0,12670.011999999999,13.681192930443293
acquisition,tfinance,hgb_attributes,0.0,exposure_80,neutral,pooled_reference,0.09490502053690322,0.011044819784224079,0.6518603546702478,0.008788971156758559,292.3,7.097598968039223,264.26599999999996,3.9212588681584237,1.0,0.0,13277.785999999998,15.638442803979675,3936.0,0.0,12670.011999999999,13.681192930443293
acquisition,tfinance,hgb_attributes,0.0,exposure_80,neutral,pooled_stratum,0.09607196919216104,0.010956184433528842,0.6238721759128929,0.019352911895173082,280.096,10.493133416138798,252.91199999999998,7.731719371811445,1.0,0.0,13277.785999999998,15.638442803979675,3936.0,0.0,12670.011999999999,13.681192930443293
acquisition,tfinance,hgb_attributes,0.0,exposure_80,neutral,size_alpha,0.016123415248976307,0.0045926008426734255,0.5823259474721912,0.02478520021567634,240.046,10.72412876544187,236.07199999999997,10.038752467867262,1.0,0.0,13277.785999999998,15.638442803979675,3936.0,0.0,12670.011999999999,13.681192930443293
acquisition,tfinance,hgb_attributes,0.0,exposure_80,neutral,uniform_counterfactual,0.09490502053690322,0.011044819784224079,0.6518603546702478,0.008788971156758559,292.3,7.097598968039223,264.26599999999996,3.9212588681584237,1.0,0.0,13277.785999999998,15.638442803979675,3936.0,0.0,12670.011999999999,13.681192930443293
acquisition,tfinance,hgb_attributes,0.0,exposure_80,neutral,weighted_bh,0.09490502053690322,0.011044819784224079,0.6518603546702478,0.008788971156758559,292.3,7.097598968039223,264.26599999999996,3.9212588681584237,1.0,0.0,13277.785999999998,15.638442803979675,3936.0,0.0,12670.011999999999,13.681192930443293
acquisition,tfinance,hgb_attributes,0.0,exposure_80,neutral,weighted_by,0.010075523157494411,0.0033383528129554423,0.4158785213699015,0.08520396045652824,170.856,35.376859731248686,168.656,34.86927307020387,0.866,0.17864925288272424,13277.785999999998,15.638442803979675,3936.0,0.0,12670.011999999999,13.681192930443293
acquisition,tfinance,hgb_attributes,0.0,exposure_80,severe,equal_alpha,0.018597791263845694,0.015207594338713952,0.04086679150855717,0.0248604045493961,19.04,11.506052513544532,16.592,10.113156227849391,0.122,0.11213087591441233,10753.556,14.152473831650724,3936.0,0.0,10652.528,14.086678340427294
acquisition,tfinance,hgb_attributes,0.0,exposure_80,severe,pooled_reference,0.1122838994587119,0.0110656092880365,0.6617754443119552,0.0063374398203868195,302.69,6.43850396702007,268.28599999999994,3.0994343569969915,1.0,0.0,10753.556,14.152473831650724,3936.0,0.0,10652.528,14.086678340427294
acquisition,tfinance,hgb_attributes,0.0,exposure_80,severe,pooled_stratum,0.04270577290786269,0.030221180960056514,0.007002714585253175,0.008340815924710561,3.436,3.6406812549301812,2.8440000000000003,3.3913982694785676,0.27,0.2750757471437034,10753.556,14.152473831650724,3936.0,0.0,10652.528,14.086678340427294
acquisition,tfinance,hgb_attributes,0.0,exposure_80,severe,size_alpha,0.04270577290786269,0.030221180960056514,0.007002714585253175,0.008340815924710561,3.436,3.6406812549301812,2.8440000000000003,3.3913982694785676,0.27,0.2750757471437034,10753.556,14.152473831650724,3936.0,0.0,10652.528,14.086678340427294
acquisition,tfinance,hgb_attributes,0.0,exposure_80,severe,uniform_counterfactual,0.09452983689797345,0.010676277756162617,0.651441833963915,0.008622689138526934,292.02200000000005,6.838865727914561,264.096,3.8344149198773083,1.0,0.0,10756.838,12.178313877088636,3936.0,0.0,10264.59,10.195751838660955
acquisition,tfinance,hgb_attributes,0.0,exposure_80,severe,weighted_bh,0.09269095366364377,0.013478136853261788,0.6185576594857598,0.018168265745403728,277.71,11.175446299812817,250.76800000000003,7.646374304204565,0.986,0.016465452046971304,10753.556,14.152473831650724,3936.0,0.0,10652.528,14.086678340427294
acquisition,tfinance,hgb_attributes,0.0,exposure_80,severe,weighted_by,0.0,0.0,0.0,0.0,0.0,0.0,0.0,0.0,0.0,0.0,10753.556,14.152473831650724,3936.0,0.0,10652.528,14.086678340427294
acquisition,tfinance,hgb_attributes,0.0,zero_exposure,moderate,equal_alpha,0.035919283690098995,0.005668078993671337,0.6153850889728807,0.015640303225897947,259.164,6.592101671276355,249.468,6.05195432163124,1.0,0.0,8785.806,248.15458140262294,3936.0,0.0,8617.15,245.256071393871
acquisition,tfinance,hgb_attributes,0.0,zero_exposure,moderate,pooled_reference,0.08419730182119955,0.01020593215868125,0.644632708787444,0.009447543000646192,285.666,6.9475690392795295,261.338,4.305422420880709,1.0,0.0,8785.806,248.15458140262294,3936.0,0.0,8617.15,245.256071393871
acquisition,tfinance,hgb_attributes,0.0,zero_exposure,moderate,pooled_stratum,0.08827183045199202,0.009863161292637455,0.6462885136105748,0.014239288317134455,287.90999999999997,8.438005293511809,261.998,5.537094705509179,1.0,0.0,8785.806,248.15458140262294,3936.0,0.0,8617.15,245.256071393871
acquisition,tfinance,hgb_attributes,0.0,zero_exposure,moderate,size_alpha,0.03144065907254739,0.005257383759830342,0.6063234385231908,0.019095533302521367,254.20999999999998,8.29910436934813,245.794,7.484680947701711,1.0,0.0,8785.806,248.15458140262294,3936.0,0.0,8617.15,245.256071393871
acquisition,tfinance,hgb_attributes,0.0,zero_exposure,moderate,uniform_counterfactual,0.09464293392690502,0.010480677051394445,0.6512540463227572,0.008268287820125661,292.034,6.645413121511392,264.02,3.7132076579570823,1.0,0.0,8790.116,249.68852717825166,3936.0,0.0,8388.102,237.35552582571103
acquisition,tfinance,hgb_attributes,0.0,zero_exposure,moderate,weighted_bh,0.09338719860795268,0.01039011692109168,0.646160475647425,0.010619685731062527,289.446,7.639057824394609,261.954,4.523578229676154,1.0,0.0,8785.806,248.15458140262294,3936.0,0.0,8617.15,245.256071393871
acquisition,tfinance,hgb_attributes,0.0,zero_exposure,moderate,weighted_by,0.0,0.0,0.0,0.0,0.0,0.0,0.0,0.0,0.0,0.0,8785.806,248.15458140262294,3936.0,0.0,8617.15,245.256071393871
acquisition,tfinance,hgb_attributes,0.0,zero_exposure,neutral,equal_alpha,0.042229255908034155,0.0051465408259434705,0.6289838182335041,0.012054223940931247,266.364,4.972214351328336,254.98000000000002,4.437336538460376,1.0,0.0,13277.785999999998,15.638442803979675,3936.0,0.0,12670.011999999999,13.681192930443293
acquisition,tfinance,hgb_attributes,0.0,zero_exposure,neutral,pooled_reference,0.09490502053690322,0.011044819784224079,0.6518603546702478,0.008788971156758559,292.3,7.097598968039223,264.26599999999996,3.9212588681584237,1.0,0.0,13277.785999999998,15.638442803979675,3936.0,0.0,12670.011999999999,13.681192930443293
acquisition,tfinance,hgb_attributes,0.0,zero_exposure,neutral,pooled_stratum,0.09273831033505828,0.010299719881155777,0.6597497727225083,0.009910706150271455,295.07,6.658543384254552,267.456,3.7260381103794336,1.0,0.0,13277.785999999998,15.638442803979675,3936.0,0.0,12670.011999999999,13.681192930443293
acquisition,tfinance,hgb_attributes,0.0,zero_exposure,neutral,size_alpha,0.035137622537944155,0.004520513594604165,0.6216608823336857,0.012838184625008619,261.332,5.784901420460377,252.016,5.0516074449404496,1.0,0.0,13277.785999999998,15.638442803979675,3936.0,0.0,12670.011999999999,13.681192930443293
acquisition,tfinance,hgb_attributes,0.0,zero_exposure,neutral,uniform_counterfactual,0.09490502053690322,0.011044819784224079,0.6518603546702478,0.008788971156758559,292.3,7.097598968039223,264.26599999999996,3.9212588681584237,1.0,0.0,13277.785999999998,15.638442803979675,3936.0,0.0,12670.011999999999,13.681192930443293
acquisition,tfinance,hgb_attributes,0.0,zero_exposure,neutral,weighted_bh,0.09490502053690322,0.011044819784224079,0.6518603546702478,0.008788971156758559,292.3,7.097598968039223,264.26599999999996,3.9212588681584237,1.0,0.0,13277.785999999998,15.638442803979675,3936.0,0.0,12670.011999999999,13.681192930443293
acquisition,tfinance,hgb_attributes,0.0,zero_exposure,neutral,weighted_by,0.010075523157494411,0.0033383528129554423,0.4158785213699015,0.08520396045652824,170.856,35.376859731248686,168.656,34.86927307020387,0.866,0.17864925288272424,13277.785999999998,15.638442803979675,3936.0,0.0,12670.011999999999,13.681192930443293
acquisition,tfinance,hgb_attributes,0.0,zero_exposure,severe,equal_alpha,0.024122406563302886,0.009576955827833388,0.12486701603487889,0.043032968736573605,56.620000000000005,19.44740828205365,50.614,17.373740210124268,0.21400000000000002,0.09287985070329662,7941.12,295.42375365265104,3936.0,0.0,7855.262,292.5726571032307
acquisition,tfinance,hgb_attributes,0.0,zero_exposure,severe,pooled_reference,0.08176317195338091,0.010799900556836845,0.6428676202634546,0.009850249659404776,284.14,7.395680420954433,260.62399999999997,4.550963756295036,1.0,0.0,7941.12,295.42375365265104,3936.0,0.0,7855.262,292.5726571032307
acquisition,tfinance,hgb_attributes,0.0,zero_exposure,severe,pooled_stratum,0.03491196037011469,0.019254242416390503,0.07710481711774636,0.04756637649248092,37.838,22.916108744723658,31.246,19.24930255590807,0.20600000000000002,0.1420641482648674,7941.12,295.42375365265104,3936.0,0.0,7855.262,292.5726571032307
acquisition,tfinance,hgb_attributes,0.0,zero_exposure,severe,size_alpha,0.022411258851771736,0.01641169986691798,0.019901071840456825,0.01464592347052712,9.732000000000001,7.20088389636223,8.062000000000001,5.918794546940186,0.13,0.14522013940527978,7941.12,295.42375365265104,3936.0,0.0,7855.262,292.5726571032307
acquisition,tfinance,hgb_attributes,0.0,zero_exposure,severe,uniform_counterfactual,0.09423349929194555,0.011177898962397504,0.6508597077644114,0.008634762563085591,291.736,6.9963469833271485,263.86,3.837811876577574,1.0,0.0,7948.644,297.0384462657993,3936.0,0.0,7585.348,282.97849658390805
acquisition,tfinance,hgb_attributes,0.0,zero_exposure,severe,weighted_bh,0.09211276265141877,0.013077329225865152,0.6184582134312958,0.018323791477366395,277.53000000000003,11.152164712636635,250.728,7.718354459051203,0.986,0.016465452046971304,7941.12,295.42375365265104,3936.0,0.0,7855.262,292.5726571032307
acquisition,tfinance,hgb_attributes,0.0,zero_exposure,severe,weighted_by,0.0,0.0,0.0,0.0,0.0,0.0,0.0,0.0,0.0,0.0,7941.12,295.42375365265104,3936.0,0.0,7855.262,292.5726571032307
acquisition,tfinance,hgb_graph_features,0.0,exposure_80,moderate,equal_alpha,0.03349091183372123,0.004179147941822459,0.7077350018910782,0.014163700766964606,297.29,6.610142039152988,286.914,5.798298984280755,1.0,0.0,11152.704000000002,15.051200911851012,3936.0,0.0,10971.244,14.3623142672449
acquisition,tfinance,hgb_graph_features,0.0,exposure_80,moderate,pooled_reference,0.15378145573456173,0.016482328467760918,0.8182976516967374,0.013573146617084367,392.674,12.900143151660517,331.73,5.201335298641017,1.0,0.0,11152.704000000002,15.051200911851012,3936.0,0.0,10971.244,14.3623142672449
acquisition,tfinance,hgb_graph_features,0.0,exposure_80,moderate,pooled_stratum,0.09222857556455119,0.005457969186371626,0.6403223988902834,0.03763678719420353,287.22400000000005,17.18615928912306,259.59,15.36206655658309,0.9640000000000001,0.04087922591134906,11152.704000000002,15.051200911851012,3936.0,0.0,10971.244,14.3623142672449
acquisition,tfinance,hgb_graph_features,0.0,exposure_80,moderate,size_alpha,0.016590698942274426,0.006344911362969256,0.5652969467079478,0.06983230627983587,232.81,28.78177857217614,229.17799999999997,28.381185395336182,0.9,0.09843215373488935,11152.704000000002,15.051200911851012,3936.0,0.0,10971.244,14.3623142672449
acquisition,tfinance,hgb_graph_features,0.0,exposure_80,moderate,uniform_counterfactual,0.09706731930500354,0.007279982392608708,0.7903142543004309,0.01126060984083773,355.168,6.6607120073190655,320.39,4.559076417189965,1.0,0.0,11154.498,13.226933633058406,3936.0,0.0,10644.179999999998,11.33970409176946
acquisition,tfinance,hgb_graph_features,0.0,exposure_80,moderate,weighted_bh,0.09503317438540643,0.005422940015341641,0.7854128412216352,0.012900011585107674,352.46999999999997,7.113500466640096,318.402,5.153945198691106,1.0,0.0,11152.704000000002,15.051200911851012,3936.0,0.0,10971.244,14.3623142672449
acquisition,tfinance,hgb_graph_features,0.0,exposure_80,moderate,weighted_by,0.0,0.0,0.0,0.0,0.0,0.0,0.0,0.0,0.0,0.0,11152.704000000002,15.051200911851012,3936.0,0.0,10971.244,14.3623142672449
acquisition,tfinance,hgb_graph_features,0.0,exposure_80,neutral,equal_alpha,0.03995530184470324,0.005173393801462221,0.7258014932908295,0.011888666499137087,306.592,4.622824533406697,294.23400000000004,4.6134975885980545,1.0,0.0,13277.785999999998,15.638442803979675,3936.0,0.0,12670.011999999999,13.681192930443293
acquisition,tfinance,hgb_graph_features,0.0,exposure_80,neutral,pooled_reference,0.09771828756697806,0.007346919363062183,0.7906362961473589,0.011691651735663269,355.552,6.912444172971267,320.52,4.691401117410928,1.0,0.0,13277.785999999998,15.638442803979675,3936.0,0.0,12670.011999999999,13.681192930443293
acquisition,tfinance,hgb_graph_features,0.0,exposure_80,neutral,pooled_stratum,0.09980084686164985,0.005414106197754795,0.7219707307592619,0.012208350285369467,325.402,6.538674347466929,292.692,5.451011730760527,1.0,0.0,13277.785999999998,15.638442803979675,3936.0,0.0,12670.011999999999,13.681192930443293
acquisition,tfinance,hgb_graph_features,0.0,exposure_80,neutral,size_alpha,0.01577479968170943,0.003957912993120082,0.6695003090198498,0.016523629617050353,275.878,7.866793501802384,271.42400000000004,7.180583696484738,1.0,0.0,13277.785999999998,15.638442803979675,3936.0,0.0,12670.011999999999,13.681192930443293
acquisition,tfinance,hgb_graph_features,0.0,exposure_80,neutral,uniform_counterfactual,0.09771828756697806,0.007346919363062183,0.7906362961473589,0.011691651735663269,355.552,6.912444172971267,320.52,4.691401117410928,1.0,0.0,13277.785999999998,15.638442803979675,3936.0,0.0,12670.011999999999,13.681192930443293
acquisition,tfinance,hgb_graph_features,0.0,exposure_80,neutral,weighted_bh,0.09771828756697806,0.007346919363062183,0.7906362961473589,0.011691651735663269,355.552,6.912444172971267,320.52,4.691401117410928,1.0,0.0,13277.785999999998,15.638442803979675,3936.0,0.0,12670.011999999999,13.681192930443293
acquisition,tfinance,hgb_graph_features,0.0,exposure_80,neutral,weighted_by,0.008842912465952911,0.002939496797865066,0.6056550939534959,0.021239462482305255,247.852,8.621704910025363,245.52800000000002,8.52581022542727,1.0,0.0,13277.785999999998,15.638442803979675,3936.0,0.0,12670.011999999999,13.681192930443293
acquisition,tfinance,hgb_graph_features,0.0,exposure_80,severe,equal_alpha,0.02446395380619095,0.008644903480060842,0.19609042250291978,0.03147919100744454,86.74600000000001,13.942456502830957,79.506,12.828790711174262,0.274,0.059665735560705195,10753.556,14.152473831650724,3936.0,0.0,10652.528,14.086678340427294
acquisition,tfinance,hgb_graph_features,0.0,exposure_80,severe,pooled_reference,0.1722601375794887,0.019444935469123514,0.8240982971275536,0.013468437131939587,404.34,14.651898625547942,334.082,5.189942838477779,1.0,0.0,10753.556,14.152473831650724,3936.0,0.0,10652.528,14.086678340427294
acquisition,tfinance,hgb_graph_features,0.0,exposure_80,severe,pooled_stratum,0.03780886499121793,0.029267722841927468,0.004915804379556398,0.007002506875099067,2.484,3.221039169791845,1.996,2.8436564880839983,0.192,0.21627143439052077,10753.556,14.152473831650724,3936.0,0.0,10652.528,14.086678340427294
acquisition,tfinance,hgb_graph_features,0.0,exposure_80,severe,size_alpha,0.03780886499121793,0.029267722841927468,0.004915804379556398,0.007002506875099067,2.484,3.221039169791845,1.996,2.8436564880839983,0.192,0.21627143439052077,10753.556,14.152473831650724,3936.0,0.0,10652.528,14.086678340427294
acquisition,tfinance,hgb_graph_features,0.0,exposure_80,severe,uniform_counterfactual,0.09715301088312674,0.007281215920510515,0.7903042414259063,0.011256985859163024,355.194,6.659416390845864,320.386,4.56232932709694,1.0,0.0,10756.838,12.178313877088636,3936.0,0.0,10264.59,10.195751838660955
acquisition,tfinance,hgb_graph_features,0.0,exposure_80,severe,weighted_bh,0.08848316283342858,0.007927332993195063,0.7617057646713412,0.01750147788313336,340.67400000000004,10.127538035804474,308.79,6.989091500331044,1.0,0.0,10753.556,14.152473831650724,3936.0,0.0,10652.528,14.086678340427294
acquisition,tfinance,hgb_graph_features,0.0,exposure_80,severe,weighted_by,0.0,0.0,0.0,0.0,0.0,0.0,0.0,0.0,0.0,0.0,10753.556,14.152473831650724,3936.0,0.0,10652.528,14.086678340427294
acquisition,tfinance,hgb_graph_features,0.0,zero_exposure,moderate,equal_alpha,0.04000967464330628,0.004310786690787621,0.7219597089273163,0.01589635997076168,305.338,7.155333364390195,292.678,6.358549450237152,1.0,0.0,8785.806,248.15458140262294,3936.0,0.0,8617.15,245.256071393871
acquisition,tfinance,hgb_graph_features,0.0,zero_exposure,moderate,pooled_reference,0.12969955494637714,0.017019249515180027,0.8082375372788807,0.015440485557703339,377.098,13.35178539871479,327.65,5.8993577804895105,1.0,0.0,8785.806,248.15458140262294,3936.0,0.0,8617.15,245.256071393871
acquisition,tfinance,hgb_graph_features,0.0,zero_exposure,moderate,pooled_stratum,0.09486181936646641,0.004874016330185089,0.7560904750871205,0.011988561168030052,339.236,5.927561237323686,306.51599999999996,4.850601795424753,1.0,0.0,8785.806,248.15458140262294,3936.0,0.0,8617.15,245.256071393871
acquisition,tfinance,hgb_graph_features,0.0,zero_exposure,moderate,size_alpha,0.03213759014817051,0.005427805683774753,0.7088919127325184,0.015211338642439613,297.346,7.48664618578379,287.382,6.162924630400732,1.0,0.0,8785.806,248.15458140262294,3936.0,0.0,8617.15,245.256071393871
acquisition,tfinance,hgb_graph_features,0.0,zero_exposure,moderate,uniform_counterfactual,0.09687284500810031,0.006972590460846961,0.7902357927403664,0.011455059674961614,355.086,6.570696225582873,320.358,4.6227788660549685,1.0,0.0,8790.116,249.68852717825166,3936.0,0.0,8388.102,237.35552582571103
acquisition,tfinance,hgb_graph_features,0.0,zero_exposure,moderate,weighted_bh,0.09507825498793747,0.005398029428438692,0.7855368187419929,0.012306560568525513,352.554,6.733261055717687,318.452,4.891854454089969,1.0,0.0,8785.806,248.15458140262294,3936.0,0.0,8617.15,245.256071393871
acquisition,tfinance,hgb_graph_features,0.0,zero_exposure,moderate,weighted_by,0.0,0.0,0.0,0.0,0.0,0.0,0.0,0.0,0.0,0.0,8785.806,248.15458140262294,3936.0,0.0,8617.15,245.256071393871
acquisition,tfinance,hgb_graph_features,0.0,zero_exposure,neutral,equal_alpha,0.04452986212706958,0.006307690886785504,0.7358260567011216,0.013181039702268261,312.31399999999996,4.958718920581525,298.294,4.897355749109243,1.0,0.0,13277.785999999998,15.638442803979675,3936.0,0.0,12670.011999999999,13.681192930443293
acquisition,tfinance,hgb_graph_features,0.0,zero_exposure,neutral,pooled_reference,0.09771828756697806,0.007346919363062183,0.7906362961473589,0.011691651735663269,355.552,6.912444172971267,320.52,4.691401117410928,1.0,0.0,13277.785999999998,15.638442803979675,3936.0,0.0,12670.011999999999,13.681192930443293
acquisition,tfinance,hgb_graph_features,0.0,zero_exposure,neutral,pooled_stratum,0.09962999901039091,0.005773075959745844,0.7720326336814998,0.009785705267093027,347.88,4.675648499287444,312.974,3.5179419488609303,1.0,0.0,13277.785999999998,15.638442803979675,3936.0,0.0,12670.011999999999,13.681192930443293
acquisition,tfinance,hgb_graph_features,0.0,zero_exposure,neutral,size_alpha,0.03822855809297463,0.0057093273545813115,0.727770094724009,0.012523004682869664,306.88599999999997,5.575924836094686,295.03000000000003,4.737971905549663,1.0,0.0,13277.785999999998,15.638442803979675,3936.0,0.0,12670.011999999999,13.681192930443293
acquisition,tfinance,hgb_graph_features,0.0,zero_exposure,neutral,uniform_counterfactual,0.09771828756697806,0.007346919363062183,0.7906362961473589,0.011691651735663269,355.552,6.912444172971267,320.52,4.691401117410928,1.0,0.0,13277.785999999998,15.638442803979675,3936.0,0.0,12670.011999999999,13.681192930443293
acquisition,tfinance,hgb_graph_features,0.0,zero_exposure,neutral,weighted_bh,0.09771828756697806,0.007346919363062183,0.7906362961473589,0.011691651735663269,355.552,6.912444172971267,320.52,4.691401117410928,1.0,0.0,13277.785999999998,15.638442803979675,3936.0,0.0,12670.011999999999,13.681192930443293
acquisition,tfinance,hgb_graph_features,0.0,zero_exposure,neutral,weighted_by,0.008842912465952911,0.002939496797865066,0.6056550939534959,0.021239462482305255,247.852,8.621704910025363,245.52800000000002,8.52581022542727,1.0,0.0,13277.785999999998,15.638442803979675,3936.0,0.0,12670.011999999999,13.681192930443293
acquisition,tfinance,hgb_graph_features,0.0,zero_exposure,severe,equal_alpha,0.03633527505396153,0.0074030497606131515,0.43668631964824867,0.05224304861680751,189.072,22.72366206793653,177.00799999999998,20.985521357990294,0.5900000000000001,0.07007932013876213,7941.12,295.42375365265104,3936.0,0.0,7855.262,292.5726571032307
acquisition,tfinance,hgb_graph_features,0.0,zero_exposure,severe,pooled_reference,0.14224093456135,0.022091392855442888,0.813572229123108,0.01606907174992085,385.258,16.226251569601647,329.812,6.127745280461833,1.0,0.0,7941.12,295.42375365265104,3936.0,0.0,7855.262,292.5726571032307
acquisition,tfinance,hgb_graph_features,0.0,zero_exposure,severe,pooled_stratum,0.05753434963766213,0.014750750480852688,0.3222881362739017,0.1450721533421381,149.622,65.86172144053867,130.566,58.75783223442548,0.458,0.18581950621204676,7941.12,295.42375365265104,3936.0,0.0,7855.262,292.5726571032307
acquisition,tfinance,hgb_graph_features,0.0,zero_exposure,severe,size_alpha,0.026033999690653165,0.01086674259275304,0.12157726172724286,0.09765362078399452,54.584,43.1839268452717,49.251999999999995,39.634138147141115,0.23399999999999999,0.1715420259489396,7941.12,295.42375365265104,3936.0,0.0,7855.262,292.5726571032307
acquisition,tfinance,hgb_graph_features,0.0,zero_exposure,severe,uniform_counterfactual,0.09667132657076608,0.006831198120135734,0.7896694569672092,0.01203467815573477,354.788,6.871928081372463,320.128,4.827773353789046,1.0,0.0,7948.644,297.0384462657993,3936.0,0.0,7585.348,282.97849658390805
acquisition,tfinance,hgb_graph_features,0.0,zero_exposure,severe,weighted_bh,0.08762658790141373,0.008172988720867191,0.7609218912456183,0.01742442675233499,340.028,10.21145413521284,308.474,7.043686219271508,1.0,0.0,7941.12,295.42375365265104,3936.0,0.0,7855.262,292.5726571032307
acquisition,tfinance,hgb_graph_features,0.0,zero_exposure,severe,weighted_by,0.0,0.0,0.0,0.0,0.0,0.0,0.0,0.0,0.0,0.0,7941.12,295.42375365265104,3936.0,0.0,7855.262,292.5726571032307
acquisition,weibo_gadbench,hgb_attributes,0.0,exposure_80,moderate,equal_alpha,0.020413704718161015,0.007405135601781114,0.16741380661471844,0.07449141892230689,34.976,15.18316845867306,32.796,14.515820641248252,0.274,0.08796463936024394,2381.794,7.171437481813342,840.0,0.0,2304.788,10.266303889694404
acquisition,weibo_gadbench,hgb_attributes,0.0,exposure_80,moderate,pooled_reference,0.12024099540988493,0.008726243549754284,0.7046584674157745,0.027437667190950324,157.424,6.609190906945002,138.118,5.690580521059929,1.0,0.0,2381.794,7.171437481813342,840.0,0.0,2304.788,10.266303889694404
acquisition,weibo_gadbench,hgb_attributes,0.0,exposure_80,moderate,pooled_stratum,0.024281560750910595,0.02823040509084701,0.0059417791012783645,0.009132936580972325,1.502,2.1525271968858686,1.162,1.7825686834203922,0.122,0.17849992219108174,2381.794,7.171437481813342,840.0,0.0,2304.788,10.266303889694404
acquisition,weibo_gadbench,hgb_attributes,0.0,exposure_80,moderate,size_alpha,0.024281560750910595,0.02823040509084701,0.0059417791012783645,0.009132936580972325,1.502,2.1525271968858686,1.162,1.7825686834203922,0.122,0.17849992219108174,2381.794,7.171437481813342,840.0,0.0,2304.788,10.266303889694404
acquisition,weibo_gadbench,hgb_attributes,0.0,exposure_80,moderate,uniform_counterfactual,0.09313661632307366,0.0049308061026743935,0.6606587764777017,0.04030386074680002,143.168,9.019530413989914,129.496,8.129631944655028,1.0,0.0,2382.236,10.341466906477958,840.0,0.0,2136.07,9.588535979085767
acquisition,weibo_gadbench,hgb_attributes,0.0,exposure_80,moderate,weighted_bh,0.08845363355785443,0.007794590927659094,0.6300260560522075,0.04546336928593587,136.244,9.938212671859619,123.48599999999999,9.02786328848391,0.998,0.006324555320336749,2381.794,7.171437481813342,840.0,0.0,2304.788,10.266303889694404
acquisition,weibo_gadbench,hgb_attributes,0.0,exposure_80,moderate,weighted_by,0.0,0.0,0.0,0.0,0.0,0.0,0.0,0.0,0.0,0.0,2381.794,7.171437481813342,840.0,0.0,2304.788,10.266303889694404
acquisition,weibo_gadbench,hgb_attributes,0.0,exposure_80,neutral,equal_alpha,0.032417660587602974,0.0046622717900885995,0.5367328134018831,0.07797960422373072,108.97200000000001,15.870680724741034,105.21199999999999,15.378976125433924,1.0,0.0,2835.77,8.999699994999874,840.0,0.0,2542.5919999999996,9.273514016931392
acquisition,weibo_gadbench,hgb_attributes,0.0,exposure_80,neutral,pooled_reference,0.09276074382545171,0.006007397128586162,0.661326126581336,0.04107037643128656,143.19,9.211448191124864,129.63,8.325010510503875,1.0,0.0,2835.77,8.999699994999874,840.0,0.0,2542.5919999999996,9.273514016931392
acquisition,weibo_gadbench,hgb_attributes,0.0,exposure_80,neutral,pooled_stratum,0.08052953366672048,0.015898114760246017,0.4330107352457467,0.10370152928242321,93.55199999999999,22.795058333867985,84.912,20.540282806665,0.9019999999999999,0.13381579378633401,2835.77,8.999699994999874,840.0,0.0,2542.5919999999996,9.273514016931392
acquisition,weibo_gadbench,hgb_attributes,0.0,exposure_80,neutral,size_alpha,0.018418148170061713,0.015451516826816874,0.3418314363772824,0.1369622977368382,68.21000000000001,26.693426989512687,67.042,26.909769312360233,0.79,0.22115856553864494,2835.77,8.999699994999874,840.0,0.0,2542.5919999999996,9.273514016931392
acquisition,weibo_gadbench,hgb_attributes,0.0,exposure_80,neutral,uniform_counterfactual,0.09276074382545171,0.006007397128586162,0.661326126581336,0.04107037643128656,143.19,9.211448191124864,129.63,8.325010510503875,1.0,0.0,2835.77,8.999699994999874,840.0,0.0,2542.5919999999996,9.273514016931392
acquisition,weibo_gadbench,hgb_attributes,0.0,exposure_80,neutral,weighted_bh,0.09276074382545171,0.006007397128586162,0.661326126581336,0.04107037643128656,143.19,9.211448191124864,129.63,8.325010510503875,1.0,0.0,2835.77,8.999699994999874,840.0,0.0,2542.5919999999996,9.273514016931392
acquisition,weibo_gadbench,hgb_attributes,0.0,exposure_80,neutral,weighted_by,0.007733147835098465,0.005464574982589627,0.26343511396697344,0.15799112090240003,52.346000000000004,31.136031360609994,51.638,31.055940136756085,0.6100000000000001,0.3125877654533381,2835.77,8.999699994999874,840.0,0.0,2542.5919999999996,9.273514016931392
acquisition,weibo_gadbench,hgb_attributes,0.0,exposure_80,severe,equal_alpha,0.005876400560224089,0.011058160632346038,0.001083481597767312,0.002073862764210204,0.316,0.5979817908784699,0.21200000000000002,0.4049910835781175,0.018,0.03457680661303984,2297.0299999999997,6.3592959079165805,840.0,0.0,2260.432,10.879829247026095
acquisition,weibo_gadbench,hgb_attributes,0.0,exposure_80,severe,pooled_reference,0.1278783479285584,0.011025594534093701,0.7154592146775307,0.02805964677402311,161.262,7.192875796385073,140.23399999999998,5.778458464177298,1.0,0.0,2297.0299999999997,6.3592959079165805,840.0,0.0,2260.432,10.879829247026095
acquisition,weibo_gadbench,hgb_attributes,0.0,exposure_80,severe,pooled_stratum,0.024281560750910595,0.02823040509084701,0.0059417791012783645,0.009132936580972325,1.502,2.1525271968858686,1.162,1.7825686834203922,0.122,0.17849992219108174,2297.0299999999997,6.3592959079165805,840.0,0.0,2260.432,10.879829247026095
acquisition,weibo_gadbench,hgb_attributes,0.0,exposure_80,severe,size_alpha,0.024281560750910595,0.02823040509084701,0.0059417791012783645,0.009132936580972325,1.502,2.1525271968858686,1.162,1.7825686834203922,0.122,0.17849992219108174,2297.0299999999997,6.3592959079165805,840.0,0.0,2260.432,10.879829247026095
acquisition,weibo_gadbench,hgb_attributes,0.0,exposure_80,severe,uniform_counterfactual,0.09281013573889031,0.005158034215299991,0.6603201777534722,0.040439555866907805,143.036,9.07120866625097,129.432,8.197258078162479,1.0,0.0,2296.106,10.246742788700093,840.0,0.0,2058.818,9.460446078277679
acquisition,weibo_gadbench,hgb_attributes,0.0,exposure_80,severe,weighted_bh,0.032059576957393185,0.02924945429223757,0.010307908275654962,0.009891428520494676,2.498,2.260274319634677,2.024,1.9369804679793063,0.198,0.19809088823063015,2297.0299999999997,6.3592959079165805,840.0,0.0,2260.432,10.879829247026095
acquisition,weibo_gadbench,hgb_attributes,0.0,exposure_80,severe,weighted_by,0.0,0.0,0.0,0.0,0.0,0.0,0.0,0.0,0.0,0.0,2297.0299999999997,6.3592959079165805,840.0,0.0,2260.432,10.879829247026095
acquisition,weibo_gadbench,hgb_attributes,0.0,zero_exposure,moderate,equal_alpha,0.013052101210996148,0.012127694890192567,0.08571655883210905,0.09684186733833616,17.964000000000002,20.146319873476756,16.808,19.03275352298418,0.148,0.14211106767439177,2445.828,72.52584226022852,840.0,0.0,2367.998,69.33297015930526
acquisition,weibo_gadbench,hgb_attributes,0.0,zero_exposure,moderate,pooled_reference,0.12118003913664396,0.009331565089335261,0.706961691564426,0.027156065650978962,158.10399999999998,6.713050639529606,138.57,5.650598788329135,1.0,0.0,2445.828,72.52584226022852,840.0,0.0,2367.998,69.33297015930526
acquisition,weibo_gadbench,hgb_attributes,0.0,zero_exposure,moderate,pooled_stratum,0.031505423661306015,0.028999929932658795,0.00703281504945717,0.009832490655806712,1.8080000000000003,2.3360783852906613,1.376,1.9213143649306554,0.14600000000000002,0.18307254178482246,2445.828,72.52584226022852,840.0,0.0,2367.998,69.33297015930526
acquisition,weibo_gadbench,hgb_attributes,0.0,zero_exposure,moderate,size_alpha,0.031505423661306015,0.028999929932658795,0.00703281504945717,0.009832490655806712,1.8080000000000003,2.3360783852906613,1.376,1.9213143649306554,0.14600000000000002,0.18307254178482246,2445.828,72.52584226022852,840.0,0.0,2367.998,69.33297015930526
acquisition,weibo_gadbench,hgb_attributes,0.0,zero_exposure,moderate,uniform_counterfactual,0.09330195629028644,0.004981715448168265,0.660273607891706,0.04076038787388,143.11399999999998,9.14447033883198,129.422,8.240126482308655,1.0,0.0,2446.34,71.81423257265928,840.0,0.0,2193.522,64.52398241480974
acquisition,weibo_gadbench,hgb_attributes,0.0,zero_exposure,moderate,weighted_bh,0.08903541982465443,0.007499812689611493,0.6313339226475059,0.04569316554819028,136.58999999999997,9.988496717057407,123.74000000000001,9.037659480689063,0.998,0.006324555320336749,2445.828,72.52584226022852,840.0,0.0,2367.998,69.33297015930526
acquisition,weibo_gadbench,hgb_attributes,0.0,zero_exposure,moderate,weighted_by,0.0,0.0,0.0,0.0,0.0,0.0,0.0,0.0,0.0,0.0,2445.828,72.52584226022852,840.0,0.0,2367.998,69.33297015930526
acquisition,weibo_gadbench,hgb_attributes,0.0,zero_exposure,neutral,equal_alpha,0.025946831710253592,0.009005767718913342,0.507472037727395,0.08896487347805573,102.344,17.899218604918666,99.436,17.319275838081555,0.986,0.044271887242357325,2835.77,8.999699994999874,840.0,0.0,2542.5919999999996,9.273514016931392
acquisition,weibo_gadbench,hgb_attributes,0.0,zero_exposure,neutral,pooled_reference,0.09276074382545171,0.006007397128586162,0.661326126581336,0.04107037643128656,143.19,9.211448191124864,129.63,8.325010510503875,1.0,0.0,2835.77,8.999699994999874,840.0,0.0,2542.5919999999996,9.273514016931392
acquisition,weibo_gadbench,hgb_attributes,0.0,zero_exposure,neutral,pooled_stratum,0.0638656281810985,0.031209641005344988,0.2600126155371104,0.21780713805758503,56.391999999999996,47.17458750923707,50.878,42.73604198383894,0.5860000000000001,0.40563256498680894,2835.77,8.999699994999874,840.0,0.0,2542.5919999999996,9.273514016931392
acquisition,weibo_gadbench,hgb_attributes,0.0,zero_exposure,neutral,size_alpha,0.026579261722516623,0.021943216606252917,0.19168152287206514,0.2022452809208924,38.446,39.97160664493958,37.501999999999995,39.65988900079721,0.488,0.3903502700566932,2835.77,8.999699994999874,840.0,0.0,2542.5919999999996,9.273514016931392
acquisition,weibo_gadbench,hgb_attributes,0.0,zero_exposure,neutral,uniform_counterfactual,0.09276074382545171,0.006007397128586162,0.661326126581336,0.04107037643128656,143.19,9.211448191124864,129.63,8.325010510503875,1.0,0.0,2835.77,8.999699994999874,840.0,0.0,2542.5919999999996,9.273514016931392
acquisition,weibo_gadbench,hgb_attributes,0.0,zero_exposure,neutral,weighted_bh,0.09276074382545171,0.006007397128586162,0.661326126581336,0.04107037643128656,143.19,9.211448191124864,129.63,8.325010510503875,1.0,0.0,2835.77,8.999699994999874,840.0,0.0,2542.5919999999996,9.273514016931392
acquisition,weibo_gadbench,hgb_attributes,0.0,zero_exposure,neutral,weighted_by,0.007733147835098465,0.005464574982589627,0.26343511396697344,0.15799112090240003,52.346000000000004,31.136031360609994,51.638,31.055940136756085,0.6100000000000001,0.3125877654533381,2835.77,8.999699994999874,840.0,0.0,2542.5919999999996,9.273514016931392
acquisition,weibo_gadbench,hgb_attributes,0.0,zero_exposure,severe,equal_alpha,0.005819911297852474,0.010976833847278862,0.0011038897610326183,0.002105180957213868,0.32,0.604354568481487,0.21600000000000003,0.4111555531534128,0.018,0.03457680661303984,2372.8720000000003,85.79075070581138,840.0,0.0,2335.32,82.05501514905183
acquisition,weibo_gadbench,hgb_attributes,0.0,zero_exposure,severe,pooled_reference,0.1287827971078251,0.01203693634915171,0.7175104030918967,0.02757138321012164,161.892,7.306083918367094,140.63600000000002,5.684378594006565,1.0,0.0,2372.8720000000003,85.79075070581138,840.0,0.0,2335.32,82.05501514905183
acquisition,weibo_gadbench,hgb_attributes,0.0,zero_exposure,severe,pooled_stratum,0.031505423661306015,0.028999929932658795,0.00703281504945717,0.009832490655806712,1.8080000000000003,2.3360783852906613,1.376,1.9213143649306554,0.14600000000000002,0.18307254178482246,2372.8720000000003,85.79075070581138,840.0,0.0,2335.32,82.05501514905183
acquisition,weibo_gadbench,hgb_attributes,0.0,zero_exposure,severe,size_alpha,0.031505423661306015,0.028999929932658795,0.00703281504945717,0.009832490655806712,1.8080000000000003,2.3360783852906613,1.376,1.9213143649306554,0.14600000000000002,0.18307254178482246,2372.8720000000003,85.79075070581138,840.0,0.0,2335.32,82.05501514905183
acquisition,weibo_gadbench,hgb_attributes,0.0,zero_exposure,severe,uniform_counterfactual,0.09278770241867104,0.005084890903439582,0.6601822951242156,0.041045805938973716,142.994,9.165369847662696,129.404,8.295121993610996,1.0,0.0,2372.33,85.8100295873261,840.0,0.0,2127.3239999999996,77.13169505606777
acquisition,weibo_gadbench,hgb_attributes,0.0,zero_exposure,severe,weighted_bh,0.03297107100697364,0.030504825268550917,0.012017618169753663,0.010689762916612213,2.906,2.505337413514506,2.3560000000000003,2.0869712237807425,0.202,0.2000999750124922,2372.8720000000003,85.79075070581138,840.0,0.0,2335.32,82.05501514905183
acquisition,weibo_gadbench,hgb_attributes,0.0,zero_exposure,severe,weighted_by,0.0,0.0,0.0,0.0,0.0,0.0,0.0,0.0,0.0,0.0,2372.8720000000003,85.79075070581138,840.0,0.0,2335.32,82.05501514905183
acquisition,weibo_gadbench,hgb_graph_features,0.0,exposure_80,moderate,equal_alpha,0.020486667751234873,0.013369691595547064,0.2656023312358474,0.1095290309535784,54.586,22.155418800424926,52.028,21.402909874853723,0.42000000000000004,0.2052640575778754,2381.794,7.171437481813342,840.0,0.0,2304.788,10.266303889694404
acquisition,weibo_gadbench,hgb_graph_features,0.0,exposure_80,moderate,pooled_reference,0.15988006524491166,0.03210678559618991,0.9282952494759196,0.02729965421034435,217.36599999999999,12.264663061005784,181.906,4.051568146340929,1.0,0.0,2381.794,7.171437481813342,840.0,0.0,2304.788,10.266303889694404
acquisition,weibo_gadbench,hgb_graph_features,0.0,exposure_80,moderate,pooled_stratum,0.018394794558726446,0.022011359262258536,0.012848874443263786,0.022238085920928873,2.776,4.728888053466926,2.52,4.358266729892617,0.20600000000000002,0.28410483198206177,2381.794,7.171437481813342,840.0,0.0,2304.788,10.266303889694404
acquisition,weibo_gadbench,hgb_graph_features,0.0,exposure_80,moderate,size_alpha,0.018394794558726446,0.022011359262258536,0.012848874443263786,0.022238085920928873,2.776,4.728888053466926,2.52,4.358266729892617,0.20600000000000002,0.28410483198206177,2381.794,7.171437481813342,840.0,0.0,2304.788,10.266303889694404
acquisition,weibo_gadbench,hgb_graph_features,0.0,exposure_80,moderate,uniform_counterfactual,0.0915790949758181,0.012724573631845435,0.8460793092642331,0.022596693312675657,182.88600000000002,5.552625405057402,165.816,4.1507889477651,1.0,0.0,2382.236,10.341466906477958,840.0,0.0,2136.07,9.588535979085767
acquisition,weibo_gadbench,hgb_graph_features,0.0,exposure_80,moderate,weighted_bh,0.08430917268857008,0.014389765411568532,0.8062416011302815,0.0339264379790352,173.572,8.230173212704035,158.0,6.2900839068772,0.998,0.006324555320336762,2381.794,7.171437481813342,840.0,0.0,2304.788,10.266303889694404
acquisition,weibo_gadbench,hgb_graph_features,0.0,exposure_80,moderate,weighted_by,0.0,0.0,0.0,0.0,0.0,0.0,0.0,0.0,0.0,0.0,2381.794,7.171437481813342,840.0,0.0,2304.788,10.266303889694404
acquisition,weibo_gadbench,hgb_graph_features,0.0,exposure_80,neutral,equal_alpha,0.02563226164014961,0.004967520240772552,0.5799534112700275,0.08888313734930003,117.04400000000001,18.11087285460189,113.65799999999999,17.429141497312294,0.96,0.08589399151150084,2835.77,8.999699994999874,840.0,0.0,2542.5919999999996,9.273514016931392
acquisition,weibo_gadbench,hgb_graph_features,0.0,exposure_80,neutral,pooled_reference,0.09254627200897719,0.013316846011563606,0.8476145682854659,0.022922910552452998,183.394,5.68236296701371,166.116,4.183159890162773,1.0,0.0,2835.77,8.999699994999874,840.0,0.0,2542.5919999999996,9.273514016931392
acquisition,weibo_gadbench,hgb_graph_features,0.0,exposure_80,neutral,pooled_stratum,0.061796881207939115,0.022545579703286394,0.3440957083659992,0.17484207099696666,74.272,37.80119951065633,67.48400000000001,34.42391778336039,0.6719999999999999,0.28553264067158574,2835.77,8.999699994999874,840.0,0.0,2542.5919999999996,9.273514016931392
acquisition,weibo_gadbench,hgb_graph_features,0.0,exposure_80,neutral,size_alpha,0.019621085631271316,0.01507544138249395,0.23104819986694203,0.16412446967657682,46.366,32.838600660401674,45.306,32.326759537915684,0.5559999999999999,0.3356982772272347,2835.77,8.999699994999874,840.0,0.0,2542.5919999999996,9.273514016931392
acquisition,weibo_gadbench,hgb_graph_features,0.0,exposure_80,neutral,uniform_counterfactual,0.09254627200897719,0.013316846011563606,0.8476145682854659,0.022922910552452998,183.394,5.68236296701371,166.116,4.183159890162773,1.0,0.0,2835.77,8.999699994999874,840.0,0.0,2542.5919999999996,9.273514016931392
acquisition,weibo_gadbench,hgb_graph_features,0.0,exposure_80,neutral,weighted_bh,0.09254627200897719,0.013316846011563606,0.8476145682854659,0.022922910552452998,183.394,5.68236296701371,166.116,4.183159890162773,1.0,0.0,2835.77,8.999699994999874,840.0,0.0,2542.5919999999996,9.273514016931392
acquisition,weibo_gadbench,hgb_graph_features,0.0,exposure_80,neutral,weighted_by,0.008016263920652794,0.0049107083995042706,0.20939724594925724,0.14288014567022556,41.82000000000001,28.29213475312333,40.972,27.83358834214518,0.446,0.2937950911018691,2835.77,8.999699994999874,840.0,0.0,2542.5919999999996,9.273514016931392
acquisition,weibo_gadbench,hgb_graph_features,0.0,exposure_80,severe,equal_alpha,0.005024472947073566,0.015888778554651116,0.005435918367346939,0.016703768870779064,1.156,3.558299219196347,1.066,3.273788834566661,0.068,0.20810253882801785,2297.0299999999997,6.3592959079165805,840.0,0.0,2260.432,10.879829247026095
acquisition,weibo_gadbench,hgb_graph_features,0.0,exposure_80,severe,pooled_reference,0.181370108675129,0.04000145649485463,0.9400100260705123,0.026484228658431593,226.07,14.90808952660713,184.202,3.820511309584961,1.0,0.0,2297.0299999999997,6.3592959079165805,840.0,0.0,2260.432,10.879829247026095
acquisition,weibo_gadbench,hgb_graph_features,0.0,exposure_80,severe,pooled_stratum,0.018394794558726446,0.022011359262258536,0.012848874443263786,0.022238085920928873,2.776,4.728888053466926,2.52,4.358266729892617,0.20600000000000002,0.28410483198206177,2297.0299999999997,6.3592959079165805,840.0,0.0,2260.432,10.879829247026095
acquisition,weibo_gadbench,hgb_graph_features,0.0,exposure_80,severe,size_alpha,0.018394794558726446,0.022011359262258536,0.012848874443263786,0.022238085920928873,2.776,4.728888053466926,2.52,4.358266729892617,0.20600000000000002,0.28410483198206177,2297.0299999999997,6.3592959079165805,840.0,0.0,2260.432,10.879829247026095
acquisition,weibo_gadbench,hgb_graph_features,0.0,exposure_80,severe,uniform_counterfactual,0.09164209089494409,0.0125340920474374,0.8460821471887154,0.023103640447167107,182.882,5.531826702515782,165.81599999999997,4.232664514096164,1.0,0.0,2296.106,10.246742788700093,840.0,0.0,2058.818,9.460446078277679
acquisition,weibo_gadbench,hgb_graph_features,0.0,exposure_80,severe,weighted_bh,0.05034437356845358,0.021664603461707368,0.3089715681609947,0.15013586495856232,69.046,33.21150543611857,60.434000000000005,29.20331495642994,0.47000000000000003,0.24189070075368982,2297.0299999999997,6.3592959079165805,840.0,0.0,2260.432,10.879829247026095
acquisition,weibo_gadbench,hgb_graph_features,0.0,exposure_80,severe,weighted_by,0.0,0.0,0.0,0.0,0.0,0.0,0.0,0.0,0.0,0.0,2297.0299999999997,6.3592959079165805,840.0,0.0,2260.432,10.879829247026095
acquisition,weibo_gadbench,hgb_graph_features,0.0,zero_exposure,moderate,equal_alpha,0.014508635118466109,0.015012306179959438,0.1515745290915687,0.1253429580181363,31.248,25.814094685741825,29.692,24.65037876652879,0.274,0.24074883177286655,2445.828,72.52584226022852,840.0,0.0,2367.998,69.33297015930526
acquisition,weibo_gadbench,hgb_graph_features,0.0,zero_exposure,moderate,pooled_reference,0.15982801523647322,0.032563678327451225,0.9285241523768073,0.02742454153015217,217.408,12.371864855388628,181.95,4.042081422017891,1.0,0.0,2445.828,72.52584226022852,840.0,0.0,2367.998,69.33297015930526
acquisition,weibo_gadbench,hgb_graph_features,0.0,zero_exposure,moderate,pooled_stratum,0.018069253098774822,0.020943903880596602,0.013884151017992615,0.02465370051696448,2.976,5.221398705753511,2.722,4.831456647154493,0.21600000000000003,0.2923924303625751,2445.828,72.52584226022852,840.0,0.0,2367.998,69.33297015930526
acquisition,weibo_gadbench,hgb_graph_features,0.0,zero_exposure,moderate,size_alpha,0.018069253098774822,0.020943903880596602,0.013884151017992615,0.02465370051696448,2.976,5.221398705753511,2.722,4.831456647154493,0.21600000000000003,0.2923924303625751,2445.828,72.52584226022852,840.0,0.0,2367.998,69.33297015930526
acquisition,weibo_gadbench,hgb_graph_features,0.0,zero_exposure,moderate,uniform_counterfactual,0.09183701722512723,0.012871501171627706,0.8461428649091804,0.02335697561787892,182.93599999999998,5.843840441962048,165.828,4.291689126154839,1.0,0.0,2446.34,71.81423257265928,840.0,0.0,2193.522,64.52398241480974
acquisition,weibo_gadbench,hgb_graph_features,0.0,zero_exposure,moderate,weighted_bh,0.08481563058153226,0.013662194743369169,0.8095532082827429,0.02840702178584676,174.348,6.95724849826902,158.656,5.345451233421632,0.998,0.006324555320336762,2445.828,72.52584226022852,840.0,0.0,2367.998,69.33297015930526
acquisition,weibo_gadbench,hgb_graph_features,0.0,zero_exposure,moderate,weighted_by,0.0,0.0,0.0,0.0,0.0,0.0,0.0,0.0,0.0,0.0,2445.828,72.52584226022852,840.0,0.0,2367.998,69.33297015930526
acquisition,weibo_gadbench,hgb_graph_features,0.0,zero_exposure,neutral,equal_alpha,0.02274586307803251,0.008716534805116232,0.4914325862141484,0.17134771002222812,99.088,34.78047242666813,96.25,33.58931476923378,0.8539999999999999,0.23190994420727676,2835.77,8.999699994999874,840.0,0.0,2542.5919999999996,9.273514016931392
acquisition,weibo_gadbench,hgb_graph_features,0.0,zero_exposure,neutral,pooled_reference,0.09254627200897719,0.013316846011563606,0.8476145682854659,0.022922910552452998,183.394,5.68236296701371,166.116,4.183159890162773,1.0,0.0,2835.77,8.999699994999874,840.0,0.0,2542.5919999999996,9.273514016931392
acquisition,weibo_gadbench,hgb_graph_features,0.0,zero_exposure,neutral,pooled_stratum,0.046686068355306795,0.02966960985304547,0.20596932750708916,0.19609700888017548,44.852,42.86053165014794,40.432,38.801918852895234,0.48,0.35652645218989165,2835.77,8.999699994999874,840.0,0.0,2542.5919999999996,9.273514016931392
acquisition,weibo_gadbench,hgb_graph_features,0.0,zero_exposure,neutral,size_alpha,0.019897521422783223,0.01950647059995926,0.14737653602953854,0.17126757944357665,29.815999999999995,34.40223222731662,28.971999999999998,33.921391742936756,0.42000000000000004,0.3697446566363213,2835.77,8.999699994999874,840.0,0.0,2542.5919999999996,9.273514016931392
acquisition,weibo_gadbench,hgb_graph_features,0.0,zero_exposure,neutral,uniform_counterfactual,0.09254627200897719,0.013316846011563606,0.8476145682854659,0.022922910552452998,183.394,5.68236296701371,166.116,4.183159890162773,1.0,0.0,2835.77,8.999699994999874,840.0,0.0,2542.5919999999996,9.273514016931392
acquisition,weibo_gadbench,hgb_graph_features,0.0,zero_exposure,neutral,weighted_bh,0.09254627200897719,0.013316846011563606,0.8476145682854659,0.022922910552452998,183.394,5.68236296701371,166.116,4.183159890162773,1.0,0.0,2835.77,8.999699994999874,840.0,0.0,2542.5919999999996,9.273514016931392
acquisition,weibo_gadbench,hgb_graph_features,0.0,zero_exposure,neutral,weighted_by,0.008016263920652794,0.0049107083995042706,0.20939724594925724,0.14288014567022556,41.82000000000001,28.29213475312333,40.972,27.83358834214518,0.446,0.2937950911018691,2835.77,8.999699994999874,840.0,0.0,2542.5919999999996,9.273514016931392
acquisition,weibo_gadbench,hgb_graph_features,0.0,zero_exposure,severe,equal_alpha,0.0047926103136629455,0.015155564528788901,0.0057318367346938775,0.017639237459001346,1.214,3.7416579806877652,1.124,3.4571381870623057,0.068,0.20810253882801785,2372.8720000000003,85.79075070581138,840.0,0.0,2335.32,82.05501514905183
acquisition,weibo_gadbench,hgb_graph_features,0.0,zero_exposure,severe,pooled_reference,0.18154257567717977,0.03967682253441253,0.940339306032112,0.026549659367412496,226.18200000000002,14.812437566675744,184.266,3.8096491526998495,1.0,0.0,2372.8720000000003,85.79075070581138,840.0,0.0,2335.32,82.05501514905183
acquisition,weibo_gadbench,hgb_graph_features,0.0,zero_exposure,severe,pooled_stratum,0.018069253098774822,0.020943903880596602,0.013884151017992615,0.02465370051696448,2.976,5.221398705753511,2.722,4.831456647154493,0.21600000000000003,0.2923924303625751,2372.8720000000003,85.79075070581138,840.0,0.0,2335.32,82.05501514905183
acquisition,weibo_gadbench,hgb_graph_features,0.0,zero_exposure,severe,size_alpha,0.018069253098774822,0.020943903880596602,0.013884151017992615,0.02465370051696448,2.976,5.221398705753511,2.722,4.831456647154493,0.21600000000000003,0.2923924303625751,2372.8720000000003,85.79075070581138,840.0,0.0,2335.32,82.05501514905183
acquisition,weibo_gadbench,hgb_graph_features,0.0,zero_exposure,severe,uniform_counterfactual,0.09120104288255296,0.012443949958511634,0.8456992798251356,0.022541498129442426,182.704,5.511174910024983,165.74200000000002,4.1609662339413465,1.0,0.0,2372.33,85.8100295873261,840.0,0.0,2127.3239999999996,77.13169505606777
acquisition,weibo_gadbench,hgb_graph_features,0.0,zero_exposure,severe,weighted_bh,0.04711383573449952,0.023450669894312295,0.2966544662488889,0.16694673199593918,66.298,36.62811361054056,58.013999999999996,32.52337696010193,0.44800000000000006,0.2531929435562268,2372.8720000000003,85.79075070581138,840.0,0.0,2335.32,82.05501514905183
acquisition,weibo_gadbench,hgb_graph_features,0.0,zero_exposure,severe,weighted_by,0.0,0.0,0.0,0.0,0.0,0.0,0.0,0.0,0.0,0.0,2372.8720000000003,85.79075070581138,840.0,0.0,2335.32,82.05501514905183
allocation,amazon,hgb_attributes,0.25,exposure_80,uniform,equal_alpha,0.03613032963666819,0.009466562191513159,0.5303161785085008,0.12462642754737151,102.36,24.040669245629957,98.17999999999999,22.718069166781472,0.9400000000000001,0.09660917830792956,1466.8600000000001,21.64605173133322,864.0,0.0,1326.82,18.2482754131879
allocation,amazon,hgb_attributes,0.25,exposure_80,uniform,filtered_low,0.11024359798057456,0.020058974185511724,0.7933682016568017,0.02174091195633106,165.76,6.95943803606138,147.02,4.562114519484237,1.0,0.0,1466.8600000000001,21.64605173133322,864.0,0.0,1326.82,18.2482754131879
allocation,amazon,hgb_attributes,0.25,exposure_80,uniform,pooled_reference,0.09089376794801295,0.018635254664864095,0.7787026101565055,0.014979585691946698,159.16,5.3239918190103275,144.3,3.3655113529249454,1.0,0.0,1466.8600000000001,21.64605173133322,864.0,0.0,1326.82,18.2482754131879
allocation,amazon,hgb_attributes,0.25,exposure_80,uniform,pooled_stratum,0.06997398279960285,0.011824066941421196,0.4041978335257775,0.1142672437199689,81.94,23.21590451010303,74.86,21.104828304863737,0.9,0.14142135623730948,1466.8600000000001,21.64605173133322,864.0,0.0,1326.82,18.2482754131879
allocation,amazon,hgb_attributes,0.25,exposure_80,uniform,size_alpha,0.055060705591544926,0.021719796482958163,0.18195089812577786,0.08442395784621601,36.14,16.282519597545235,33.66,15.427839194852343,0.82,0.23944379994757292,1466.8600000000001,21.64605173133322,864.0,0.0,1326.82,18.2482754131879
allocation,amazon,hgb_attributes,0.25,zero_exposure,uniform,equal_alpha,0.03949910368501221,0.00787536478198164,0.5673843644188636,0.07261981539838736,109.85999999999999,13.114216204816305,105.05999999999999,12.818753622893468,0.9800000000000001,0.06324555320336758,1466.8600000000001,21.64605173133322,864.0,0.0,1326.82,18.2482754131879
allocation,amazon,hgb_attributes,0.25,zero_exposure,uniform,filtered_low,0.09304390875861737,0.046920426225949524,0.6790732348906072,0.1128593910942994,144.12,23.625635793913922,125.82000000000001,20.90687287313273,0.9,0.16996731711975951,1466.8600000000001,21.64605173133322,864.0,0.0,1326.82,18.2482754131879
allocation,amazon,hgb_attributes,0.25,zero_exposure,uniform,pooled_reference,0.09089376794801295,0.018635254664864095,0.7787026101565055,0.014979585691946698,159.16,5.3239918190103275,144.3,3.3655113529249454,1.0,0.0,1466.8600000000001,21.64605173133322,864.0,0.0,1326.82,18.2482754131879
allocation,amazon,hgb_attributes,0.25,zero_exposure,uniform,pooled_stratum,0.0812608478375528,0.017940599884998038,0.7546787778647527,0.016585808729603593,152.57999999999998,4.935540047001501,139.84,3.2177286675196486,1.0,0.0,1466.8600000000001,21.64605173133322,864.0,0.0,1326.82,18.2482754131879
allocation,amazon,hgb_attributes,0.25,zero_exposure,uniform,size_alpha,0.07221694663062055,0.013745353861254585,0.6546739456572429,0.02112331734229632,131.06,5.188063222436676,121.3,3.655437350334735,1.0,0.0,1466.8600000000001,21.64605173133322,864.0,0.0,1326.82,18.2482754131879
allocation,amazon,hgb_attributes,0.5,exposure_80,uniform,equal_alpha,0.03943942039669823,0.011581648149480438,0.5813904460128032,0.111682216167384,112.04,21.35786089996425,107.6,19.93634313954738,1.0,0.0,2922.7799999999997,18.56123798553199,864.0,0.0,2643.98,15.041114024935366
allocation,amazon,hgb_attributes,0.5,exposure_80,uniform,filtered_low,0.11355272900273294,0.014407210321760646,0.7972491575531488,0.023923446235831487,166.95999999999998,7.0217440062201755,147.74,4.962123201480057,1.0,0.0,2922.7799999999997,18.56123798553199,864.0,0.0,2643.98,15.041114024935366
allocation,amazon,hgb_attributes,0.5,exposure_80,uniform,pooled_reference,0.08855822731673393,0.016060628880837844,0.7793593359312982,0.01838379091884382,158.76,4.836711463151151,144.42000000000002,3.8441297237909793,1.0,0.0,2922.7799999999997,18.56123798553199,864.0,0.0,2643.98,15.041114024935366
allocation,amazon,hgb_attributes,0.5,exposure_80,uniform,pooled_stratum,0.08977167841911146,0.018272188638337038,0.49173161610294525,0.1366338576402817,100.62,28.00038888618831,90.97999999999999,24.839117894518274,1.0,0.0,2922.7799999999997,18.56123798553199,864.0,0.0,2643.98,15.041114024935366
allocation,amazon,hgb_attributes,0.5,exposure_80,uniform,size_alpha,0.06314838467227404,0.02328043132356227,0.27677708513216326,0.09015996613179453,54.36,16.76472487099028,51.2,16.373691635601844,0.96,0.08432740427115674,2922.7799999999997,18.56123798553199,864.0,0.0,2643.98,15.041114024935366
allocation,amazon,hgb_attributes,0.5,zero_exposure,uniform,equal_alpha,0.04212027411950964,0.007235978376686576,0.6509636369899918,0.05137028974771048,126.17999999999999,9.372513003458577,120.6,9.263068845930295,1.0,0.0,2922.7799999999997,18.56123798553199,864.0,0.0,2643.98,15.041114024935366
allocation,amazon,hgb_attributes,0.5,zero_exposure,uniform,filtered_low,0.13978502306387977,0.06944206240886684,0.7698063263069274,0.060305672026848355,172.04000000000002,28.814471672716433,142.64000000000001,11.154590485037488,0.9800000000000001,0.06324555320336757,2922.7799999999997,18.56123798553199,864.0,0.0,2643.98,15.041114024935366
allocation,amazon,hgb_attributes,0.5,zero_exposure,uniform,pooled_reference,0.08855822731673393,0.016060628880837844,0.7793593359312982,0.01838379091884382,158.76,4.836711463151151,144.42000000000002,3.8441297237909793,1.0,0.0,2922.7799999999997,18.56123798553199,864.0,0.0,2643.98,15.041114024935366
allocation,amazon,hgb_attributes,0.5,zero_exposure,uniform,pooled_stratum,0.08808107473496656,0.01566162564498431,0.7735340521196468,0.01712476666374469,157.5,4.551190320491255,143.34,3.603763464922629,1.0,0.0,2922.7799999999997,18.56123798553199,864.0,0.0,2643.98,15.041114024935366
allocation,amazon,hgb_attributes,0.5,zero_exposure,uniform,size_alpha,0.0784528398573259,0.015146824282517906,0.7136701038175346,0.0207355375778244,143.7,4.923639123882073,132.24,3.898489736067321,1.0,0.0,2922.7799999999997,18.56123798553199,864.0,0.0,2643.98,15.041114024935366
allocation,amazon,hgb_attributes,1.0,exposure_80,uniform,equal_alpha,0.037643239029220545,0.011139515812208605,0.6365531769923061,0.07545619646703909,122.67999999999999,14.023535772249295,117.9,13.51188777007532,1.0,0.0,5831.3,0.48304589153955846,864.0,0.0,5275.5,5.169354139757052
allocation,amazon,hgb_attributes,1.0,exposure_80,uniform,filtered_low,0.11839201725652126,0.011612802305231262,0.8002909680747535,0.02111946403883779,168.4,5.808805576211185,148.3,4.369846170697039,1.0,0.0,5831.3,0.48304589153955846,864.0,0.0,5275.5,5.169354139757052
allocation,amazon,hgb_attributes,1.0,exposure_80,uniform,pooled_reference,0.0917413826655223,0.015605253360957763,0.7831292769794211,0.022328238674953187,160.0,5.933707853348432,145.12,4.563819063508597,1.0,0.0,5831.3,0.48304589153955846,864.0,0.0,5275.5,5.169354139757052
allocation,amazon,hgb_attributes,1.0,exposure_80,uniform,pooled_stratum,0.0941760703520131,0.013966179341836289,0.5507589477341868,0.08009290067579122,112.92,16.413057132796567,101.97999999999999,14.301965676864924,1.0,0.0,5831.3,0.48304589153955846,864.0,0.0,5275.5,5.169354139757052
allocation,amazon,hgb_attributes,1.0,exposure_80,uniform,size_alpha,0.05429619348222979,0.01664199878428242,0.28702846352790556,0.12491116030904316,55.779999999999994,23.739970981916176,53.08,22.842494512542967,1.0,0.0,5831.3,0.48304589153955846,864.0,0.0,5275.5,5.169354139757052
allocation,amazon,hgb_attributes,1.0,zero_exposure,uniform,equal_alpha,0.04386766152657524,0.008245545876584293,0.694413461080781,0.02000414246558621,134.78,3.669029541687795,128.66,3.2891065994008533,1.0,0.0,5831.3,0.48304589153955846,864.0,0.0,5275.5,5.169354139757052
allocation,amazon,hgb_attributes,1.0,zero_exposure,uniform,filtered_low,0.19809103693921862,0.08007777672307868,0.8069378842918201,0.05379207951641998,195.0,31.20740652829424,149.54,10.302124915655883,0.9800000000000001,0.06324555320336758,5831.3,0.48304589153955846,864.0,0.0,5275.5,5.169354139757052
allocation,amazon,hgb_attributes,1.0,zero_exposure,uniform,pooled_reference,0.0917413826655223,0.015605253360957763,0.7831292769794211,0.022328238674953187,160.0,5.933707853348432,145.12,4.563819063508597,1.0,0.0,5831.3,0.48304589153955846,864.0,0.0,5275.5,5.169354139757052
allocation,amazon,hgb_attributes,1.0,zero_exposure,uniform,pooled_stratum,0.0915561300298785,0.01426130730760869,0.7813988644291395,0.022241955989368796,159.6,5.694441734416696,144.8,4.567518168789508,1.0,0.0,5831.3,0.48304589153955846,864.0,0.0,5275.5,5.169354139757052
allocation,amazon,hgb_attributes,1.0,zero_exposure,uniform,size_alpha,0.08774917217871343,0.01548985620650427,0.7575629562394736,0.020729280821200416,154.06,5.1407306009079194,140.38,4.181918751535523,1.0,0.0,5831.3,0.48304589153955846,864.0,0.0,5275.5,5.169354139757052
allocation,amazon,hgb_graph_features,0.25,exposure_80,uniform,equal_alpha,0.03756253729539765,0.01171063607982195,0.5085444174975572,0.10218019909207171,98.28,19.255521574631814,94.14,18.36810036751518,0.9,0.1414213562373095,1466.8600000000001,21.64605173133322,864.0,0.0,1326.82,18.2482754131879
allocation,amazon,hgb_graph_features,0.25,exposure_80,uniform,filtered_low,0.12736367432058637,0.0279664967738952,0.8134243039055477,0.019959648546605153,173.12,7.462617949933289,150.72,3.601481176775281,1.0,0.0,1466.8600000000001,21.64605173133322,864.0,0.0,1326.82,18.2482754131879
allocation,amazon,hgb_graph_features,0.25,exposure_80,uniform,pooled_reference,0.08910270402545907,0.024768795472161435,0.7775863278806721,0.017864801834565684,158.7,6.4161255183067185,144.07999999999998,3.22104192942455,1.0,0.0,1466.8600000000001,21.64605173133322,864.0,0.0,1326.82,18.2482754131879
allocation,amazon,hgb_graph_features,0.25,exposure_80,uniform,pooled_stratum,0.08161336496825243,0.03901195817454683,0.45733917233034893,0.13249363525926447,93.46,29.518062267025595,84.72,24.45243909669908,0.86,0.18973665961010275,1466.8600000000001,21.64605173133322,864.0,0.0,1326.82,18.2482754131879
allocation,amazon,hgb_graph_features,0.25,exposure_80,uniform,size_alpha,0.06478878833675947,0.03855644635908378,0.21155251943556133,0.12186734423421107,42.32,23.623190112918937,39.14,22.433318474487404,0.78,0.25733678754158384,1466.8600000000001,21.64605173133322,864.0,0.0,1326.82,18.2482754131879
allocation,amazon,hgb_graph_features,0.25,zero_exposure,uniform,equal_alpha,0.04688459304043525,0.01678317593233415,0.5722261087476369,0.05616324661613526,111.46,11.437190797277683,106.0,10.01687465119624,0.96,0.08432740427115676,1466.8600000000001,21.64605173133322,864.0,0.0,1326.82,18.2482754131879
allocation,amazon,hgb_graph_features,0.25,zero_exposure,uniform,filtered_low,0.08504102315932904,0.03779380150156694,0.6745924430818043,0.07713343302253962,140.62,20.846198694246393,125.0,14.335348695522626,0.9,0.10540925533894596,1466.8600000000001,21.64605173133322,864.0,0.0,1326.82,18.2482754131879
allocation,amazon,hgb_graph_features,0.25,zero_exposure,uniform,pooled_reference,0.08910270402545907,0.024768795472161435,0.7775863278806721,0.017864801834565684,158.7,6.4161255183067185,144.07999999999998,3.22104192942455,1.0,0.0,1466.8600000000001,21.64605173133322,864.0,0.0,1326.82,18.2482754131879
allocation,amazon,hgb_graph_features,0.25,zero_exposure,uniform,pooled_stratum,0.08087639333226451,0.021864696661132086,0.7511776963165525,0.0255501137773235,152.0,7.51472628317966,139.18,4.45266462045169,1.0,0.0,1466.8600000000001,21.64605173133322,864.0,0.0,1326.82,18.2482754131879
allocation,amazon,hgb_graph_features,0.25,zero_exposure,uniform,size_alpha,0.07345776159665317,0.02221004068149796,0.6453405906956642,0.03638225372876838,129.66,9.296618262094627,119.55999999999999,6.385260805601881,1.0,0.0,1466.8600000000001,21.64605173133322,864.0,0.0,1326.82,18.2482754131879
allocation,amazon,hgb_graph_features,0.5,exposure_80,uniform,equal_alpha,0.04037171487309337,0.01310886179174015,0.5793934577419005,0.07719005082274742,111.74000000000001,15.021185039802946,107.3,13.83112432161608,1.0,0.0,2922.7799999999997,18.56123798553199,864.0,0.0,2643.98,15.041114024935366
allocation,amazon,hgb_graph_features,0.5,exposure_80,uniform,filtered_low,0.13179902608682315,0.022038482564106766,0.8137272453728643,0.019365638810984465,174.06,6.471166819052029,150.78,3.667818001058515,1.0,0.0,2922.7799999999997,18.56123798553199,864.0,0.0,2643.98,15.041114024935366
allocation,amazon,hgb_graph_features,0.5,exposure_80,uniform,pooled_reference,0.0906844406170231,0.021805036922767196,0.7905305694087756,0.018037405335698867,161.38,5.401604699839981,146.48,3.3269271775084603,1.0,0.0,2922.7799999999997,18.56123798553199,864.0,0.0,2643.98,15.041114024935366
allocation,amazon,hgb_graph_features,0.5,exposure_80,uniform,pooled_stratum,0.0887964051654999,0.022207010023011103,0.4866804475739988,0.12938918650896056,100.12,28.38656959432283,90.2,23.996110795988027,0.96,0.08432740427115677,2922.7799999999997,18.56123798553199,864.0,0.0,2643.98,15.041114024935366
allocation,amazon,hgb_graph_features,0.5,exposure_80,uniform,size_alpha,0.06974871661571716,0.023541090534282952,0.25185984893437685,0.07148980314191622,49.86,13.862515404259552,46.660000000000004,13.213141606412576,0.9400000000000001,0.09660917830792956,2922.7799999999997,18.56123798553199,864.0,0.0,2643.98,15.041114024935366
allocation,amazon,hgb_graph_features,0.5,zero_exposure,uniform,equal_alpha,0.04468757419189186,0.012502973055764357,0.6646943685337446,0.041167042553651174,129.14000000000001,8.526585873998261,123.14000000000001,7.175297128961895,1.0,0.0,2922.7799999999997,18.56123798553199,864.0,0.0,2643.98,15.041114024935366
allocation,amazon,hgb_graph_features,0.5,zero_exposure,uniform,filtered_low,0.11760768987631849,0.0637466398961414,0.7564526163232145,0.08365613315085951,162.8,28.98198674272617,140.16,15.46545972302293,0.9800000000000001,0.06324555320336757,2922.7799999999997,18.56123798553199,864.0,0.0,2643.98,15.041114024935366
allocation,amazon,hgb_graph_features,0.5,zero_exposure,uniform,pooled_reference,0.0906844406170231,0.021805036922767196,0.7905305694087756,0.018037405335698867,161.38,5.401604699839981,146.48,3.3269271775084603,1.0,0.0,2922.7799999999997,18.56123798553199,864.0,0.0,2643.98,15.041114024935366
allocation,amazon,hgb_graph_features,0.5,zero_exposure,uniform,pooled_stratum,0.08860680119226408,0.02315320637993281,0.7810370191102068,0.014676154215532847,159.16,5.689600649918712,144.72,2.6469269393434782,1.0,0.0,2922.7799999999997,18.56123798553199,864.0,0.0,2643.98,15.041114024935366
allocation,amazon,hgb_graph_features,0.5,zero_exposure,uniform,size_alpha,0.08025532962696132,0.016972848516660883,0.7163141414446703,0.0173843738810526,144.54000000000002,4.109663408763947,132.72,2.8019041144669288,1.0,0.0,2922.7799999999997,18.56123798553199,864.0,0.0,2643.98,15.041114024935366
allocation,amazon,hgb_graph_features,1.0,exposure_80,uniform,equal_alpha,0.03397198360446495,0.007399550939704277,0.6393834004419382,0.05804684540101562,122.75999999999999,10.98151983004983,118.43999999999998,10.30417391157583,1.0,0.0,5831.3,0.48304589153955846,864.0,0.0,5275.5,5.169354139757052
allocation,amazon,hgb_graph_features,1.0,exposure_80,uniform,filtered_low,0.13892238763544465,0.02156920235978664,0.8178479710411095,0.021377784146036118,176.26,6.953847855683923,151.54000000000002,3.8850711419197723,1.0,0.0,5831.3,0.48304589153955846,864.0,0.0,5275.5,5.169354139757052
allocation,amazon,hgb_graph_features,1.0,exposure_80,uniform,pooled_reference,0.0914836211304898,0.019394692609000654,0.7927919017577001,0.022202317312921136,161.94,5.977030106071813,146.9,4.1464844547318975,1.0,0.0,5831.3,0.48304589153955846,864.0,0.0,5275.5,5.169354139757052
allocation,amazon,hgb_graph_features,1.0,exposure_80,uniform,pooled_stratum,0.09622746792604221,0.020196493212795454,0.5161848253457592,0.1345241042982178,106.17999999999999,28.21527561052306,95.62,24.900593477978703,1.0,0.0,5831.3,0.48304589153955846,864.0,0.0,5275.5,5.169354139757052
allocation,amazon,hgb_graph_features,1.0,exposure_80,uniform,size_alpha,0.07343310542977366,0.03439500875706378,0.2580885610881937,0.12333290445192469,50.7,22.801997963141545,47.839999999999996,22.93077505110642,1.0,0.0,5831.3,0.48304589153955846,864.0,0.0,5275.5,5.169354139757052
allocation,amazon,hgb_graph_features,1.0,zero_exposure,uniform,equal_alpha,0.04636437413067173,0.00962588211991744,0.6970225107458102,0.0329322732553572,135.62,6.5302373616890845,129.14000000000001,5.764296237279195,1.0,0.0,5831.3,0.48304589153955846,864.0,0.0,5275.5,5.169354139757052
allocation,amazon,hgb_graph_features,1.0,zero_exposure,uniform,filtered_low,0.1553453649403574,0.08593440694785662,0.791231138163735,0.07979302739716986,178.48,33.907613042239085,146.6,14.695728782351837,0.9800000000000001,0.06324555320336758,5831.3,0.48304589153955846,864.0,0.0,5275.5,5.169354139757052
allocation,amazon,hgb_graph_features,1.0,zero_exposure,uniform,pooled_reference,0.0914836211304898,0.019394692609000654,0.7927919017577001,0.022202317312921136,161.94,5.977030106071813,146.9,4.1464844547318975,1.0,0.0,5831.3,0.48304589153955846,864.0,0.0,5275.5,5.169354139757052
allocation,amazon,hgb_graph_features,1.0,zero_exposure,uniform,pooled_stratum,0.08860122115292668,0.018166911810378914,0.7886888097625768,0.020251378966512017,160.57999999999998,5.390897678288628,146.14000000000001,3.8018124332715035,1.0,0.0,5831.3,0.48304589153955846,864.0,0.0,5275.5,5.169354139757052
allocation,amazon,hgb_graph_features,1.0,zero_exposure,uniform,size_alpha,0.08800321115789557,0.01756186222776911,0.7641948141941823,0.017848521625485447,155.48,4.593909010853385,141.6,3.299831645537224,1.0,0.0,5831.3,0.48304589153955846,864.0,0.0,5275.5,5.169354139757052
allocation,tfinance,hgb_attributes,0.25,exposure_80,uniform,equal_alpha,0.0366469048906356,0.00963102715596365,0.6233307934773494,0.01755858016416429,262.5,9.299103899480487,252.7,7.296422258735982,1.0,0.0,6644.7,24.585135527161107,3936.0,0.0,6343.219999999999,22.25238064667322
allocation,tfinance,hgb_attributes,0.25,exposure_80,uniform,filtered_low,0.11909248770818034,0.013198412902756858,0.6646283844456049,0.008081296043449222,306.74,8.25270326081769,269.44,3.491959017196191,1.0,0.0,6644.7,24.585135527161107,3936.0,0.0,6343.219999999999,22.25238064667322
allocation,tfinance,hgb_attributes,0.25,exposure_80,uniform,pooled_reference,0.09299338257119841,0.015400370626766935,0.6504172131434698,0.01128728416487307,291.15999999999997,9.739176328394278,263.68,4.802962049032292,1.0,0.0,6644.7,24.585135527161107,3936.0,0.0,6343.219999999999,22.25238064667322
allocation,tfinance,hgb_attributes,0.25,exposure_80,uniform,pooled_stratum,0.09255121319219249,0.013822493410038024,0.6070670744539071,0.028925131251972866,271.64,15.901027220486952,246.1,11.684842983778417,1.0,0.0,6644.7,24.585135527161107,3936.0,0.0,6343.219999999999,22.25238064667322
allocation,tfinance,hgb_attributes,0.25,exposure_80,uniform,size_alpha,0.013927465298216618,0.007456398024905702,0.567463035124266,0.03568296408343642,233.48000000000002,16.121538388131576,230.04000000000002,14.358520505647899,1.0,0.0,6644.7,24.585135527161107,3936.0,0.0,6343.219999999999,22.25238064667322
allocation,tfinance,hgb_attributes,0.25,zero_exposure,uniform,equal_alpha,0.04550738909142995,0.00993322383133576,0.6330184253868553,0.014996379081049463,269.1,8.332133246920893,256.62,5.94227790217411,1.0,0.0,6644.7,24.585135527161107,3936.0,0.0,6343.219999999999,22.25238064667322
allocation,tfinance,hgb_attributes,0.25,zero_exposure,uniform,filtered_low,0.06715856134200708,0.012626917181578904,0.6265190409930973,0.014151930939113995,272.84000000000003,9.922275724628697,254.0,6.294265467691819,1.0,0.0,6644.7,24.585135527161107,3936.0,0.0,6343.219999999999,22.25238064667322
allocation,tfinance,hgb_attributes,0.25,zero_exposure,uniform,pooled_reference,0.09299338257119841,0.015400370626766935,0.6504172131434698,0.01128728416487307,291.15999999999997,9.739176328394278,263.68,4.802962049032292,1.0,0.0,6644.7,24.585135527161107,3936.0,0.0,6343.219999999999,22.25238064667322
allocation,tfinance,hgb_attributes,0.25,zero_exposure,uniform,pooled_stratum,0.09039800389703737,0.016184400559821063,0.6575921581724128,0.014441191091896875,293.5,10.81778371222335,266.58000000000004,5.590825818547137,1.0,0.0,6644.7,24.585135527161107,3936.0,0.0,6343.219999999999,22.25238064667322
allocation,tfinance,hgb_attributes,0.25,zero_exposure,uniform,size_alpha,0.05090161091510702,0.009909389700416493,0.6379540082933163,0.014061590020083775,272.76,7.946935118508126,258.62,5.507530198636122,1.0,0.0,6644.7,24.585135527161107,3936.0,0.0,6343.219999999999,22.25238064667322
allocation,tfinance,hgb_attributes,0.5,exposure_80,uniform,equal_alpha,0.03687508272430688,0.009093666676359144,0.6276859411994534,0.012257914898468418,264.32,6.002369902333966,254.45999999999998,4.902652343374958,1.0,0.0,13283.039999999999,32.78763994759825,3936.0,0.0,12677.74,31.66674385955463
allocation,tfinance,hgb_attributes,0.5,exposure_80,uniform,filtered_low,0.12652431394353444,0.01377596254461718,0.6686255709661739,0.007516399254580276,310.9,7.90794256147296,271.06,3.242838263003568,1.0,0.0,13283.039999999999,32.78763994759825,3936.0,0.0,12677.74,31.66674385955463
allocation,tfinance,hgb_attributes,0.5,exposure_80,uniform,pooled_reference,0.09327769117446823,0.011753260489967627,0.650620853500384,0.009884463313763785,291.24,7.458209496178602,263.76,4.08553002137489,1.0,0.0,13283.039999999999,32.78763994759825,3936.0,0.0,12677.74,31.66674385955463
allocation,tfinance,hgb_attributes,0.5,exposure_80,uniform,pooled_stratum,0.09502417982573794,0.01372105616875341,0.6077713249741984,0.0261121085111378,272.65999999999997,14.136493357422289,246.38000000000002,10.38693623954843,1.0,0.0,13283.039999999999,32.78763994759825,3936.0,0.0,12677.74,31.66674385955463
allocation,tfinance,hgb_attributes,0.5,exposure_80,uniform,size_alpha,0.01603654287375356,0.00504456433064258,0.5808817914562895,0.0300474929960317,239.42,12.654186834579482,235.48000000000002,12.03705390312209,1.0,0.0,13283.039999999999,32.78763994759825,3936.0,0.0,12677.74,31.66674385955463
allocation,tfinance,hgb_attributes,0.5,zero_exposure,uniform,equal_alpha,0.04524165112349897,0.009769813956634985,0.6330096073901925,0.011217626691046197,268.91999999999996,6.719920634451958,256.62,4.587373976470629,1.0,0.0,13283.039999999999,32.78763994759825,3936.0,0.0,12677.74,31.66674385955463
allocation,tfinance,hgb_attributes,0.5,zero_exposure,uniform,filtered_low,0.06706186116238234,0.01265624875989889,0.626277088934281,0.017299288599663478,272.58000000000004,10.482768930222791,253.9,7.399249211162502,1.0,0.0,13283.039999999999,32.78763994759825,3936.0,0.0,12677.74,31.66674385955463
allocation,tfinance,hgb_attributes,0.5,zero_exposure,uniform,pooled_reference,0.09327769117446823,0.011753260489967627,0.650620853500384,0.009884463313763785,291.24,7.458209496178602,263.76,4.08553002137489,1.0,0.0,13283.039999999999,32.78763994759825,3936.0,0.0,12677.74,31.66674385955463
allocation,tfinance,hgb_attributes,0.5,zero_exposure,uniform,pooled_stratum,0.09176322054010601,0.0141678687965395,0.6600036431391166,0.00980176903779471,294.96,8.170842469823205,267.56,3.771000456701689,1.0,0.0,13283.039999999999,32.78763994759825,3936.0,0.0,12677.74,31.66674385955463
allocation,tfinance,hgb_attributes,0.5,zero_exposure,uniform,size_alpha,0.05612428090534606,0.010237273378894228,0.6460399983820334,0.008655845666173582,277.68,5.837198719324976,261.9,3.353605025441532,1.0,0.0,13283.039999999999,32.78763994759825,3936.0,0.0,12677.74,31.66674385955463
allocation,tfinance,hgb_attributes,1.0,exposure_80,uniform,equal_alpha,0.03687154705785619,0.007716957906167366,0.6287426521543215,0.014937908683295129,264.74,7.904457251731104,254.9,6.5198841162162395,1.0,0.0,26565.8,0.4216370213563034,3936.0,0.0,25349.6,5.641118880348489
allocation,tfinance,hgb_attributes,1.0,exposure_80,uniform,filtered_low,0.13765770154765022,0.011408673341185935,0.6754852826342365,0.00574990442925764,317.9,6.409194783884942,273.84000000000003,2.474402284727903,1.0,0.0,26565.8,0.4216370213563034,3936.0,0.0,25349.6,5.641118880348489
allocation,tfinance,hgb_attributes,1.0,exposure_80,uniform,pooled_reference,0.094606813081792,0.012568023537998593,0.6521402797346368,0.009513592450539487,292.26,7.938121804166128,264.38,4.226319649266685,1.0,0.0,26565.8,0.4216370213563034,3936.0,0.0,25349.6,5.641118880348489
allocation,tfinance,hgb_attributes,1.0,exposure_80,uniform,pooled_stratum,0.10012678510170692,0.009643894532553944,0.6032559489426429,0.027493683138001893,272.04,13.88133839208438,244.56,11.216178790776596,1.0,0.0,26565.8,0.4216370213563034,3936.0,0.0,25349.6,5.641118880348489
allocation,tfinance,hgb_attributes,1.0,exposure_80,uniform,size_alpha,0.01542305963144609,0.004254492890677158,0.5771919430685197,0.03254538355854929,237.71999999999997,13.874100571448464,234.0,13.3739381717661,1.0,0.0,26565.8,0.4216370213563034,3936.0,0.0,25349.6,5.641118880348489
allocation,tfinance,hgb_attributes,1.0,zero_exposure,uniform,equal_alpha,0.045126844057435216,0.009048024237062028,0.6288544502937894,0.01616538317074188,267.1,8.723531395025773,254.94,6.766617405403615,1.0,0.0,26565.8,0.4216370213563034,3936.0,0.0,25349.6,5.641118880348489
allocation,tfinance,hgb_attributes,1.0,zero_exposure,uniform,filtered_low,0.07127470498630603,0.014365776702943223,0.6326889050007198,0.013441156124322888,276.41999999999996,9.663424743732316,256.5,5.971971570967547,1.0,0.0,26565.8,0.4216370213563034,3936.0,0.0,25349.6,5.641118880348489
allocation,tfinance,hgb_attributes,1.0,zero_exposure,uniform,pooled_reference,0.094606813081792,0.012568023537998593,0.6521402797346368,0.009513592450539487,292.26,7.938121804166128,264.38,4.226319649266685,1.0,0.0,26565.8,0.4216370213563034,3936.0,0.0,25349.6,5.641118880348489
allocation,tfinance,hgb_attributes,1.0,zero_exposure,uniform,pooled_stratum,0.09283101028504222,0.012576068371701677,0.6579744363770221,0.010860411105422057,294.28000000000003,7.967824183691694,266.74,4.394997155858001,1.0,0.0,26565.8,0.4216370213563034,3936.0,0.0,25349.6,5.641118880348489
allocation,tfinance,hgb_attributes,1.0,zero_exposure,uniform,size_alpha,0.0627848935452032,0.010202918863009896,0.6467704278680941,0.010591843892017052,279.94,6.60373631615721,262.2,4.425180473406951,1.0,0.0,26565.8,0.4216370213563034,3936.0,0.0,25349.6,5.641118880348489
allocation,tfinance,hgb_graph_features,0.25,exposure_80,uniform,equal_alpha,0.03831048651078803,0.005245326520118566,0.7307809501940055,0.011115504742440786,308.24,5.693505071570576,296.26,4.829584753256629,1.0,0.0,6644.7,24.585135527161107,3936.0,0.0,6343.219999999999,22.25238064667322
allocation,tfinance,hgb_graph_features,0.25,exposure_80,uniform,filtered_low,0.18182861731081373,0.027230855973868366,0.8273964409242783,0.015816788566471174,411.36,20.669634195548273,335.41999999999996,6.23499086696291,1.0,0.0,6644.7,24.585135527161107,3936.0,0.0,6343.219999999999,22.25238064667322
allocation,tfinance,hgb_graph_features,0.25,exposure_80,uniform,pooled_reference,0.0922075381315802,0.010128654327582849,0.7869877097392484,0.009086593060764746,351.82,5.548533339741435,319.04,3.537481841335408,1.0,0.0,6644.7,24.585135527161107,3936.0,0.0,6343.219999999999,22.25238064667322
allocation,tfinance,hgb_graph_features,0.25,exposure_80,uniform,pooled_stratum,0.0903513857192526,0.006041075990558103,0.6902324795803946,0.02111913384324703,308.04,10.435750518716368,279.82,8.673048932052549,1.0,0.0,6644.7,24.585135527161107,3936.0,0.0,6343.219999999999,22.25238064667322
allocation,tfinance,hgb_graph_features,0.25,exposure_80,uniform,size_alpha,0.012380269062325273,0.004167747773026641,0.6480459608617568,0.027692205184490323,266.21999999999997,12.31672755961492,262.71999999999997,11.369041785089495,1.0,0.0,6644.7,24.585135527161107,3936.0,0.0,6343.219999999999,22.25238064667322
allocation,tfinance,hgb_graph_features,0.25,zero_exposure,uniform,equal_alpha,0.04341100487727962,0.006251266849226523,0.7435141492196362,0.009536440948904329,315.28000000000003,4.989945446150246,301.41999999999996,4.084061159624747,1.0,0.0,6644.7,24.585135527161107,3936.0,0.0,6343.219999999999,22.25238064667322
allocation,tfinance,hgb_graph_features,0.25,zero_exposure,uniform,filtered_low,0.12265323689024576,0.027439094004928225,0.8026501927594267,0.02203045465334373,372.3,21.247378923319257,325.38,8.48970618520518,1.0,0.0,6644.7,24.585135527161107,3936.0,0.0,6343.219999999999,22.25238064667322
allocation,tfinance,hgb_graph_features,0.25,zero_exposure,uniform,pooled_reference,0.0922075381315802,0.010128654327582849,0.7869877097392484,0.009086593060764746,351.82,5.548533339741435,319.04,3.537481841335408,1.0,0.0,6644.7,24.585135527161107,3936.0,0.0,6343.219999999999,22.25238064667322
allocation,tfinance,hgb_graph_features,0.25,zero_exposure,uniform,pooled_stratum,0.0915565025968488,0.0068509324761887895,0.7751957600172685,0.011218154131668703,346.34000000000003,6.704592124473759,314.26,4.464228190105575,1.0,0.0,6644.7,24.585135527161107,3936.0,0.0,6343.219999999999,22.25238064667322
allocation,tfinance,hgb_graph_features,0.25,zero_exposure,uniform,size_alpha,0.04841378010753053,0.005932756535244499,0.7515620680121096,0.010193375040469941,320.36,5.3081070072107615,304.68,4.127092062080609,1.0,0.0,6644.7,24.585135527161107,3936.0,0.0,6343.219999999999,22.25238064667322
allocation,tfinance,hgb_graph_features,0.5,exposure_80,uniform,equal_alpha,0.03787645631767048,0.003779192225977884,0.7369500045310742,0.01080318402544266,310.62,5.212335795441852,298.76,4.651212506194245,1.0,0.0,13283.039999999999,32.78763994759825,3936.0,0.0,12677.74,31.66674385955463
allocation,tfinance,hgb_graph_features,0.5,exposure_80,uniform,filtered_low,0.19162695720052905,0.025840910612536665,0.8302149512168002,0.01487942561399908,417.28000000000003,19.242360677537576,336.56,5.679436591775633,1.0,0.0,13283.039999999999,32.78763994759825,3936.0,0.0,12677.74,31.66674385955463
allocation,tfinance,hgb_graph_features,0.5,exposure_80,uniform,pooled_reference,0.09503375506337562,0.008084070328120625,0.7889561155915674,0.012424998558620573,353.71999999999997,7.649662301914583,319.84000000000003,5.076131510423176,1.0,0.0,13283.039999999999,32.78763994759825,3936.0,0.0,12677.74,31.66674385955463
allocation,tfinance,hgb_graph_features,0.5,exposure_80,uniform,pooled_stratum,0.09537978854577618,0.009400728701929026,0.7008287059275072,0.020209216758568873,314.52,11.048660049476092,284.12,8.467034112761478,1.0,0.0,13283.039999999999,32.78763994759825,3936.0,0.0,12677.74,31.66674385955463
allocation,tfinance,hgb_graph_features,0.5,exposure_80,uniform,size_alpha,0.01404362677389811,0.0053767131380848855,0.6679662150238317,0.020783931383439525,274.78000000000003,9.901941448243589,270.8,8.758995376183286,1.0,0.0,13283.039999999999,32.78763994759825,3936.0,0.0,12677.74,31.66674385955463
allocation,tfinance,hgb_graph_features,0.5,zero_exposure,uniform,equal_alpha,0.044139033629622404,0.006020872251506272,0.7508721846250295,0.009685696889541537,318.54,4.61114591686999,304.4,3.8941551644027235,1.0,0.0,13283.039999999999,32.78763994759825,3936.0,0.0,12677.74,31.66674385955463
allocation,tfinance,hgb_graph_features,0.5,zero_exposure,uniform,filtered_low,0.12176241571067074,0.027316412275002692,0.8025075313342155,0.023097295638484436,371.64,21.241845494212605,325.32,8.84995919639054,1.0,0.0,13283.039999999999,32.78763994759825,3936.0,0.0,12677.74,31.66674385955463
allocation,tfinance,hgb_graph_features,0.5,zero_exposure,uniform,pooled_reference,0.09503375506337562,0.008084070328120625,0.7889561155915674,0.012424998558620573,353.71999999999997,7.649662301914583,319.84000000000003,5.076131510423176,1.0,0.0,13283.039999999999,32.78763994759825,3936.0,0.0,12677.74,31.66674385955463
allocation,tfinance,hgb_graph_features,0.5,zero_exposure,uniform,pooled_stratum,0.09487421418353718,0.006295307349544321,0.7836254318063038,0.011828907468283906,351.21999999999997,6.633551085203154,317.68,4.899160925891069,1.0,0.0,13283.039999999999,32.78763994759825,3936.0,0.0,12677.74,31.66674385955463
allocation,tfinance,hgb_graph_features,0.5,zero_exposure,uniform,size_alpha,0.05578030628344116,0.006668791799583696,0.7661626072343841,0.0107067425318628,329.06,5.458571241634563,310.6,4.403029260255572,1.0,0.0,13283.039999999999,32.78763994759825,3936.0,0.0,12677.74,31.66674385955463
allocation,tfinance,hgb_graph_features,1.0,exposure_80,uniform,equal_alpha,0.038355807718024194,0.004432112152982225,0.7381818113180996,0.010017863698105709,311.28,5.123540442571591,299.26,4.388925456950338,1.0,0.0,26565.8,0.4216370213563034,3936.0,0.0,25349.6,5.641118880348489
allocation,tfinance,hgb_graph_features,1.0,exposure_80,uniform,filtered_low,0.20203140201715192,0.025282817132316747,0.8336646009594361,0.014691074772354136,424.43999999999994,19.03582587298662,337.96,5.6997465830606036,1.0,0.0,26565.8,0.4216370213563034,3936.0,0.0,25349.6,5.641118880348489
allocation,tfinance,hgb_graph_features,1.0,exposure_80,uniform,pooled_reference,0.09857464821037723,0.00746625323192036,0.7915712403396788,0.011058590122388566,356.24,6.75198736175754,320.9,4.509003338999775,1.0,0.0,26565.8,0.4216370213563034,3936.0,0.0,25349.6,5.641118880348489
allocation,tfinance,hgb_graph_features,1.0,exposure_80,uniform,pooled_stratum,0.10082768013022392,0.00798962025087116,0.7081723755519864,0.017330686539268742,319.52,8.207963612654911,287.1,7.4572857737323535,1.0,0.0,26565.8,0.4216370213563034,3936.0,0.0,25349.6,5.641118880348489
allocation,tfinance,hgb_graph_features,1.0,exposure_80,uniform,size_alpha,0.013208892203274475,0.0029634272111879524,0.6763925131388054,0.01815265189401548,277.94,8.254857156042537,274.21999999999997,7.884978686647726,1.0,0.0,26565.8,0.4216370213563034,3936.0,0.0,25349.6,5.641118880348489
allocation,tfinance,hgb_graph_features,1.0,zero_exposure,uniform,equal_alpha,0.04578464057602226,0.006502920697949555,0.7532928270288253,0.010014407558235482,320.14,4.963018794600269,305.38,3.9060636622222784,1.0,0.0,26565.8,0.4216370213563034,3936.0,0.0,25349.6,5.641118880348489
allocation,tfinance,hgb_graph_features,1.0,zero_exposure,uniform,filtered_low,0.12095210124094224,0.02866525892831753,0.8037863825293867,0.02163691532294234,371.52,20.94122993310353,325.84000000000003,8.289645482300344,1.0,0.0,26565.8,0.4216370213563034,3936.0,0.0,25349.6,5.641118880348489
allocation,tfinance,hgb_graph_features,1.0,zero_exposure,uniform,pooled_reference,0.09857464821037723,0.00746625323192036,0.7915712403396788,0.011058590122388566,356.24,6.75198736175754,320.9,4.509003338999775,1.0,0.0,26565.8,0.4216370213563034,3936.0,0.0,25349.6,5.641118880348489
allocation,tfinance,hgb_graph_features,1.0,zero_exposure,uniform,pooled_stratum,0.09755441312645986,0.007622340471266174,0.7894963742972118,0.011152258411228423,354.88,6.543665299780809,320.06,4.624620104517886,1.0,0.0,26565.8,0.4216370213563034,3936.0,0.0,25349.6,5.641118880348489
allocation,tfinance,hgb_graph_features,1.0,zero_exposure,uniform,size_alpha,0.06452727617629386,0.007820097785734725,0.7760259702528808,0.009725388070547705,336.44,4.906050685972709,314.6,4.1344084623236315,1.0,0.0,26565.8,0.4216370213563034,3936.0,0.0,25349.6,5.641118880348489
allocation,weibo_gadbench,hgb_attributes,0.25,exposure_80,uniform,equal_alpha,0.01700069556051289,0.008492661523959852,0.40111617108259995,0.1582548735942856,80.56,31.749827646076373,78.58,30.884940594981813,0.8,0.23094010767585033,1415.42,19.55015203123613,840.0,0.0,1267.9,18.74347293800643
allocation,weibo_gadbench,hgb_attributes,0.25,exposure_80,uniform,filtered_low,0.16828349735480483,0.024782195445037895,0.7644756242159602,0.04171779771218299,181.62,14.684670767693625,149.85999999999999,8.728013647000232,1.0,0.0,1415.42,19.55015203123613,840.0,0.0,1267.9,18.74347293800643
allocation,weibo_gadbench,hgb_attributes,0.25,exposure_80,uniform,pooled_reference,0.09327295423719187,0.010987387558448681,0.6636558384513835,0.0424647357102934,143.78,10.478952449765412,130.07999999999998,8.467034112761482,1.0,0.0,1415.42,19.55015203123613,840.0,0.0,1267.9,18.74347293800643
allocation,weibo_gadbench,hgb_attributes,0.25,exposure_80,uniform,pooled_stratum,0.009727890229838087,0.01915003170366449,0.04918340911494131,0.08410799581276783,10.940000000000001,18.83496748072584,9.620000000000001,16.367298019051418,0.08,0.13984117975602023,1415.42,19.55015203123613,840.0,0.0,1267.9,18.74347293800643
allocation,weibo_gadbench,hgb_attributes,0.25,exposure_80,uniform,size_alpha,0.0011594202898550724,0.003666408881354643,0.013265306122448977,0.041948581206315234,2.7600000000000002,8.727886342064727,2.6,8.221921916437786,0.02,0.06324555320336758,1415.42,19.55015203123613,840.0,0.0,1267.9,18.74347293800643
allocation,weibo_gadbench,hgb_attributes,0.25,zero_exposure,uniform,equal_alpha,0.024945386356894354,0.011060698228067814,0.4777442490208238,0.13718359908806546,96.52000000000001,27.817212896574187,93.58,26.661574513812113,0.9199999999999999,0.19321835661585918,1415.42,19.55015203123613,840.0,0.0,1267.9,18.74347293800643
allocation,weibo_gadbench,hgb_attributes,0.25,zero_exposure,uniform,filtered_low,0.16394475353059773,0.023637307809842276,0.7584459479821006,0.043703928027740716,179.26,14.870716937061987,148.68,9.11467680904448,1.0,0.0,1415.42,19.55015203123613,840.0,0.0,1267.9,18.74347293800643
allocation,weibo_gadbench,hgb_attributes,0.25,zero_exposure,uniform,pooled_reference,0.09327295423719187,0.010987387558448681,0.6636558384513835,0.0424647357102934,143.78,10.478952449765412,130.07999999999998,8.467034112761482,1.0,0.0,1415.42,19.55015203123613,840.0,0.0,1267.9,18.74347293800643
allocation,weibo_gadbench,hgb_attributes,0.25,zero_exposure,uniform,pooled_stratum,0.047967157270497086,0.03415587447725817,0.2843190160840455,0.2082917429536201,61.160000000000004,44.62164895603428,55.7,40.8762087826702,0.5599999999999999,0.39777157040470124,1415.42,19.55015203123613,840.0,0.0,1267.9,18.74347293800643
allocation,weibo_gadbench,hgb_attributes,0.25,zero_exposure,uniform,size_alpha,0.010665830636313461,0.00799357450779349,0.25960544932677987,0.20423188346712967,52.02,40.9064461097922,50.9,40.19864563777132,0.52,0.39101008796307146,1415.42,19.55015203123613,840.0,0.0,1267.9,18.74347293800643
allocation,weibo_gadbench,hgb_attributes,0.5,exposure_80,uniform,equal_alpha,0.024818533548726707,0.009568513567036464,0.4893334894510038,0.08715853299620002,98.62,17.761243700196726,95.88,16.935485427547295,1.0,0.0,2840.2,27.078486745836663,840.0,0.0,2544.82,26.276047394284227
allocation,weibo_gadbench,hgb_attributes,0.5,exposure_80,uniform,filtered_low,0.18867521131118145,0.02409810734652353,0.7867063185711418,0.043022669656700076,191.35999999999999,15.880330251253877,154.22,9.016749845580591,1.0,0.0,2840.2,27.078486745836663,840.0,0.0,2544.82,26.276047394284227
allocation,weibo_gadbench,hgb_attributes,0.5,exposure_80,uniform,pooled_reference,0.0959066153168541,0.010691014910241544,0.6660604068070763,0.03792638577390449,144.72,9.378557102952108,130.56,7.784771458859061,1.0,0.0,2840.2,27.078486745836663,840.0,0.0,2544.82,26.276047394284227
allocation,weibo_gadbench,hgb_attributes,0.5,exposure_80,uniform,pooled_stratum,0.07032446694432729,0.028788727818457777,0.3059234765784485,0.167505326558462,66.8,36.14772161254119,59.96,32.87874017591848,0.7,0.3018461712712472,2840.2,27.078486745836663,840.0,0.0,2544.82,26.276047394284227
allocation,weibo_gadbench,hgb_attributes,0.5,exposure_80,uniform,size_alpha,0.006846934710242456,0.0049817106143214855,0.26321954125669283,0.20835294678073857,52.2,40.99766931044848,51.58,40.85393493899945,0.58,0.4366539438350084,2840.2,27.078486745836663,840.0,0.0,2544.82,26.276047394284227
allocation,weibo_gadbench,hgb_attributes,0.5,zero_exposure,uniform,equal_alpha,0.03556234689218488,0.009893366130538626,0.5368297915512579,0.07186731833497581,109.35999999999999,14.476279448348135,105.2,13.989837581457323,1.0,0.0,2840.2,27.078486745836663,840.0,0.0,2544.82,26.276047394284227
allocation,weibo_gadbench,hgb_attributes,0.5,zero_exposure,uniform,filtered_low,0.18094382294851102,0.02492215326498115,0.7787849934057776,0.043923668206617146,187.74,16.44466816664632,152.68,9.414504176476257,1.0,0.0,2840.2,27.078486745836663,840.0,0.0,2544.82,26.276047394284227
allocation,weibo_gadbench,hgb_attributes,0.5,zero_exposure,uniform,pooled_reference,0.0959066153168541,0.010691014910241544,0.6660604068070763,0.03792638577390449,144.72,9.378557102952108,130.56,7.784771458859061,1.0,0.0,2840.2,27.078486745836663,840.0,0.0,2544.82,26.276047394284227
allocation,weibo_gadbench,hgb_attributes,0.5,zero_exposure,uniform,pooled_stratum,0.08619162331866319,0.011950470727283035,0.4655347745520424,0.10034180354030146,100.47999999999999,21.794841387610763,91.22,19.588760949982404,1.0,0.0,2840.2,27.078486745836663,840.0,0.0,2544.82,26.276047394284227
allocation,weibo_gadbench,hgb_attributes,0.5,zero_exposure,uniform,size_alpha,0.019551819748627325,0.010139910694617262,0.4425329578099638,0.1271122481545196,88.8,25.553603790202796,86.7,24.80129924912089,0.96,0.12649110640673517,2840.2,27.078486745836663,840.0,0.0,2544.82,26.276047394284227
allocation,weibo_gadbench,hgb_attributes,1.0,exposure_80,uniform,equal_alpha,0.026432489727507575,0.009978231828431886,0.4952239513669879,0.08598295107766706,99.86,17.40473754151119,97.03999999999999,16.73713104314941,1.0,0.0,5673.8,0.4216370213557219,840.0,0.0,5085.8,5.827139568909798
allocation,weibo_gadbench,hgb_attributes,1.0,exposure_80,uniform,filtered_low,0.21582132722130698,0.024123773343839878,0.8105126344507765,0.04051068608237383,203.48,15.079699378082216,158.88,8.457054911597647,1.0,0.0,5673.8,0.4216370213557219,840.0,0.0,5085.8,5.827139568909798
allocation,weibo_gadbench,hgb_attributes,1.0,exposure_80,uniform,pooled_reference,0.09332321463180764,0.007333989466396311,0.6636128815846078,0.04343116946646283,143.66,9.980892856965362,130.07999999999998,8.806159460539215,1.0,0.0,5673.8,0.4216370213557219,840.0,0.0,5085.8,5.827139568909798
allocation,weibo_gadbench,hgb_attributes,1.0,exposure_80,uniform,pooled_stratum,0.0888458131963465,0.012237876622655172,0.3841614166845565,0.10711639886028301,83.0,23.52473875164894,75.28,20.981092016914236,1.0,0.0,5673.8,0.4216370213557219,840.0,0.0,5085.8,5.827139568909798
allocation,weibo_gadbench,hgb_attributes,1.0,exposure_80,uniform,size_alpha,0.00861747766837629,0.006936830524473018,0.3772250177779789,0.10581748834957874,74.67999999999999,20.98829303312788,73.92,20.7219046743617,1.0,0.0,5673.8,0.4216370213557219,840.0,0.0,5085.8,5.827139568909798
allocation,weibo_gadbench,hgb_attributes,1.0,zero_exposure,uniform,equal_alpha,0.04235461857864142,0.0038433285265076036,0.5589083435555511,0.07391453246564525,114.58,15.333753617428442,109.54,14.504267571228052,1.0,0.0,5673.8,0.4216370213557219,840.0,0.0,5085.8,5.827139568909798
allocation,weibo_gadbench,hgb_attributes,1.0,zero_exposure,uniform,filtered_low,0.19802129821140482,0.02223935205387945,0.7954288739102477,0.0432727476963831,195.28,15.753997728971669,155.94,9.261653320127147,1.0,0.0,5673.8,0.4216370213557219,840.0,0.0,5085.8,5.827139568909798
allocation,weibo_gadbench,hgb_attributes,1.0,zero_exposure,uniform,pooled_reference,0.09332321463180764,0.007333989466396311,0.6636128815846078,0.04343116946646283,143.66,9.980892856965362,130.07999999999998,8.806159460539215,1.0,0.0,5673.8,0.4216370213557219,840.0,0.0,5085.8,5.827139568909798
allocation,weibo_gadbench,hgb_attributes,1.0,zero_exposure,uniform,pooled_stratum,0.09607299255844308,0.005295565912205143,0.5358150433801032,0.0746581002609463,116.34,16.054089129495257,105.02000000000001,14.700702931039269,1.0,0.0,5673.8,0.4216370213557219,840.0,0.0,5085.8,5.827139568909798
allocation,weibo_gadbench,hgb_attributes,1.0,zero_exposure,uniform,size_alpha,0.03236720841533142,0.008954565697115453,0.5194332632918034,0.07701205477613705,105.44000000000001,16.067856110881756,101.8,15.076692829220427,1.0,0.0,5673.8,0.4216370213557219,840.0,0.0,5085.8,5.827139568909798
allocation,weibo_gadbench,hgb_graph_features,0.25,exposure_80,uniform,equal_alpha,0.022936513433518484,0.007763682639712909,0.4736085112477362,0.1461949534839106,95.96,29.58465067489483,92.78,28.637574385179107,0.78,0.2201009869229224,1415.42,19.55015203123613,840.0,0.0,1267.9,18.74347293800643
allocation,weibo_gadbench,hgb_graph_features,0.25,exposure_80,uniform,filtered_low,0.25844581910126924,0.023788529075201202,0.9687457432299376,0.008891566330858441,256.96,8.63162145189934,189.86,1.1077504733066528,1.0,0.0,1415.42,19.55015203123613,840.0,0.0,1267.9,18.74347293800643
allocation,weibo_gadbench,hgb_graph_features,0.25,exposure_80,uniform,pooled_reference,0.09430874549709559,0.01143381243564889,0.8453745711245249,0.02767158564819551,183.54000000000002,7.37928030215534,165.7,5.894818817308039,1.0,0.0,1415.42,19.55015203123613,840.0,0.0,1267.9,18.74347293800643
allocation,weibo_gadbench,hgb_graph_features,0.25,exposure_80,uniform,pooled_stratum,0.018910045143082255,0.0141471150501708,0.09294344405491703,0.06448123861849639,21.1,14.698223626608005,18.22,12.651025430550858,0.14,0.0966091783079296,1415.42,19.55015203123613,840.0,0.0,1267.9,18.74347293800643
allocation,weibo_gadbench,hgb_graph_features,0.25,exposure_80,uniform,size_alpha,0.004582179318270152,0.005182168741202877,0.06644419644834153,0.07036711386480986,13.680000000000001,14.525747255591824,13.040000000000001,13.820371437362553,0.1,0.10540925533894599,1415.42,19.55015203123613,840.0,0.0,1267.9,18.74347293800643
allocation,weibo_gadbench,hgb_graph_features,0.25,zero_exposure,uniform,equal_alpha,0.030100066268215413,0.008294845378084004,0.5707523669989114,0.11416587265529725,116.16000000000001,23.497290623956342,111.85999999999999,22.41706691092501,0.8800000000000001,0.16865480854231357,1415.42,19.55015203123613,840.0,0.0,1267.9,18.74347293800643
allocation,weibo_gadbench,hgb_graph_features,0.25,zero_exposure,uniform,filtered_low,0.2532202515765887,0.025901828621813703,0.9663002579183255,0.010407584585559057,254.6,9.7606921430353,189.38,1.4312387796746016,1.0,0.0,1415.42,19.55015203123613,840.0,0.0,1267.9,18.74347293800643
allocation,weibo_gadbench,hgb_graph_features,0.25,zero_exposure,uniform,pooled_reference,0.09430874549709559,0.01143381243564889,0.8453745711245249,0.02767158564819551,183.54000000000002,7.37928030215534,165.7,5.894818817308039,1.0,0.0,1415.42,19.55015203123613,840.0,0.0,1267.9,18.74347293800643
allocation,weibo_gadbench,hgb_graph_features,0.25,zero_exposure,uniform,pooled_stratum,0.055904113144247224,0.023260192895519942,0.32234244989254945,0.1518338265202078,70.42,33.49646084124245,63.220000000000006,30.138119088991303,0.56,0.2270584848790187,1415.42,19.55015203123613,840.0,0.0,1267.9,18.74347293800643
allocation,weibo_gadbench,hgb_graph_features,0.25,zero_exposure,uniform,size_alpha,0.012459504880378482,0.007795423130638987,0.28611432947118387,0.1665122598309041,57.620000000000005,33.74656525732163,56.08,32.850665476093816,0.5,0.28674417556808757,1415.42,19.55015203123613,840.0,0.0,1267.9,18.74347293800643
allocation,weibo_gadbench,hgb_graph_features,0.5,exposure_80,uniform,equal_alpha,0.020353467199083694,0.005465739951988752,0.5228042398870293,0.11045524982924303,104.92,21.99862621973371,102.4,21.435795607659013,0.9400000000000001,0.1349897115421106,2840.2,27.078486745836663,840.0,0.0,2544.82,26.276047394284227
allocation,weibo_gadbench,hgb_graph_features,0.5,exposure_80,uniform,filtered_low,0.2900996301505679,0.018874916396885058,0.9740403516694289,0.007201226951025455,269.5,7.567914728201773,190.9,1.0718623460542336,1.0,0.0,2840.2,27.078486745836663,840.0,0.0,2544.82,26.276047394284227
allocation,weibo_gadbench,hgb_graph_features,0.5,exposure_80,uniform,pooled_reference,0.09043367390068541,0.009579636936061233,0.8459863680876929,0.021468314253693135,182.6,4.642796092394702,165.8,4.001110956832979,1.0,0.0,2840.2,27.078486745836663,840.0,0.0,2544.82,26.276047394284227
allocation,weibo_gadbench,hgb_graph_features,0.5,exposure_80,uniform,pooled_stratum,0.04064876290296575,0.03482869728369114,0.17754577506512537,0.13300183520969677,38.9,29.524867108554066,34.8,26.182606609902095,0.4,0.31269438398822863,2840.2,27.078486745836663,840.0,0.0,2544.82,26.276047394284227
allocation,weibo_gadbench,hgb_graph_features,0.5,exposure_80,uniform,size_alpha,0.005861662278726872,0.004551864138066947,0.1478449269033052,0.133327677185439,29.5,26.538399851284677,28.98,26.275201659021047,0.34,0.31340424729448424,2840.2,27.078486745836663,840.0,0.0,2544.82,26.276047394284227
allocation,weibo_gadbench,hgb_graph_features,0.5,zero_exposure,uniform,equal_alpha,0.029199868824583457,0.005560681732974386,0.6302350161610671,0.050778363285346524,127.55999999999999,10.217109832694044,123.52000000000001,9.96759193029535,1.0,0.0,2840.2,27.078486745836663,840.0,0.0,2544.82,26.276047394284227
allocation,weibo_gadbench,hgb_graph_features,0.5,zero_exposure,uniform,filtered_low,0.2802097582043689,0.02336582883584143,0.972312218846598,0.008400455634457411,265.46,9.407821804812789,190.56,1.1500724614852122,1.0,0.0,2840.2,27.078486745836663,840.0,0.0,2544.82,26.276047394284227
allocation,weibo_gadbench,hgb_graph_features,0.5,zero_exposure,uniform,pooled_reference,0.09043367390068541,0.009579636936061233,0.8459863680876929,0.021468314253693135,182.6,4.642796092394702,165.8,4.001110956832979,1.0,0.0,2840.2,27.078486745836663,840.0,0.0,2544.82,26.276047394284227
allocation,weibo_gadbench,hgb_graph_features,0.5,zero_exposure,uniform,pooled_stratum,0.07201201767975712,0.01993380355825552,0.4739280578816837,0.12429438129221002,101.72,26.98859018177867,92.84,24.253073115701348,0.8800000000000001,0.16865480854231357,2840.2,27.078486745836663,840.0,0.0,2544.82,26.276047394284227
allocation,weibo_gadbench,hgb_graph_features,0.5,zero_exposure,uniform,size_alpha,0.01572981177067313,0.006749188353501214,0.45722614832105923,0.12701826273651345,91.5,25.52266966182548,89.58,24.869695972765285,0.8800000000000001,0.16865480854231357,2840.2,27.078486745836663,840.0,0.0,2544.82,26.276047394284227
allocation,weibo_gadbench,hgb_graph_features,1.0,exposure_80,uniform,equal_alpha,0.023024456069457255,0.0071767743520700245,0.5665980529158207,0.08931394498924722,113.94000000000001,17.901967613769287,111.02000000000001,17.332423053020857,1.0,0.0,5673.8,0.4216370213557219,840.0,0.0,5085.8,5.827139568909798
allocation,weibo_gadbench,hgb_graph_features,1.0,exposure_80,uniform,filtered_low,0.31669943893278185,0.018565550514747623,0.9784187069320456,0.006165155632645782,281.06,7.775774345148322,191.76,1.188089035197094,1.0,0.0,5673.8,0.4216370213557219,840.0,0.0,5085.8,5.827139568909798
allocation,weibo_gadbench,hgb_graph_features,1.0,exposure_80,uniform,pooled_reference,0.09296134106279945,0.012567385174399854,0.8483463134584808,0.02417743115436327,183.54,6.117406858029523,166.26,4.474172797537245,1.0,0.0,5673.8,0.4216370213557219,840.0,0.0,5085.8,5.827139568909798
allocation,weibo_gadbench,hgb_graph_features,1.0,exposure_80,uniform,pooled_stratum,0.060994573237442604,0.04688786051798746,0.24861397198013374,0.21687498605765307,54.68000000000001,47.830831525747534,48.7,42.55916143701873,0.58,0.4157990967870047,5673.8,0.4216370213557219,840.0,0.0,5085.8,5.827139568909798
allocation,weibo_gadbench,hgb_graph_features,1.0,exposure_80,uniform,size_alpha,0.006740352579885538,0.006437893233773161,0.2040475146279621,0.22177527789483387,40.660000000000004,44.13525172064213,39.980000000000004,43.49298283120572,0.44000000000000006,0.429987079909256,5673.8,0.4216370213557219,840.0,0.0,5085.8,5.827139568909798
allocation,weibo_gadbench,hgb_graph_features,1.0,zero_exposure,uniform,equal_alpha,0.03497893657299177,0.008926172798101723,0.6733145745417465,0.05721026119060503,136.9,11.746678017398985,131.94,10.960150039524507,1.0,0.0,5673.8,0.4216370213557219,840.0,0.0,5085.8,5.827139568909798
allocation,weibo_gadbench,hgb_graph_features,1.0,zero_exposure,uniform,filtered_low,0.3105801374462968,0.024291281095249147,0.9775100203805019,0.0072823556132726825,278.44,10.098096630333632,191.57999999999998,1.0891382934330378,1.0,0.0,5673.8,0.4216370213557219,840.0,0.0,5085.8,5.827139568909798
allocation,weibo_gadbench,hgb_graph_features,1.0,zero_exposure,uniform,pooled_reference,0.09296134106279945,0.012567385174399854,0.8483463134584808,0.02417743115436327,183.54,6.117406858029523,166.26,4.474172797537245,1.0,0.0,5673.8,0.4216370213557219,840.0,0.0,5085.8,5.827139568909798
allocation,weibo_gadbench,hgb_graph_features,1.0,zero_exposure,uniform,pooled_stratum,0.0900462321413504,0.012124364584049885,0.6370267790251689,0.05174205252607524,137.45999999999998,11.341977095923102,124.82000000000001,9.72988523399257,1.0,0.0,5673.8,0.4216370213557219,840.0,0.0,5085.8,5.827139568909798
allocation,weibo_gadbench,hgb_graph_features,1.0,zero_exposure,uniform,size_alpha,0.028694771582699553,0.007306994490807203,0.6220208639583658,0.054941397173515004,125.66,11.175389627808663,121.88,10.418871766601645,1.0,0.0,5673.8,0.4216370213557219,840.0,0.0,5085.8,5.827139568909798
