dataset,model,label_fraction,removed,method,seed,fdp,power,discoveries,nonempty,n_calib,pool_size
amazon,hgb_attributes,0.25,0.0,exposure,0,0.11440989780053575,0.7902702702702704,165.8,1.0,1347.2,1347.2
amazon,hgb_attributes,0.25,0.0,exposure,1,0.11263648589764708,0.7879781420765026,162.8,1.0,1318.2,1318.2
amazon,hgb_attributes,0.25,0.0,exposure,2,0.09822586391914123,0.7584699453551913,154.0,1.0,1333.6,1333.6
amazon,hgb_attributes,0.25,0.0,exposure,3,0.06359798164716284,0.7892473118279569,158.0,1.0,1347.6,1347.6
amazon,hgb_attributes,0.25,0.0,exposure,4,0.07456247222915766,0.7532608695652174,150.0,1.0,1352.6,1352.6
amazon,hgb_attributes,0.25,0.0,exposure,5,0.08185470548168398,0.7795698924731183,158.0,1.0,1318.6,1318.6
amazon,hgb_attributes,0.25,0.0,exposure,6,0.08907810873668434,0.7648936170212767,158.0,1.0,1299.6,1299.6
amazon,hgb_attributes,0.25,0.0,exposure,7,0.11193527323168832,0.7967914438502673,168.2,1.0,1303.8,1303.8
amazon,hgb_attributes,0.25,0.0,exposure,8,0.0940276875289358,0.7772972972972974,158.8,1.0,1325.0,1325.0
amazon,hgb_attributes,0.25,0.0,exposure,9,0.06860920300749256,0.789247311827957,158.0,1.0,1322.0,1322.0
amazon,hgb_attributes,0.25,0.0,random,0,0.11440989780053575,0.7902702702702704,165.8,1.0,1347.2,1347.2
amazon,hgb_attributes,0.25,0.0,random,1,0.11263648589764708,0.7879781420765026,162.8,1.0,1318.2,1318.2
amazon,hgb_attributes,0.25,0.0,random,2,0.09822586391914123,0.7584699453551913,154.0,1.0,1333.6,1333.6
amazon,hgb_attributes,0.25,0.0,random,3,0.06359798164716284,0.7892473118279569,158.0,1.0,1347.6,1347.6
amazon,hgb_attributes,0.25,0.0,random,4,0.07456247222915766,0.7532608695652174,150.0,1.0,1352.6,1352.6
amazon,hgb_attributes,0.25,0.0,random,5,0.08185470548168398,0.7795698924731183,158.0,1.0,1318.6,1318.6
amazon,hgb_attributes,0.25,0.0,random,6,0.08907810873668434,0.7648936170212767,158.0,1.0,1299.6,1299.6
amazon,hgb_attributes,0.25,0.0,random,7,0.11193527323168832,0.7967914438502673,168.2,1.0,1303.8,1303.8
amazon,hgb_attributes,0.25,0.0,random,8,0.0940276875289358,0.7772972972972974,158.8,1.0,1325.0,1325.0
amazon,hgb_attributes,0.25,0.0,random,9,0.06860920300749256,0.789247311827957,158.0,1.0,1322.0,1322.0
amazon,hgb_attributes,0.25,0.05,exposure,0,0.11829782862285572,0.7891891891891893,166.4,1.0,1280.6,1347.2
amazon,hgb_attributes,0.25,0.05,exposure,1,0.11642606134035569,0.7901639344262295,164.2,1.0,1253.0,1318.2
amazon,hgb_attributes,0.25,0.05,exposure,2,0.10615650963815071,0.7617486338797814,156.0,1.0,1267.4,1333.6
amazon,hgb_attributes,0.25,0.05,exposure,3,0.06723643009270923,0.8053763440860214,161.6,1.0,1280.6,1347.6
amazon,hgb_attributes,0.25,0.05,exposure,4,0.07444132788100744,0.7543478260869566,150.2,1.0,1285.4,1352.6
amazon,hgb_attributes,0.25,0.05,exposure,5,0.08740737117798437,0.7827956989247312,159.6,1.0,1253.2,1318.6
amazon,hgb_attributes,0.25,0.05,exposure,6,0.0814254229383032,0.7606382978723405,155.8,1.0,1234.8,1299.6
amazon,hgb_attributes,0.25,0.05,exposure,7,0.1238136592590191,0.8032085561497325,171.6,1.0,1239.2,1303.8
amazon,hgb_attributes,0.25,0.05,exposure,8,0.0968332716779218,0.7783783783783784,159.6,1.0,1259.2,1325.0
amazon,hgb_attributes,0.25,0.05,exposure,9,0.08253005940363756,0.7978494623655914,162.2,1.0,1256.2,1322.0
amazon,hgb_attributes,0.25,0.05,random,0,0.10909385460923333,0.782572972972973,163.12,1.0,1280.6,1347.2
amazon,hgb_attributes,0.25,0.05,random,1,0.11458983144804553,0.7899453551912567,163.68800000000002,1.0,1253.0,1318.2
amazon,hgb_attributes,0.25,0.05,random,2,0.09903528598722314,0.7588852459016395,154.24,1.0,1267.4,1333.6
amazon,hgb_attributes,0.25,0.05,random,3,0.06093701865202755,0.7827526881720429,156.272,1.0,1280.6,1347.6
amazon,hgb_attributes,0.25,0.05,random,4,0.07552436186733796,0.7539782608695653,150.32,1.0,1285.4,1352.6
amazon,hgb_attributes,0.25,0.05,random,5,0.0775183359330911,0.772,155.76799999999997,1.0,1253.2,1318.6
amazon,hgb_attributes,0.25,0.05,random,6,0.08545786291058692,0.7627021276595745,156.93200000000002,1.0,1234.8,1299.6
amazon,hgb_attributes,0.25,0.05,random,7,0.11273927371424246,0.7942887700534759,167.924,1.0,1239.2,1303.8
amazon,hgb_attributes,0.25,0.05,random,8,0.09304926222881901,0.7784,158.868,1.0,1259.2,1325.0
amazon,hgb_attributes,0.25,0.05,random,9,0.0713977128818817,0.790494623655914,158.73200000000003,1.0,1256.2,1322.0
amazon,hgb_attributes,0.25,0.1,exposure,0,0.12959225159225157,0.7924324324324324,169.2,1.0,1213.0,1347.2
amazon,hgb_attributes,0.25,0.1,exposure,1,0.13587787913914443,0.8032786885245902,170.6,1.0,1187.0,1318.2
amazon,hgb_attributes,0.25,0.1,exposure,2,0.1135890340709865,0.7650273224043715,158.0,1.0,1200.8,1333.6
amazon,hgb_attributes,0.25,0.1,exposure,3,0.07787631623481614,0.8225806451612903,166.8,1.0,1213.2,1347.6
amazon,hgb_attributes,0.25,0.1,exposure,4,0.0787477283834156,0.7565217391304349,151.4,1.0,1218.0,1352.6
amazon,hgb_attributes,0.25,0.1,exposure,5,0.10766343118627805,0.8086021505376344,168.8,1.0,1187.2,1318.6
amazon,hgb_attributes,0.25,0.1,exposure,6,0.09450649956550042,0.7691489361702127,159.8,1.0,1170.0,1299.6
amazon,hgb_attributes,0.25,0.1,exposure,7,0.13063264674926084,0.8096256684491978,174.6,1.0,1173.8,1303.8
amazon,hgb_attributes,0.25,0.1,exposure,8,0.10026845204641752,0.7783783783783784,160.2,1.0,1193.0,1325.0
amazon,hgb_attributes,0.25,0.1,exposure,9,0.08408044964014313,0.8,163.0,1.0,1190.2,1322.0
amazon,hgb_attributes,0.25,0.1,random,0,0.10927971282680611,0.7839567567567568,163.548,1.0,1213.0,1347.2
amazon,hgb_attributes,0.25,0.1,random,1,0.11234925890675736,0.7877158469945356,162.816,1.0,1187.0,1318.2
amazon,hgb_attributes,0.25,0.1,random,2,0.10170409504096582,0.7597814207650273,154.876,1.0,1200.8,1333.6
amazon,hgb_attributes,0.25,0.1,random,3,0.06015052170135715,0.7749247311827957,154.724,1.0,1213.2,1347.6
amazon,hgb_attributes,0.25,0.1,random,4,0.07286739582433611,0.7516086956521739,149.38400000000001,1.0,1218.0,1352.6
amazon,hgb_attributes,0.25,0.1,random,5,0.08045912390603559,0.7739569892473118,156.71200000000002,1.0,1187.2,1318.6
amazon,hgb_attributes,0.25,0.1,random,6,0.08557631018787702,0.7622127659574467,156.848,1.0,1170.0,1299.6
amazon,hgb_attributes,0.25,0.1,random,7,0.10917539683326956,0.7946737967914439,167.26,1.0,1173.8,1303.8
amazon,hgb_attributes,0.25,0.1,random,8,0.0930802020786185,0.7754810810810812,158.296,1.0,1193.0,1325.0
amazon,hgb_attributes,0.25,0.1,random,9,0.06694289895141467,0.7808602150537635,156.14000000000001,1.0,1190.2,1322.0
amazon,hgb_attributes,0.25,0.2,exposure,0,0.12249208389315827,0.7870270270270271,167.0,1.0,1078.2,1347.2
amazon,hgb_attributes,0.25,0.2,exposure,1,0.13977518089208335,0.8032786885245902,171.6,1.0,1055.0,1318.2
amazon,hgb_attributes,0.25,0.2,exposure,2,0.10916478550004353,0.7650273224043715,157.2,1.0,1067.2,1333.6
amazon,hgb_attributes,0.25,0.2,exposure,3,0.08530531155219907,0.8301075268817204,169.6,1.0,1078.4,1347.6
amazon,hgb_attributes,0.25,0.2,exposure,4,0.09666165924968576,0.7760869565217392,158.2,1.0,1082.6,1352.6
amazon,hgb_attributes,0.25,0.2,exposure,5,0.11882771352030366,0.8096774193548388,171.2,1.0,1055.2,1318.6
amazon,hgb_attributes,0.25,0.2,exposure,6,0.09374897353024852,0.7680851063829788,159.4,1.0,1040.0,1299.6
amazon,hgb_attributes,0.25,0.2,exposure,7,0.1442400645478378,0.8203208556149733,179.6,1.0,1043.4,1303.8
amazon,hgb_attributes,0.25,0.2,exposure,8,0.10794478434310724,0.7805405405405406,162.0,1.0,1060.4,1325.0
amazon,hgb_attributes,0.25,0.2,exposure,9,0.09142306972713231,0.7946236559139785,163.2,1.0,1058.0,1322.0
amazon,hgb_attributes,0.25,0.2,random,0,0.10760860847675398,0.7826594594594595,163.06,1.0,1078.2,1347.2
amazon,hgb_attributes,0.25,0.2,random,1,0.11162798733418855,0.787672131147541,162.7,1.0,1055.0,1318.2
amazon,hgb_attributes,0.25,0.2,random,2,0.10125158683308008,0.7599344262295082,154.85999999999999,1.0,1067.2,1333.6
amazon,hgb_attributes,0.25,0.2,random,3,0.05879731052546609,0.7721075268817204,153.904,1.0,1078.4,1347.6
amazon,hgb_attributes,0.25,0.2,random,4,0.07221607652783096,0.7518695652173915,149.35999999999999,1.0,1082.6,1352.6
amazon,hgb_attributes,0.25,0.2,random,5,0.08025174681215871,0.7701290322580645,155.94,1.0,1055.2,1318.6
amazon,hgb_attributes,0.25,0.2,random,6,0.08204098690437375,0.7609148936170212,156.06,1.0,1040.0,1299.6
amazon,hgb_attributes,0.25,0.2,random,7,0.10940616802936964,0.7940320855614973,167.276,1.0,1043.4,1303.8
amazon,hgb_attributes,0.25,0.2,random,8,0.09303909842263683,0.7741837837837837,158.05599999999998,1.0,1060.4,1325.0
amazon,hgb_attributes,0.25,0.2,random,9,0.06668384890794984,0.7728172043010753,154.572,1.0,1058.0,1322.0
amazon,hgb_attributes,0.25,0.4,exposure,0,0.1532784074450741,0.8151351351351351,178.2,1.0,808.6,1347.2
amazon,hgb_attributes,0.25,0.4,exposure,1,0.16290680575279373,0.8174863387978142,180.4,1.0,791.2,1318.2
amazon,hgb_attributes,0.25,0.4,exposure,2,0.13029183185180898,0.7792349726775957,164.2,1.0,800.6,1333.6
amazon,hgb_attributes,0.25,0.4,exposure,3,0.11501229513315,0.8451612903225806,178.0,1.0,809.0,1347.6
amazon,hgb_attributes,0.25,0.4,exposure,4,0.10640967961826857,0.7804347826086956,160.8,1.0,812.0,1352.6
amazon,hgb_attributes,0.25,0.4,exposure,5,0.12810233071757057,0.8204301075268818,175.2,1.0,791.4,1318.6
amazon,hgb_attributes,0.25,0.4,exposure,6,0.09967248437836672,0.7691489361702126,160.8,1.0,780.2,1299.6
amazon,hgb_attributes,0.25,0.4,exposure,7,0.16337485719077216,0.839572192513369,188.2,1.0,782.6,1303.8
amazon,hgb_attributes,0.25,0.4,exposure,8,0.13502305875315876,0.7913513513513514,170.0,1.0,795.2,1325.0
amazon,hgb_attributes,0.25,0.4,exposure,9,0.10109147949149248,0.8064516129032258,167.2,1.0,793.6,1322.0
amazon,hgb_attributes,0.25,0.4,random,0,0.10489386999395903,0.7752648648648648,161.256,1.0,808.6,1347.2
amazon,hgb_attributes,0.25,0.4,random,1,0.10391958103836063,0.7843278688524592,160.728,1.0,791.2,1318.2
amazon,hgb_attributes,0.25,0.4,random,2,0.10055483882992826,0.7593879781420766,154.716,1.0,800.6,1333.6
amazon,hgb_attributes,0.25,0.4,random,3,0.05861702367351138,0.7623655913978494,152.092,1.0,809.0,1347.6
amazon,hgb_attributes,0.25,0.4,random,4,0.07125823441024418,0.748108695652174,148.51600000000002,1.0,812.0,1352.6
amazon,hgb_attributes,0.25,0.4,random,5,0.08077785381985511,0.7664731182795699,155.424,1.0,791.4,1318.6
amazon,hgb_attributes,0.25,0.4,random,6,0.07908645310465783,0.7597021276595745,155.38,1.0,780.2,1299.6
amazon,hgb_attributes,0.25,0.4,random,7,0.10408391231898544,0.7863957219251337,164.96800000000002,1.0,782.6,1303.8
amazon,hgb_attributes,0.25,0.4,random,8,0.08762419327704435,0.7683243243243243,156.112,1.0,795.2,1325.0
amazon,hgb_attributes,0.25,0.4,random,9,0.0672099441188289,0.753763440860215,151.01600000000002,1.0,793.6,1322.0
amazon,hgb_attributes,0.25,0.6,exposure,0,0.13032982468015974,0.8086486486486487,172.2,1.0,539.4,1347.2
amazon,hgb_attributes,0.25,0.6,exposure,1,0.16776962676962676,0.8131147540983606,181.6,1.0,528.0,1318.2
amazon,hgb_attributes,0.25,0.6,exposure,2,0.13094639791324664,0.7748633879781421,163.4,1.0,533.8,1333.6
amazon,hgb_attributes,0.25,0.6,exposure,3,0.11631743079894141,0.846236559139785,178.8,1.0,539.6,1347.6
amazon,hgb_attributes,0.25,0.6,exposure,4,0.10471402952038385,0.775,159.6,1.0,541.6,1352.6
amazon,hgb_attributes,0.25,0.6,exposure,5,0.11045594078384942,0.7956989247311828,166.8,1.0,527.8,1318.6
amazon,hgb_attributes,0.25,0.6,exposure,6,0.07035787375521894,0.7563829787234042,153.0,1.0,520.2,1299.6
amazon,hgb_attributes,0.25,0.6,exposure,7,0.13907803757791307,0.813903743315508,178.2,1.0,521.8,1303.8
amazon,hgb_attributes,0.25,0.6,exposure,8,0.13160726463511815,0.7902702702702703,169.2,1.0,530.4,1325.0
amazon,hgb_attributes,0.25,0.6,exposure,9,0.10225524509696353,0.767741935483871,160.4,1.0,529.0,1322.0
amazon,hgb_attributes,0.25,0.6,random,0,0.100220499626907,0.7533405405405406,156.6,1.0,539.4,1347.2
amazon,hgb_attributes,0.25,0.6,random,1,0.09738692346494529,0.7762841530054645,158.176,1.0,528.0,1318.2
amazon,hgb_attributes,0.25,0.6,random,2,0.09862509858608688,0.7567213114754099,154.028,1.0,533.8,1333.6
amazon,hgb_attributes,0.25,0.6,random,3,0.06192216078251271,0.7455698924731182,149.664,1.0,539.6,1347.6
amazon,hgb_attributes,0.25,0.6,random,4,0.07051304350433783,0.7385652173913044,146.704,1.0,541.6,1352.6
amazon,hgb_attributes,0.25,0.6,random,5,0.07874933870778009,0.7541935483870967,152.844,0.992,527.8,1318.6
amazon,hgb_attributes,0.25,0.6,random,6,0.07712675423988011,0.751,153.48399999999998,0.9960000000000001,520.2,1299.6
amazon,hgb_attributes,0.25,0.6,random,7,0.09675964091953868,0.7708663101604278,160.824,1.0,521.8,1303.8
amazon,hgb_attributes,0.25,0.6,random,8,0.0813326303842929,0.7476756756756757,151.28,0.992,530.4,1325.0
amazon,hgb_attributes,0.25,0.6,random,9,0.06435987425975535,0.661483870967742,133.332,0.9280000000000002,529.0,1322.0
amazon,hgb_attributes,0.25,0.8,exposure,0,0.14248709137968485,0.7772972972972974,170.6,1.0,269.8,1347.2
amazon,hgb_attributes,0.25,0.8,exposure,1,0.12700869519318608,0.7573770491803279,164.2,1.0,264.2,1318.2
amazon,hgb_attributes,0.25,0.8,exposure,2,0.09411470520379081,0.7540983606557377,152.6,1.0,267.2,1333.6
amazon,hgb_attributes,0.25,0.8,exposure,3,0.0812979797979798,0.7774193548387096,159.4,1.0,270.2,1347.6
amazon,hgb_attributes,0.25,0.8,exposure,4,0.07592386062362505,0.7543478260869565,150.6,1.0,271.0,1352.6
amazon,hgb_attributes,0.25,0.8,exposure,5,0.10921638854989028,0.7999139784946236,167.384,1.0,264.0,1318.6
amazon,hgb_attributes,0.25,0.8,exposure,6,0.06518169741275329,0.723404255319149,146.2,1.0,260.4,1299.6
amazon,hgb_attributes,0.25,0.8,exposure,7,0.14199791227007924,0.7957219251336899,175.6,1.0,261.0,1303.8
amazon,hgb_attributes,0.25,0.8,exposure,8,0.09710218520084542,0.6302702702702703,133.0,0.8,265.2,1325.0
amazon,hgb_attributes,0.25,0.8,exposure,9,0.06909105922620032,0.6053763440860215,123.8,0.8,264.6,1322.0
amazon,hgb_attributes,0.25,0.8,random,0,0.08670262006947485,0.6484972972972973,134.956,0.852,269.8,1347.2
amazon,hgb_attributes,0.25,0.8,random,1,0.09118026114500817,0.7298360655737705,148.672,0.9719999999999999,264.2,1318.2
amazon,hgb_attributes,0.25,0.8,random,2,0.09274596571622773,0.6982295081967214,142.876,0.944,267.2,1333.6
amazon,hgb_attributes,0.25,0.8,random,3,0.0544366649370832,0.6459354838709678,129.684,0.8880000000000001,270.2,1347.6
amazon,hgb_attributes,0.25,0.8,random,4,0.06349362405128475,0.6325217391304349,126.148,0.8960000000000001,271.0,1352.6
amazon,hgb_attributes,0.25,0.8,random,5,0.07160873402609554,0.6459139784946236,132.068,0.8879999999999999,264.0,1318.6
amazon,hgb_attributes,0.25,0.8,random,6,0.07304755675307376,0.6486595744680851,133.732,0.8960000000000001,260.4,1299.6
amazon,hgb_attributes,0.25,0.8,random,7,0.07796041563048321,0.654139037433155,135.9,0.8960000000000001,261.0,1303.8
amazon,hgb_attributes,0.25,0.8,random,8,0.0721102840065521,0.6181837837837838,126.15599999999999,0.844,265.2,1325.0
amazon,hgb_attributes,0.25,0.8,random,9,0.05384720051651441,0.5167311827956989,105.03600000000002,0.6759999999999999,264.6,1322.0
amazon,hgb_attributes,0.25,0.9,exposure,0,0.08968325602098082,0.47654054054054057,105.86399999999999,0.588,135.0,1347.2
amazon,hgb_attributes,0.25,0.9,exposure,1,0.11799268567497156,0.5243497267759563,119.772,0.628,132.2,1318.2
amazon,hgb_attributes,0.25,0.9,exposure,2,0.06306299654060013,0.42714754098360663,89.132,0.5640000000000001,133.8,1333.6
amazon,hgb_attributes,0.25,0.9,exposure,3,0.08464826365575483,0.5166021505376344,113.0,0.616,135.4,1347.6
amazon,hgb_attributes,0.25,0.9,exposure,4,0.0614979897164778,0.4579347826086956,95.05600000000001,0.592,135.6,1352.6
amazon,hgb_attributes,0.25,0.9,exposure,5,0.08054036787330252,0.5533333333333333,117.52000000000001,0.688,132.4,1318.6
amazon,hgb_attributes,0.25,0.9,exposure,6,0.04674647616943771,0.3798510638297873,79.49199999999999,0.488,130.6,1299.6
amazon,hgb_attributes,0.25,0.9,exposure,7,0.11075113748978375,0.5779893048128342,129.44400000000002,0.696,130.8,1303.8
amazon,hgb_attributes,0.25,0.9,exposure,8,0.18404801666145523,0.6042810810810811,158.496,0.712,132.8,1325.0
amazon,hgb_attributes,0.25,0.9,exposure,9,0.04536538956895973,0.3313978494623656,69.36,0.41600000000000004,132.4,1322.0
amazon,hgb_attributes,0.25,0.9,random,0,0.07713038263933501,0.4636756756756757,99.688,0.58,135.0,1347.2
amazon,hgb_attributes,0.25,0.9,random,1,0.07353609173659868,0.45602185792349725,96.444,0.572,132.2,1318.2
amazon,hgb_attributes,0.25,0.9,random,2,0.07312906529728994,0.4325027322404372,91.636,0.5599999999999999,133.8,1333.6
amazon,hgb_attributes,0.25,0.9,random,3,0.052693471127509176,0.43103225806451617,89.636,0.52,135.4,1347.6
amazon,hgb_attributes,0.25,0.9,random,4,0.05397069653735538,0.3660652173913043,76.62,0.46799999999999997,135.6,1352.6
amazon,hgb_attributes,0.25,0.9,random,5,0.05485802059814313,0.3464301075268817,74.924,0.42400000000000004,132.4,1318.6
amazon,hgb_attributes,0.25,0.9,random,6,0.06264328735613374,0.42004255319148937,90.08399999999999,0.54,130.6,1299.6
amazon,hgb_attributes,0.25,0.9,random,7,0.06901213251903802,0.4102032085561498,89.828,0.5,130.8,1303.8
amazon,hgb_attributes,0.25,0.9,random,8,0.0661313369469895,0.4147027027027027,88.43199999999999,0.528,132.8,1325.0
amazon,hgb_attributes,0.25,0.9,random,9,0.0482709787760582,0.35556989247311827,74.636,0.44000000000000006,132.4,1322.0
amazon,hgb_attributes,0.25,0.97,exposure,0,0.00255441478439425,0.003805405405405406,1.948,0.004,41.0,1347.2
amazon,hgb_attributes,0.25,0.97,exposure,1,0.002600397614314115,0.003846994535519126,2.012,0.004,40.0,1318.2
amazon,hgb_attributes,0.25,0.97,exposure,2,0.0,0.0,0.0,0.0,40.6,1333.6
amazon,hgb_attributes,0.25,0.97,exposure,3,0.0,0.0,0.0,0.0,40.8,1347.6
amazon,hgb_attributes,0.25,0.97,exposure,4,0.0,0.0,0.0,0.0,41.2,1352.6
amazon,hgb_attributes,0.25,0.97,exposure,5,0.008205376592513306,0.011591397849462367,6.9319999999999995,0.012,40.0,1318.6
amazon,hgb_attributes,0.25,0.97,exposure,6,0.0,0.0,0.0,0.0,39.6,1299.6
amazon,hgb_attributes,0.25,0.97,exposure,7,0.0,0.0,0.0,0.0,39.8,1303.8
amazon,hgb_attributes,0.25,0.97,exposure,8,0.00775746316196205,0.011372972972972973,5.9719999999999995,0.012,40.2,1325.0
amazon,hgb_attributes,0.25,0.97,exposure,9,0.0,0.0,0.0,0.0,40.2,1322.0
amazon,hgb_attributes,0.25,0.97,random,0,0.0,0.0,0.0,0.0,41.0,1347.2
amazon,hgb_attributes,0.25,0.97,random,1,0.0,0.0,0.0,0.0,40.0,1318.2
amazon,hgb_attributes,0.25,0.97,random,2,0.002475770925110132,0.0037814207650273225,1.816,0.004,40.6,1333.6
amazon,hgb_attributes,0.25,0.97,random,3,0.0,0.0,0.0,0.0,40.8,1347.6
amazon,hgb_attributes,0.25,0.97,random,4,0.002534736842105263,0.0037826086956521737,1.9,0.004,41.2,1352.6
amazon,hgb_attributes,0.25,0.97,random,5,0.0,0.0,0.0,0.0,40.0,1318.6
amazon,hgb_attributes,0.25,0.97,random,6,0.0,0.0,0.0,0.0,39.6,1299.6
amazon,hgb_attributes,0.25,0.97,random,7,0.0,0.0,0.0,0.0,39.8,1303.8
amazon,hgb_attributes,0.25,0.97,random,8,0.0,0.0,0.0,0.0,40.2,1325.0
amazon,hgb_attributes,0.25,0.97,random,9,0.0,0.0,0.0,0.0,40.2,1322.0
amazon,hgb_attributes,0.5,0.0,exposure,0,0.10337191605400473,0.7805405405405406,161.6,1.0,2661.0,2661.0
amazon,hgb_attributes,0.5,0.0,exposure,1,0.10141835607413582,0.7846994535519126,160.0,1.0,2653.2,2653.2
amazon,hgb_attributes,0.5,0.0,exposure,2,0.10765658873803534,0.7650273224043717,157.0,1.0,2627.0,2627.0
amazon,hgb_attributes,0.5,0.0,exposure,3,0.06794283086307759,0.810752688172043,162.8,1.0,2648.0,2648.0
amazon,hgb_attributes,0.5,0.0,exposure,4,0.07134024841837609,0.7554347826086956,149.8,1.0,2661.0,2661.0
amazon,hgb_attributes,0.5,0.0,exposure,5,0.07390820122605543,0.7666666666666667,154.0,1.0,2654.4,2654.4
amazon,hgb_attributes,0.5,0.0,exposure,6,0.08085161329191064,0.7574468085106384,155.0,1.0,2632.4,2632.4
amazon,hgb_attributes,0.5,0.0,exposure,7,0.10439552681046174,0.7967914438502673,166.4,1.0,2616.4,2616.4
amazon,hgb_attributes,0.5,0.0,exposure,8,0.10005091722115922,0.7794594594594595,160.4,1.0,2637.6,2637.6
amazon,hgb_attributes,0.5,0.0,exposure,9,0.07464607447012267,0.7967741935483871,160.6,1.0,2648.8,2648.8
amazon,hgb_attributes,0.5,0.0,random,0,0.10337191605400473,0.7805405405405406,161.6,1.0,2661.0,2661.0
amazon,hgb_attributes,0.5,0.0,random,1,0.10141835607413582,0.7846994535519126,160.0,1.0,2653.2,2653.2
amazon,hgb_attributes,0.5,0.0,random,2,0.10765658873803534,0.7650273224043717,157.0,1.0,2627.0,2627.0
amazon,hgb_attributes,0.5,0.0,random,3,0.06794283086307759,0.810752688172043,162.8,1.0,2648.0,2648.0
amazon,hgb_attributes,0.5,0.0,random,4,0.07134024841837609,0.7554347826086956,149.8,1.0,2661.0,2661.0
amazon,hgb_attributes,0.5,0.0,random,5,0.07390820122605543,0.7666666666666667,154.0,1.0,2654.4,2654.4
amazon,hgb_attributes,0.5,0.0,random,6,0.08085161329191064,0.7574468085106384,155.0,1.0,2632.4,2632.4
amazon,hgb_attributes,0.5,0.0,random,7,0.10439552681046174,0.7967914438502673,166.4,1.0,2616.4,2616.4
amazon,hgb_attributes,0.5,0.0,random,8,0.10005091722115922,0.7794594594594595,160.4,1.0,2637.6,2637.6
amazon,hgb_attributes,0.5,0.0,random,9,0.07464607447012267,0.7967741935483871,160.6,1.0,2648.8,2648.8
amazon,hgb_attributes,0.5,0.05,exposure,0,0.11445428368018437,0.7881081081081082,165.2,1.0,2528.6,2661.0
amazon,hgb_attributes,0.5,0.05,exposure,1,0.10614459237447145,0.7879781420765027,161.6,1.0,2521.0,2653.2
amazon,hgb_attributes,0.5,0.05,exposure,2,0.11074352361803189,0.7683060109289618,158.2,1.0,2496.4,2627.0
amazon,hgb_attributes,0.5,0.05,exposure,3,0.08847460862909427,0.8301075268817204,170.0,1.0,2515.8,2648.0
amazon,hgb_attributes,0.5,0.05,exposure,4,0.07776046183054117,0.7576086956521738,151.2,1.0,2528.4,2661.0
amazon,hgb_attributes,0.5,0.05,exposure,5,0.08237453737080824,0.7774193548387096,157.6,1.0,2522.2,2654.4
amazon,hgb_attributes,0.5,0.05,exposure,6,0.08521194629890282,0.7595744680851064,156.2,1.0,2501.0,2632.4
amazon,hgb_attributes,0.5,0.05,exposure,7,0.11182027610015419,0.8042780748663102,169.4,1.0,2486.0,2616.4
amazon,hgb_attributes,0.5,0.05,exposure,8,0.10118047914874644,0.7805405405405406,160.8,1.0,2506.0,2637.6
amazon,hgb_attributes,0.5,0.05,exposure,9,0.08394514910189442,0.7978494623655914,162.4,1.0,2516.8,2648.8
amazon,hgb_attributes,0.5,0.05,random,0,0.10247482274219688,0.7758054054054055,160.44,1.0,2528.6,2661.0
amazon,hgb_attributes,0.5,0.05,random,1,0.10235620207721144,0.7834754098360656,159.92,1.0,2521.0,2653.2
amazon,hgb_attributes,0.5,0.05,random,2,0.10767481674349946,0.7653333333333334,157.05599999999998,1.0,2496.4,2627.0
amazon,hgb_attributes,0.5,0.05,random,3,0.07069401340755764,0.812516129032258,163.592,1.0,2515.8,2648.0
amazon,hgb_attributes,0.5,0.05,random,4,0.07227412972980846,0.7544565217391305,149.76399999999998,1.0,2528.4,2661.0
amazon,hgb_attributes,0.5,0.05,random,5,0.07380817815011924,0.7678494623655914,154.26,1.0,2522.2,2654.4
amazon,hgb_attributes,0.5,0.05,random,6,0.08090849197735728,0.7581702127659574,155.164,1.0,2501.0,2632.4
amazon,hgb_attributes,0.5,0.05,random,7,0.10409344728621919,0.7982887700534759,166.672,1.0,2486.0,2616.4
amazon,hgb_attributes,0.5,0.05,random,8,0.09965622555753204,0.7792,160.272,1.0,2506.0,2637.6
amazon,hgb_attributes,0.5,0.05,random,9,0.07555069996234128,0.7931612903225806,160.04000000000002,1.0,2516.8,2648.8
amazon,hgb_attributes,0.5,0.1,exposure,0,0.11687348609938679,0.7913513513513515,166.2,1.0,2395.4,2661.0
amazon,hgb_attributes,0.5,0.1,exposure,1,0.11427889394955262,0.7956284153005465,164.6,1.0,2388.4,2653.2
amazon,hgb_attributes,0.5,0.1,exposure,2,0.11687344154968475,0.7726775956284153,160.2,1.0,2364.8,2627.0
amazon,hgb_attributes,0.5,0.1,exposure,3,0.10777575103606248,0.8451612903225806,176.6,1.0,2383.6,2648.0
amazon,hgb_attributes,0.5,0.1,exposure,4,0.08322637871092284,0.7655869565217391,153.73600000000002,1.0,2395.4,2661.0
amazon,hgb_attributes,0.5,0.1,exposure,5,0.10274781202800623,0.7956989247311828,165.0,1.0,2389.4,2654.4
amazon,hgb_attributes,0.5,0.1,exposure,6,0.0935998209752753,0.7691489361702127,159.6,1.0,2369.4,2632.4
amazon,hgb_attributes,0.5,0.1,exposure,7,0.12640590440581714,0.8106951871657755,173.8,1.0,2355.2,2616.4
amazon,hgb_attributes,0.5,0.1,exposure,8,0.11006393382317078,0.7816216216216216,162.6,1.0,2374.2,2637.6
amazon,hgb_attributes,0.5,0.1,exposure,9,0.09593024757162368,0.8021505376344086,165.4,1.0,2384.4,2648.8
amazon,hgb_attributes,0.5,0.1,random,0,0.10209244013838585,0.7744,160.072,1.0,2395.4,2661.0
amazon,hgb_attributes,0.5,0.1,random,1,0.1003671401789682,0.7831256830601093,159.5,1.0,2388.4,2653.2
amazon,hgb_attributes,0.5,0.1,random,2,0.10631172546009031,0.7640655737704918,156.56799999999998,1.0,2364.8,2627.0
amazon,hgb_attributes,0.5,0.1,random,3,0.07140238171286337,0.8136989247311828,163.904,1.0,2383.6,2648.0
amazon,hgb_attributes,0.5,0.1,random,4,0.07268113972311374,0.7541304347826088,149.768,1.0,2395.4,2661.0
amazon,hgb_attributes,0.5,0.1,random,5,0.07334603322361971,0.7679139784946237,154.216,1.0,2389.4,2654.4
amazon,hgb_attributes,0.5,0.1,random,6,0.07951941923426156,0.7581276595744679,154.924,1.0,2369.4,2632.4
amazon,hgb_attributes,0.5,0.1,random,7,0.10335999605508861,0.7980106951871657,166.49200000000002,1.0,2355.2,2616.4
amazon,hgb_attributes,0.5,0.1,random,8,0.09947652565608926,0.7788972972972974,160.176,1.0,2374.2,2637.6
amazon,hgb_attributes,0.5,0.1,random,9,0.07612070481317737,0.7935268817204301,160.18800000000002,1.0,2384.4,2648.8
amazon,hgb_attributes,0.5,0.2,exposure,0,0.1187425930858195,0.7924324324324326,166.8,1.0,2129.2,2661.0
amazon,hgb_attributes,0.5,0.2,exposure,1,0.12576518591724314,0.8,167.6,1.0,2123.0,2653.2
amazon,hgb_attributes,0.5,0.2,exposure,2,0.12664260188800064,0.7759562841530054,162.6,1.0,2102.0,2627.0
amazon,hgb_attributes,0.5,0.2,exposure,3,0.12377546983377288,0.850537634408602,181.2,1.0,2118.8,2648.0
amazon,hgb_attributes,0.5,0.2,exposure,4,0.09353165217090147,0.7771739130434783,157.8,1.0,2129.2,2661.0
amazon,hgb_attributes,0.5,0.2,exposure,5,0.11641453440215839,0.810752688172043,170.8,1.0,2123.8,2654.4
amazon,hgb_attributes,0.5,0.2,exposure,6,0.11147353750459776,0.7755319148936171,164.2,1.0,2106.2,2632.4
amazon,hgb_attributes,0.5,0.2,exposure,7,0.14140362072875784,0.8192513368983956,178.8,1.0,2093.4,2616.4
amazon,hgb_attributes,0.5,0.2,exposure,8,0.1219279988410276,0.7837837837837839,165.2,1.0,2110.2,2637.6
amazon,hgb_attributes,0.5,0.2,exposure,9,0.11205552222543777,0.8064516129032258,169.2,1.0,2119.6,2648.8
amazon,hgb_attributes,0.5,0.2,random,0,0.10250195583879744,0.7735783783783784,160.028,1.0,2129.2,2661.0
amazon,hgb_attributes,0.5,0.2,random,1,0.09963343845647904,0.7818579234972678,159.18800000000002,1.0,2123.0,2653.2
amazon,hgb_attributes,0.5,0.2,random,2,0.10600254686235766,0.762775956284153,156.272,1.0,2102.0,2627.0
amazon,hgb_attributes,0.5,0.2,random,3,0.0704101979352807,0.8113333333333334,163.184,1.0,2118.8,2648.0
amazon,hgb_attributes,0.5,0.2,random,4,0.07285393994587684,0.7535434782608695,149.68400000000003,1.0,2129.2,2661.0
amazon,hgb_attributes,0.5,0.2,random,5,0.07272443266071671,0.7673548387096775,154.012,1.0,2123.8,2654.4
amazon,hgb_attributes,0.5,0.2,random,6,0.07909198539631374,0.7582978723404254,154.904,1.0,2106.2,2632.4
amazon,hgb_attributes,0.5,0.2,random,7,0.10391978688213051,0.7966631016042781,166.376,1.0,2093.4,2616.4
amazon,hgb_attributes,0.5,0.2,random,8,0.09976038094117474,0.7792432432432432,160.296,1.0,2110.2,2637.6
amazon,hgb_attributes,0.5,0.2,random,9,0.07497167254176676,0.7911182795698924,159.53199999999998,1.0,2119.6,2648.8
amazon,hgb_attributes,0.5,0.4,exposure,0,0.14733060705125317,0.8140540540540542,176.8,1.0,1597.0,2661.0
amazon,hgb_attributes,0.5,0.4,exposure,1,0.15073240003427885,0.8087431693989071,174.4,1.0,1592.2,2653.2
amazon,hgb_attributes,0.5,0.4,exposure,2,0.1321576360964273,0.7803278688524589,164.6,1.0,1576.8,2627.0
amazon,hgb_attributes,0.5,0.4,exposure,3,0.13275763875026841,0.8516129032258064,183.4,1.0,1589.2,2648.0
amazon,hgb_attributes,0.5,0.4,exposure,4,0.09508862951371208,0.7793478260869565,158.6,1.0,1597.2,2661.0
amazon,hgb_attributes,0.5,0.4,exposure,5,0.12291017253538446,0.8225806451612904,174.6,1.0,1593.0,2654.4
amazon,hgb_attributes,0.5,0.4,exposure,6,0.1335878079660175,0.7840425531914894,170.2,1.0,1579.8,2632.4
amazon,hgb_attributes,0.5,0.4,exposure,7,0.15161652771416556,0.8245989304812834,182.6,1.0,1570.2,2616.4
amazon,hgb_attributes,0.5,0.4,exposure,8,0.131935622817363,0.7859459459459461,167.6,1.0,1582.8,2637.6
amazon,hgb_attributes,0.5,0.4,exposure,9,0.11310940651284607,0.8096774193548388,170.0,1.0,1589.8,2648.8
amazon,hgb_attributes,0.5,0.4,random,0,0.09973925099673711,0.7709837837837838,159.036,1.0,1597.0,2661.0
amazon,hgb_attributes,0.5,0.4,random,1,0.09976453089535713,0.7808087431693989,159.068,1.0,1592.2,2653.2
amazon,hgb_attributes,0.5,0.4,random,2,0.10400758168111061,0.7620983606557378,155.808,1.0,1576.8,2627.0
amazon,hgb_attributes,0.5,0.4,random,3,0.07375557254682703,0.8125591397849462,163.99200000000002,1.0,1589.2,2648.0
amazon,hgb_attributes,0.5,0.4,random,4,0.07299802744792966,0.7526739130434782,149.56400000000002,1.0,1597.2,2661.0
amazon,hgb_attributes,0.5,0.4,random,5,0.07217901534914202,0.7647311827956991,153.436,1.0,1593.0,2654.4
amazon,hgb_attributes,0.5,0.4,random,6,0.07444258600084738,0.7577234042553191,154.028,1.0,1579.8,2632.4
amazon,hgb_attributes,0.5,0.4,random,7,0.09909288829416138,0.791187165775401,164.45999999999998,1.0,1570.2,2616.4
amazon,hgb_attributes,0.5,0.4,random,8,0.09952814822959136,0.7783783783783784,160.084,1.0,1582.8,2637.6
amazon,hgb_attributes,0.5,0.4,random,9,0.07370657872957512,0.7851182795698924,158.22,1.0,1589.8,2648.8
amazon,hgb_attributes,0.5,0.6,exposure,0,0.1642133945720469,0.8162162162162163,181.0,1.0,1064.8,2661.0
amazon,hgb_attributes,0.5,0.6,exposure,1,0.1538318029648539,0.8098360655737704,175.4,1.0,1061.6,2653.2
amazon,hgb_attributes,0.5,0.6,exposure,2,0.13797110231524565,0.7825136612021858,166.4,1.0,1051.0,2627.0
amazon,hgb_attributes,0.5,0.6,exposure,3,0.1435714873049079,0.8548387096774194,186.8,1.0,1059.6,2648.0
amazon,hgb_attributes,0.5,0.6,exposure,4,0.10074686839775741,0.7815217391304348,160.0,1.0,1064.6,2661.0
amazon,hgb_attributes,0.5,0.6,exposure,5,0.14122597417664523,0.8268817204301075,179.4,1.0,1062.0,2654.4
amazon,hgb_attributes,0.5,0.6,exposure,6,0.15613260402282284,0.7957446808510638,177.8,1.0,1053.4,2632.4
amazon,hgb_attributes,0.5,0.6,exposure,7,0.18157125872590915,0.8545454545454545,196.0,1.0,1046.8,2616.4
amazon,hgb_attributes,0.5,0.6,exposure,8,0.14586343181087638,0.7924324324324326,172.0,1.0,1055.2,2637.6
amazon,hgb_attributes,0.5,0.6,exposure,9,0.12115007110158396,0.8096774193548388,171.6,1.0,1060.0,2648.8
amazon,hgb_attributes,0.5,0.6,random,0,0.09311588263881469,0.765037837837838,156.808,1.0,1064.8,2661.0
amazon,hgb_attributes,0.5,0.6,random,1,0.09715733068068924,0.7774426229508197,158.076,1.0,1061.6,2653.2
amazon,hgb_attributes,0.5,0.6,random,2,0.10308470150646583,0.7617049180327868,155.644,1.0,1051.0,2627.0
amazon,hgb_attributes,0.5,0.6,random,3,0.07203780622711237,0.8047526881720429,162.204,1.0,1059.6,2648.0
amazon,hgb_attributes,0.5,0.6,random,4,0.07205338746421806,0.7478695652173913,148.53199999999998,1.0,1064.6,2661.0
amazon,hgb_attributes,0.5,0.6,random,5,0.07306480529313979,0.7606021505376345,152.88,1.0,1062.0,2654.4
amazon,hgb_attributes,0.5,0.6,random,6,0.07379172783042479,0.7568936170212766,153.848,1.0,1053.4,2632.4
amazon,hgb_attributes,0.5,0.6,random,7,0.09502559689662114,0.7859251336898396,162.816,1.0,1046.8,2616.4
amazon,hgb_attributes,0.5,0.6,random,8,0.09467915700507354,0.7729081081081082,158.208,1.0,1055.2,2637.6
amazon,hgb_attributes,0.5,0.6,random,9,0.07162561156462151,0.760774193548387,153.268,0.9800000000000001,1060.0,2648.8
amazon,hgb_attributes,0.5,0.8,exposure,0,0.16283395908996165,0.8054054054054054,180.6,1.0,532.6,2661.0
amazon,hgb_attributes,0.5,0.8,exposure,1,0.13575562292317614,0.8,170.6,1.0,530.8,2653.2
amazon,hgb_attributes,0.5,0.8,exposure,2,0.14063308089544402,0.785792349726776,167.8,1.0,525.8,2627.0
amazon,hgb_attributes,0.5,0.8,exposure,3,0.13390205845048325,0.853763440860215,184.4,1.0,530.0,2648.0
amazon,hgb_attributes,0.5,0.8,exposure,4,0.12216720863106648,0.7760869565217392,164.0,1.0,532.6,2661.0
amazon,hgb_attributes,0.5,0.8,exposure,5,0.14745396742627406,0.8258064516129032,181.00799999999998,1.0,531.2,2654.4
amazon,hgb_attributes,0.5,0.8,exposure,6,0.1096812357717172,0.7734042553191489,164.8,1.0,527.0,2632.4
amazon,hgb_attributes,0.5,0.8,exposure,7,0.15547428634359814,0.8267379679144385,184.8,1.0,523.6,2616.4
amazon,hgb_attributes,0.5,0.8,exposure,8,0.14418631312435556,0.798918918918919,173.8,1.0,527.8,2637.6
amazon,hgb_attributes,0.5,0.8,exposure,9,0.1128945290519497,0.8053763440860214,169.2,1.0,530.2,2648.8
amazon,hgb_attributes,0.5,0.8,random,0,0.08891910493316106,0.7518270270270271,153.816,1.0,532.6,2661.0
amazon,hgb_attributes,0.5,0.8,random,1,0.08992023528515165,0.7692677595628415,155.316,1.0,530.8,2653.2
amazon,hgb_attributes,0.5,0.8,random,2,0.09879365310445394,0.7521092896174864,153.376,1.0,525.8,2627.0
amazon,hgb_attributes,0.5,0.8,random,3,0.07236908533232705,0.7773118279569892,157.276,1.0,530.0,2648.0
amazon,hgb_attributes,0.5,0.8,random,4,0.06880699497516748,0.7296086956521739,144.644,0.9960000000000001,532.6,2661.0
amazon,hgb_attributes,0.5,0.8,random,5,0.0726680582522791,0.7421720430107526,149.58800000000002,0.9960000000000001,531.2,2654.4
amazon,hgb_attributes,0.5,0.8,random,6,0.066981861515454,0.7208085106382979,146.068,0.968,527.0,2632.4
amazon,hgb_attributes,0.5,0.8,random,7,0.08941416633877322,0.7646844919786095,158.196,1.0,523.6,2616.4
amazon,hgb_attributes,0.5,0.8,random,8,0.09117599543047095,0.7426594594594593,152.2,0.984,527.8,2637.6
amazon,hgb_attributes,0.5,0.8,random,9,0.06653277759994367,0.6860645161290322,138.416,0.9279999999999999,530.2,2648.8
amazon,hgb_attributes,0.5,0.9,exposure,0,0.22066003745400228,0.8054054054054054,202.6,1.0,266.6,2661.0
amazon,hgb_attributes,0.5,0.9,exposure,1,0.11629743749687012,0.7136612021857924,153.6,1.0,265.8,2653.2
amazon,hgb_attributes,0.5,0.9,exposure,2,0.11775988960025079,0.7683060109289618,159.4,1.0,263.2,2627.0
amazon,hgb_attributes,0.5,0.9,exposure,3,0.14285442704300905,0.8526881720430108,186.6,1.0,265.4,2648.0
amazon,hgb_attributes,0.5,0.9,exposure,4,0.21268438828842484,0.8119565217391305,194.2,1.0,266.6,2661.0
amazon,hgb_attributes,0.5,0.9,exposure,5,0.11306760934915346,0.803225806451613,169.0,1.0,265.8,2654.4
amazon,hgb_attributes,0.5,0.9,exposure,6,0.09085851238545453,0.7704680851063831,160.76,1.0,264.0,2632.4
amazon,hgb_attributes,0.5,0.9,exposure,7,0.15911285166436748,0.6802139037433156,160.096,0.8,262.0,2616.4
amazon,hgb_attributes,0.5,0.9,exposure,8,0.2299677431429445,0.838918918918919,213.4,1.0,264.2,2637.6
amazon,hgb_attributes,0.5,0.9,exposure,9,0.08893221644413021,0.6594408602150537,137.86399999999998,0.828,265.4,2648.8
amazon,hgb_attributes,0.5,0.9,random,0,0.08010438678373466,0.6493621621621622,133.852,0.8720000000000001,266.6,2661.0
amazon,hgb_attributes,0.5,0.9,random,1,0.0856908220089992,0.7236502732240437,146.36,0.9719999999999999,265.8,2653.2
amazon,hgb_attributes,0.5,0.9,random,2,0.09018484240461278,0.6891584699453552,140.85999999999999,0.9359999999999999,263.2,2627.0
amazon,hgb_attributes,0.5,0.9,random,3,0.07120862840603101,0.7016774193548387,143.164,0.916,265.4,2648.0
amazon,hgb_attributes,0.5,0.9,random,4,0.06817747597122262,0.651804347826087,130.756,0.924,266.6,2661.0
amazon,hgb_attributes,0.5,0.9,random,5,0.06966554824386635,0.6606881720430107,134.35999999999999,0.908,265.8,2654.4
amazon,hgb_attributes,0.5,0.9,random,6,0.06408057980604132,0.6038297872340425,123.796,0.828,264.0,2632.4
amazon,hgb_attributes,0.5,0.9,random,7,0.07438081495230059,0.6359358288770054,131.748,0.8720000000000001,262.0,2616.4
amazon,hgb_attributes,0.5,0.9,random,8,0.08043997160790199,0.645535135135135,132.808,0.876,264.2,2637.6
amazon,hgb_attributes,0.5,0.9,random,9,0.06062860132471337,0.5415913978494624,111.02799999999999,0.704,265.4,2648.8
amazon,hgb_attributes,0.5,0.97,exposure,0,0.0649541934552458,0.13440000000000002,44.792,0.148,80.4,2661.0
amazon,hgb_attributes,0.5,0.97,exposure,1,0.04029772021361962,0.0927431693989071,28.104000000000003,0.10400000000000001,80.2,2653.2
amazon,hgb_attributes,0.5,0.97,exposure,2,0.04214437245912419,0.10275409836065574,29.851999999999997,0.11600000000000002,79.4,2627.0
amazon,hgb_attributes,0.5,0.97,exposure,3,0.04244242430833171,0.1095483870967742,31.684000000000005,0.12000000000000002,79.6,2648.0
amazon,hgb_attributes,0.5,0.97,exposure,4,0.07256443400457849,0.15639130434782608,47.592,0.184,80.2,2661.0
amazon,hgb_attributes,0.5,0.97,exposure,5,0.0982760688524323,0.22815053763440857,71.47200000000001,0.248,80.2,2654.4
amazon,hgb_attributes,0.5,0.97,exposure,6,0.013530337250707939,0.03540425531914894,10.064000000000002,0.039999999999999994,79.4,2632.4
amazon,hgb_attributes,0.5,0.97,exposure,7,0.049737640329786045,0.13454545454545455,38.132,0.148,79.2,2616.4
amazon,hgb_attributes,0.5,0.97,exposure,8,0.16604779794199426,0.35321081081081085,116.896,0.388,79.4,2637.6
amazon,hgb_attributes,0.5,0.97,exposure,9,0.00573686012221304,0.014559139784946235,4.308,0.016,80.0,2648.8
amazon,hgb_attributes,0.5,0.97,random,0,0.0111078766307374,0.028562162162162164,8.116,0.032,80.4,2661.0
amazon,hgb_attributes,0.5,0.97,random,1,0.009681329274550251,0.0213551912568306,6.628,0.024,80.2,2653.2
amazon,hgb_attributes,0.5,0.97,random,2,0.010662266935716817,0.024852459016393443,7.464,0.027999999999999997,79.4,2627.0
amazon,hgb_attributes,0.5,0.97,random,3,0.011088837881654547,0.029161290322580646,8.324000000000002,0.032,79.6,2648.0
amazon,hgb_attributes,0.5,0.97,random,4,0.011390981930907651,0.02406521739130435,7.4959999999999996,0.027999999999999997,80.2,2661.0
amazon,hgb_attributes,0.5,0.97,random,5,0.01720354027073575,0.043591397849462366,12.692,0.048,80.2,2654.4
amazon,hgb_attributes,0.5,0.97,random,6,0.0057280631120152515,0.014234042553191491,4.184,0.016,79.4,2632.4
amazon,hgb_attributes,0.5,0.97,random,7,0.008034620924710287,0.02211764705882353,6.228,0.024,79.2,2616.4
amazon,hgb_attributes,0.5,0.97,random,8,0.016276964844202095,0.039697297297297304,11.867999999999999,0.044,79.4,2637.6
amazon,hgb_attributes,0.5,0.97,random,9,0.013584578173119474,0.035849462365591396,10.14,0.04,80.0,2648.8
amazon,hgb_attributes,1.0,0.0,exposure,0,0.11250374184920606,0.7870270270270271,164.4,1.0,5276.0,5276.0
amazon,hgb_attributes,1.0,0.0,exposure,1,0.09931795328407787,0.7814207650273224,159.0,1.0,5283.0,5283.0
amazon,hgb_attributes,1.0,0.0,exposure,2,0.11059351613636197,0.7704918032786885,158.6,1.0,5282.0,5282.0
amazon,hgb_attributes,1.0,0.0,exposure,3,0.08240237786341667,0.8301075268817204,168.6,1.0,5272.0,5272.0
amazon,hgb_attributes,1.0,0.0,exposure,4,0.07083341807211997,0.7586956521739131,150.4,1.0,5281.0,5281.0
amazon,hgb_attributes,1.0,0.0,exposure,5,0.07379825424853251,0.7655913978494624,153.8,1.0,5275.0,5275.0
amazon,hgb_attributes,1.0,0.0,exposure,6,0.07938719147939602,0.7585106382978724,155.0,1.0,5268.0,5268.0
amazon,hgb_attributes,1.0,0.0,exposure,7,0.1054060491019844,0.802139037433155,167.8,1.0,5270.0,5270.0
amazon,hgb_attributes,1.0,0.0,exposure,8,0.10058896661076064,0.7794594594594594,160.4,1.0,5276.0,5276.0
amazon,hgb_attributes,1.0,0.0,exposure,9,0.08258235800936684,0.7978494623655914,162.0,1.0,5272.0,5272.0
amazon,hgb_attributes,1.0,0.0,random,0,0.11250374184920606,0.7870270270270271,164.4,1.0,5276.0,5276.0
amazon,hgb_attributes,1.0,0.0,random,1,0.09931795328407787,0.7814207650273224,159.0,1.0,5283.0,5283.0
amazon,hgb_attributes,1.0,0.0,random,2,0.11059351613636197,0.7704918032786885,158.6,1.0,5282.0,5282.0
amazon,hgb_attributes,1.0,0.0,random,3,0.08240237786341667,0.8301075268817204,168.6,1.0,5272.0,5272.0
amazon,hgb_attributes,1.0,0.0,random,4,0.07083341807211997,0.7586956521739131,150.4,1.0,5281.0,5281.0
amazon,hgb_attributes,1.0,0.0,random,5,0.07379825424853251,0.7655913978494624,153.8,1.0,5275.0,5275.0
amazon,hgb_attributes,1.0,0.0,random,6,0.07938719147939602,0.7585106382978724,155.0,1.0,5268.0,5268.0
amazon,hgb_attributes,1.0,0.0,random,7,0.1054060491019844,0.802139037433155,167.8,1.0,5270.0,5270.0
amazon,hgb_attributes,1.0,0.0,random,8,0.10058896661076064,0.7794594594594594,160.4,1.0,5276.0,5276.0
amazon,hgb_attributes,1.0,0.0,random,9,0.08258235800936684,0.7978494623655914,162.0,1.0,5272.0,5272.0
amazon,hgb_attributes,1.0,0.05,exposure,0,0.11906829475707796,0.7902702702702704,166.4,1.0,5013.0,5276.0
amazon,hgb_attributes,1.0,0.05,exposure,1,0.1040403137185224,0.7890710382513662,161.4,1.0,5019.0,5283.0
amazon,hgb_attributes,1.0,0.05,exposure,2,0.1162505821311264,0.7715846994535519,159.8,1.0,5018.0,5282.0
amazon,hgb_attributes,1.0,0.05,exposure,3,0.08754932957180148,0.835483870967742,170.6,1.0,5009.0,5272.0
amazon,hgb_attributes,1.0,0.05,exposure,4,0.077901198145959,0.766304347826087,153.0,1.0,5017.0,5281.0
amazon,hgb_attributes,1.0,0.05,exposure,5,0.08326824065611074,0.7752688172043011,157.4,1.0,5012.0,5275.0
amazon,hgb_attributes,1.0,0.05,exposure,6,0.08150157984054705,0.7617021276595743,156.0,1.0,5005.0,5268.0
amazon,hgb_attributes,1.0,0.05,exposure,7,0.10934179920048004,0.8032085561497325,168.8,1.0,5007.0,5270.0
amazon,hgb_attributes,1.0,0.05,exposure,8,0.10617927301224524,0.7805405405405406,161.6,1.0,5013.0,5276.0
amazon,hgb_attributes,1.0,0.05,exposure,9,0.08759270235278702,0.8021505376344086,163.8,1.0,5009.0,5272.0
amazon,hgb_attributes,1.0,0.05,random,0,0.11262301331250488,0.7866810810810811,164.344,1.0,5013.0,5276.0
amazon,hgb_attributes,1.0,0.05,random,1,0.09824703712112921,0.7810054644808744,158.728,1.0,5019.0,5283.0
amazon,hgb_attributes,1.0,0.05,random,2,0.11089609952609536,0.7696830601092897,158.496,1.0,5018.0,5282.0
amazon,hgb_attributes,1.0,0.05,random,3,0.0806466085185796,0.8288817204301075,168.036,1.0,5009.0,5272.0
amazon,hgb_attributes,1.0,0.05,random,4,0.07209684334422668,0.7587608695652174,150.62,1.0,5017.0,5281.0
amazon,hgb_attributes,1.0,0.05,random,5,0.07362940132457992,0.7659569892473118,153.84,1.0,5012.0,5275.0
amazon,hgb_attributes,1.0,0.05,random,6,0.07791282955238896,0.7587446808510638,154.78400000000002,1.0,5005.0,5268.0
amazon,hgb_attributes,1.0,0.05,random,7,0.10406398570405351,0.799614973262032,167.02,1.0,5007.0,5270.0
amazon,hgb_attributes,1.0,0.05,random,8,0.10121563671623021,0.7792216216216217,160.464,1.0,5013.0,5276.0
amazon,hgb_attributes,1.0,0.05,random,9,0.08329756227233863,0.7985806451612902,162.28400000000002,1.0,5009.0,5272.0
amazon,hgb_attributes,1.0,0.1,exposure,0,0.12292702238221379,0.8,169.0,1.0,4749.0,5276.0
amazon,hgb_attributes,1.0,0.1,exposure,1,0.1185539654535398,0.7989071038251366,166.0,1.0,4755.0,5283.0
amazon,hgb_attributes,1.0,0.1,exposure,2,0.12838612636750807,0.7781420765027323,163.4,1.0,4754.0,5282.0
amazon,hgb_attributes,1.0,0.1,exposure,3,0.11188206852309465,0.843010752688172,176.8,1.0,4745.0,5272.0
amazon,hgb_attributes,1.0,0.1,exposure,4,0.09857252563232209,0.7793478260869565,159.2,1.0,4753.0,5281.0
amazon,hgb_attributes,1.0,0.1,exposure,5,0.10369087673210964,0.7978494623655913,165.6,1.0,4748.0,5275.0
amazon,hgb_attributes,1.0,0.1,exposure,6,0.09682004252862536,0.7691489361702127,160.2,1.0,4742.0,5268.0
amazon,hgb_attributes,1.0,0.1,exposure,7,0.13208258876415202,0.8106951871657755,174.8,1.0,4743.0,5270.0
amazon,hgb_attributes,1.0,0.1,exposure,8,0.11248805864207415,0.7816216216216216,163.0,1.0,4749.0,5276.0
amazon,hgb_attributes,1.0,0.1,exposure,9,0.10638112955455341,0.8053763440860214,167.8,1.0,4745.0,5272.0
amazon,hgb_attributes,1.0,0.1,random,0,0.1120725726626921,0.7857945945945947,164.076,1.0,4749.0,5276.0
amazon,hgb_attributes,1.0,0.1,random,1,0.09779131392625047,0.7811366120218579,158.68400000000003,1.0,4755.0,5283.0
amazon,hgb_attributes,1.0,0.1,random,2,0.11076303489731143,0.7690491803278688,158.348,1.0,4754.0,5282.0
amazon,hgb_attributes,1.0,0.1,random,3,0.0806524085367438,0.828752688172043,168.01600000000002,1.0,4745.0,5272.0
amazon,hgb_attributes,1.0,0.1,random,4,0.07271399841733704,0.7586956521739131,150.71200000000002,1.0,4753.0,5281.0
amazon,hgb_attributes,1.0,0.1,random,5,0.07295685345613603,0.7660430107526882,153.748,1.0,4748.0,5275.0
amazon,hgb_attributes,1.0,0.1,random,6,0.07715406019737685,0.7586595744680851,154.64000000000001,1.0,4742.0,5268.0
amazon,hgb_attributes,1.0,0.1,random,7,0.10406483880914574,0.7988663101604276,166.868,1.0,4743.0,5270.0
amazon,hgb_attributes,1.0,0.1,random,8,0.10052098760343672,0.7790054054054053,160.3,1.0,4749.0,5276.0
amazon,hgb_attributes,1.0,0.1,random,9,0.0822352211537923,0.7983655913978495,162.06,1.0,4745.0,5272.0
amazon,hgb_attributes,1.0,0.2,exposure,0,0.12784583703232302,0.8064864864864866,171.4,1.0,4221.0,5276.0
amazon,hgb_attributes,1.0,0.2,exposure,1,0.12855807742879571,0.8010928961748635,168.4,1.0,4227.0,5283.0
amazon,hgb_attributes,1.0,0.2,exposure,2,0.13629181614622934,0.7825136612021858,165.8,1.0,4226.0,5282.0
amazon,hgb_attributes,1.0,0.2,exposure,3,0.12238213296639666,0.8473118279569892,179.8,1.0,4218.0,5272.0
amazon,hgb_attributes,1.0,0.2,exposure,4,0.10188157047908467,0.7815217391304348,160.2,1.0,4225.0,5281.0
amazon,hgb_attributes,1.0,0.2,exposure,5,0.12839604650865022,0.8225806451612903,175.6,1.0,4220.0,5275.0
amazon,hgb_attributes,1.0,0.2,exposure,6,0.12360302161474415,0.7840425531914894,168.2,1.0,4215.0,5268.0
amazon,hgb_attributes,1.0,0.2,exposure,7,0.13570049196109268,0.8171122994652406,177.0,1.0,4216.0,5270.0
amazon,hgb_attributes,1.0,0.2,exposure,8,0.11789800249513979,0.7827027027027028,164.2,1.0,4221.0,5276.0
amazon,hgb_attributes,1.0,0.2,exposure,9,0.11569890357504738,0.8096774193548386,170.6,1.0,4218.0,5272.0
amazon,hgb_attributes,1.0,0.2,random,0,0.11111689332434027,0.7846054054054055,163.668,1.0,4221.0,5276.0
amazon,hgb_attributes,1.0,0.2,random,1,0.09709589172058097,0.7796502732240438,158.272,1.0,4227.0,5283.0
amazon,hgb_attributes,1.0,0.2,random,2,0.11088334151606818,0.7689398907103826,158.356,1.0,4226.0,5282.0
amazon,hgb_attributes,1.0,0.2,random,3,0.07973713703866772,0.8281290322580646,167.732,1.0,4218.0,5272.0
amazon,hgb_attributes,1.0,0.2,random,4,0.07345466359553868,0.7589347826086956,150.868,1.0,4225.0,5281.0
amazon,hgb_attributes,1.0,0.2,random,5,0.07277445740071672,0.7655698924731184,153.636,1.0,4220.0,5275.0
amazon,hgb_attributes,1.0,0.2,random,6,0.07590791981423191,0.7589148936170212,154.48,1.0,4215.0,5268.0
amazon,hgb_attributes,1.0,0.2,random,7,0.1029104676756031,0.7976684491978608,166.41199999999998,1.0,4216.0,5270.0
amazon,hgb_attributes,1.0,0.2,random,8,0.09980881115877357,0.779135135135135,160.204,1.0,4221.0,5276.0
amazon,hgb_attributes,1.0,0.2,random,9,0.0821103490198692,0.798494623655914,162.084,1.0,4218.0,5272.0
amazon,hgb_attributes,1.0,0.4,exposure,0,0.1520630910808727,0.8172972972972975,178.6,1.0,3166.0,5276.0
amazon,hgb_attributes,1.0,0.4,exposure,1,0.1627439313521204,0.8131147540983606,178.0,1.0,3170.0,5283.0
amazon,hgb_attributes,1.0,0.4,exposure,2,0.14924628078028818,0.7846994535519125,168.8,1.0,3170.0,5282.0
amazon,hgb_attributes,1.0,0.4,exposure,3,0.13426577835088474,0.8526881720430108,183.6,1.0,3164.0,5272.0
amazon,hgb_attributes,1.0,0.4,exposure,4,0.1139015474261024,0.7858695652173913,163.4,1.0,3169.0,5281.0
amazon,hgb_attributes,1.0,0.4,exposure,5,0.13614405562197793,0.8279569892473118,178.4,1.0,3165.0,5275.0
amazon,hgb_attributes,1.0,0.4,exposure,6,0.1470833569471158,0.7893617021276595,174.0,1.0,3161.0,5268.0
amazon,hgb_attributes,1.0,0.4,exposure,7,0.15091248022794568,0.8288770053475936,182.8,1.0,3162.0,5270.0
amazon,hgb_attributes,1.0,0.4,exposure,8,0.13634597535577866,0.784864864864865,168.2,1.0,3166.0,5276.0
amazon,hgb_attributes,1.0,0.4,exposure,9,0.13284174193949896,0.8161290322580645,175.2,1.0,3164.0,5272.0
amazon,hgb_attributes,1.0,0.4,random,0,0.10976858994331247,0.7828756756756757,163.096,1.0,3166.0,5276.0
amazon,hgb_attributes,1.0,0.4,random,1,0.09387833436905436,0.7780765027322405,157.408,1.0,3170.0,5283.0
amazon,hgb_attributes,1.0,0.4,random,2,0.10956453538287217,0.7673005464480874,157.82,1.0,3170.0,5282.0
amazon,hgb_attributes,1.0,0.4,random,3,0.07794684513370245,0.8243225806451612,166.7,1.0,3164.0,5272.0
amazon,hgb_attributes,1.0,0.4,random,4,0.07277639927278748,0.7581739130434783,150.612,1.0,3169.0,5281.0
amazon,hgb_attributes,1.0,0.4,random,5,0.07225317394865621,0.7642795698924731,153.348,1.0,3165.0,5275.0
amazon,hgb_attributes,1.0,0.4,random,6,0.07462082840491586,0.758,154.096,1.0,3161.0,5268.0
amazon,hgb_attributes,1.0,0.4,random,7,0.10259012794944802,0.7950802139037434,165.85999999999999,1.0,3162.0,5270.0
amazon,hgb_attributes,1.0,0.4,random,8,0.09807899944442484,0.7782918918918919,159.748,1.0,3166.0,5276.0
amazon,hgb_attributes,1.0,0.4,random,9,0.08057854047238894,0.7978494623655914,161.716,1.0,3164.0,5272.0
amazon,hgb_attributes,1.0,0.6,exposure,0,0.18119327664809678,0.8248648648648649,186.432,1.0,2111.0,5276.0
amazon,hgb_attributes,1.0,0.6,exposure,1,0.1755663921487047,0.8174863387978142,181.6,1.0,2114.0,5283.0
amazon,hgb_attributes,1.0,0.6,exposure,2,0.16414437489240624,0.7890710382513662,173.0,1.0,2113.0,5282.0
amazon,hgb_attributes,1.0,0.6,exposure,3,0.16463187059629905,0.8620860215053764,192.096,1.0,2109.0,5272.0
amazon,hgb_attributes,1.0,0.6,exposure,4,0.1183797176737229,0.7923913043478261,165.6,1.0,2113.0,5281.0
amazon,hgb_attributes,1.0,0.6,exposure,5,0.14824068090359388,0.832258064516129,182.2,1.0,2110.0,5275.0
amazon,hgb_attributes,1.0,0.6,exposure,6,0.15252875417879475,0.7936170212765957,176.2,1.0,2108.0,5268.0
amazon,hgb_attributes,1.0,0.6,exposure,7,0.15119391800199428,0.8320855614973262,183.6,1.0,2108.0,5270.0
amazon,hgb_attributes,1.0,0.6,exposure,8,0.15112852766949658,0.7881081081081083,171.8,1.0,2111.0,5276.0
amazon,hgb_attributes,1.0,0.6,exposure,9,0.1420095572292363,0.8193548387096774,177.8,1.0,2109.0,5272.0
amazon,hgb_attributes,1.0,0.6,random,0,0.10761669670381324,0.7815135135135135,162.512,1.0,2111.0,5276.0
amazon,hgb_attributes,1.0,0.6,random,1,0.09305236637297438,0.7771803278688525,157.132,1.0,2114.0,5283.0
amazon,hgb_attributes,1.0,0.6,random,2,0.10890942418508272,0.7659016393442623,157.464,1.0,2113.0,5282.0
amazon,hgb_attributes,1.0,0.6,random,3,0.07739165271078105,0.8196559139784947,165.772,1.0,2109.0,5272.0
amazon,hgb_attributes,1.0,0.6,random,4,0.07246902195518377,0.7561739130434784,150.204,1.0,2113.0,5281.0
amazon,hgb_attributes,1.0,0.6,random,5,0.07180168012013803,0.7589892473118279,152.292,1.0,2110.0,5275.0
amazon,hgb_attributes,1.0,0.6,random,6,0.07338979725530985,0.7572127659574468,153.78,1.0,2108.0,5268.0
amazon,hgb_attributes,1.0,0.6,random,7,0.10075791919144624,0.7915508021390373,164.9,1.0,2108.0,5270.0
amazon,hgb_attributes,1.0,0.6,random,8,0.09601306636779142,0.7766702702702702,159.10399999999998,1.0,2111.0,5276.0
amazon,hgb_attributes,1.0,0.6,random,9,0.07895639125822565,0.7943870967741935,160.768,1.0,2109.0,5272.0
amazon,hgb_attributes,1.0,0.8,exposure,0,0.16416747138643378,0.812972972972973,181.8,1.0,1056.0,5276.0
amazon,hgb_attributes,1.0,0.8,exposure,1,0.18562112697375333,0.8185792349726775,184.12,1.0,1057.0,5283.0
amazon,hgb_attributes,1.0,0.8,exposure,2,0.13148870981762548,0.7761311475409837,164.192,1.0,1057.0,5282.0
amazon,hgb_attributes,1.0,0.8,exposure,3,0.16304546487429034,0.8612903225806452,191.6,1.0,1055.0,5272.0
amazon,hgb_attributes,1.0,0.8,exposure,4,0.13159190625753736,0.7913043478260869,168.13600000000002,1.0,1057.0,5281.0
amazon,hgb_attributes,1.0,0.8,exposure,5,0.156788434429252,0.8451612903225808,187.2,1.0,1055.0,5275.0
amazon,hgb_attributes,1.0,0.8,exposure,6,0.1724015275132013,0.8074468085106383,183.6,1.0,1054.0,5268.0
amazon,hgb_attributes,1.0,0.8,exposure,7,0.18740571500890363,0.8556149732620322,197.8,1.0,1054.0,5270.0
amazon,hgb_attributes,1.0,0.8,exposure,8,0.15400899906765433,0.7913513513513515,173.2,1.0,1056.0,5276.0
amazon,hgb_attributes,1.0,0.8,exposure,9,0.14265357956518948,0.8258064516129032,179.6,1.0,1055.0,5272.0
amazon,hgb_attributes,1.0,0.8,random,0,0.10624377457455374,0.7769513513513513,161.576,1.0,1056.0,5276.0
amazon,hgb_attributes,1.0,0.8,random,1,0.08949124416049101,0.7729617486338797,155.792,1.0,1057.0,5283.0
amazon,hgb_attributes,1.0,0.8,random,2,0.10411035212508124,0.7633879781420765,156.31199999999998,1.0,1057.0,5282.0
amazon,hgb_attributes,1.0,0.8,random,3,0.0769755613972414,0.809763440860215,163.976,1.0,1055.0,5272.0
amazon,hgb_attributes,1.0,0.8,random,4,0.07182673159641054,0.7488260869565218,148.78,1.0,1057.0,5281.0
amazon,hgb_attributes,1.0,0.8,random,5,0.07170733338679831,0.7526451612903224,151.184,1.0,1055.0,5275.0
amazon,hgb_attributes,1.0,0.8,random,6,0.06877945366629994,0.7515744680851063,152.004,1.0,1054.0,5268.0
amazon,hgb_attributes,1.0,0.8,random,7,0.09907274812374212,0.7865454545454544,163.872,1.0,1054.0,5270.0
amazon,hgb_attributes,1.0,0.8,random,8,0.09306010466413168,0.7711567567567568,157.60399999999998,1.0,1056.0,5276.0
amazon,hgb_attributes,1.0,0.8,random,9,0.07734151513375255,0.7829677419354838,158.368,1.0,1055.0,5272.0
amazon,hgb_attributes,1.0,0.9,exposure,0,0.18157560946660267,0.8075675675675675,186.2,1.0,528.0,5276.0
amazon,hgb_attributes,1.0,0.9,exposure,1,0.1989235950185886,0.8262295081967214,189.2,1.0,529.0,5283.0
amazon,hgb_attributes,1.0,0.9,exposure,2,0.21507065729985175,0.8153005464480874,192.0,1.0,529.0,5282.0
amazon,hgb_attributes,1.0,0.9,exposure,3,0.15507285580421123,0.8612903225806452,189.8,1.0,528.0,5272.0
amazon,hgb_attributes,1.0,0.9,exposure,4,0.09605510540531059,0.782608695652174,159.4,1.0,529.0,5281.0
amazon,hgb_attributes,1.0,0.9,exposure,5,0.15012498470480443,0.8258064516129032,181.4,1.0,528.0,5275.0
amazon,hgb_attributes,1.0,0.9,exposure,6,0.17615195881917217,0.8063829787234044,184.4,1.0,527.0,5268.0
amazon,hgb_attributes,1.0,0.9,exposure,7,0.22241988553914788,0.8705882352941178,210.6,1.0,527.0,5270.0
amazon,hgb_attributes,1.0,0.9,exposure,8,0.24148319866615364,0.8400000000000001,206.6,1.0,528.0,5276.0
amazon,hgb_attributes,1.0,0.9,exposure,9,0.12151213752355046,0.8150537634408602,173.0,1.0,528.0,5272.0
amazon,hgb_attributes,1.0,0.9,random,0,0.10028856299370474,0.7561945945945946,157.024,0.9879999999999999,528.0,5276.0
amazon,hgb_attributes,1.0,0.9,random,1,0.0892708099366696,0.7647431693989071,154.38799999999998,1.0,529.0,5283.0
amazon,hgb_attributes,1.0,0.9,random,2,0.10290616538171937,0.7553005464480874,154.81199999999998,1.0,529.0,5282.0
amazon,hgb_attributes,1.0,0.9,random,3,0.07291959994118732,0.7881935483870968,159.244,1.0,528.0,5272.0
amazon,hgb_attributes,1.0,0.9,random,4,0.06787590093991511,0.7247391304347826,143.768,0.992,529.0,5281.0
amazon,hgb_attributes,1.0,0.9,random,5,0.0692966922719741,0.7273333333333334,146.18,0.9800000000000001,528.0,5275.0
amazon,hgb_attributes,1.0,0.9,random,6,0.06801081804692641,0.7254255319148936,146.996,0.9960000000000001,527.0,5268.0
amazon,hgb_attributes,1.0,0.9,random,7,0.09009723962073724,0.7565347593582887,156.952,1.0,527.0,5270.0
amazon,hgb_attributes,1.0,0.9,random,8,0.08570252143703973,0.7434378378378378,151.292,0.9879999999999999,528.0,5276.0
amazon,hgb_attributes,1.0,0.9,random,9,0.07665516032934146,0.7426666666666667,150.696,0.984,528.0,5272.0
amazon,hgb_attributes,1.0,0.97,exposure,0,0.15110640168286768,0.7816216216216216,178.52800000000002,1.0,159.0,5276.0
amazon,hgb_attributes,1.0,0.97,exposure,1,0.17793527589967456,0.7027322404371585,164.2,0.8480000000000001,159.0,5283.0
amazon,hgb_attributes,1.0,0.97,exposure,2,0.1413936280718952,0.7783606557377049,169.71999999999997,1.0,159.0,5282.0
amazon,hgb_attributes,1.0,0.97,exposure,3,0.13044969515437557,0.8389247311827956,182.372,1.0,159.0,5272.0
amazon,hgb_attributes,1.0,0.97,exposure,4,0.24130884129540148,0.8094565217391306,203.98,1.0,159.0,5281.0
amazon,hgb_attributes,1.0,0.97,exposure,5,0.19342035692858922,0.708494623655914,182.212,0.8280000000000001,159.0,5275.0
amazon,hgb_attributes,1.0,0.97,exposure,6,0.11907463076790918,0.7797446808510639,168.368,1.0,159.0,5268.0
amazon,hgb_attributes,1.0,0.97,exposure,7,0.20770815774834053,0.8394866310160427,204.496,1.0,159.0,5270.0
amazon,hgb_attributes,1.0,0.97,exposure,8,0.26917679928976856,0.8494054054054054,228.16,1.0,159.0,5276.0
amazon,hgb_attributes,1.0,0.97,exposure,9,0.09350244023646541,0.8038494623655913,165.252,1.0,159.0,5272.0
amazon,hgb_attributes,1.0,0.97,random,0,0.07880964796924837,0.5789405405405406,121.06800000000001,0.76,159.0,5276.0
amazon,hgb_attributes,1.0,0.97,random,1,0.0672359895118328,0.5920437158469946,119.532,0.776,159.0,5283.0
amazon,hgb_attributes,1.0,0.97,random,2,0.07995087438833183,0.6061857923497268,124.076,0.8039999999999999,159.0,5282.0
amazon,hgb_attributes,1.0,0.97,random,3,0.061637247382673996,0.602,122.976,0.76,159.0,5272.0
amazon,hgb_attributes,1.0,0.97,random,4,0.05950894736355115,0.5454565217391304,110.112,0.732,159.0,5281.0
amazon,hgb_attributes,1.0,0.97,random,5,0.06484693822784245,0.5946021505376343,121.612,0.792,159.0,5275.0
amazon,hgb_attributes,1.0,0.97,random,6,0.05717962620387214,0.5716170212765957,116.91599999999998,0.764,159.0,5268.0
amazon,hgb_attributes,1.0,0.97,random,7,0.06731961650687532,0.5609625668449197,116.792,0.724,159.0,5270.0
amazon,hgb_attributes,1.0,0.97,random,8,0.0673090244936873,0.5707675675675675,117.06800000000001,0.76,159.0,5276.0
amazon,hgb_attributes,1.0,0.97,random,9,0.0541114690043905,0.4858494623655914,99.624,0.6279999999999999,159.0,5272.0
amazon,hgb_graph_features,0.25,0.0,exposure,0,0.12427671156920883,0.8108108108108109,171.8,1.0,1347.2,1347.2
amazon,hgb_graph_features,0.25,0.0,exposure,1,0.09201760429584976,0.8,161.6,1.0,1318.2,1318.2
amazon,hgb_graph_features,0.25,0.0,exposure,2,0.1283373985149564,0.7846994535519125,165.0,1.0,1333.6,1333.6
amazon,hgb_graph_features,0.25,0.0,exposure,3,0.04393691109036625,0.7645161290322581,149.4,1.0,1347.6,1347.6
amazon,hgb_graph_features,0.25,0.0,exposure,4,0.08873166058820067,0.7630434782608696,154.4,1.0,1352.6,1352.6
amazon,hgb_graph_features,0.25,0.0,exposure,5,0.08529435222420385,0.7623655913978494,155.2,1.0,1318.6,1318.6
amazon,hgb_graph_features,0.25,0.0,exposure,6,0.08163214425157071,0.7744680851063831,159.0,1.0,1299.6,1299.6
amazon,hgb_graph_features,0.25,0.0,exposure,7,0.08320146019665957,0.7871657754010695,160.8,1.0,1303.8,1303.8
amazon,hgb_graph_features,0.25,0.0,exposure,8,0.09736329632275395,0.7556756756756757,155.2,1.0,1325.0,1325.0
amazon,hgb_graph_features,0.25,0.0,exposure,9,0.06623550120082063,0.7731182795698924,154.6,1.0,1322.0,1322.0
amazon,hgb_graph_features,0.25,0.0,random,0,0.12427671156920883,0.8108108108108109,171.8,1.0,1347.2,1347.2
amazon,hgb_graph_features,0.25,0.0,random,1,0.09201760429584976,0.8,161.6,1.0,1318.2,1318.2
amazon,hgb_graph_features,0.25,0.0,random,2,0.1283373985149564,0.7846994535519125,165.0,1.0,1333.6,1333.6
amazon,hgb_graph_features,0.25,0.0,random,3,0.04393691109036625,0.7645161290322581,149.4,1.0,1347.6,1347.6
amazon,hgb_graph_features,0.25,0.0,random,4,0.08873166058820067,0.7630434782608696,154.4,1.0,1352.6,1352.6
amazon,hgb_graph_features,0.25,0.0,random,5,0.08529435222420385,0.7623655913978494,155.2,1.0,1318.6,1318.6
amazon,hgb_graph_features,0.25,0.0,random,6,0.08163214425157071,0.7744680851063831,159.0,1.0,1299.6,1299.6
amazon,hgb_graph_features,0.25,0.0,random,7,0.08320146019665957,0.7871657754010695,160.8,1.0,1303.8,1303.8
amazon,hgb_graph_features,0.25,0.0,random,8,0.09736329632275395,0.7556756756756757,155.2,1.0,1325.0,1325.0
amazon,hgb_graph_features,0.25,0.0,random,9,0.06623550120082063,0.7731182795698924,154.6,1.0,1322.0,1322.0
amazon,hgb_graph_features,0.25,0.05,exposure,0,0.13838552159669268,0.8248648648648649,177.6,1.0,1280.6,1347.2
amazon,hgb_graph_features,0.25,0.05,exposure,1,0.0971302804089978,0.8043715846994536,163.4,1.0,1253.0,1318.2
amazon,hgb_graph_features,0.25,0.05,exposure,2,0.11887800938395818,0.7846994535519125,163.2,1.0,1267.4,1333.6
amazon,hgb_graph_features,0.25,0.05,exposure,3,0.06248930119531785,0.8129032258064516,161.6,1.0,1280.6,1347.6
amazon,hgb_graph_features,0.25,0.05,exposure,4,0.09212312218109321,0.7663043478260869,155.6,1.0,1285.4,1352.6
amazon,hgb_graph_features,0.25,0.05,exposure,5,0.09338084170049535,0.764516129032258,157.2,1.0,1253.2,1318.6
amazon,hgb_graph_features,0.25,0.05,exposure,6,0.08467879419753635,0.7734042553191489,159.2,1.0,1234.8,1299.6
amazon,hgb_graph_features,0.25,0.05,exposure,7,0.0850493648477563,0.7893048128342246,161.6,1.0,1239.2,1303.8
amazon,hgb_graph_features,0.25,0.05,exposure,8,0.10002996298942061,0.7686486486486487,158.2,1.0,1259.2,1325.0
amazon,hgb_graph_features,0.25,0.05,exposure,9,0.07947815439102575,0.8,162.0,1.0,1256.2,1322.0
amazon,hgb_graph_features,0.25,0.05,random,0,0.12334308057919201,0.8095567567567568,171.372,1.0,1280.6,1347.2
amazon,hgb_graph_features,0.25,0.05,random,1,0.09352527391524953,0.8013989071038251,162.144,1.0,1253.0,1318.2
amazon,hgb_graph_features,0.25,0.05,random,2,0.1187141236180449,0.7802185792349727,162.264,1.0,1267.4,1333.6
amazon,hgb_graph_features,0.25,0.05,random,3,0.04338381188772468,0.7655698924731184,149.5,1.0,1280.6,1347.6
amazon,hgb_graph_features,0.25,0.05,random,4,0.08467710956117604,0.7616304347826087,153.408,1.0,1285.4,1352.6
amazon,hgb_graph_features,0.25,0.05,random,5,0.08465916798537947,0.7613118279569892,154.856,1.0,1253.2,1318.6
amazon,hgb_graph_features,0.25,0.05,random,6,0.0814451019316478,0.7737021276595746,158.792,1.0,1234.8,1299.6
amazon,hgb_graph_features,0.25,0.05,random,7,0.08473266579405128,0.7880427807486631,161.26,1.0,1239.2,1303.8
amazon,hgb_graph_features,0.25,0.05,random,8,0.09764811460038457,0.7544000000000001,155.048,1.0,1259.2,1325.0
amazon,hgb_graph_features,0.25,0.05,random,9,0.06559244032729787,0.7689462365591397,153.696,1.0,1256.2,1322.0
amazon,hgb_graph_features,0.25,0.1,exposure,0,0.16650449868077905,0.8432432432432432,187.2,1.0,1213.0,1347.2
amazon,hgb_graph_features,0.25,0.1,exposure,1,0.10128260541929204,0.8153005464480874,166.2,1.0,1187.0,1318.2
amazon,hgb_graph_features,0.25,0.1,exposure,2,0.12772304843148155,0.7890710382513662,165.8,1.0,1200.8,1333.6
amazon,hgb_graph_features,0.25,0.1,exposure,3,0.10134955207823682,0.8376344086021505,173.4,1.0,1213.2,1347.6
amazon,hgb_graph_features,0.25,0.1,exposure,4,0.106373902835564,0.7728260869565217,159.4,1.0,1218.0,1352.6
amazon,hgb_graph_features,0.25,0.1,exposure,5,0.11204204021351401,0.789247311827957,165.8,1.0,1187.2,1318.6
amazon,hgb_graph_features,0.25,0.1,exposure,6,0.08856027238001271,0.7765957446808511,160.6,1.0,1170.0,1299.6
amazon,hgb_graph_features,0.25,0.1,exposure,7,0.09247842516011182,0.7978609625668449,164.6,1.0,1173.8,1303.8
amazon,hgb_graph_features,0.25,0.1,exposure,8,0.1097826355489147,0.7881081081081082,163.8,1.0,1193.0,1325.0
amazon,hgb_graph_features,0.25,0.1,exposure,9,0.08817504355215407,0.8032258064516128,164.2,1.0,1190.2,1322.0
amazon,hgb_graph_features,0.25,0.1,random,0,0.12076263033606212,0.807827027027027,170.648,1.0,1213.0,1347.2
amazon,hgb_graph_features,0.25,0.1,random,1,0.09314876228986864,0.7995409836065573,161.668,1.0,1187.0,1318.2
amazon,hgb_graph_features,0.25,0.1,random,2,0.12002051300918266,0.7817267759562843,162.888,1.0,1200.8,1333.6
amazon,hgb_graph_features,0.25,0.1,random,3,0.039616609331962524,0.7345376344086022,143.232,1.0,1213.2,1347.6
amazon,hgb_graph_features,0.25,0.1,random,4,0.08072606482312286,0.7606304347826087,152.504,1.0,1218.0,1352.6
amazon,hgb_graph_features,0.25,0.1,random,5,0.08476701062120251,0.7609032258064515,154.81199999999998,1.0,1187.2,1318.6
amazon,hgb_graph_features,0.25,0.1,random,6,0.08162512157041799,0.7731489361702129,158.732,1.0,1170.0,1299.6
amazon,hgb_graph_features,0.25,0.1,random,7,0.08474731356897532,0.7891978609625669,161.496,1.0,1173.8,1303.8
amazon,hgb_graph_features,0.25,0.1,random,8,0.09369113459863158,0.7521729729729731,154.028,1.0,1193.0,1325.0
amazon,hgb_graph_features,0.25,0.1,random,9,0.06697156030797591,0.7728387096774193,154.672,1.0,1190.2,1322.0
amazon,hgb_graph_features,0.25,0.2,exposure,0,0.17295191994254022,0.8475675675675675,189.6,1.0,1078.2,1347.2
amazon,hgb_graph_features,0.25,0.2,exposure,1,0.12619225725483124,0.8295081967213115,174.0,1.0,1055.0,1318.2
amazon,hgb_graph_features,0.25,0.2,exposure,2,0.14641980930390291,0.7978142076502733,171.4,1.0,1067.2,1333.6
amazon,hgb_graph_features,0.25,0.2,exposure,3,0.1327965926601572,0.8473118279569892,182.0,1.0,1078.4,1347.6
amazon,hgb_graph_features,0.25,0.2,exposure,4,0.14498133783198192,0.8,172.6,1.0,1082.6,1352.6
amazon,hgb_graph_features,0.25,0.2,exposure,5,0.17038552650845537,0.821505376344086,184.4,1.0,1055.2,1318.6
amazon,hgb_graph_features,0.25,0.2,exposure,6,0.092730695225807,0.7851063829787236,163.0,1.0,1040.0,1299.6
amazon,hgb_graph_features,0.25,0.2,exposure,7,0.11146577812597899,0.8074866310160427,170.2,1.0,1043.4,1303.8
amazon,hgb_graph_features,0.25,0.2,exposure,8,0.15093451361328092,0.8064864864864865,176.4,1.0,1060.4,1325.0
amazon,hgb_graph_features,0.25,0.2,exposure,9,0.09512092825207578,0.8053763440860215,166.0,1.0,1058.0,1322.0
amazon,hgb_graph_features,0.25,0.2,random,0,0.12117879288720032,0.8069621621621621,170.616,1.0,1078.2,1347.2
amazon,hgb_graph_features,0.25,0.2,random,1,0.09450648376376733,0.8008743169398906,162.172,1.0,1055.0,1318.2
amazon,hgb_graph_features,0.25,0.2,random,2,0.11917732712959475,0.7808524590163936,162.57999999999998,1.0,1067.2,1333.6
amazon,hgb_graph_features,0.25,0.2,random,3,0.041224464829640095,0.739741935483871,144.46800000000002,1.0,1078.4,1347.6
amazon,hgb_graph_features,0.25,0.2,random,4,0.07994073342595691,0.7606086956521739,152.38400000000001,1.0,1082.6,1352.6
amazon,hgb_graph_features,0.25,0.2,random,5,0.08388702963025184,0.7589677419354838,154.32,1.0,1055.2,1318.6
amazon,hgb_graph_features,0.25,0.2,random,6,0.0809417139886531,0.7722765957446809,158.436,1.0,1040.0,1299.6
amazon,hgb_graph_features,0.25,0.2,random,7,0.0860152694892407,0.7886844919786096,161.628,1.0,1043.4,1303.8
amazon,hgb_graph_features,0.25,0.2,random,8,0.09443160723970137,0.749318918918919,153.712,1.0,1060.4,1325.0
amazon,hgb_graph_features,0.25,0.2,random,9,0.06600489266922854,0.7663225806451612,153.352,1.0,1058.0,1322.0
amazon,hgb_graph_features,0.25,0.4,exposure,0,0.17205298453153978,0.8464864864864865,189.2,1.0,808.6,1347.2
amazon,hgb_graph_features,0.25,0.4,exposure,1,0.1458999168759758,0.8382513661202186,180.4,1.0,791.2,1318.2
amazon,hgb_graph_features,0.25,0.4,exposure,2,0.19493234672283044,0.8163934426229508,187.0,1.0,800.6,1333.6
amazon,hgb_graph_features,0.25,0.4,exposure,3,0.1667115245516119,0.8602150537634408,192.6,1.0,809.0,1347.6
amazon,hgb_graph_features,0.25,0.4,exposure,4,0.14944159131767287,0.8010869565217391,174.2,1.0,812.0,1352.6
amazon,hgb_graph_features,0.25,0.4,exposure,5,0.19669129907979416,0.8387096774193548,194.4,1.0,791.4,1318.6
amazon,hgb_graph_features,0.25,0.4,exposure,6,0.09089742812771516,0.7808510638297873,162.0,1.0,780.2,1299.6
amazon,hgb_graph_features,0.25,0.4,exposure,7,0.12593377339501377,0.8117647058823529,174.2,1.0,782.6,1303.8
amazon,hgb_graph_features,0.25,0.4,exposure,8,0.18272738710506714,0.8281081081081082,187.8,1.0,795.2,1325.0
amazon,hgb_graph_features,0.25,0.4,exposure,9,0.08648729522871165,0.8032258064516128,163.8,1.0,793.6,1322.0
amazon,hgb_graph_features,0.25,0.4,random,0,0.11420382933730988,0.7984648648648649,167.62800000000001,1.0,808.6,1347.2
amazon,hgb_graph_features,0.25,0.4,random,1,0.09481659232421487,0.8004590163934425,162.224,1.0,791.2,1318.2
amazon,hgb_graph_features,0.25,0.4,random,2,0.11844391867705317,0.7794754098360656,162.324,1.0,800.6,1333.6
amazon,hgb_graph_features,0.25,0.4,random,3,0.04335937823139996,0.7102150537634409,139.392,0.9640000000000001,809.0,1347.6
amazon,hgb_graph_features,0.25,0.4,random,4,0.07511756696378565,0.7590434782608696,151.256,1.0,812.0,1352.6
amazon,hgb_graph_features,0.25,0.4,random,5,0.08357863108301898,0.7478494623655914,152.192,1.0,791.4,1318.6
amazon,hgb_graph_features,0.25,0.4,random,6,0.08097925710620174,0.771191489361702,158.244,1.0,780.2,1299.6
amazon,hgb_graph_features,0.25,0.4,random,7,0.08415796308176322,0.7795294117647058,159.51600000000002,1.0,782.6,1303.8
amazon,hgb_graph_features,0.25,0.4,random,8,0.09521239586020984,0.7469189189189189,153.45999999999998,1.0,795.2,1325.0
amazon,hgb_graph_features,0.25,0.4,random,9,0.06441849224575258,0.7501075268817204,150.128,1.0,793.6,1322.0
amazon,hgb_graph_features,0.25,0.6,exposure,0,0.15121112631671996,0.8421621621621622,184.0,1.0,539.4,1347.2
amazon,hgb_graph_features,0.25,0.6,exposure,1,0.14497618464338208,0.8404371584699453,181.6,1.0,528.0,1318.2
amazon,hgb_graph_features,0.25,0.6,exposure,2,0.17290557074387403,0.8021857923497269,180.6,1.0,533.8,1333.6
amazon,hgb_graph_features,0.25,0.6,exposure,3,0.18487328455108085,0.861290322580645,198.2,1.0,539.6,1347.6
amazon,hgb_graph_features,0.25,0.6,exposure,4,0.13382499127597164,0.7847826086956522,168.0,1.0,541.6,1352.6
amazon,hgb_graph_features,0.25,0.6,exposure,5,0.17313333418243815,0.8236559139784946,185.8,1.0,527.8,1318.6
amazon,hgb_graph_features,0.25,0.6,exposure,6,0.08598706947123548,0.776595744680851,160.2,1.0,520.2,1299.6
amazon,hgb_graph_features,0.25,0.6,exposure,7,0.10697904571120467,0.8010695187165776,168.2,1.0,521.8,1303.8
amazon,hgb_graph_features,0.25,0.6,exposure,8,0.16291407517241266,0.8118918918918918,179.8,1.0,530.4,1325.0
amazon,hgb_graph_features,0.25,0.6,exposure,9,0.08237391570269484,0.786021505376344,159.8,1.0,529.0,1322.0
amazon,hgb_graph_features,0.25,0.6,random,0,0.1168052101390947,0.7966702702702703,168.096,1.0,539.4,1347.2
amazon,hgb_graph_features,0.25,0.6,random,1,0.09075020448792179,0.7902295081967213,159.676,1.0,528.0,1318.2
amazon,hgb_graph_features,0.25,0.6,random,2,0.10892630602823612,0.7721967213114753,159.348,1.0,533.8,1333.6
amazon,hgb_graph_features,0.25,0.6,random,3,0.046965829530227654,0.7021505376344086,138.56400000000002,0.9640000000000001,539.6,1347.6
amazon,hgb_graph_features,0.25,0.6,random,4,0.07349240201838497,0.7465434782608696,148.752,0.992,541.6,1352.6
amazon,hgb_graph_features,0.25,0.6,random,5,0.08986872179421312,0.7456129032258064,153.196,1.0,527.8,1318.6
amazon,hgb_graph_features,0.25,0.6,random,6,0.07765246889481524,0.7631914893617021,156.092,1.0,520.2,1299.6
amazon,hgb_graph_features,0.25,0.6,random,7,0.08248738230777859,0.7668877005347594,156.88,1.0,521.8,1303.8
amazon,hgb_graph_features,0.25,0.6,random,8,0.0944095773843634,0.7249729729729729,149.524,1.0,530.4,1325.0
amazon,hgb_graph_features,0.25,0.6,random,9,0.06065518324865683,0.7168817204301076,143.26399999999998,0.976,529.0,1322.0
amazon,hgb_graph_features,0.25,0.8,exposure,0,0.1116686757485322,0.8064864864864865,169.4,1.0,269.8,1347.2
amazon,hgb_graph_features,0.25,0.8,exposure,1,0.0991419092094249,0.7661202185792348,158.4,1.0,264.2,1318.2
amazon,hgb_graph_features,0.25,0.8,exposure,2,0.1040065726023792,0.7748633879781421,159.0,1.0,267.2,1333.6
amazon,hgb_graph_features,0.25,0.8,exposure,3,0.1538208084062106,0.8268817204301074,186.8,1.0,270.2,1347.6
amazon,hgb_graph_features,0.25,0.8,exposure,4,0.10358342354258761,0.7728260869565217,159.4,1.0,271.0,1352.6
amazon,hgb_graph_features,0.25,0.8,exposure,5,0.11987250015717414,0.7376344086021506,158.6,1.0,264.0,1318.6
amazon,hgb_graph_features,0.25,0.8,exposure,6,0.054340161067528835,0.6170212765957447,124.6,0.8,260.4,1299.6
amazon,hgb_graph_features,0.25,0.8,exposure,7,0.07171246686099608,0.7518716577540108,152.0,1.0,261.0,1303.8
amazon,hgb_graph_features,0.25,0.8,exposure,8,0.12932902666669405,0.7275675675675676,157.0,1.0,265.2,1325.0
amazon,hgb_graph_features,0.25,0.8,exposure,9,0.08103203858539562,0.7096774193548387,145.8,1.0,264.6,1322.0
amazon,hgb_graph_features,0.25,0.8,random,0,0.1025014819818422,0.7536216216216216,157.428,0.992,269.8,1347.2
amazon,hgb_graph_features,0.25,0.8,random,1,0.08553347402374405,0.7299672131147541,148.08800000000002,0.944,264.2,1318.2
amazon,hgb_graph_features,0.25,0.8,random,2,0.0947888316974516,0.682207650273224,141.08800000000002,0.9039999999999999,267.2,1333.6
amazon,hgb_graph_features,0.25,0.8,random,3,0.05009038319214955,0.6507096774193549,129.616,0.9039999999999999,270.2,1347.6
amazon,hgb_graph_features,0.25,0.8,random,4,0.06331204051237668,0.5977391304347826,119.94800000000001,0.808,271.0,1352.6
amazon,hgb_graph_features,0.25,0.8,random,5,0.07461759781880664,0.6437204301075269,131.848,0.9400000000000001,264.0,1318.6
amazon,hgb_graph_features,0.25,0.8,random,6,0.07171309589888449,0.6662765957446808,137.108,0.8800000000000001,260.4,1299.6
amazon,hgb_graph_features,0.25,0.8,random,7,0.06701619512851907,0.6339893048128342,129.752,0.836,261.0,1303.8
amazon,hgb_graph_features,0.25,0.8,random,8,0.08187460786374134,0.6349621621621622,130.92000000000002,0.908,265.2,1325.0
amazon,hgb_graph_features,0.25,0.8,random,9,0.05483832688762752,0.6117849462365592,122.93199999999999,0.852,264.6,1322.0
amazon,hgb_graph_features,0.25,0.9,exposure,0,0.05920292172070374,0.5036972972972973,103.8,0.6359999999999999,135.0,1347.2
amazon,hgb_graph_features,0.25,0.9,exposure,1,0.09029844563677193,0.5460327868852459,116.38399999999999,0.6519999999999999,132.2,1318.2
amazon,hgb_graph_features,0.25,0.9,exposure,2,0.05988382746610936,0.32671038251366114,70.664,0.41200000000000003,133.8,1333.6
amazon,hgb_graph_features,0.25,0.9,exposure,3,0.11691797726334303,0.6024086021505376,136.988,0.704,135.4,1347.6
amazon,hgb_graph_features,0.25,0.9,exposure,4,0.08366534401057044,0.5846521739130435,121.6,0.76,135.6,1352.6
amazon,hgb_graph_features,0.25,0.9,exposure,5,0.08905127894044203,0.42159139784946237,94.896,0.524,132.4,1318.6
amazon,hgb_graph_features,0.25,0.9,exposure,6,0.03297696715977882,0.34719148936170213,70.676,0.44399999999999995,130.6,1299.6
amazon,hgb_graph_features,0.25,0.9,exposure,7,0.05654908743057678,0.5184171122994652,106.292,0.6599999999999999,130.8,1303.8
amazon,hgb_graph_features,0.25,0.9,exposure,8,0.09955194839765644,0.4355243243243244,101.3,0.5199999999999999,132.8,1325.0
amazon,hgb_graph_features,0.25,0.9,exposure,9,0.05458297891818611,0.31683870967741934,68.548,0.396,132.4,1322.0
amazon,hgb_graph_features,0.25,0.9,random,0,0.08285835856528714,0.5349405405405405,114.01999999999998,0.6559999999999999,135.0,1347.2
amazon,hgb_graph_features,0.25,0.9,random,1,0.06750839854845869,0.481136612021858,99.82000000000001,0.592,132.2,1318.2
amazon,hgb_graph_features,0.25,0.9,random,2,0.08015418762633975,0.4527868852459016,97.328,0.5720000000000001,133.8,1333.6
amazon,hgb_graph_features,0.25,0.9,random,3,0.04760243576024119,0.4518064516129033,92.324,0.552,135.4,1347.6
amazon,hgb_graph_features,0.25,0.9,random,4,0.0543155470981924,0.4117826086956522,85.024,0.5279999999999999,135.6,1352.6
amazon,hgb_graph_features,0.25,0.9,random,5,0.054944403122940286,0.35245161290322585,75.55199999999999,0.44000000000000006,132.4,1318.6
amazon,hgb_graph_features,0.25,0.9,random,6,0.061774230874278004,0.4028936170212766,86.94800000000001,0.508,130.6,1299.6
amazon,hgb_graph_features,0.25,0.9,random,7,0.061822765067049,0.4807700534759358,100.89200000000001,0.6,130.8,1303.8
amazon,hgb_graph_features,0.25,0.9,random,8,0.05675647408028106,0.35215135135135134,75.12,0.44400000000000006,132.8,1325.0
amazon,hgb_graph_features,0.25,0.9,random,9,0.046897654655559604,0.3239354838709677,68.576,0.4,132.4,1322.0
amazon,hgb_graph_features,0.25,0.97,exposure,0,0.0,0.0,0.0,0.0,41.0,1347.2
amazon,hgb_graph_features,0.25,0.97,exposure,1,0.0,0.0,0.0,0.0,40.0,1318.2
amazon,hgb_graph_features,0.25,0.97,exposure,2,0.0,0.0,0.0,0.0,40.6,1333.6
amazon,hgb_graph_features,0.25,0.97,exposure,3,0.0,0.0,0.0,0.0,40.8,1347.6
amazon,hgb_graph_features,0.25,0.97,exposure,4,0.0,0.0,0.0,0.0,41.2,1352.6
amazon,hgb_graph_features,0.25,0.97,exposure,5,0.0,0.0,0.0,0.0,40.0,1318.6
amazon,hgb_graph_features,0.25,0.97,exposure,6,0.0,0.0,0.0,0.0,39.6,1299.6
amazon,hgb_graph_features,0.25,0.97,exposure,7,0.0,0.0,0.0,0.0,39.8,1303.8
amazon,hgb_graph_features,0.25,0.97,exposure,8,0.0,0.0,0.0,0.0,40.2,1325.0
amazon,hgb_graph_features,0.25,0.97,exposure,9,0.0,0.0,0.0,0.0,40.2,1322.0
amazon,hgb_graph_features,0.25,0.97,random,0,0.0,0.0,0.0,0.0,41.0,1347.2
amazon,hgb_graph_features,0.25,0.97,random,1,0.0,0.0,0.0,0.0,40.0,1318.2
amazon,hgb_graph_features,0.25,0.97,random,2,0.0,0.0,0.0,0.0,40.6,1333.6
amazon,hgb_graph_features,0.25,0.97,random,3,0.0,0.0,0.0,0.0,40.8,1347.6
amazon,hgb_graph_features,0.25,0.97,random,4,0.0,0.0,0.0,0.0,41.2,1352.6
amazon,hgb_graph_features,0.25,0.97,random,5,0.0,0.0,0.0,0.0,40.0,1318.6
amazon,hgb_graph_features,0.25,0.97,random,6,0.0,0.0,0.0,0.0,39.6,1299.6
amazon,hgb_graph_features,0.25,0.97,random,7,0.0,0.0,0.0,0.0,39.8,1303.8
amazon,hgb_graph_features,0.25,0.97,random,8,0.0,0.0,0.0,0.0,40.2,1325.0
amazon,hgb_graph_features,0.25,0.97,random,9,0.0,0.0,0.0,0.0,40.2,1322.0
amazon,hgb_graph_features,0.5,0.0,exposure,0,0.119411760467878,0.8151351351351351,171.4,1.0,2661.0,2661.0
amazon,hgb_graph_features,0.5,0.0,exposure,1,0.09781363496622204,0.8076502732240438,164.2,1.0,2653.2,2653.2
amazon,hgb_graph_features,0.5,0.0,exposure,2,0.12877781393256707,0.7956284153005464,167.2,1.0,2627.0,2627.0
amazon,hgb_graph_features,0.5,0.0,exposure,3,0.05319891149789201,0.8053763440860215,158.6,1.0,2648.0,2648.0
amazon,hgb_graph_features,0.5,0.0,exposure,4,0.07985776229961697,0.7597826086956522,152.0,1.0,2661.0,2661.0
amazon,hgb_graph_features,0.5,0.0,exposure,5,0.09165133294487629,0.7709677419354838,158.0,1.0,2654.4,2654.4
amazon,hgb_graph_features,0.5,0.0,exposure,6,0.07718209753973822,0.774468085106383,158.0,1.0,2632.4,2632.4
amazon,hgb_graph_features,0.5,0.0,exposure,7,0.08405089955146672,0.7914438502673796,161.8,1.0,2616.4,2616.4
amazon,hgb_graph_features,0.5,0.0,exposure,8,0.09697352736131284,0.7827027027027027,160.4,1.0,2637.6,2637.6
amazon,hgb_graph_features,0.5,0.0,exposure,9,0.07792666560866093,0.8021505376344086,162.2,1.0,2648.8,2648.8
amazon,hgb_graph_features,0.5,0.0,random,0,0.119411760467878,0.8151351351351351,171.4,1.0,2661.0,2661.0
amazon,hgb_graph_features,0.5,0.0,random,1,0.09781363496622204,0.8076502732240438,164.2,1.0,2653.2,2653.2
amazon,hgb_graph_features,0.5,0.0,random,2,0.12877781393256707,0.7956284153005464,167.2,1.0,2627.0,2627.0
amazon,hgb_graph_features,0.5,0.0,random,3,0.05319891149789201,0.8053763440860215,158.6,1.0,2648.0,2648.0
amazon,hgb_graph_features,0.5,0.0,random,4,0.07985776229961697,0.7597826086956522,152.0,1.0,2661.0,2661.0
amazon,hgb_graph_features,0.5,0.0,random,5,0.09165133294487629,0.7709677419354838,158.0,1.0,2654.4,2654.4
amazon,hgb_graph_features,0.5,0.0,random,6,0.07718209753973822,0.774468085106383,158.0,1.0,2632.4,2632.4
amazon,hgb_graph_features,0.5,0.0,random,7,0.08405089955146672,0.7914438502673796,161.8,1.0,2616.4,2616.4
amazon,hgb_graph_features,0.5,0.0,random,8,0.09697352736131284,0.7827027027027027,160.4,1.0,2637.6,2637.6
amazon,hgb_graph_features,0.5,0.0,random,9,0.07792666560866093,0.8021505376344086,162.2,1.0,2648.8,2648.8
amazon,hgb_graph_features,0.5,0.05,exposure,0,0.14612202454755646,0.8313513513513513,180.2,1.0,2528.6,2661.0
amazon,hgb_graph_features,0.5,0.05,exposure,1,0.10221080426789479,0.8131147540983606,166.2,1.0,2521.0,2653.2
amazon,hgb_graph_features,0.5,0.05,exposure,2,0.13650649392130898,0.7989071038251365,169.4,1.0,2496.4,2627.0
amazon,hgb_graph_features,0.5,0.05,exposure,3,0.07495449583917597,0.8290322580645162,166.8,1.0,2515.8,2648.0
amazon,hgb_graph_features,0.5,0.05,exposure,4,0.10150886545658486,0.7728260869565217,158.4,1.0,2528.4,2661.0
amazon,hgb_graph_features,0.5,0.05,exposure,5,0.09708621319243538,0.7720430107526881,159.2,1.0,2522.2,2654.4
amazon,hgb_graph_features,0.5,0.05,exposure,6,0.08737577578993465,0.7797872340425532,160.8,1.0,2501.0,2632.4
amazon,hgb_graph_features,0.5,0.05,exposure,7,0.08485488626243018,0.7935828877005348,162.4,1.0,2486.0,2616.4
amazon,hgb_graph_features,0.5,0.05,exposure,8,0.11279836926283324,0.7881081081081079,164.4,1.0,2506.0,2637.6
amazon,hgb_graph_features,0.5,0.05,exposure,9,0.08765674717802906,0.8032258064516128,164.2,1.0,2516.8,2648.8
amazon,hgb_graph_features,0.5,0.05,random,0,0.11970684672273565,0.8140324324324325,171.268,1.0,2528.6,2661.0
amazon,hgb_graph_features,0.5,0.05,random,1,0.09832866011136249,0.8075191256830602,164.28,1.0,2521.0,2653.2
amazon,hgb_graph_features,0.5,0.05,random,2,0.12866273596215047,0.7930054644808743,166.652,1.0,2496.4,2627.0
amazon,hgb_graph_features,0.5,0.05,random,3,0.0528104563442689,0.8028817204301075,158.07999999999998,1.0,2515.8,2648.0
amazon,hgb_graph_features,0.5,0.05,random,4,0.0826867979763639,0.7615434782608695,152.892,1.0,2528.4,2661.0
amazon,hgb_graph_features,0.5,0.05,random,5,0.09355353618631963,0.7700215053763441,158.144,1.0,2522.2,2654.4
amazon,hgb_graph_features,0.5,0.05,random,6,0.07793399412196313,0.7747234042553192,158.208,1.0,2501.0,2632.4
amazon,hgb_graph_features,0.5,0.05,random,7,0.0844772742672725,0.7919144385026738,161.956,1.0,2486.0,2616.4
amazon,hgb_graph_features,0.5,0.05,random,8,0.10060803225798857,0.7820324324324325,160.924,1.0,2506.0,2637.6
amazon,hgb_graph_features,0.5,0.05,random,9,0.07665006104420491,0.7969032258064516,161.048,1.0,2516.8,2648.8
amazon,hgb_graph_features,0.5,0.1,exposure,0,0.16170940519721405,0.8389189189189189,185.2,1.0,2395.4,2661.0
amazon,hgb_graph_features,0.5,0.1,exposure,1,0.11293015170416978,0.8163934426229508,169.0,1.0,2388.4,2653.2
amazon,hgb_graph_features,0.5,0.1,exposure,2,0.14372906647817557,0.8076502732240437,172.8,1.0,2364.8,2627.0
amazon,hgb_graph_features,0.5,0.1,exposure,3,0.11542278928527097,0.8387096774193548,176.4,1.0,2383.6,2648.0
amazon,hgb_graph_features,0.5,0.1,exposure,4,0.12080688964830857,0.7902173913043479,165.504,1.0,2395.4,2661.0
amazon,hgb_graph_features,0.5,0.1,exposure,5,0.11482672667317625,0.789247311827957,166.2,1.0,2389.4,2654.4
amazon,hgb_graph_features,0.5,0.1,exposure,6,0.09647818536967652,0.7872340425531916,164.0,1.0,2369.4,2632.4
amazon,hgb_graph_features,0.5,0.1,exposure,7,0.09532125503174357,0.8021390374331551,166.0,1.0,2355.2,2616.4
amazon,hgb_graph_features,0.5,0.1,exposure,8,0.12102231834384111,0.7891891891891891,166.2,1.0,2374.2,2637.6
amazon,hgb_graph_features,0.5,0.1,exposure,9,0.10089794951223177,0.8064516129032258,167.2,1.0,2384.4,2648.8
amazon,hgb_graph_features,0.5,0.1,random,0,0.12038927462533085,0.8142918918918918,171.46800000000002,1.0,2395.4,2661.0
amazon,hgb_graph_features,0.5,0.1,random,1,0.09748849154934222,0.8071256830601093,164.048,1.0,2388.4,2653.2
amazon,hgb_graph_features,0.5,0.1,random,2,0.1263206872693935,0.7911256830601092,165.82,1.0,2364.8,2627.0
amazon,hgb_graph_features,0.5,0.1,random,3,0.053290996129193934,0.8021935483870968,158.03199999999998,1.0,2383.6,2648.0
amazon,hgb_graph_features,0.5,0.1,random,4,0.0818048209682444,0.7612391304347825,152.68800000000002,1.0,2395.4,2661.0
amazon,hgb_graph_features,0.5,0.1,random,5,0.09194812413558184,0.7685161290322581,157.56,1.0,2389.4,2654.4
amazon,hgb_graph_features,0.5,0.1,random,6,0.07881021039828248,0.7758510638297873,158.57999999999998,1.0,2369.4,2632.4
amazon,hgb_graph_features,0.5,0.1,random,7,0.084123891453894,0.7908877005347593,161.676,1.0,2355.2,2616.4
amazon,hgb_graph_features,0.5,0.1,random,8,0.10052069902635444,0.7813189189189188,160.76799999999997,1.0,2374.2,2637.6
amazon,hgb_graph_features,0.5,0.1,random,9,0.0770540339670324,0.795010752688172,160.768,1.0,2384.4,2648.8
amazon,hgb_graph_features,0.5,0.2,exposure,0,0.17277430742556144,0.8475675675675675,189.6,1.0,2129.2,2661.0
amazon,hgb_graph_features,0.5,0.2,exposure,1,0.13000301515479887,0.8306010928961747,175.2,1.0,2123.0,2653.2
amazon,hgb_graph_features,0.5,0.2,exposure,2,0.1643119316692194,0.8153005464480874,178.8,1.0,2102.0,2627.0
amazon,hgb_graph_features,0.5,0.2,exposure,3,0.15179431304397561,0.8559139784946236,188.0,1.0,2118.8,2648.0
amazon,hgb_graph_features,0.5,0.2,exposure,4,0.15182221021056377,0.8021739130434783,174.4,1.0,2129.2,2661.0
amazon,hgb_graph_features,0.5,0.2,exposure,5,0.16367324421218604,0.821505376344086,182.8,1.0,2123.8,2654.4
amazon,hgb_graph_features,0.5,0.2,exposure,6,0.11236456978041118,0.7936170212765958,168.2,1.0,2106.2,2632.4
amazon,hgb_graph_features,0.5,0.2,exposure,7,0.12852235743113274,0.8219037433155082,176.74,1.0,2093.4,2616.4
amazon,hgb_graph_features,0.5,0.2,exposure,8,0.15714260881374606,0.8086486486486486,177.8,1.0,2110.2,2637.6
amazon,hgb_graph_features,0.5,0.2,exposure,9,0.1151051709311168,0.8075268817204302,170.0,1.0,2119.6,2648.8
amazon,hgb_graph_features,0.5,0.2,random,0,0.11824288427106659,0.8131891891891891,170.932,1.0,2129.2,2661.0
amazon,hgb_graph_features,0.5,0.2,random,1,0.0969043927215011,0.8045901639344264,163.44400000000002,1.0,2123.0,2653.2
amazon,hgb_graph_features,0.5,0.2,random,2,0.12650609782863437,0.7900765027322404,165.676,1.0,2102.0,2627.0
amazon,hgb_graph_features,0.5,0.2,random,3,0.053723207877525846,0.8007741935483871,157.82,1.0,2118.8,2648.0
amazon,hgb_graph_features,0.5,0.2,random,4,0.08209780279379854,0.7621739130434783,152.952,1.0,2129.2,2661.0
amazon,hgb_graph_features,0.5,0.2,random,5,0.09115503818293276,0.7671182795698924,157.17199999999997,1.0,2123.8,2654.4
amazon,hgb_graph_features,0.5,0.2,random,6,0.07961960909551788,0.7761276595744682,158.776,1.0,2106.2,2632.4
amazon,hgb_graph_features,0.5,0.2,random,7,0.08365957459720523,0.7901818181818181,161.46,1.0,2093.4,2616.4
amazon,hgb_graph_features,0.5,0.2,random,8,0.10163135032515283,0.780108108108108,160.752,1.0,2110.2,2637.6
amazon,hgb_graph_features,0.5,0.2,random,9,0.0772544382254172,0.7941720430107526,160.66,1.0,2119.6,2648.8
amazon,hgb_graph_features,0.5,0.4,exposure,0,0.18441888298565673,0.8616216216216216,195.6,1.0,1597.0,2661.0
amazon,hgb_graph_features,0.5,0.4,exposure,1,0.14799739706659767,0.839344262295082,181.0,1.0,1592.2,2653.2
amazon,hgb_graph_features,0.5,0.4,exposure,2,0.23324416543454038,0.8354535519125683,199.86399999999998,1.0,1576.8,2627.0
amazon,hgb_graph_features,0.5,0.4,exposure,3,0.18523735558473492,0.8698924731182794,198.8,1.0,1589.2,2648.0
amazon,hgb_graph_features,0.5,0.4,exposure,4,0.15814276923866294,0.8010869565217391,175.6,1.0,1597.2,2661.0
amazon,hgb_graph_features,0.5,0.4,exposure,5,0.20342220345461204,0.8462365591397848,198.4,1.0,1593.0,2654.4
amazon,hgb_graph_features,0.5,0.4,exposure,6,0.10615549420278012,0.7914893617021279,166.6,1.0,1579.8,2632.4
amazon,hgb_graph_features,0.5,0.4,exposure,7,0.1517031535017374,0.8288770053475936,183.2,1.0,1570.2,2616.4
amazon,hgb_graph_features,0.5,0.4,exposure,8,0.17742391403915386,0.8216216216216218,185.0,1.0,1582.8,2637.6
amazon,hgb_graph_features,0.5,0.4,exposure,9,0.12191035646285382,0.8064516129032258,171.0,1.0,1589.8,2648.8
amazon,hgb_graph_features,0.5,0.4,random,0,0.11618742945725553,0.8097945945945947,169.884,1.0,1597.0,2661.0
amazon,hgb_graph_features,0.5,0.4,random,1,0.09609167581344985,0.8021639344262297,162.804,1.0,1592.2,2653.2
amazon,hgb_graph_features,0.5,0.4,random,2,0.12665322715921423,0.7902732240437158,165.832,1.0,1576.8,2627.0
amazon,hgb_graph_features,0.5,0.4,random,3,0.05691498562971685,0.7967096774193548,157.57999999999998,1.0,1589.2,2648.0
amazon,hgb_graph_features,0.5,0.4,random,4,0.08403507942020924,0.7623043478260869,153.404,1.0,1597.2,2661.0
amazon,hgb_graph_features,0.5,0.4,random,5,0.08932039685022794,0.7643440860215053,156.352,1.0,1593.0,2654.4
amazon,hgb_graph_features,0.5,0.4,random,6,0.07979744923289361,0.7755744680851064,158.708,1.0,1579.8,2632.4
amazon,hgb_graph_features,0.5,0.4,random,7,0.08367251765939057,0.7880213903743316,161.036,1.0,1570.2,2616.4
amazon,hgb_graph_features,0.5,0.4,random,8,0.09999018756857214,0.7739675675675676,159.324,1.0,1582.8,2637.6
amazon,hgb_graph_features,0.5,0.4,random,9,0.07727960267507643,0.7903010752688172,159.948,1.0,1589.8,2648.8
amazon,hgb_graph_features,0.5,0.6,exposure,0,0.18195741538417376,0.8605405405405404,194.8,1.0,1064.8,2661.0
amazon,hgb_graph_features,0.5,0.6,exposure,1,0.15975307060572552,0.8502732240437159,185.8,1.0,1061.6,2653.2
amazon,hgb_graph_features,0.5,0.6,exposure,2,0.2601396389150236,0.839344262295082,208.8,1.0,1051.0,2627.0
amazon,hgb_graph_features,0.5,0.6,exposure,3,0.21400953387648944,0.8741935483870966,207.0,1.0,1059.6,2648.0
amazon,hgb_graph_features,0.5,0.6,exposure,4,0.16693320197411848,0.8010869565217392,177.6,1.0,1064.6,2661.0
amazon,hgb_graph_features,0.5,0.6,exposure,5,0.20996638083727454,0.8451612903225806,200.4,1.0,1062.0,2654.4
amazon,hgb_graph_features,0.5,0.6,exposure,6,0.1105396943412144,0.796808510638298,168.8,1.0,1053.4,2632.4
amazon,hgb_graph_features,0.5,0.6,exposure,7,0.15106247349498564,0.8299465240641712,183.2,1.0,1046.8,2616.4
amazon,hgb_graph_features,0.5,0.6,exposure,8,0.1790943892057161,0.8216216216216218,185.4,1.0,1055.2,2637.6
amazon,hgb_graph_features,0.5,0.6,exposure,9,0.12633163860209046,0.810752688172043,172.8,1.0,1060.0,2648.8
amazon,hgb_graph_features,0.5,0.6,random,0,0.1132876736943524,0.805254054054054,168.62,1.0,1064.8,2661.0
amazon,hgb_graph_features,0.5,0.6,random,1,0.09250946634751542,0.7966994535519126,161.108,1.0,1061.6,2653.2
amazon,hgb_graph_features,0.5,0.6,random,2,0.1219389019039141,0.785224043715847,164.04000000000002,1.0,1051.0,2627.0
amazon,hgb_graph_features,0.5,0.6,random,3,0.05767459163107391,0.7847956989247312,155.52,1.0,1059.6,2648.0
amazon,hgb_graph_features,0.5,0.6,random,4,0.08299431451301928,0.758108695652174,152.52,1.0,1064.6,2661.0
amazon,hgb_graph_features,0.5,0.6,random,5,0.08700596026376312,0.7569032258064515,154.548,1.0,1062.0,2654.4
amazon,hgb_graph_features,0.5,0.6,random,6,0.07889988996686667,0.7718936170212767,157.884,1.0,1053.4,2632.4
amazon,hgb_graph_features,0.5,0.6,random,7,0.08390484890665596,0.7853689839572192,160.628,1.0,1046.8,2616.4
amazon,hgb_graph_features,0.5,0.6,random,8,0.096744694452427,0.7618594594594594,156.504,1.0,1055.2,2637.6
amazon,hgb_graph_features,0.5,0.6,random,9,0.07619870023535938,0.7858709677419353,158.924,1.0,1060.0,2648.8
amazon,hgb_graph_features,0.5,0.8,exposure,0,0.2190440112048218,0.8724324324324325,210.2,1.0,532.6,2661.0
amazon,hgb_graph_features,0.5,0.8,exposure,1,0.12656814244330167,0.8163934426229508,172.6,1.0,530.8,2653.2
amazon,hgb_graph_features,0.5,0.8,exposure,2,0.24879839016507957,0.8437158469945356,208.2,1.0,525.8,2627.0
amazon,hgb_graph_features,0.5,0.8,exposure,3,0.20751062746100582,0.8741935483870968,205.2,1.0,530.0,2648.0
amazon,hgb_graph_features,0.5,0.8,exposure,4,0.1358634224376132,0.7934782608695652,169.6,1.0,532.6,2661.0
amazon,hgb_graph_features,0.5,0.8,exposure,5,0.1754648613616748,0.832258064516129,190.0,1.0,531.2,2654.4
amazon,hgb_graph_features,0.5,0.8,exposure,6,0.10196950348403407,0.7872340425531916,165.0,1.0,527.0,2632.4
amazon,hgb_graph_features,0.5,0.8,exposure,7,0.10503238745933971,0.8021390374331551,167.8,1.0,523.6,2616.4
amazon,hgb_graph_features,0.5,0.8,exposure,8,0.16638484591790725,0.8162162162162161,181.6,1.0,527.8,2637.6
amazon,hgb_graph_features,0.5,0.8,exposure,9,0.12495842596296385,0.8075268817204302,171.8,1.0,530.2,2648.8
amazon,hgb_graph_features,0.5,0.8,random,0,0.1042887660102713,0.7884972972972972,163.948,1.0,532.6,2661.0
amazon,hgb_graph_features,0.5,0.8,random,1,0.08811580707146478,0.7817049180327869,157.536,0.9960000000000001,530.8,2653.2
amazon,hgb_graph_features,0.5,0.8,random,2,0.11772616607988202,0.7652677595628414,160.068,0.9800000000000001,525.8,2627.0
amazon,hgb_graph_features,0.5,0.8,random,3,0.0579468830732512,0.7421290322580645,147.72,0.9640000000000001,530.0,2648.0
amazon,hgb_graph_features,0.5,0.8,random,4,0.08104896596861064,0.7328260869565218,147.624,0.984,532.6,2661.0
amazon,hgb_graph_features,0.5,0.8,random,5,0.08223413276559718,0.7249247311827957,147.748,1.0,531.2,2654.4
amazon,hgb_graph_features,0.5,0.8,random,6,0.0743387372633704,0.7457872340425533,152.348,0.9800000000000001,527.0,2632.4
amazon,hgb_graph_features,0.5,0.8,random,7,0.07963452619320296,0.7635294117647059,155.872,0.992,523.6,2616.4
amazon,hgb_graph_features,0.5,0.8,random,8,0.08791824570336017,0.7174918918918919,147.032,0.9879999999999999,527.8,2637.6
amazon,hgb_graph_features,0.5,0.8,random,9,0.0682895026704288,0.7490322580645161,150.68,0.9960000000000001,530.2,2648.8
amazon,hgb_graph_features,0.5,0.9,exposure,0,0.19125103547738298,0.854054054054054,200.6,1.0,266.6,2661.0
amazon,hgb_graph_features,0.5,0.9,exposure,1,0.084786490997527,0.6961748633879781,141.6,1.0,265.8,2653.2
amazon,hgb_graph_features,0.5,0.9,exposure,2,0.14959038741889072,0.7989071038251365,173.2,1.0,263.2,2627.0
amazon,hgb_graph_features,0.5,0.9,exposure,3,0.1745200451092804,0.8591397849462366,195.8,1.0,265.4,2648.0
amazon,hgb_graph_features,0.5,0.9,exposure,4,0.09073358092624395,0.7663043478260869,155.8,1.0,266.6,2661.0
amazon,hgb_graph_features,0.5,0.9,exposure,5,0.14027946833223137,0.8032258064516128,176.6,1.0,265.8,2654.4
amazon,hgb_graph_features,0.5,0.9,exposure,6,0.05555325586468529,0.7470425531914893,148.928,1.0,264.0,2632.4
amazon,hgb_graph_features,0.5,0.9,exposure,7,0.06481739599152285,0.7250267379679144,145.808,1.0,262.0,2616.4
amazon,hgb_graph_features,0.5,0.9,exposure,8,0.16913324563588822,0.8140540540540542,183.0,1.0,264.2,2637.6
amazon,hgb_graph_features,0.5,0.9,exposure,9,0.0944757844177602,0.7426666666666667,153.976,1.0,265.4,2648.8
amazon,hgb_graph_features,0.5,0.9,random,0,0.09069761258474049,0.7289297297297297,150.564,0.9640000000000001,266.6,2661.0
amazon,hgb_graph_features,0.5,0.9,random,1,0.08297471449906807,0.7161530054644809,144.832,0.9199999999999999,265.8,2653.2
amazon,hgb_graph_features,0.5,0.9,random,2,0.10019883121978304,0.6765901639344262,141.05599999999998,0.884,263.2,2627.0
amazon,hgb_graph_features,0.5,0.9,random,3,0.06030309490726844,0.6536989247311829,131.95999999999998,0.8560000000000001,265.4,2648.0
amazon,hgb_graph_features,0.5,0.9,random,4,0.0749561156609148,0.6376956521739131,129.41199999999998,0.868,266.6,2661.0
amazon,hgb_graph_features,0.5,0.9,random,5,0.07955594144413358,0.6598709677419354,135.596,0.924,265.8,2654.4
amazon,hgb_graph_features,0.5,0.9,random,6,0.06813233681011285,0.6408723404255319,131.932,0.86,264.0,2632.4
amazon,hgb_graph_features,0.5,0.9,random,7,0.06625441012091059,0.6007486631016044,123.47200000000001,0.796,262.0,2616.4
amazon,hgb_graph_features,0.5,0.9,random,8,0.07953476600683743,0.6448216216216216,132.408,0.944,264.2,2637.6
amazon,hgb_graph_features,0.5,0.9,random,9,0.058812313859903154,0.6381720430107527,128.56,0.892,265.4,2648.8
amazon,hgb_graph_features,0.5,0.97,exposure,0,0.07140624090006721,0.17465945945945943,52.4,0.188,80.4,2661.0
amazon,hgb_graph_features,0.5,0.97,exposure,1,0.025330916364641114,0.06933333333333333,19.104000000000003,0.076,80.2,2653.2
amazon,hgb_graph_features,0.5,0.97,exposure,2,0.025490589472977825,0.05927868852459016,17.396,0.068,79.4,2627.0
amazon,hgb_graph_features,0.5,0.97,exposure,3,0.06789143475731105,0.17533333333333334,50.768,0.192,79.6,2648.0
amazon,hgb_graph_features,0.5,0.97,exposure,4,0.0013913043478260868,0.0035869565217391307,1.012,0.004,80.2,2661.0
amazon,hgb_graph_features,0.5,0.97,exposure,5,0.0339813459938371,0.09174193548387095,25.944,0.1,80.2,2654.4
amazon,hgb_graph_features,0.5,0.97,exposure,6,0.0013754940711462453,0.0035319148936170212,1.012,0.004,79.4,2632.4
amazon,hgb_graph_features,0.5,0.97,exposure,7,0.0015671641791044778,0.003486631016042781,1.072,0.004,79.2,2616.4
amazon,hgb_graph_features,0.5,0.97,exposure,8,0.06022679028237288,0.14750270270270271,43.2,0.164,79.4,2637.6
amazon,hgb_graph_features,0.5,0.97,exposure,9,0.012199002252366687,0.028430107526881722,8.604000000000001,0.032,80.0,2648.8
amazon,hgb_graph_features,0.5,0.97,random,0,0.005392681514489708,0.01481081081081081,4.136,0.016,80.4,2661.0
amazon,hgb_graph_features,0.5,0.97,random,1,0.003992198207696363,0.010994535519125683,3.024,0.012,80.2,2653.2
amazon,hgb_graph_features,0.5,0.97,random,2,0.016142939169213465,0.03547540983606558,11.02,0.04,79.4,2627.0
amazon,hgb_graph_features,0.5,0.97,random,3,0.008297811784882208,0.021870967741935483,6.232,0.024,79.6,2648.0
amazon,hgb_graph_features,0.5,0.97,random,4,0.004534040322623131,0.010369565217391305,3.0679999999999996,0.012,80.2,2661.0
amazon,hgb_graph_features,0.5,0.97,random,5,0.00379772197516986,0.010774193548387096,2.932,0.012,80.2,2654.4
amazon,hgb_graph_features,0.5,0.97,random,6,0.0149448081256628,0.036,10.848,0.04,79.4,2632.4
amazon,hgb_graph_features,0.5,0.97,random,7,0.014170763641122654,0.03625668449197861,10.56,0.04,79.2,2616.4
amazon,hgb_graph_features,0.5,0.97,random,8,0.019791955376822244,0.04691891891891892,14.112,0.052000000000000005,79.4,2637.6
amazon,hgb_graph_features,0.5,0.97,random,9,0.012050269587556936,0.028236559139784945,8.443999999999999,0.032,80.0,2648.8
amazon,hgb_graph_features,1.0,0.0,exposure,0,0.11718015243634909,0.8248648648648649,173.2,1.0,5276.0,5276.0
amazon,hgb_graph_features,1.0,0.0,exposure,1,0.09676657749046509,0.8076502732240438,164.0,1.0,5283.0,5283.0
amazon,hgb_graph_features,1.0,0.0,exposure,2,0.12355775815401307,0.7879781420765027,164.6,1.0,5282.0,5282.0
amazon,hgb_graph_features,1.0,0.0,exposure,3,0.06966243951029986,0.8236559139784946,164.8,1.0,5272.0,5272.0
amazon,hgb_graph_features,1.0,0.0,exposure,4,0.07724528702780645,0.7630434782608695,152.2,1.0,5281.0,5281.0
amazon,hgb_graph_features,1.0,0.0,exposure,5,0.08889213102479046,0.7709677419354839,157.6,1.0,5275.0,5275.0
amazon,hgb_graph_features,1.0,0.0,exposure,6,0.06427941738753178,0.7680851063829788,154.4,1.0,5268.0,5268.0
amazon,hgb_graph_features,1.0,0.0,exposure,7,0.08755013699821677,0.7925133689839572,162.6,1.0,5270.0,5270.0
amazon,hgb_graph_features,1.0,0.0,exposure,8,0.1049651008474141,0.7837837837837838,162.0,1.0,5276.0,5276.0
amazon,hgb_graph_features,1.0,0.0,exposure,9,0.08473721042801122,0.8053763440860214,164.0,1.0,5272.0,5272.0
amazon,hgb_graph_features,1.0,0.0,random,0,0.11718015243634909,0.8248648648648649,173.2,1.0,5276.0,5276.0
amazon,hgb_graph_features,1.0,0.0,random,1,0.09676657749046509,0.8076502732240438,164.0,1.0,5283.0,5283.0
amazon,hgb_graph_features,1.0,0.0,random,2,0.12355775815401307,0.7879781420765027,164.6,1.0,5282.0,5282.0
amazon,hgb_graph_features,1.0,0.0,random,3,0.06966243951029986,0.8236559139784946,164.8,1.0,5272.0,5272.0
amazon,hgb_graph_features,1.0,0.0,random,4,0.07724528702780645,0.7630434782608695,152.2,1.0,5281.0,5281.0
amazon,hgb_graph_features,1.0,0.0,random,5,0.08889213102479046,0.7709677419354839,157.6,1.0,5275.0,5275.0
amazon,hgb_graph_features,1.0,0.0,random,6,0.06427941738753178,0.7680851063829788,154.4,1.0,5268.0,5268.0
amazon,hgb_graph_features,1.0,0.0,random,7,0.08755013699821677,0.7925133689839572,162.6,1.0,5270.0,5270.0
amazon,hgb_graph_features,1.0,0.0,random,8,0.1049651008474141,0.7837837837837838,162.0,1.0,5276.0,5276.0
amazon,hgb_graph_features,1.0,0.0,random,9,0.08473721042801122,0.8053763440860214,164.0,1.0,5272.0,5272.0
amazon,hgb_graph_features,1.0,0.05,exposure,0,0.13074976806821392,0.8291891891891892,176.8,1.0,5013.0,5276.0
amazon,hgb_graph_features,1.0,0.05,exposure,1,0.10049283550760708,0.8109289617486339,165.4,1.0,5019.0,5283.0
amazon,hgb_graph_features,1.0,0.05,exposure,2,0.1337708353216238,0.794535519125683,168.0,1.0,5018.0,5282.0
amazon,hgb_graph_features,1.0,0.05,exposure,3,0.09744115772669688,0.8333333333333334,171.8,1.0,5009.0,5272.0
amazon,hgb_graph_features,1.0,0.05,exposure,4,0.10365053836718005,0.775,159.2,1.0,5017.0,5281.0
amazon,hgb_graph_features,1.0,0.05,exposure,5,0.0888205426579001,0.7720430107526882,157.8,1.0,5012.0,5275.0
amazon,hgb_graph_features,1.0,0.05,exposure,6,0.07007926286303931,0.7734042553191489,156.4,1.0,5005.0,5268.0
amazon,hgb_graph_features,1.0,0.05,exposure,7,0.08921899289354304,0.7989304812834225,164.2,1.0,5007.0,5270.0
amazon,hgb_graph_features,1.0,0.05,exposure,8,0.11398143194464105,0.7891891891891891,164.8,1.0,5013.0,5276.0
amazon,hgb_graph_features,1.0,0.05,exposure,9,0.095128718743001,0.8064516129032258,166.0,1.0,5009.0,5272.0
amazon,hgb_graph_features,1.0,0.05,random,0,0.1167628769766345,0.8230702702702702,172.732,1.0,5013.0,5276.0
amazon,hgb_graph_features,1.0,0.05,random,1,0.09528733086646549,0.8050273224043716,163.212,1.0,5019.0,5283.0
amazon,hgb_graph_features,1.0,0.05,random,2,0.12381740025099433,0.7899890710382513,165.092,1.0,5018.0,5282.0
amazon,hgb_graph_features,1.0,0.05,random,3,0.06602113565273171,0.8205376344086022,163.612,1.0,5009.0,5272.0
amazon,hgb_graph_features,1.0,0.05,random,4,0.07869495970996898,0.763586956521739,152.548,1.0,5017.0,5281.0
amazon,hgb_graph_features,1.0,0.05,random,5,0.0882564644730708,0.7693118279569893,157.144,1.0,5012.0,5275.0
amazon,hgb_graph_features,1.0,0.05,random,6,0.06530243488630696,0.7683617021276596,154.612,1.0,5005.0,5268.0
amazon,hgb_graph_features,1.0,0.05,random,7,0.08792167164056618,0.7935401069518717,162.876,1.0,5007.0,5270.0
amazon,hgb_graph_features,1.0,0.05,random,8,0.10470175174121213,0.7835027027027026,161.892,1.0,5013.0,5276.0
amazon,hgb_graph_features,1.0,0.05,random,9,0.08491732029911123,0.8047311827956989,163.916,1.0,5009.0,5272.0
amazon,hgb_graph_features,1.0,0.1,exposure,0,0.15513374779889907,0.8389189189189189,183.8,1.0,4749.0,5276.0
amazon,hgb_graph_features,1.0,0.1,exposure,1,0.11700856516930477,0.8284153005464481,172.0,1.0,4755.0,5283.0
amazon,hgb_graph_features,1.0,0.1,exposure,2,0.1462492761485787,0.8109289617486338,174.0,1.0,4754.0,5282.0
amazon,hgb_graph_features,1.0,0.1,exposure,3,0.12481681440728098,0.8494623655913978,180.6,1.0,4745.0,5272.0
amazon,hgb_graph_features,1.0,0.1,exposure,4,0.13423822230948482,0.7984565217391305,169.908,1.0,4753.0,5281.0
amazon,hgb_graph_features,1.0,0.1,exposure,5,0.10944591545482787,0.7924731182795699,165.8,1.0,4748.0,5275.0
amazon,hgb_graph_features,1.0,0.1,exposure,6,0.08948190826782115,0.7861702127659574,162.4,1.0,4742.0,5268.0
amazon,hgb_graph_features,1.0,0.1,exposure,7,0.1006985008839266,0.8053475935828878,167.6,1.0,4743.0,5270.0
amazon,hgb_graph_features,1.0,0.1,exposure,8,0.12214633390567156,0.7935135135135135,167.2,1.0,4749.0,5276.0
amazon,hgb_graph_features,1.0,0.1,exposure,9,0.12638080945091232,0.8064516129032258,171.8,1.0,4745.0,5272.0
amazon,hgb_graph_features,1.0,0.1,random,0,0.1169690530427441,0.8220324324324324,172.552,1.0,4749.0,5276.0
amazon,hgb_graph_features,1.0,0.1,random,1,0.09514159831523436,0.8043060109289618,163.044,1.0,4755.0,5283.0
amazon,hgb_graph_features,1.0,0.1,random,2,0.12537313478252007,0.7904699453551912,165.496,1.0,4754.0,5282.0
amazon,hgb_graph_features,1.0,0.1,random,3,0.06611538956850067,0.8203440860215053,163.584,1.0,4745.0,5272.0
amazon,hgb_graph_features,1.0,0.1,random,4,0.0791996195869652,0.7633913043478261,152.596,1.0,4753.0,5281.0
amazon,hgb_graph_features,1.0,0.1,random,5,0.08824894915352845,0.7691397849462365,157.10399999999998,1.0,4748.0,5275.0
amazon,hgb_graph_features,1.0,0.1,random,6,0.0653969646405341,0.768340425531915,154.624,1.0,4742.0,5268.0
amazon,hgb_graph_features,1.0,0.1,random,7,0.08712190327899644,0.7937540106951871,162.78,1.0,4743.0,5270.0
amazon,hgb_graph_features,1.0,0.1,random,8,0.10447666188884344,0.7835027027027027,161.856,1.0,4749.0,5276.0
amazon,hgb_graph_features,1.0,0.1,random,9,0.08510059189494915,0.8045591397849462,163.9,1.0,4745.0,5272.0
amazon,hgb_graph_features,1.0,0.2,exposure,0,0.17492074846817793,0.854054054054054,191.6,1.0,4221.0,5276.0
amazon,hgb_graph_features,1.0,0.2,exposure,1,0.14599064693785344,0.839344262295082,180.26,1.0,4227.0,5283.0
amazon,hgb_graph_features,1.0,0.2,exposure,2,0.1819615233960294,0.8251366120218581,184.8,1.0,4226.0,5282.0
amazon,hgb_graph_features,1.0,0.2,exposure,3,0.17108102384960033,0.8677419354838708,195.0,1.0,4218.0,5272.0
amazon,hgb_graph_features,1.0,0.2,exposure,4,0.1530579685293167,0.8065217391304348,175.4,1.0,4225.0,5281.0
amazon,hgb_graph_features,1.0,0.2,exposure,5,0.17645787466334323,0.829032258064516,187.4,1.0,4220.0,5275.0
amazon,hgb_graph_features,1.0,0.2,exposure,6,0.11226042190158661,0.795744680851064,168.6,1.0,4215.0,5268.0
amazon,hgb_graph_features,1.0,0.2,exposure,7,0.1278803010612805,0.8233582887700536,176.73600000000002,1.0,4216.0,5270.0
amazon,hgb_graph_features,1.0,0.2,exposure,8,0.15230677571318987,0.8032432432432433,175.4,1.0,4221.0,5276.0
amazon,hgb_graph_features,1.0,0.2,exposure,9,0.13883495780753896,0.810752688172043,175.2,1.0,4218.0,5272.0
amazon,hgb_graph_features,1.0,0.2,random,0,0.11639016508179581,0.8209945945945947,172.228,1.0,4221.0,5276.0
amazon,hgb_graph_features,1.0,0.2,random,1,0.09519038078684523,0.8024918032786885,162.692,1.0,4227.0,5283.0
amazon,hgb_graph_features,1.0,0.2,random,2,0.12472790353747065,0.7900546448087431,165.308,1.0,4226.0,5282.0
amazon,hgb_graph_features,1.0,0.2,random,3,0.0651381108918693,0.8188602150537635,163.144,1.0,4218.0,5272.0
amazon,hgb_graph_features,1.0,0.2,random,4,0.07981619842011164,0.7639347826086957,152.82,1.0,4225.0,5281.0
amazon,hgb_graph_features,1.0,0.2,random,5,0.08862436378044573,0.7690752688172042,157.144,1.0,4220.0,5275.0
amazon,hgb_graph_features,1.0,0.2,random,6,0.06588850003541469,0.7688510638297872,154.81199999999998,1.0,4215.0,5268.0
amazon,hgb_graph_features,1.0,0.2,random,7,0.08708321809845213,0.7932192513368983,162.672,1.0,4216.0,5270.0
amazon,hgb_graph_features,1.0,0.2,random,8,0.1023799364222554,0.7833297297297298,161.45999999999998,1.0,4221.0,5276.0
amazon,hgb_graph_features,1.0,0.2,random,9,0.08480727647194017,0.8041290322580645,163.756,1.0,4218.0,5272.0
amazon,hgb_graph_features,1.0,0.4,exposure,0,0.19165626780426012,0.8627027027027028,197.6,1.0,3166.0,5276.0
amazon,hgb_graph_features,1.0,0.4,exposure,1,0.1675843719714633,0.8568306010928962,188.8,1.0,3170.0,5283.0
amazon,hgb_graph_features,1.0,0.4,exposure,2,0.25466442919726917,0.8371584699453554,206.6,1.0,3170.0,5282.0
amazon,hgb_graph_features,1.0,0.4,exposure,3,0.20150119339448752,0.8741935483870966,203.8,1.0,3164.0,5272.0
amazon,hgb_graph_features,1.0,0.4,exposure,4,0.17154037676267714,0.8119565217391305,180.6,1.0,3169.0,5281.0
amazon,hgb_graph_features,1.0,0.4,exposure,5,0.20653234771603862,0.8688172043010752,203.8,1.0,3165.0,5275.0
amazon,hgb_graph_features,1.0,0.4,exposure,6,0.12655924957693565,0.8047659574468085,173.34,1.0,3161.0,5268.0
amazon,hgb_graph_features,1.0,0.4,exposure,7,0.15677860280459477,0.8327272727272728,184.95999999999998,1.0,3162.0,5270.0
amazon,hgb_graph_features,1.0,0.4,exposure,8,0.17143636925668249,0.8194594594594596,183.0,1.0,3166.0,5276.0
amazon,hgb_graph_features,1.0,0.4,exposure,9,0.15292993559010434,0.813978494623656,178.88,1.0,3164.0,5272.0
amazon,hgb_graph_features,1.0,0.4,random,0,0.11771986824494655,0.8184432432432432,171.95999999999998,1.0,3166.0,5276.0
amazon,hgb_graph_features,1.0,0.4,random,1,0.09455121665285267,0.8008743169398909,162.24,1.0,3170.0,5283.0
amazon,hgb_graph_features,1.0,0.4,random,2,0.12273328280032766,0.7898579234972678,164.932,1.0,3170.0,5282.0
amazon,hgb_graph_features,1.0,0.4,random,3,0.06501965401130366,0.8159139784946235,162.58800000000002,1.0,3164.0,5272.0
amazon,hgb_graph_features,1.0,0.4,random,4,0.07984296235819563,0.762891304347826,152.652,1.0,3169.0,5281.0
amazon,hgb_graph_features,1.0,0.4,random,5,0.08838746465039428,0.7674838709677418,156.796,1.0,3165.0,5275.0
amazon,hgb_graph_features,1.0,0.4,random,6,0.06612452355056198,0.7688936170212767,154.888,1.0,3161.0,5268.0
amazon,hgb_graph_features,1.0,0.4,random,7,0.08594062310917297,0.7914010695187166,162.08800000000002,1.0,3162.0,5270.0
amazon,hgb_graph_features,1.0,0.4,random,8,0.10148940888937577,0.7816000000000001,161.0,1.0,3166.0,5276.0
amazon,hgb_graph_features,1.0,0.4,random,9,0.084806613656105,0.8026236559139784,163.472,1.0,3164.0,5272.0
amazon,hgb_graph_features,1.0,0.6,exposure,0,0.19528796268606785,0.8648648648648649,199.0,1.0,2111.0,5276.0
amazon,hgb_graph_features,1.0,0.6,exposure,1,0.18502358029373242,0.862295081967213,194.2,1.0,2114.0,5283.0
amazon,hgb_graph_features,1.0,0.6,exposure,2,0.30591095412523983,0.8601092896174863,227.2,1.0,2113.0,5282.0
amazon,hgb_graph_features,1.0,0.6,exposure,3,0.21514453203054754,0.8774193548387096,208.4,1.0,2109.0,5272.0
amazon,hgb_graph_features,1.0,0.6,exposure,4,0.16296412417525347,0.8054347826086957,177.4,1.0,2113.0,5281.0
amazon,hgb_graph_features,1.0,0.6,exposure,5,0.22083206369138347,0.8731182795698924,208.82799999999997,1.0,2110.0,5275.0
amazon,hgb_graph_features,1.0,0.6,exposure,6,0.15294573655637536,0.8138297872340425,180.6,1.0,2108.0,5268.0
amazon,hgb_graph_features,1.0,0.6,exposure,7,0.16083382097124396,0.8352941176470589,186.4,1.0,2108.0,5270.0
amazon,hgb_graph_features,1.0,0.6,exposure,8,0.18309174179284776,0.8291891891891894,188.2,1.0,2111.0,5276.0
amazon,hgb_graph_features,1.0,0.6,exposure,9,0.17420562288806343,0.8161290322580645,184.0,1.0,2109.0,5272.0
amazon,hgb_graph_features,1.0,0.6,random,0,0.11665014714955997,0.816172972972973,171.356,1.0,2111.0,5276.0
amazon,hgb_graph_features,1.0,0.6,random,1,0.09275772500315631,0.7988196721311475,161.516,1.0,2114.0,5283.0
amazon,hgb_graph_features,1.0,0.6,random,2,0.11974681551762885,0.7869945355191257,163.836,1.0,2113.0,5282.0
amazon,hgb_graph_features,1.0,0.6,random,3,0.06419968566866438,0.8096989247311829,161.28799999999998,1.0,2109.0,5272.0
amazon,hgb_graph_features,1.0,0.6,random,4,0.08012725080629976,0.7632173913043478,152.848,1.0,2113.0,5281.0
amazon,hgb_graph_features,1.0,0.6,random,5,0.08756767852025207,0.7643655913978494,156.096,1.0,2110.0,5275.0
amazon,hgb_graph_features,1.0,0.6,random,6,0.06551456546295584,0.7668936170212766,154.416,1.0,2108.0,5268.0
amazon,hgb_graph_features,1.0,0.6,random,7,0.08633559880314698,0.789711229946524,161.844,1.0,2108.0,5270.0
amazon,hgb_graph_features,1.0,0.6,random,8,0.09947017816531997,0.7753729729729729,159.496,1.0,2111.0,5276.0
amazon,hgb_graph_features,1.0,0.6,random,9,0.08374526982743061,0.7987311827956989,162.576,1.0,2109.0,5272.0
amazon,hgb_graph_features,1.0,0.8,exposure,0,0.1932691044765348,0.8627027027027026,198.0,1.0,1056.0,5276.0
amazon,hgb_graph_features,1.0,0.8,exposure,1,0.18673823762973343,0.8649180327868852,195.4,1.0,1057.0,5283.0
amazon,hgb_graph_features,1.0,0.8,exposure,2,0.30376650793228843,0.8612021857923496,226.6,1.0,1057.0,5282.0
amazon,hgb_graph_features,1.0,0.8,exposure,3,0.2532789475247651,0.8849462365591396,220.8,1.0,1055.0,5272.0
amazon,hgb_graph_features,1.0,0.8,exposure,4,0.1397863680499281,0.8021739130434783,171.808,1.0,1057.0,5281.0
amazon,hgb_graph_features,1.0,0.8,exposure,5,0.21377626616716738,0.864516129032258,205.4,1.0,1055.0,5275.0
amazon,hgb_graph_features,1.0,0.8,exposure,6,0.13226857410174922,0.8063829787234044,174.8,1.0,1054.0,5268.0
amazon,hgb_graph_features,1.0,0.8,exposure,7,0.1505870980497846,0.8299465240641712,183.0,1.0,1054.0,5270.0
amazon,hgb_graph_features,1.0,0.8,exposure,8,0.18326132404941087,0.8237837837837839,186.8,1.0,1056.0,5276.0
amazon,hgb_graph_features,1.0,0.8,exposure,9,0.17713890656202608,0.8172043010752688,184.8,1.0,1055.0,5272.0
amazon,hgb_graph_features,1.0,0.8,random,0,0.11387233152388013,0.8089513513513513,169.572,1.0,1056.0,5276.0
amazon,hgb_graph_features,1.0,0.8,random,1,0.09186869951695951,0.795672131147541,160.816,1.0,1057.0,5283.0
amazon,hgb_graph_features,1.0,0.8,random,2,0.11275999462615933,0.7812896174863388,161.648,1.0,1057.0,5282.0
amazon,hgb_graph_features,1.0,0.8,random,3,0.06598187641601114,0.7961720430107527,159.196,1.0,1055.0,5272.0
amazon,hgb_graph_features,1.0,0.8,random,4,0.07913346045759997,0.7606304347826087,152.408,1.0,1057.0,5281.0
amazon,hgb_graph_features,1.0,0.8,random,5,0.08672546338114137,0.7516344086021506,153.624,1.0,1055.0,5275.0
amazon,hgb_graph_features,1.0,0.8,random,6,0.06920076187147114,0.7606382978723405,154.012,1.0,1054.0,5268.0
amazon,hgb_graph_features,1.0,0.8,random,7,0.0868474846782887,0.7876791443850267,161.636,1.0,1054.0,5270.0
amazon,hgb_graph_features,1.0,0.8,random,8,0.09814799430876281,0.7652108108108109,157.5,1.0,1056.0,5276.0
amazon,hgb_graph_features,1.0,0.8,random,9,0.08063539410586776,0.7887096774193548,160.184,1.0,1055.0,5272.0
amazon,hgb_graph_features,1.0,0.9,exposure,0,0.23947365192620573,0.8810810810810811,215.6,1.0,528.0,5276.0
amazon,hgb_graph_features,1.0,0.9,exposure,1,0.19778823281061944,0.8655737704918032,198.0,1.0,529.0,5283.0
amazon,hgb_graph_features,1.0,0.9,exposure,2,0.30401287642362484,0.8601092896174863,227.2,1.0,529.0,5282.0
amazon,hgb_graph_features,1.0,0.9,exposure,3,0.24931166067161956,0.8838709677419354,219.4,1.0,528.0,5272.0
amazon,hgb_graph_features,1.0,0.9,exposure,4,0.08975616116966327,0.7684782608695652,155.4,1.0,529.0,5281.0
amazon,hgb_graph_features,1.0,0.9,exposure,5,0.18497402494283405,0.8516129032258064,194.6,1.0,528.0,5275.0
amazon,hgb_graph_features,1.0,0.9,exposure,6,0.09921540381817211,0.7872340425531916,164.6,1.0,527.0,5268.0
amazon,hgb_graph_features,1.0,0.9,exposure,7,0.13751929674581606,0.8224598930481284,178.4,1.0,527.0,5270.0
amazon,hgb_graph_features,1.0,0.9,exposure,8,0.21015643787043073,0.8486486486486486,200.0,1.0,528.0,5276.0
amazon,hgb_graph_features,1.0,0.9,exposure,9,0.19667879016206005,0.829032258064516,192.2,1.0,528.0,5272.0
amazon,hgb_graph_features,1.0,0.9,random,0,0.10806580621724415,0.7934486486486486,165.756,0.9960000000000001,528.0,5276.0
amazon,hgb_graph_features,1.0,0.9,random,1,0.08772387484983638,0.7751256830601092,156.284,0.9879999999999999,529.0,5283.0
amazon,hgb_graph_features,1.0,0.9,random,2,0.10589075663724742,0.7612240437158471,156.952,0.992,529.0,5282.0
amazon,hgb_graph_features,1.0,0.9,random,3,0.06281840286174631,0.760752688172043,152.124,0.9879999999999999,528.0,5272.0
amazon,hgb_graph_features,1.0,0.9,random,4,0.07557642227410184,0.734804347826087,147.08800000000002,0.992,529.0,5281.0
amazon,hgb_graph_features,1.0,0.9,random,5,0.08211424796501336,0.7190537634408602,146.808,0.9960000000000001,528.0,5275.0
amazon,hgb_graph_features,1.0,0.9,random,6,0.06784671360732285,0.7316808510638297,148.496,0.984,527.0,5268.0
amazon,hgb_graph_features,1.0,0.9,random,7,0.07992579460249119,0.7650267379679145,156.208,0.9960000000000001,527.0,5270.0
amazon,hgb_graph_features,1.0,0.9,random,8,0.09335161652115023,0.7313945945945945,150.568,0.984,528.0,5276.0
amazon,hgb_graph_features,1.0,0.9,random,9,0.07762439761472877,0.763483870967742,155.02,0.9960000000000001,528.0,5272.0
amazon,hgb_graph_features,1.0,0.97,exposure,0,0.2269662034903372,0.8756108108108108,211.164,1.0,159.0,5276.0
amazon,hgb_graph_features,1.0,0.97,exposure,1,0.11650456751893024,0.7097486338797815,150.872,0.8480000000000001,159.0,5283.0
amazon,hgb_graph_features,1.0,0.97,exposure,2,0.20969903546779295,0.8165464480874316,193.456,1.0,159.0,5282.0
amazon,hgb_graph_features,1.0,0.97,exposure,3,0.2403707248687807,0.878774193548387,221.26799999999997,1.0,159.0,5272.0
amazon,hgb_graph_features,1.0,0.97,exposure,4,0.056192746257905005,0.7333043478260869,143.368,1.0,159.0,5281.0
amazon,hgb_graph_features,1.0,0.97,exposure,5,0.07606811160247615,0.506494623655914,108.256,0.664,159.0,5275.0
amazon,hgb_graph_features,1.0,0.97,exposure,6,0.06843260626890504,0.7595106382978724,153.792,1.0,159.0,5268.0
amazon,hgb_graph_features,1.0,0.97,exposure,7,0.07312683382144122,0.7664385026737968,155.13600000000002,1.0,159.0,5270.0
amazon,hgb_graph_features,1.0,0.97,exposure,8,0.24028379014493667,0.8574486486486487,210.8,1.0,159.0,5276.0
amazon,hgb_graph_features,1.0,0.97,exposure,9,0.12907661992650243,0.812,174.712,1.0,159.0,5272.0
amazon,hgb_graph_features,1.0,0.97,random,0,0.08251154254670802,0.6343135135135135,132.288,0.8039999999999999,159.0,5276.0
amazon,hgb_graph_features,1.0,0.97,random,1,0.06632561636445067,0.6043497267759562,121.7,0.776,159.0,5283.0
amazon,hgb_graph_features,1.0,0.97,random,2,0.07594085892515848,0.5666010928961749,116.63199999999999,0.744,159.0,5282.0
amazon,hgb_graph_features,1.0,0.97,random,3,0.049395043599843015,0.5468602150537635,110.09200000000001,0.696,159.0,5272.0
amazon,hgb_graph_features,1.0,0.97,random,4,0.061533937381056544,0.5292826086956521,107.644,0.696,159.0,5281.0
amazon,hgb_graph_features,1.0,0.97,random,5,0.06922823996078735,0.5183010752688173,108.45599999999999,0.6799999999999999,159.0,5275.0
amazon,hgb_graph_features,1.0,0.97,random,6,0.051960847742824154,0.602,121.58800000000001,0.808,159.0,5268.0
amazon,hgb_graph_features,1.0,0.97,random,7,0.06314448134633158,0.5898395721925134,121.21199999999999,0.76,159.0,5270.0
amazon,hgb_graph_features,1.0,0.97,random,8,0.06850502490294759,0.5093405405405405,105.768,0.6719999999999999,159.0,5276.0
amazon,hgb_graph_features,1.0,0.97,random,9,0.06046654506592364,0.5350537634408601,110.304,0.7,159.0,5272.0
tolokers,hgb_attributes,0.25,0.0,exposure,0,0.0,0.0,0.0,0.0,1526.0,1526.0
tolokers,hgb_attributes,0.25,0.0,exposure,1,0.0,0.0,0.0,0.0,1557.0,1557.0
tolokers,hgb_attributes,0.25,0.0,exposure,2,0.0,0.0,0.0,0.0,1546.0,1546.0
tolokers,hgb_attributes,0.25,0.0,exposure,3,0.0,0.0,0.0,0.0,1515.2,1515.2
tolokers,hgb_attributes,0.25,0.0,exposure,4,0.0,0.0,0.0,0.0,1567.4,1567.4
tolokers,hgb_attributes,0.25,0.0,exposure,5,0.0,0.0,0.0,0.0,1542.2,1542.2
tolokers,hgb_attributes,0.25,0.0,exposure,6,0.0,0.0,0.0,0.0,1562.6,1562.6
tolokers,hgb_attributes,0.25,0.0,exposure,7,0.0,0.0,0.0,0.0,1563.0,1563.0
tolokers,hgb_attributes,0.25,0.0,exposure,8,0.09411764705882351,0.0031088082901554407,3.4,0.2,1550.4,1550.4
tolokers,hgb_attributes,0.25,0.0,exposure,9,0.0,0.0,0.0,0.0,1567.0,1567.0
tolokers,hgb_attributes,0.25,0.0,random,0,0.0,0.0,0.0,0.0,1526.0,1526.0
tolokers,hgb_attributes,0.25,0.0,random,1,0.0,0.0,0.0,0.0,1557.0,1557.0
tolokers,hgb_attributes,0.25,0.0,random,2,0.0,0.0,0.0,0.0,1546.0,1546.0
tolokers,hgb_attributes,0.25,0.0,random,3,0.0,0.0,0.0,0.0,1515.2,1515.2
tolokers,hgb_attributes,0.25,0.0,random,4,0.0,0.0,0.0,0.0,1567.4,1567.4
tolokers,hgb_attributes,0.25,0.0,random,5,0.0,0.0,0.0,0.0,1542.2,1542.2
tolokers,hgb_attributes,0.25,0.0,random,6,0.0,0.0,0.0,0.0,1562.6,1562.6
tolokers,hgb_attributes,0.25,0.0,random,7,0.0,0.0,0.0,0.0,1563.0,1563.0
tolokers,hgb_attributes,0.25,0.0,random,8,0.09411764705882351,0.0031088082901554407,3.4,0.2,1550.4,1550.4
tolokers,hgb_attributes,0.25,0.0,random,9,0.0,0.0,0.0,0.0,1567.0,1567.0
tolokers,hgb_attributes,0.25,0.05,exposure,0,0.0,0.0,0.0,0.0,1450.0,1526.0
tolokers,hgb_attributes,0.25,0.05,exposure,1,0.0,0.0,0.0,0.0,1479.6,1557.0
tolokers,hgb_attributes,0.25,0.05,exposure,2,0.0,0.0,0.0,0.0,1469.4,1546.0
tolokers,hgb_attributes,0.25,0.05,exposure,3,0.0,0.0,0.0,0.0,1439.8,1515.2
tolokers,hgb_attributes,0.25,0.05,exposure,4,0.0,0.0,0.0,0.0,1489.4,1567.4
tolokers,hgb_attributes,0.25,0.05,exposure,5,0.0,0.0,0.0,0.0,1465.6,1542.2
tolokers,hgb_attributes,0.25,0.05,exposure,6,0.0,0.0,0.0,0.0,1485.0,1562.6
tolokers,hgb_attributes,0.25,0.05,exposure,7,0.0,0.0,0.0,0.0,1485.2,1563.0
tolokers,hgb_attributes,0.25,0.05,exposure,8,0.0,0.0,0.0,0.0,1473.4,1550.4
tolokers,hgb_attributes,0.25,0.05,exposure,9,0.0,0.0,0.0,0.0,1489.2,1567.0
tolokers,hgb_attributes,0.25,0.05,random,0,0.0,0.0,0.0,0.0,1450.0,1526.0
tolokers,hgb_attributes,0.25,0.05,random,1,0.0,0.0,0.0,0.0,1479.6,1557.0
tolokers,hgb_attributes,0.25,0.05,random,2,0.0,0.0,0.0,0.0,1469.4,1546.0
tolokers,hgb_attributes,0.25,0.05,random,3,0.0,0.0,0.0,0.0,1439.8,1515.2
tolokers,hgb_attributes,0.25,0.05,random,4,0.0,0.0,0.0,0.0,1489.4,1567.4
tolokers,hgb_attributes,0.25,0.05,random,5,0.0,0.0,0.0,0.0,1465.6,1542.2
tolokers,hgb_attributes,0.25,0.05,random,6,0.0,0.0,0.0,0.0,1485.0,1562.6
tolokers,hgb_attributes,0.25,0.05,random,7,0.0,0.0,0.0,0.0,1485.2,1563.0
tolokers,hgb_attributes,0.25,0.05,random,8,0.0,0.0,0.0,0.0,1473.4,1550.4
tolokers,hgb_attributes,0.25,0.05,random,9,0.0,0.0,0.0,0.0,1489.2,1567.0
tolokers,hgb_attributes,0.25,0.1,exposure,0,0.0,0.0,0.0,0.0,1374.0,1526.0
tolokers,hgb_attributes,0.25,0.1,exposure,1,0.0,0.0,0.0,0.0,1401.8,1557.0
tolokers,hgb_attributes,0.25,0.1,exposure,2,0.0,0.0,0.0,0.0,1392.0,1546.0
tolokers,hgb_attributes,0.25,0.1,exposure,3,0.0,0.0,0.0,0.0,1364.0,1515.2
tolokers,hgb_attributes,0.25,0.1,exposure,4,0.0,0.0,0.0,0.0,1410.8,1567.4
tolokers,hgb_attributes,0.25,0.1,exposure,5,0.0,0.0,0.0,0.0,1388.6,1542.2
tolokers,hgb_attributes,0.25,0.1,exposure,6,0.0,0.0,0.0,0.0,1406.8,1562.6
tolokers,hgb_attributes,0.25,0.1,exposure,7,0.0,0.0,0.0,0.0,1407.0,1563.0
tolokers,hgb_attributes,0.25,0.1,exposure,8,0.09473684210526315,0.0034542314335060447,3.8,0.2,1396.0,1550.4
tolokers,hgb_attributes,0.25,0.1,exposure,9,0.0,0.0,0.0,0.0,1410.8,1567.0
tolokers,hgb_attributes,0.25,0.1,random,0,0.0,0.0,0.0,0.0,1374.0,1526.0
tolokers,hgb_attributes,0.25,0.1,random,1,0.0,0.0,0.0,0.0,1401.8,1557.0
tolokers,hgb_attributes,0.25,0.1,random,2,0.0,0.0,0.0,0.0,1392.0,1546.0
tolokers,hgb_attributes,0.25,0.1,random,3,0.0,0.0,0.0,0.0,1364.0,1515.2
tolokers,hgb_attributes,0.25,0.1,random,4,0.0,0.0,0.0,0.0,1410.8,1567.4
tolokers,hgb_attributes,0.25,0.1,random,5,0.0,0.0,0.0,0.0,1388.6,1542.2
tolokers,hgb_attributes,0.25,0.1,random,6,0.0,0.0,0.0,0.0,1406.8,1562.6
tolokers,hgb_attributes,0.25,0.1,random,7,0.0,0.0,0.0,0.0,1407.0,1563.0
tolokers,hgb_attributes,0.25,0.1,random,8,0.0037894736842105257,0.00013816925734024178,0.152,0.008,1396.0,1550.4
tolokers,hgb_attributes,0.25,0.1,random,9,0.0,0.0,0.0,0.0,1410.8,1567.0
tolokers,hgb_attributes,0.25,0.2,exposure,0,0.0,0.0,0.0,0.0,1221.2,1526.0
tolokers,hgb_attributes,0.25,0.2,exposure,1,0.0,0.0,0.0,0.0,1246.0,1557.0
tolokers,hgb_attributes,0.25,0.2,exposure,2,0.0,0.0,0.0,0.0,1237.2,1546.0
tolokers,hgb_attributes,0.25,0.2,exposure,3,0.0,0.0,0.0,0.0,1212.4,1515.2
tolokers,hgb_attributes,0.25,0.2,exposure,4,0.0,0.0,0.0,0.0,1254.2,1567.4
tolokers,hgb_attributes,0.25,0.2,exposure,5,0.0,0.0,0.0,0.0,1234.2,1542.2
tolokers,hgb_attributes,0.25,0.2,exposure,6,0.0,0.0,0.0,0.0,1250.6,1562.6
tolokers,hgb_attributes,0.25,0.2,exposure,7,0.0,0.0,0.0,0.0,1250.8,1563.0
tolokers,hgb_attributes,0.25,0.2,exposure,8,0.0,0.0,0.0,0.0,1240.6,1550.4
tolokers,hgb_attributes,0.25,0.2,exposure,9,0.0,0.0,0.0,0.0,1254.0,1567.0
tolokers,hgb_attributes,0.25,0.2,random,0,0.0,0.0,0.0,0.0,1221.2,1526.0
tolokers,hgb_attributes,0.25,0.2,random,1,0.0,0.0,0.0,0.0,1246.0,1557.0
tolokers,hgb_attributes,0.25,0.2,random,2,0.0,0.0,0.0,0.0,1237.2,1546.0
tolokers,hgb_attributes,0.25,0.2,random,3,0.0,0.0,0.0,0.0,1212.4,1515.2
tolokers,hgb_attributes,0.25,0.2,random,4,0.0,0.0,0.0,0.0,1254.2,1567.4
tolokers,hgb_attributes,0.25,0.2,random,5,0.0,0.0,0.0,0.0,1234.2,1542.2
tolokers,hgb_attributes,0.25,0.2,random,6,0.002857142857142857,5.545927209705372e-05,0.11200000000000002,0.004,1250.6,1562.6
tolokers,hgb_attributes,0.25,0.2,random,7,0.0,0.0,0.0,0.0,1250.8,1563.0
tolokers,hgb_attributes,0.25,0.2,random,8,0.0057599999999999995,0.0002694300518134715,0.3,0.012,1240.6,1550.4
tolokers,hgb_attributes,0.25,0.2,random,9,0.0,0.0,0.0,0.0,1254.0,1567.0
tolokers,hgb_attributes,0.25,0.4,exposure,0,0.0,0.0,0.0,0.0,916.0,1526.0
tolokers,hgb_attributes,0.25,0.4,exposure,1,0.0,0.0,0.0,0.0,934.8,1557.0
tolokers,hgb_attributes,0.25,0.4,exposure,2,0.0,0.0,0.0,0.0,928.0,1546.0
tolokers,hgb_attributes,0.25,0.4,exposure,3,0.0,0.0,0.0,0.0,909.4,1515.2
tolokers,hgb_attributes,0.25,0.4,exposure,4,0.0,0.0,0.0,0.0,940.8,1567.4
tolokers,hgb_attributes,0.25,0.4,exposure,5,0.0,0.0,0.0,0.0,925.8,1542.2
tolokers,hgb_attributes,0.25,0.4,exposure,6,0.0,0.0,0.0,0.0,938.0,1562.6
tolokers,hgb_attributes,0.25,0.4,exposure,7,0.0,0.0,0.0,0.0,938.4,1563.0
tolokers,hgb_attributes,0.25,0.4,exposure,8,0.0,0.0,0.0,0.0,930.8,1550.4
tolokers,hgb_attributes,0.25,0.4,exposure,9,0.0,0.0,0.0,0.0,940.8,1567.0
tolokers,hgb_attributes,0.25,0.4,random,0,0.0,0.0,0.0,0.0,916.0,1526.0
tolokers,hgb_attributes,0.25,0.4,random,1,0.002709677419354839,6.908462867012089e-05,0.124,0.004,934.8,1557.0
tolokers,hgb_attributes,0.25,0.4,random,2,0.0,0.0,0.0,0.0,928.0,1546.0
tolokers,hgb_attributes,0.25,0.4,random,3,0.0,0.0,0.0,0.0,909.4,1515.2
tolokers,hgb_attributes,0.25,0.4,random,4,0.0,0.0,0.0,0.0,940.8,1567.4
tolokers,hgb_attributes,0.25,0.4,random,5,0.0,0.0,0.0,0.0,925.8,1542.2
tolokers,hgb_attributes,0.25,0.4,random,6,0.005953216374269006,0.00017331022530329287,0.404,0.008,938.0,1562.6
tolokers,hgb_attributes,0.25,0.4,random,7,0.0,0.0,0.0,0.0,938.4,1563.0
tolokers,hgb_attributes,0.25,0.4,random,8,0.0,0.0,0.0,0.0,930.8,1550.4
tolokers,hgb_attributes,0.25,0.4,random,9,0.0,0.0,0.0,0.0,940.8,1567.0
tolokers,hgb_attributes,0.25,0.6,exposure,0,0.12340425531914893,0.00625,9.4,0.2,610.8,1526.0
tolokers,hgb_attributes,0.25,0.6,exposure,1,0.0,0.0,0.0,0.0,623.2,1557.0
tolokers,hgb_attributes,0.25,0.6,exposure,2,0.0,0.0,0.0,0.0,618.8,1546.0
tolokers,hgb_attributes,0.25,0.6,exposure,3,0.0,0.0,0.0,0.0,606.4,1515.2
tolokers,hgb_attributes,0.25,0.6,exposure,4,0.0,0.0,0.0,0.0,627.4,1567.4
tolokers,hgb_attributes,0.25,0.6,exposure,5,0.0,0.0,0.0,0.0,617.2,1542.2
tolokers,hgb_attributes,0.25,0.6,exposure,6,0.15,0.004506065857885615,10.4,0.2,625.6,1562.6
tolokers,hgb_attributes,0.25,0.6,exposure,7,0.0,0.0,0.0,0.0,625.6,1563.0
tolokers,hgb_attributes,0.25,0.6,exposure,8,0.0,0.0,0.0,0.0,620.4,1550.4
tolokers,hgb_attributes,0.25,0.6,exposure,9,0.0,0.0,0.0,0.0,627.2,1567.0
tolokers,hgb_attributes,0.25,0.6,random,0,0.0025454545454545456,0.0001388888888888889,0.22000000000000003,0.004,610.8,1526.0
tolokers,hgb_attributes,0.25,0.6,random,1,0.0,0.0,0.0,0.0,623.2,1557.0
tolokers,hgb_attributes,0.25,0.6,random,2,0.0,0.0,0.0,0.0,618.8,1546.0
tolokers,hgb_attributes,0.25,0.6,random,3,0.0,0.0,0.0,0.0,606.4,1515.2
tolokers,hgb_attributes,0.25,0.6,random,4,0.0,0.0,0.0,0.0,627.4,1567.4
tolokers,hgb_attributes,0.25,0.6,random,5,0.0,0.0,0.0,0.0,617.2,1542.2
tolokers,hgb_attributes,0.25,0.6,random,6,0.0,0.0,0.0,0.0,625.6,1562.6
tolokers,hgb_attributes,0.25,0.6,random,7,0.0,0.0,0.0,0.0,625.6,1563.0
tolokers,hgb_attributes,0.25,0.6,random,8,0.0,0.0,0.0,0.0,620.4,1550.4
tolokers,hgb_attributes,0.25,0.6,random,9,0.0,0.0,0.0,0.0,627.2,1567.0
tolokers,hgb_attributes,0.25,0.8,exposure,0,0.0025641025641025645,0.0004861111111111111,0.78,0.004,305.6,1526.0
tolokers,hgb_attributes,0.25,0.8,exposure,1,0.005469281045751634,0.000379965457685665,0.7,0.008,312.0,1557.0
tolokers,hgb_attributes,0.25,0.8,exposure,2,0.0,0.0,0.0,0.0,309.6,1546.0
tolokers,hgb_attributes,0.25,0.8,exposure,3,0.04641796690307329,0.003979310344827586,6.4959999999999996,0.072,303.4,1515.2
tolokers,hgb_attributes,0.25,0.8,exposure,4,0.0,0.0,0.0,0.0,314.0,1567.4
tolokers,hgb_attributes,0.25,0.8,exposure,5,0.00789904761904762,0.0006666666666666666,1.136,0.012,308.8,1542.2
tolokers,hgb_attributes,0.25,0.8,exposure,6,0.005057471264367816,0.0004436741767764298,0.696,0.008,313.0,1562.6
tolokers,hgb_attributes,0.25,0.8,exposure,7,0.0,0.0,0.0,0.0,313.2,1563.0
tolokers,hgb_attributes,0.25,0.8,exposure,8,0.120500471475719,0.013582037996545768,19.784,0.2,310.6,1550.4
tolokers,hgb_attributes,0.25,0.8,exposure,9,0.0,0.0,0.0,0.0,314.0,1567.0
tolokers,hgb_attributes,0.25,0.8,random,0,0.0,0.0,0.0,0.0,305.6,1526.0
tolokers,hgb_attributes,0.25,0.8,random,1,0.0,0.0,0.0,0.0,312.0,1557.0
tolokers,hgb_attributes,0.25,0.8,random,2,0.0,0.0,0.0,0.0,309.6,1546.0
tolokers,hgb_attributes,0.25,0.8,random,3,0.0,0.0,0.0,0.0,303.4,1515.2
tolokers,hgb_attributes,0.25,0.8,random,4,0.0,0.0,0.0,0.0,314.0,1567.4
tolokers,hgb_attributes,0.25,0.8,random,5,0.0025242718446601945,0.0002611683848797251,0.41200000000000003,0.004,308.8,1542.2
tolokers,hgb_attributes,0.25,0.8,random,6,0.006055189255189255,0.0003050259965337955,0.724,0.008,313.0,1562.6
tolokers,hgb_attributes,0.25,0.8,random,7,0.0,0.0,0.0,0.0,313.2,1563.0
tolokers,hgb_attributes,0.25,0.8,random,8,0.0,0.0,0.0,0.0,310.6,1550.4
tolokers,hgb_attributes,0.25,0.8,random,9,0.0,0.0,0.0,0.0,314.0,1567.0
tolokers,hgb_attributes,0.25,0.9,exposure,0,0.020328883237974146,0.004083333333333333,6.428,0.032,153.0,1526.0
tolokers,hgb_attributes,0.25,0.9,exposure,1,0.02154024006922959,0.0034335060449050088,6.068,0.032,156.2,1557.0
tolokers,hgb_attributes,0.25,0.9,exposure,2,0.0,0.0,0.0,0.0,155.0,1546.0
tolokers,hgb_attributes,0.25,0.9,exposure,3,0.017612690434914986,0.0034482758620689655,5.388,0.028000000000000004,152.0,1515.2
tolokers,hgb_attributes,0.25,0.9,exposure,4,0.005163398387285263,0.001013793103448276,1.656,0.008,157.4,1567.4
tolokers,hgb_attributes,0.25,0.9,exposure,5,0.005446327683615819,0.0008591065292096221,1.56,0.008,154.4,1542.2
tolokers,hgb_attributes,0.25,0.9,exposure,6,0.0,0.0,0.0,0.0,156.8,1562.6
tolokers,hgb_attributes,0.25,0.9,exposure,7,0.0,0.0,0.0,0.0,157.0,1563.0
tolokers,hgb_attributes,0.25,0.9,exposure,8,0.002520231213872832,0.0004421416234887737,0.692,0.004,155.4,1550.4
tolokers,hgb_attributes,0.25,0.9,exposure,9,0.0052826465810072365,0.0017513134851138354,2.944,0.008,157.2,1567.0
tolokers,hgb_attributes,0.25,0.9,random,0,0.0,0.0,0.0,0.0,153.0,1526.0
tolokers,hgb_attributes,0.25,0.9,random,1,0.0,0.0,0.0,0.0,156.2,1557.0
tolokers,hgb_attributes,0.25,0.9,random,2,0.0,0.0,0.0,0.0,155.0,1546.0
tolokers,hgb_attributes,0.25,0.9,random,3,0.0,0.0,0.0,0.0,152.0,1515.2
tolokers,hgb_attributes,0.25,0.9,random,4,0.0,0.0,0.0,0.0,157.4,1567.4
tolokers,hgb_attributes,0.25,0.9,random,5,0.0,0.0,0.0,0.0,154.4,1542.2
tolokers,hgb_attributes,0.25,0.9,random,6,0.0,0.0,0.0,0.0,156.8,1562.6
tolokers,hgb_attributes,0.25,0.9,random,7,0.0,0.0,0.0,0.0,157.0,1563.0
tolokers,hgb_attributes,0.25,0.9,random,8,0.0,0.0,0.0,0.0,155.4,1550.4
tolokers,hgb_attributes,0.25,0.9,random,9,0.0,0.0,0.0,0.0,157.2,1567.0
tolokers,hgb_attributes,0.25,0.97,exposure,0,0.0025251798561151074,0.0014236111111111112,2.2239999999999998,0.004,46.4,1526.0
tolokers,hgb_attributes,0.25,0.97,exposure,1,0.0,0.0,0.0,0.0,47.2,1557.0
tolokers,hgb_attributes,0.25,0.97,exposure,2,0.0,0.0,0.0,0.0,47.0,1546.0
tolokers,hgb_attributes,0.25,0.97,exposure,3,0.0051683916839168394,0.0027241379310344828,4.464,0.008,46.0,1515.2
tolokers,hgb_attributes,0.25,0.97,exposure,4,0.0,0.0,0.0,0.0,47.4,1567.4
tolokers,hgb_attributes,0.25,0.97,exposure,5,0.002569659442724458,0.0015876288659793813,2.584,0.004,46.8,1542.2
tolokers,hgb_attributes,0.25,0.97,exposure,6,0.0,0.0,0.0,0.0,47.6,1562.6
tolokers,hgb_attributes,0.25,0.97,exposure,7,0.005165956119106014,0.0030902777777777777,5.016,0.008,47.6,1563.0
tolokers,hgb_attributes,0.25,0.97,exposure,8,0.0,0.0,0.0,0.0,47.2,1550.4
tolokers,hgb_attributes,0.25,0.97,exposure,9,0.0025121107266435983,0.0015061295971978985,2.3120000000000003,0.004,47.6,1567.0
tolokers,hgb_attributes,0.25,0.97,random,0,0.0,0.0,0.0,0.0,46.4,1526.0
tolokers,hgb_attributes,0.25,0.97,random,1,0.0,0.0,0.0,0.0,47.2,1557.0
tolokers,hgb_attributes,0.25,0.97,random,2,0.0,0.0,0.0,0.0,47.0,1546.0
tolokers,hgb_attributes,0.25,0.97,random,3,0.0,0.0,0.0,0.0,46.0,1515.2
tolokers,hgb_attributes,0.25,0.97,random,4,0.0,0.0,0.0,0.0,47.4,1567.4
tolokers,hgb_attributes,0.25,0.97,random,5,0.0,0.0,0.0,0.0,46.8,1542.2
tolokers,hgb_attributes,0.25,0.97,random,6,0.0,0.0,0.0,0.0,47.6,1562.6
tolokers,hgb_attributes,0.25,0.97,random,7,0.0,0.0,0.0,0.0,47.6,1563.0
tolokers,hgb_attributes,0.25,0.97,random,8,0.0,0.0,0.0,0.0,47.2,1550.4
tolokers,hgb_attributes,0.25,0.97,random,9,0.0,0.0,0.0,0.0,47.6,1567.0
tolokers,hgb_attributes,0.5,0.0,exposure,0,0.0,0.0,0.0,0.0,3096.8,3096.8
tolokers,hgb_attributes,0.5,0.0,exposure,1,0.0,0.0,0.0,0.0,3108.2,3108.2
tolokers,hgb_attributes,0.5,0.0,exposure,2,0.0,0.0,0.0,0.0,3105.8,3105.8
tolokers,hgb_attributes,0.5,0.0,exposure,3,0.0,0.0,0.0,0.0,3064.6,3064.6
tolokers,hgb_attributes,0.5,0.0,exposure,4,0.0,0.0,0.0,0.0,3139.8,3139.8
tolokers,hgb_attributes,0.5,0.0,exposure,5,0.0,0.0,0.0,0.0,3102.4,3102.4
tolokers,hgb_attributes,0.5,0.0,exposure,6,0.0,0.0,0.0,0.0,3146.4,3146.4
tolokers,hgb_attributes,0.5,0.0,exposure,7,0.0,0.0,0.0,0.0,3104.4,3104.4
tolokers,hgb_attributes,0.5,0.0,exposure,8,0.0,0.0,0.0,0.0,3086.2,3086.2
tolokers,hgb_attributes,0.5,0.0,exposure,9,0.0,0.0,0.0,0.0,3132.6,3132.6
tolokers,hgb_attributes,0.5,0.0,random,0,0.0,0.0,0.0,0.0,3096.8,3096.8
tolokers,hgb_attributes,0.5,0.0,random,1,0.0,0.0,0.0,0.0,3108.2,3108.2
tolokers,hgb_attributes,0.5,0.0,random,2,0.0,0.0,0.0,0.0,3105.8,3105.8
tolokers,hgb_attributes,0.5,0.0,random,3,0.0,0.0,0.0,0.0,3064.6,3064.6
tolokers,hgb_attributes,0.5,0.0,random,4,0.0,0.0,0.0,0.0,3139.8,3139.8
tolokers,hgb_attributes,0.5,0.0,random,5,0.0,0.0,0.0,0.0,3102.4,3102.4
tolokers,hgb_attributes,0.5,0.0,random,6,0.0,0.0,0.0,0.0,3146.4,3146.4
tolokers,hgb_attributes,0.5,0.0,random,7,0.0,0.0,0.0,0.0,3104.4,3104.4
tolokers,hgb_attributes,0.5,0.0,random,8,0.0,0.0,0.0,0.0,3086.2,3086.2
tolokers,hgb_attributes,0.5,0.0,random,9,0.0,0.0,0.0,0.0,3132.6,3132.6
tolokers,hgb_attributes,0.5,0.05,exposure,0,0.0,0.0,0.0,0.0,2942.6,3096.8
tolokers,hgb_attributes,0.5,0.05,exposure,1,0.0,0.0,0.0,0.0,2953.2,3108.2
tolokers,hgb_attributes,0.5,0.05,exposure,2,0.0,0.0,0.0,0.0,2951.0,3105.8
tolokers,hgb_attributes,0.5,0.05,exposure,3,0.0,0.0,0.0,0.0,2912.0,3064.6
tolokers,hgb_attributes,0.5,0.05,exposure,4,0.0,0.0,0.0,0.0,2983.4,3139.8
tolokers,hgb_attributes,0.5,0.05,exposure,5,0.0,0.0,0.0,0.0,2947.6,3102.4
tolokers,hgb_attributes,0.5,0.05,exposure,6,0.0,0.0,0.0,0.0,2989.4,3146.4
tolokers,hgb_attributes,0.5,0.05,exposure,7,0.0,0.0,0.0,0.0,2949.6,3104.4
tolokers,hgb_attributes,0.5,0.05,exposure,8,0.0,0.0,0.0,0.0,2932.4,3086.2
tolokers,hgb_attributes,0.5,0.05,exposure,9,0.0,0.0,0.0,0.0,2976.4,3132.6
tolokers,hgb_attributes,0.5,0.05,random,0,0.0036,0.00014583333333333335,0.12,0.012,2942.6,3096.8
tolokers,hgb_attributes,0.5,0.05,random,1,0.0,0.0,0.0,0.0,2953.2,3108.2
tolokers,hgb_attributes,0.5,0.05,random,2,0.0,0.0,0.0,0.0,2951.0,3105.8
tolokers,hgb_attributes,0.5,0.05,random,3,0.0,0.0,0.0,0.0,2912.0,3064.6
tolokers,hgb_attributes,0.5,0.05,random,4,0.0,0.0,0.0,0.0,2983.4,3139.8
tolokers,hgb_attributes,0.5,0.05,random,5,0.0,0.0,0.0,0.0,2947.6,3102.4
tolokers,hgb_attributes,0.5,0.05,random,6,0.0,0.0,0.0,0.0,2989.4,3146.4
tolokers,hgb_attributes,0.5,0.05,random,7,0.0,0.0,0.0,0.0,2949.6,3104.4
tolokers,hgb_attributes,0.5,0.05,random,8,0.0,0.0,0.0,0.0,2932.4,3086.2
tolokers,hgb_attributes,0.5,0.05,random,9,0.0,0.0,0.0,0.0,2976.4,3132.6
tolokers,hgb_attributes,0.5,0.1,exposure,0,0.0,0.0,0.0,0.0,2787.8,3096.8
tolokers,hgb_attributes,0.5,0.1,exposure,1,0.0,0.0,0.0,0.0,2797.6,3108.2
tolokers,hgb_attributes,0.5,0.1,exposure,2,0.0,0.0,0.0,0.0,2795.6,3105.8
tolokers,hgb_attributes,0.5,0.1,exposure,3,0.0,0.0,0.0,0.0,2758.6,3064.6
tolokers,hgb_attributes,0.5,0.1,exposure,4,0.0,0.0,0.0,0.0,2826.4,3139.8
tolokers,hgb_attributes,0.5,0.1,exposure,5,0.0,0.0,0.0,0.0,2792.4,3102.4
tolokers,hgb_attributes,0.5,0.1,exposure,6,0.0,0.0,0.0,0.0,2832.2,3146.4
tolokers,hgb_attributes,0.5,0.1,exposure,7,0.0,0.0,0.0,0.0,2794.2,3104.4
tolokers,hgb_attributes,0.5,0.1,exposure,8,0.0,0.0,0.0,0.0,2777.8,3086.2
tolokers,hgb_attributes,0.5,0.1,exposure,9,0.0,0.0,0.0,0.0,2819.8,3132.6
tolokers,hgb_attributes,0.5,0.1,random,0,0.012427972027972028,0.0004999999999999999,0.42000000000000004,0.039999999999999994,2787.8,3096.8
tolokers,hgb_attributes,0.5,0.1,random,1,0.0,0.0,0.0,0.0,2797.6,3108.2
tolokers,hgb_attributes,0.5,0.1,random,2,0.0,0.0,0.0,0.0,2795.6,3105.8
tolokers,hgb_attributes,0.5,0.1,random,3,0.0,0.0,0.0,0.0,2758.6,3064.6
tolokers,hgb_attributes,0.5,0.1,random,4,0.0,0.0,0.0,0.0,2826.4,3139.8
tolokers,hgb_attributes,0.5,0.1,random,5,0.0,0.0,0.0,0.0,2792.4,3102.4
tolokers,hgb_attributes,0.5,0.1,random,6,0.0,0.0,0.0,0.0,2832.2,3146.4
tolokers,hgb_attributes,0.5,0.1,random,7,0.0,0.0,0.0,0.0,2794.2,3104.4
tolokers,hgb_attributes,0.5,0.1,random,8,0.0,0.0,0.0,0.0,2777.8,3086.2
tolokers,hgb_attributes,0.5,0.1,random,9,0.002,3.5026269702276706e-05,0.04,0.004,2819.8,3132.6
tolokers,hgb_attributes,0.5,0.2,exposure,0,0.0,0.0,0.0,0.0,2477.8,3096.8
tolokers,hgb_attributes,0.5,0.2,exposure,1,0.0,0.0,0.0,0.0,2487.0,3108.2
tolokers,hgb_attributes,0.5,0.2,exposure,2,0.0,0.0,0.0,0.0,2485.0,3105.8
tolokers,hgb_attributes,0.5,0.2,exposure,3,0.0,0.0,0.0,0.0,2452.0,3064.6
tolokers,hgb_attributes,0.5,0.2,exposure,4,0.0,0.0,0.0,0.0,2512.2,3139.8
tolokers,hgb_attributes,0.5,0.2,exposure,5,0.0,0.0,0.0,0.0,2482.2,3102.4
tolokers,hgb_attributes,0.5,0.2,exposure,6,0.0,0.0,0.0,0.0,2517.4,3146.4
tolokers,hgb_attributes,0.5,0.2,exposure,7,0.0,0.0,0.0,0.0,2483.8,3104.4
tolokers,hgb_attributes,0.5,0.2,exposure,8,0.0,0.0,0.0,0.0,2469.0,3086.2
tolokers,hgb_attributes,0.5,0.2,exposure,9,0.0,0.0,0.0,0.0,2506.4,3132.6
tolokers,hgb_attributes,0.5,0.2,random,0,0.007118881118881118,0.00026388888888888886,0.24000000000000005,0.02,2477.8,3096.8
tolokers,hgb_attributes,0.5,0.2,random,1,0.0,0.0,0.0,0.0,2487.0,3108.2
tolokers,hgb_attributes,0.5,0.2,random,2,0.0,0.0,0.0,0.0,2485.0,3105.8
tolokers,hgb_attributes,0.5,0.2,random,3,0.0,0.0,0.0,0.0,2452.0,3064.6
tolokers,hgb_attributes,0.5,0.2,random,4,0.0,0.0,0.0,0.0,2512.2,3139.8
tolokers,hgb_attributes,0.5,0.2,random,5,0.0,0.0,0.0,0.0,2482.2,3102.4
tolokers,hgb_attributes,0.5,0.2,random,6,0.0,0.0,0.0,0.0,2517.4,3146.4
tolokers,hgb_attributes,0.5,0.2,random,7,0.0,0.0,0.0,0.0,2483.8,3104.4
tolokers,hgb_attributes,0.5,0.2,random,8,0.0,0.0,0.0,0.0,2469.0,3086.2
tolokers,hgb_attributes,0.5,0.2,random,9,0.0,0.0,0.0,0.0,2506.4,3132.6
tolokers,hgb_attributes,0.5,0.4,exposure,0,0.0,0.0,0.0,0.0,1858.6,3096.8
tolokers,hgb_attributes,0.5,0.4,exposure,1,0.0,0.0,0.0,0.0,1865.4,3108.2
tolokers,hgb_attributes,0.5,0.4,exposure,2,0.0,0.0,0.0,0.0,1863.8,3105.8
tolokers,hgb_attributes,0.5,0.4,exposure,3,0.0,0.0,0.0,0.0,1839.2,3064.6
tolokers,hgb_attributes,0.5,0.4,exposure,4,0.0,0.0,0.0,0.0,1884.2,3139.8
tolokers,hgb_attributes,0.5,0.4,exposure,5,0.0,0.0,0.0,0.0,1861.8,3102.4
tolokers,hgb_attributes,0.5,0.4,exposure,6,0.0,0.0,0.0,0.0,1888.2,3146.4
tolokers,hgb_attributes,0.5,0.4,exposure,7,0.0,0.0,0.0,0.0,1863.0,3104.4
tolokers,hgb_attributes,0.5,0.4,exposure,8,0.0,0.0,0.0,0.0,1851.8,3086.2
tolokers,hgb_attributes,0.5,0.4,exposure,9,0.0,0.0,0.0,0.0,1879.8,3132.6
tolokers,hgb_attributes,0.5,0.4,random,0,0.0066640522875817,0.00015277777777777777,0.2,0.012,1858.6,3096.8
tolokers,hgb_attributes,0.5,0.4,random,1,0.0,0.0,0.0,0.0,1865.4,3108.2
tolokers,hgb_attributes,0.5,0.4,random,2,0.0055,6.932409012131716e-05,0.128,0.008,1863.8,3105.8
tolokers,hgb_attributes,0.5,0.4,random,3,0.0,0.0,0.0,0.0,1839.2,3064.6
tolokers,hgb_attributes,0.5,0.4,random,4,0.0,0.0,0.0,0.0,1884.2,3139.8
tolokers,hgb_attributes,0.5,0.4,random,5,0.0045,9.621993127147767e-05,0.128,0.008,1861.8,3102.4
tolokers,hgb_attributes,0.5,0.4,random,6,0.0029333333333333334,2.772963604852686e-05,0.06,0.004,1888.2,3146.4
tolokers,hgb_attributes,0.5,0.4,random,7,0.0,0.0,0.0,0.0,1863.0,3104.4
tolokers,hgb_attributes,0.5,0.4,random,8,0.0018823529411764704,6.21761658031088e-05,0.068,0.004,1851.8,3086.2
tolokers,hgb_attributes,0.5,0.4,random,9,0.0025,4.2031523642732045e-05,0.064,0.004,1879.8,3132.6
tolokers,hgb_attributes,0.5,0.6,exposure,0,0.0,0.0,0.0,0.0,1239.2,3096.8
tolokers,hgb_attributes,0.5,0.6,exposure,1,0.0,0.0,0.0,0.0,1243.6,3108.2
tolokers,hgb_attributes,0.5,0.6,exposure,2,0.0,0.0,0.0,0.0,1242.6,3105.8
tolokers,hgb_attributes,0.5,0.6,exposure,3,0.0,0.0,0.0,0.0,1226.2,3064.6
tolokers,hgb_attributes,0.5,0.6,exposure,4,0.0,0.0,0.0,0.0,1256.4,3139.8
tolokers,hgb_attributes,0.5,0.6,exposure,5,0.0,0.0,0.0,0.0,1241.2,3102.4
tolokers,hgb_attributes,0.5,0.6,exposure,6,0.0,0.0,0.0,0.0,1258.8,3146.4
tolokers,hgb_attributes,0.5,0.6,exposure,7,0.0,0.0,0.0,0.0,1242.0,3104.4
tolokers,hgb_attributes,0.5,0.6,exposure,8,0.0,0.0,0.0,0.0,1234.6,3086.2
tolokers,hgb_attributes,0.5,0.6,exposure,9,0.0,0.0,0.0,0.0,1253.4,3132.6
tolokers,hgb_attributes,0.5,0.6,random,0,0.0019199999999999998,9.027777777777777e-05,0.1,0.004,1239.2,3096.8
tolokers,hgb_attributes,0.5,0.6,random,1,0.0,0.0,0.0,0.0,1243.6,3108.2
tolokers,hgb_attributes,0.5,0.6,random,2,0.0,0.0,0.0,0.0,1242.6,3105.8
tolokers,hgb_attributes,0.5,0.6,random,3,0.0,0.0,0.0,0.0,1226.2,3064.6
tolokers,hgb_attributes,0.5,0.6,random,4,0.0,0.0,0.0,0.0,1256.4,3139.8
tolokers,hgb_attributes,0.5,0.6,random,5,0.0,0.0,0.0,0.0,1241.2,3102.4
tolokers,hgb_attributes,0.5,0.6,random,6,0.0029565217391304345,8.318890814558059e-05,0.184,0.004,1258.8,3146.4
tolokers,hgb_attributes,0.5,0.6,random,7,0.0,0.0,0.0,0.0,1242.0,3104.4
tolokers,hgb_attributes,0.5,0.6,random,8,0.0,0.0,0.0,0.0,1234.6,3086.2
tolokers,hgb_attributes,0.5,0.6,random,9,0.0,0.0,0.0,0.0,1253.4,3132.6
tolokers,hgb_attributes,0.5,0.8,exposure,0,0.0,0.0,0.0,0.0,620.0,3096.8
tolokers,hgb_attributes,0.5,0.8,exposure,1,0.15616438356164383,0.005526770293609672,14.6,0.2,622.0,3108.2
tolokers,hgb_attributes,0.5,0.8,exposure,2,0.0,0.0,0.0,0.0,621.4,3105.8
tolokers,hgb_attributes,0.5,0.8,exposure,3,0.14298275862068965,0.010137931034482758,17.392,0.21600000000000003,613.4,3064.6
tolokers,hgb_attributes,0.5,0.8,exposure,4,0.006793474488024991,0.00045517241379310346,0.612,0.012,628.4,3139.8
tolokers,hgb_attributes,0.5,0.8,exposure,5,0.0,0.0,0.0,0.0,620.8,3102.4
tolokers,hgb_attributes,0.5,0.8,exposure,6,0.15,0.004506065857885615,10.4,0.2,629.6,3146.4
tolokers,hgb_attributes,0.5,0.8,exposure,7,0.0,0.0,0.0,0.0,621.2,3104.4
tolokers,hgb_attributes,0.5,0.8,exposure,8,0.005,0.00029015544041450776,0.44800000000000006,0.008,617.4,3086.2
tolokers,hgb_attributes,0.5,0.8,exposure,9,0.0,0.0,0.0,0.0,626.8,3132.6
tolokers,hgb_attributes,0.5,0.8,random,0,0.0024000000000000002,0.000125,0.18,0.004,620.0,3096.8
tolokers,hgb_attributes,0.5,0.8,random,1,0.0,0.0,0.0,0.0,622.0,3108.2
tolokers,hgb_attributes,0.5,0.8,random,2,0.0030909090909090908,6.932409012131716e-05,0.176,0.004,621.4,3105.8
tolokers,hgb_attributes,0.5,0.8,random,3,0.0,0.0,0.0,0.0,613.4,3064.6
tolokers,hgb_attributes,0.5,0.8,random,4,0.0,0.0,0.0,0.0,628.4,3139.8
tolokers,hgb_attributes,0.5,0.8,random,5,0.0,0.0,0.0,0.0,620.8,3102.4
tolokers,hgb_attributes,0.5,0.8,random,6,0.002577777777777778,0.00011091854419410744,0.18,0.004,629.6,3146.4
tolokers,hgb_attributes,0.5,0.8,random,7,0.0,0.0,0.0,0.0,621.2,3104.4
tolokers,hgb_attributes,0.5,0.8,random,8,0.0,0.0,0.0,0.0,617.4,3086.2
tolokers,hgb_attributes,0.5,0.8,random,9,0.0,0.0,0.0,0.0,626.8,3132.6
tolokers,hgb_attributes,0.5,0.9,exposure,0,0.02338262247449144,0.0024861111111111112,4.012,0.036,310.0,3096.8
tolokers,hgb_attributes,0.5,0.9,exposure,1,0.11167046271528827,0.009139896373056995,16.56,0.16399999999999998,311.4,3108.2
tolokers,hgb_attributes,0.5,0.9,exposure,2,0.005538893344025662,0.0004367417677642981,0.808,0.008,310.8,3105.8
tolokers,hgb_attributes,0.5,0.9,exposure,3,0.02080018238873705,0.0017310344827586206,2.868,0.032,307.0,3064.6
tolokers,hgb_attributes,0.5,0.9,exposure,4,0.007449313423305981,0.001282758620689655,1.996,0.012,314.4,3139.8
tolokers,hgb_attributes,0.5,0.9,exposure,5,0.005295797351755902,0.0006529209621993127,1.1320000000000001,0.008,310.8,3102.4
tolokers,hgb_attributes,0.5,0.9,exposure,6,0.03034774837983765,0.0017608318890814558,4.156000000000001,0.04,315.2,3146.4
tolokers,hgb_attributes,0.5,0.9,exposure,7,0.0,0.0,0.0,0.0,311.0,3104.4
tolokers,hgb_attributes,0.5,0.9,exposure,8,0.008045454545454545,0.0006010362694300518,1.056,0.012,309.0,3086.2
tolokers,hgb_attributes,0.5,0.9,exposure,9,0.007439815997955533,0.0008196147110332749,1.244,0.012,313.6,3132.6
tolokers,hgb_attributes,0.5,0.9,random,0,0.0,0.0,0.0,0.0,310.0,3096.8
tolokers,hgb_attributes,0.5,0.9,random,1,0.002705882352941177,0.00022797927461139898,0.40800000000000003,0.004,311.4,3108.2
tolokers,hgb_attributes,0.5,0.9,random,2,0.002488888888888889,0.00023570190641247833,0.36,0.004,310.8,3105.8
tolokers,hgb_attributes,0.5,0.9,random,3,0.0026206896551724135,0.00020689655172413793,0.348,0.004,307.0,3064.6
tolokers,hgb_attributes,0.5,0.9,random,4,0.0,0.0,0.0,0.0,314.4,3139.8
tolokers,hgb_attributes,0.5,0.9,random,5,0.0,0.0,0.0,0.0,310.8,3102.4
tolokers,hgb_attributes,0.5,0.9,random,6,0.0,0.0,0.0,0.0,315.2,3146.4
tolokers,hgb_attributes,0.5,0.9,random,7,0.0,0.0,0.0,0.0,311.0,3104.4
tolokers,hgb_attributes,0.5,0.9,random,8,0.0,0.0,0.0,0.0,309.0,3086.2
tolokers,hgb_attributes,0.5,0.9,random,9,0.0,0.0,0.0,0.0,313.6,3132.6
tolokers,hgb_attributes,0.5,0.97,exposure,0,0.012442672840802298,0.004069444444444445,6.204000000000001,0.02,93.4,3096.8
tolokers,hgb_attributes,0.5,0.97,exposure,1,0.00518327948139568,0.0018791018998272884,3.088,0.008,93.8,3108.2
tolokers,hgb_attributes,0.5,0.97,exposure,2,0.0,0.0,0.0,0.0,93.8,3105.8
tolokers,hgb_attributes,0.5,0.97,exposure,3,0.002481481481481481,0.0008482758620689656,1.296,0.004,92.2,3064.6
tolokers,hgb_attributes,0.5,0.97,exposure,4,0.012642524005622529,0.003620689655172414,5.712000000000001,0.02,94.8,3139.8
tolokers,hgb_attributes,0.5,0.97,exposure,5,0.005407731157731158,0.0012783505154639174,2.2960000000000003,0.008,93.4,3102.4
tolokers,hgb_attributes,0.5,0.97,exposure,6,0.01892273527858208,0.004769497400346621,8.488,0.028000000000000004,94.8,3146.4
tolokers,hgb_attributes,0.5,0.97,exposure,7,0.0027240143369175627,0.0006180555555555555,1.116,0.004,93.6,3104.4
tolokers,hgb_attributes,0.5,0.97,exposure,8,0.0025477707006369425,0.0007875647668393783,1.256,0.004,93.2,3086.2
tolokers,hgb_attributes,0.5,0.97,exposure,9,0.012931792028891425,0.004,6.476000000000001,0.02,94.6,3132.6
tolokers,hgb_attributes,0.5,0.97,random,0,0.002383233532934132,0.0009375,1.3359999999999999,0.004,93.4,3096.8
tolokers,hgb_attributes,0.5,0.97,random,1,0.0,0.0,0.0,0.0,93.8,3108.2
tolokers,hgb_attributes,0.5,0.97,random,2,0.0,0.0,0.0,0.0,93.8,3105.8
tolokers,hgb_attributes,0.5,0.97,random,3,0.0,0.0,0.0,0.0,92.2,3064.6
tolokers,hgb_attributes,0.5,0.97,random,4,0.002432989690721649,0.0007862068965517243,1.1640000000000001,0.004,94.8,3139.8
tolokers,hgb_attributes,0.5,0.97,random,5,0.0,0.0,0.0,0.0,93.4,3102.4
tolokers,hgb_attributes,0.5,0.97,random,6,0.0,0.0,0.0,0.0,94.8,3146.4
tolokers,hgb_attributes,0.5,0.97,random,7,0.0,0.0,0.0,0.0,93.6,3104.4
tolokers,hgb_attributes,0.5,0.97,random,8,0.0,0.0,0.0,0.0,93.2,3086.2
tolokers,hgb_attributes,0.5,0.97,random,9,0.0,0.0,0.0,0.0,94.6,3132.6
tolokers,hgb_attributes,1.0,0.0,exposure,0,0.0,0.0,0.0,0.0,6208.0,6208.0
tolokers,hgb_attributes,1.0,0.0,exposure,1,0.0,0.0,0.0,0.0,6200.0,6200.0
tolokers,hgb_attributes,1.0,0.0,exposure,2,0.0,0.0,0.0,0.0,6205.0,6205.0
tolokers,hgb_attributes,1.0,0.0,exposure,3,0.0,0.0,0.0,0.0,6196.0,6196.0
tolokers,hgb_attributes,1.0,0.0,exposure,4,0.0,0.0,0.0,0.0,6198.0,6198.0
tolokers,hgb_attributes,1.0,0.0,exposure,5,0.0,0.0,0.0,0.0,6192.0,6192.0
tolokers,hgb_attributes,1.0,0.0,exposure,6,0.0,0.0,0.0,0.0,6206.0,6206.0
tolokers,hgb_attributes,1.0,0.0,exposure,7,0.0,0.0,0.0,0.0,6208.0,6208.0
tolokers,hgb_attributes,1.0,0.0,exposure,8,0.0,0.0,0.0,0.0,6200.0,6200.0
tolokers,hgb_attributes,1.0,0.0,exposure,9,0.0,0.0,0.0,0.0,6224.0,6224.0
tolokers,hgb_attributes,1.0,0.0,random,0,0.0,0.0,0.0,0.0,6208.0,6208.0
tolokers,hgb_attributes,1.0,0.0,random,1,0.0,0.0,0.0,0.0,6200.0,6200.0
tolokers,hgb_attributes,1.0,0.0,random,2,0.0,0.0,0.0,0.0,6205.0,6205.0
tolokers,hgb_attributes,1.0,0.0,random,3,0.0,0.0,0.0,0.0,6196.0,6196.0
tolokers,hgb_attributes,1.0,0.0,random,4,0.0,0.0,0.0,0.0,6198.0,6198.0
tolokers,hgb_attributes,1.0,0.0,random,5,0.0,0.0,0.0,0.0,6192.0,6192.0
tolokers,hgb_attributes,1.0,0.0,random,6,0.0,0.0,0.0,0.0,6206.0,6206.0
tolokers,hgb_attributes,1.0,0.0,random,7,0.0,0.0,0.0,0.0,6208.0,6208.0
tolokers,hgb_attributes,1.0,0.0,random,8,0.0,0.0,0.0,0.0,6200.0,6200.0
tolokers,hgb_attributes,1.0,0.0,random,9,0.0,0.0,0.0,0.0,6224.0,6224.0
tolokers,hgb_attributes,1.0,0.05,exposure,0,0.0,0.0,0.0,0.0,5898.0,6208.0
tolokers,hgb_attributes,1.0,0.05,exposure,1,0.0,0.0,0.0,0.0,5890.0,6200.0
tolokers,hgb_attributes,1.0,0.05,exposure,2,0.0,0.0,0.0,0.0,5895.0,6205.0
tolokers,hgb_attributes,1.0,0.05,exposure,3,0.0,0.0,0.0,0.0,5887.0,6196.0
tolokers,hgb_attributes,1.0,0.05,exposure,4,0.0,0.0,0.0,0.0,5889.0,6198.0
tolokers,hgb_attributes,1.0,0.05,exposure,5,0.0,0.0,0.0,0.0,5883.0,6192.0
tolokers,hgb_attributes,1.0,0.05,exposure,6,0.0,0.0,0.0,0.0,5896.0,6206.0
tolokers,hgb_attributes,1.0,0.05,exposure,7,0.0,0.0,0.0,0.0,5898.0,6208.0
tolokers,hgb_attributes,1.0,0.05,exposure,8,0.0,0.0,0.0,0.0,5890.0,6200.0
tolokers,hgb_attributes,1.0,0.05,exposure,9,0.0,0.0,0.0,0.0,5913.0,6224.0
tolokers,hgb_attributes,1.0,0.05,random,0,0.0,0.0,0.0,0.0,5898.0,6208.0
tolokers,hgb_attributes,1.0,0.05,random,1,0.0,0.0,0.0,0.0,5890.0,6200.0
tolokers,hgb_attributes,1.0,0.05,random,2,0.0,0.0,0.0,0.0,5895.0,6205.0
tolokers,hgb_attributes,1.0,0.05,random,3,0.0,0.0,0.0,0.0,5887.0,6196.0
tolokers,hgb_attributes,1.0,0.05,random,4,0.0,0.0,0.0,0.0,5889.0,6198.0
tolokers,hgb_attributes,1.0,0.05,random,5,0.001714285714285714,2.7491408934707902e-05,0.028000000000000004,0.004,5883.0,6192.0
tolokers,hgb_attributes,1.0,0.05,random,6,0.0,0.0,0.0,0.0,5896.0,6206.0
tolokers,hgb_attributes,1.0,0.05,random,7,0.0,0.0,0.0,0.0,5898.0,6208.0
tolokers,hgb_attributes,1.0,0.05,random,8,0.0,0.0,0.0,0.0,5890.0,6200.0
tolokers,hgb_attributes,1.0,0.05,random,9,0.0,0.0,0.0,0.0,5913.0,6224.0
tolokers,hgb_attributes,1.0,0.1,exposure,0,0.0,0.0,0.0,0.0,5588.0,6208.0
tolokers,hgb_attributes,1.0,0.1,exposure,1,0.0,0.0,0.0,0.0,5580.0,6200.0
tolokers,hgb_attributes,1.0,0.1,exposure,2,0.0,0.0,0.0,0.0,5585.0,6205.0
tolokers,hgb_attributes,1.0,0.1,exposure,3,0.0,0.0,0.0,0.0,5577.0,6196.0
tolokers,hgb_attributes,1.0,0.1,exposure,4,0.0,0.0,0.0,0.0,5579.0,6198.0
tolokers,hgb_attributes,1.0,0.1,exposure,5,0.0,0.0,0.0,0.0,5573.0,6192.0
tolokers,hgb_attributes,1.0,0.1,exposure,6,0.0,0.0,0.0,0.0,5586.0,6206.0
tolokers,hgb_attributes,1.0,0.1,exposure,7,0.0,0.0,0.0,0.0,5588.0,6208.0
tolokers,hgb_attributes,1.0,0.1,exposure,8,0.0,0.0,0.0,0.0,5580.0,6200.0
tolokers,hgb_attributes,1.0,0.1,exposure,9,0.0,0.0,0.0,0.0,5602.0,6224.0
tolokers,hgb_attributes,1.0,0.1,random,0,0.0,0.0,0.0,0.0,5588.0,6208.0
tolokers,hgb_attributes,1.0,0.1,random,1,0.0,0.0,0.0,0.0,5580.0,6200.0
tolokers,hgb_attributes,1.0,0.1,random,2,0.0,0.0,0.0,0.0,5585.0,6205.0
tolokers,hgb_attributes,1.0,0.1,random,3,0.0,0.0,0.0,0.0,5577.0,6196.0
tolokers,hgb_attributes,1.0,0.1,random,4,0.0,0.0,0.0,0.0,5579.0,6198.0
tolokers,hgb_attributes,1.0,0.1,random,5,0.001714285714285714,2.7491408934707902e-05,0.028000000000000004,0.004,5573.0,6192.0
tolokers,hgb_attributes,1.0,0.1,random,6,0.0,0.0,0.0,0.0,5586.0,6206.0
tolokers,hgb_attributes,1.0,0.1,random,7,0.0,0.0,0.0,0.0,5588.0,6208.0
tolokers,hgb_attributes,1.0,0.1,random,8,0.0,0.0,0.0,0.0,5580.0,6200.0
tolokers,hgb_attributes,1.0,0.1,random,9,0.0,0.0,0.0,0.0,5602.0,6224.0
tolokers,hgb_attributes,1.0,0.2,exposure,0,0.0,0.0,0.0,0.0,4967.0,6208.0
tolokers,hgb_attributes,1.0,0.2,exposure,1,0.0,0.0,0.0,0.0,4960.0,6200.0
tolokers,hgb_attributes,1.0,0.2,exposure,2,0.0,0.0,0.0,0.0,4964.0,6205.0
tolokers,hgb_attributes,1.0,0.2,exposure,3,0.0,0.0,0.0,0.0,4957.0,6196.0
tolokers,hgb_attributes,1.0,0.2,exposure,4,0.0,0.0,0.0,0.0,4959.0,6198.0
tolokers,hgb_attributes,1.0,0.2,exposure,5,0.0,0.0,0.0,0.0,4954.0,6192.0
tolokers,hgb_attributes,1.0,0.2,exposure,6,0.0,0.0,0.0,0.0,4965.0,6206.0
tolokers,hgb_attributes,1.0,0.2,exposure,7,0.0,0.0,0.0,0.0,4967.0,6208.0
tolokers,hgb_attributes,1.0,0.2,exposure,8,0.0,0.0,0.0,0.0,4960.0,6200.0
tolokers,hgb_attributes,1.0,0.2,exposure,9,0.0,0.0,0.0,0.0,4980.0,6224.0
tolokers,hgb_attributes,1.0,0.2,random,0,0.002285714285714286,2.0833333333333333e-05,0.028000000000000004,0.004,4967.0,6208.0
tolokers,hgb_attributes,1.0,0.2,random,1,0.0,0.0,0.0,0.0,4960.0,6200.0
tolokers,hgb_attributes,1.0,0.2,random,2,0.0,0.0,0.0,0.0,4964.0,6205.0
tolokers,hgb_attributes,1.0,0.2,random,3,0.0,0.0,0.0,0.0,4957.0,6196.0
tolokers,hgb_attributes,1.0,0.2,random,4,0.0,0.0,0.0,0.0,4959.0,6198.0
tolokers,hgb_attributes,1.0,0.2,random,5,0.012,0.00019243986254295533,0.196,0.028000000000000004,4954.0,6192.0
tolokers,hgb_attributes,1.0,0.2,random,6,0.0,0.0,0.0,0.0,4965.0,6206.0
tolokers,hgb_attributes,1.0,0.2,random,7,0.0,0.0,0.0,0.0,4967.0,6208.0
tolokers,hgb_attributes,1.0,0.2,random,8,0.0,0.0,0.0,0.0,4960.0,6200.0
tolokers,hgb_attributes,1.0,0.2,random,9,0.0,0.0,0.0,0.0,4980.0,6224.0
tolokers,hgb_attributes,1.0,0.4,exposure,0,0.0,0.0,0.0,0.0,3725.0,6208.0
tolokers,hgb_attributes,1.0,0.4,exposure,1,0.0,0.0,0.0,0.0,3720.0,6200.0
tolokers,hgb_attributes,1.0,0.4,exposure,2,0.0,0.0,0.0,0.0,3723.0,6205.0
tolokers,hgb_attributes,1.0,0.4,exposure,3,0.0,0.0,0.0,0.0,3718.0,6196.0
tolokers,hgb_attributes,1.0,0.4,exposure,4,0.0,0.0,0.0,0.0,3719.0,6198.0
tolokers,hgb_attributes,1.0,0.4,exposure,5,0.0,0.0,0.0,0.0,3716.0,6192.0
tolokers,hgb_attributes,1.0,0.4,exposure,6,0.0,0.0,0.0,0.0,3724.0,6206.0
tolokers,hgb_attributes,1.0,0.4,exposure,7,0.0,0.0,0.0,0.0,3725.0,6208.0
tolokers,hgb_attributes,1.0,0.4,exposure,8,0.0,0.0,0.0,0.0,3720.0,6200.0
tolokers,hgb_attributes,1.0,0.4,exposure,9,0.0,0.0,0.0,0.0,3735.0,6224.0
tolokers,hgb_attributes,1.0,0.4,random,0,0.0,0.0,0.0,0.0,3725.0,6208.0
tolokers,hgb_attributes,1.0,0.4,random,1,0.0,0.0,0.0,0.0,3720.0,6200.0
tolokers,hgb_attributes,1.0,0.4,random,2,0.00825,0.00010398613518197574,0.192,0.012,3723.0,6205.0
tolokers,hgb_attributes,1.0,0.4,random,3,0.0,0.0,0.0,0.0,3718.0,6196.0
tolokers,hgb_attributes,1.0,0.4,random,4,0.0,0.0,0.0,0.0,3719.0,6198.0
tolokers,hgb_attributes,1.0,0.4,random,5,0.0,0.0,0.0,0.0,3716.0,6192.0
tolokers,hgb_attributes,1.0,0.4,random,6,0.0,0.0,0.0,0.0,3724.0,6206.0
tolokers,hgb_attributes,1.0,0.4,random,7,0.0,0.0,0.0,0.0,3725.0,6208.0
tolokers,hgb_attributes,1.0,0.4,random,8,0.0,0.0,0.0,0.0,3720.0,6200.0
tolokers,hgb_attributes,1.0,0.4,random,9,0.0056,0.00010507880910683013,0.11200000000000002,0.012,3735.0,6224.0
tolokers,hgb_attributes,1.0,0.6,exposure,0,0.0,0.0,0.0,0.0,2484.0,6208.0
tolokers,hgb_attributes,1.0,0.6,exposure,1,0.0,0.0,0.0,0.0,2480.0,6200.0
tolokers,hgb_attributes,1.0,0.6,exposure,2,0.0,0.0,0.0,0.0,2482.0,6205.0
tolokers,hgb_attributes,1.0,0.6,exposure,3,0.0,0.0,0.0,0.0,2479.0,6196.0
tolokers,hgb_attributes,1.0,0.6,exposure,4,0.0,0.0,0.0,0.0,2480.0,6198.0
tolokers,hgb_attributes,1.0,0.6,exposure,5,0.0,0.0,0.0,0.0,2477.0,6192.0
tolokers,hgb_attributes,1.0,0.6,exposure,6,0.0,0.0,0.0,0.0,2483.0,6206.0
tolokers,hgb_attributes,1.0,0.6,exposure,7,0.0,0.0,0.0,0.0,2484.0,6208.0
tolokers,hgb_attributes,1.0,0.6,exposure,8,0.0,0.0,0.0,0.0,2480.0,6200.0
tolokers,hgb_attributes,1.0,0.6,exposure,9,0.0,0.0,0.0,0.0,2490.0,6224.0
tolokers,hgb_attributes,1.0,0.6,random,0,0.0,0.0,0.0,0.0,2484.0,6208.0
tolokers,hgb_attributes,1.0,0.6,random,1,0.0,0.0,0.0,0.0,2480.0,6200.0
tolokers,hgb_attributes,1.0,0.6,random,2,0.010166666666666668,0.00013864818024263433,0.22400000000000003,0.016,2482.0,6205.0
tolokers,hgb_attributes,1.0,0.6,random,3,0.0,0.0,0.0,0.0,2479.0,6196.0
tolokers,hgb_attributes,1.0,0.6,random,4,0.0,0.0,0.0,0.0,2480.0,6198.0
tolokers,hgb_attributes,1.0,0.6,random,5,0.010992551566080979,0.00021993127147766322,0.288,0.02,2477.0,6192.0
tolokers,hgb_attributes,1.0,0.6,random,6,0.0014545454545454545,4.852686308492201e-05,0.044,0.004,2483.0,6206.0
tolokers,hgb_attributes,1.0,0.6,random,7,0.0,0.0,0.0,0.0,2484.0,6208.0
tolokers,hgb_attributes,1.0,0.6,random,8,0.0,0.0,0.0,0.0,2480.0,6200.0
tolokers,hgb_attributes,1.0,0.6,random,9,0.004961538461538462,7.705779334500875e-05,0.11600000000000002,0.008,2490.0,6224.0
tolokers,hgb_attributes,1.0,0.8,exposure,0,0.0,0.0,0.0,0.0,1242.0,6208.0
tolokers,hgb_attributes,1.0,0.8,exposure,1,0.0,0.0,0.0,0.0,1240.0,6200.0
tolokers,hgb_attributes,1.0,0.8,exposure,2,0.125,0.004159445407279029,6.4,0.2,1241.0,6205.0
tolokers,hgb_attributes,1.0,0.8,exposure,3,0.0,0.0,0.0,0.0,1240.0,6196.0
tolokers,hgb_attributes,1.0,0.8,exposure,4,0.0,0.0,0.0,0.0,1240.0,6198.0
tolokers,hgb_attributes,1.0,0.8,exposure,5,0.23343343343343345,0.008934707903780068,12.8,0.4,1239.0,6192.0
tolokers,hgb_attributes,1.0,0.8,exposure,6,0.0,0.0,0.0,0.0,1242.0,6206.0
tolokers,hgb_attributes,1.0,0.8,exposure,7,0.0,0.0,0.0,0.0,1242.0,6208.0
tolokers,hgb_attributes,1.0,0.8,exposure,8,0.0,0.0,0.0,0.0,1240.0,6200.0
tolokers,hgb_attributes,1.0,0.8,exposure,9,0.0,0.0,0.0,0.0,1245.0,6224.0
tolokers,hgb_attributes,1.0,0.8,random,0,0.0019199999999999998,9.027777777777777e-05,0.1,0.004,1242.0,6208.0
tolokers,hgb_attributes,1.0,0.8,random,1,0.0,0.0,0.0,0.0,1240.0,6200.0
tolokers,hgb_attributes,1.0,0.8,random,2,0.0,0.0,0.0,0.0,1241.0,6205.0
tolokers,hgb_attributes,1.0,0.8,random,3,0.002909090909090909,4.1379310344827587e-05,0.088,0.004,1240.0,6196.0
tolokers,hgb_attributes,1.0,0.8,random,4,0.0,0.0,0.0,0.0,1240.0,6198.0
tolokers,hgb_attributes,1.0,0.8,random,5,0.0,0.0,0.0,0.0,1239.0,6192.0
tolokers,hgb_attributes,1.0,0.8,random,6,0.0029333333333333334,8.318890814558059e-05,0.18,0.004,1242.0,6206.0
tolokers,hgb_attributes,1.0,0.8,random,7,0.0,0.0,0.0,0.0,1242.0,6208.0
tolokers,hgb_attributes,1.0,0.8,random,8,0.0,0.0,0.0,0.0,1240.0,6200.0
tolokers,hgb_attributes,1.0,0.8,random,9,0.0,0.0,0.0,0.0,1245.0,6224.0
tolokers,hgb_attributes,1.0,0.9,exposure,0,0.017622739018087856,0.0009444444444444445,1.4680000000000002,0.027999999999999997,621.0,6208.0
tolokers,hgb_attributes,1.0,0.9,exposure,1,0.07202479258264143,0.003336787564766839,6.552,0.10400000000000001,620.0,6200.0
tolokers,hgb_attributes,1.0,0.9,exposure,2,0.0,0.0,0.0,0.0,621.0,6205.0
tolokers,hgb_attributes,1.0,0.9,exposure,3,0.1534992844443933,0.009413793103448276,15.651999999999997,0.23600000000000004,620.0,6196.0
tolokers,hgb_attributes,1.0,0.9,exposure,4,0.019787192118226604,0.001324137931034483,2.0,0.032,620.0,6198.0
tolokers,hgb_attributes,1.0,0.9,exposure,5,0.04960274758716633,0.003037800687285223,4.624,0.08,620.0,6192.0
tolokers,hgb_attributes,1.0,0.9,exposure,6,0.0056956521739130435,0.00019410745233968804,0.392,0.008,621.0,6206.0
tolokers,hgb_attributes,1.0,0.9,exposure,7,0.0,0.0,0.0,0.0,621.0,6208.0
tolokers,hgb_attributes,1.0,0.9,exposure,8,0.015043096438445275,0.00075993091537133,1.1800000000000002,0.024,620.0,6200.0
tolokers,hgb_attributes,1.0,0.9,exposure,9,0.15465254188907956,0.011278458844133098,14.931999999999999,0.272,623.0,6224.0
tolokers,hgb_attributes,1.0,0.9,random,0,0.0,0.0,0.0,0.0,621.0,6208.0
tolokers,hgb_attributes,1.0,0.9,random,1,0.0,0.0,0.0,0.0,620.0,6200.0
tolokers,hgb_attributes,1.0,0.9,random,2,0.0,0.0,0.0,0.0,621.0,6205.0
tolokers,hgb_attributes,1.0,0.9,random,3,0.0,0.0,0.0,0.0,620.0,6196.0
tolokers,hgb_attributes,1.0,0.9,random,4,0.0,0.0,0.0,0.0,620.0,6198.0
tolokers,hgb_attributes,1.0,0.9,random,5,0.0,0.0,0.0,0.0,620.0,6192.0
tolokers,hgb_attributes,1.0,0.9,random,6,0.005842424242424242,0.00016637781629116118,0.356,0.008,621.0,6206.0
tolokers,hgb_attributes,1.0,0.9,random,7,0.0,0.0,0.0,0.0,621.0,6208.0
tolokers,hgb_attributes,1.0,0.9,random,8,0.0,0.0,0.0,0.0,620.0,6200.0
tolokers,hgb_attributes,1.0,0.9,random,9,0.0,0.0,0.0,0.0,623.0,6224.0
tolokers,hgb_attributes,1.0,0.97,exposure,0,0.018148615791373605,0.0035763888888888885,5.86,0.028000000000000004,187.0,6208.0
tolokers,hgb_attributes,1.0,0.97,exposure,1,0.03546293635678242,0.004324697754749567,7.88,0.052000000000000005,187.0,6200.0
tolokers,hgb_attributes,1.0,0.97,exposure,2,0.0,0.0,0.0,0.0,187.0,6205.0
tolokers,hgb_attributes,1.0,0.97,exposure,3,0.015204939251215712,0.0038,6.076,0.024,186.0,6196.0
tolokers,hgb_attributes,1.0,0.97,exposure,4,0.00508782564768709,0.0008482758620689656,1.34,0.008,186.0,6198.0
tolokers,hgb_attributes,1.0,0.97,exposure,5,0.027393549063084232,0.005333333333333333,8.260000000000002,0.044,186.0,6192.0
tolokers,hgb_attributes,1.0,0.97,exposure,6,0.034718252184951705,0.007376083188908146,12.703999999999999,0.052000000000000005,187.0,6206.0
tolokers,hgb_attributes,1.0,0.97,exposure,7,0.005752618273745035,0.0005833333333333333,1.192,0.008,187.0,6208.0
tolokers,hgb_attributes,1.0,0.97,exposure,8,0.007535412335412335,0.001167530224525043,1.816,0.012,187.0,6200.0
tolokers,hgb_attributes,1.0,0.97,exposure,9,0.03356967748598924,0.005842381786339755,9.452,0.052000000000000005,187.0,6224.0
tolokers,hgb_attributes,1.0,0.97,random,0,0.0,0.0,0.0,0.0,187.0,6208.0
tolokers,hgb_attributes,1.0,0.97,random,1,0.0,0.0,0.0,0.0,187.0,6200.0
tolokers,hgb_attributes,1.0,0.97,random,2,0.0,0.0,0.0,0.0,187.0,6205.0
tolokers,hgb_attributes,1.0,0.97,random,3,0.0,0.0,0.0,0.0,186.0,6196.0
tolokers,hgb_attributes,1.0,0.97,random,4,0.0,0.0,0.0,0.0,186.0,6198.0
tolokers,hgb_attributes,1.0,0.97,random,5,0.0,0.0,0.0,0.0,186.0,6192.0
tolokers,hgb_attributes,1.0,0.97,random,6,0.0,0.0,0.0,0.0,187.0,6206.0
tolokers,hgb_attributes,1.0,0.97,random,7,0.0,0.0,0.0,0.0,187.0,6208.0
tolokers,hgb_attributes,1.0,0.97,random,8,0.0,0.0,0.0,0.0,187.0,6200.0
tolokers,hgb_attributes,1.0,0.97,random,9,0.0,0.0,0.0,0.0,187.0,6224.0
tolokers,hgb_graph_features,0.25,0.0,exposure,0,0.0,0.0,0.0,0.0,1526.0,1526.0
tolokers,hgb_graph_features,0.25,0.0,exposure,1,0.0,0.0,0.0,0.0,1557.0,1557.0
tolokers,hgb_graph_features,0.25,0.0,exposure,2,0.0,0.0,0.0,0.0,1546.0,1546.0
tolokers,hgb_graph_features,0.25,0.0,exposure,3,0.0,0.0,0.0,0.0,1515.2,1515.2
tolokers,hgb_graph_features,0.25,0.0,exposure,4,0.0,0.0,0.0,0.0,1567.4,1567.4
tolokers,hgb_graph_features,0.25,0.0,exposure,5,0.04705882352941176,0.004467353951890034,3.4,0.2,1542.2,1542.2
tolokers,hgb_graph_features,0.25,0.0,exposure,6,0.0,0.0,0.0,0.0,1562.6,1562.6
tolokers,hgb_graph_features,0.25,0.0,exposure,7,0.0,0.0,0.0,0.0,1563.0,1563.0
tolokers,hgb_graph_features,0.25,0.0,exposure,8,0.05600000000000001,0.006217616580310881,5.0,0.2,1550.4,1550.4
tolokers,hgb_graph_features,0.25,0.0,exposure,9,0.0,0.0,0.0,0.0,1567.0,1567.0
tolokers,hgb_graph_features,0.25,0.0,random,0,0.0,0.0,0.0,0.0,1526.0,1526.0
tolokers,hgb_graph_features,0.25,0.0,random,1,0.0,0.0,0.0,0.0,1557.0,1557.0
tolokers,hgb_graph_features,0.25,0.0,random,2,0.0,0.0,0.0,0.0,1546.0,1546.0
tolokers,hgb_graph_features,0.25,0.0,random,3,0.0,0.0,0.0,0.0,1515.2,1515.2
tolokers,hgb_graph_features,0.25,0.0,random,4,0.0,0.0,0.0,0.0,1567.4,1567.4
tolokers,hgb_graph_features,0.25,0.0,random,5,0.04705882352941176,0.004467353951890034,3.4,0.2,1542.2,1542.2
tolokers,hgb_graph_features,0.25,0.0,random,6,0.0,0.0,0.0,0.0,1562.6,1562.6
tolokers,hgb_graph_features,0.25,0.0,random,7,0.0,0.0,0.0,0.0,1563.0,1563.0
tolokers,hgb_graph_features,0.25,0.0,random,8,0.05600000000000001,0.006217616580310881,5.0,0.2,1550.4,1550.4
tolokers,hgb_graph_features,0.25,0.0,random,9,0.0,0.0,0.0,0.0,1567.0,1567.0
tolokers,hgb_graph_features,0.25,0.05,exposure,0,0.0,0.0,0.0,0.0,1450.0,1526.0
tolokers,hgb_graph_features,0.25,0.05,exposure,1,0.0,0.0,0.0,0.0,1479.6,1557.0
tolokers,hgb_graph_features,0.25,0.05,exposure,2,0.0,0.0,0.0,0.0,1469.4,1546.0
tolokers,hgb_graph_features,0.25,0.05,exposure,3,0.0,0.0,0.0,0.0,1439.8,1515.2
tolokers,hgb_graph_features,0.25,0.05,exposure,4,0.0,0.0,0.0,0.0,1489.4,1567.4
tolokers,hgb_graph_features,0.25,0.05,exposure,5,0.0,0.0,0.0,0.0,1465.6,1542.2
tolokers,hgb_graph_features,0.25,0.05,exposure,6,0.0,0.0,0.0,0.0,1485.0,1562.6
tolokers,hgb_graph_features,0.25,0.05,exposure,7,0.0,0.0,0.0,0.0,1485.2,1563.0
tolokers,hgb_graph_features,0.25,0.05,exposure,8,0.05600000000000001,0.006217616580310881,5.0,0.2,1473.4,1550.4
tolokers,hgb_graph_features,0.25,0.05,exposure,9,0.0,0.0,0.0,0.0,1489.2,1567.0
tolokers,hgb_graph_features,0.25,0.05,random,0,0.0078105263157894735,0.0006736111111111112,0.54,0.028000000000000004,1450.0,1526.0
tolokers,hgb_graph_features,0.25,0.05,random,1,0.0,0.0,0.0,0.0,1479.6,1557.0
tolokers,hgb_graph_features,0.25,0.05,random,2,0.0,0.0,0.0,0.0,1469.4,1546.0
tolokers,hgb_graph_features,0.25,0.05,random,3,0.0033684210526315787,0.00041379310344827585,0.304,0.016,1439.8,1515.2
tolokers,hgb_graph_features,0.25,0.05,random,4,0.0,0.0,0.0,0.0,1489.4,1567.4
tolokers,hgb_graph_features,0.25,0.05,random,5,0.0019199999999999998,0.0004329896907216494,0.3,0.012,1465.6,1542.2
tolokers,hgb_graph_features,0.25,0.05,random,6,0.0,0.0,0.0,0.0,1485.0,1562.6
tolokers,hgb_graph_features,0.25,0.05,random,7,0.003272727272727273,0.00018055555555555555,0.176,0.008,1485.2,1563.0
tolokers,hgb_graph_features,0.25,0.05,random,8,0.056443076923076915,0.006217616580310881,5.016,0.2,1473.4,1550.4
tolokers,hgb_graph_features,0.25,0.05,random,9,0.005682539682539683,0.0008056042031523642,0.576,0.027999999999999997,1489.2,1567.0
tolokers,hgb_graph_features,0.25,0.1,exposure,0,0.0,0.0,0.0,0.0,1374.0,1526.0
tolokers,hgb_graph_features,0.25,0.1,exposure,1,0.0,0.0,0.0,0.0,1401.8,1557.0
tolokers,hgb_graph_features,0.25,0.1,exposure,2,0.0,0.0,0.0,0.0,1392.0,1546.0
tolokers,hgb_graph_features,0.25,0.1,exposure,3,0.0,0.0,0.0,0.0,1364.0,1515.2
tolokers,hgb_graph_features,0.25,0.1,exposure,4,0.0,0.0,0.0,0.0,1410.8,1567.4
tolokers,hgb_graph_features,0.25,0.1,exposure,5,0.0,0.0,0.0,0.0,1388.6,1542.2
tolokers,hgb_graph_features,0.25,0.1,exposure,6,0.0,0.0,0.0,0.0,1406.8,1562.6
tolokers,hgb_graph_features,0.25,0.1,exposure,7,0.0,0.0,0.0,0.0,1407.0,1563.0
tolokers,hgb_graph_features,0.25,0.1,exposure,8,0.05600000000000001,0.006217616580310881,5.0,0.2,1396.0,1550.4
tolokers,hgb_graph_features,0.25,0.1,exposure,9,0.0,0.0,0.0,0.0,1410.8,1567.0
tolokers,hgb_graph_features,0.25,0.1,random,0,0.007961904761904764,0.00042361111111111104,0.404,0.02,1374.0,1526.0
tolokers,hgb_graph_features,0.25,0.1,random,1,0.0,0.0,0.0,0.0,1401.8,1557.0
tolokers,hgb_graph_features,0.25,0.1,random,2,0.0,0.0,0.0,0.0,1392.0,1546.0
tolokers,hgb_graph_features,0.25,0.1,random,3,0.0024000000000000002,0.00019310344827586207,0.16,0.008,1364.0,1515.2
tolokers,hgb_graph_features,0.25,0.1,random,4,0.0,0.0,0.0,0.0,1410.8,1567.4
tolokers,hgb_graph_features,0.25,0.1,random,5,0.0032,0.0007216494845360824,0.5,0.02,1388.6,1542.2
tolokers,hgb_graph_features,0.25,0.1,random,6,0.0,0.0,0.0,0.0,1406.8,1562.6
tolokers,hgb_graph_features,0.25,0.1,random,7,0.013246753246753248,0.0007638888888888888,0.752,0.032,1407.0,1563.0
tolokers,hgb_graph_features,0.25,0.1,random,8,0.056553846153846156,0.006217616580310881,5.0200000000000005,0.2,1396.0,1550.4
tolokers,hgb_graph_features,0.25,0.1,random,9,0.006606060606060606,0.0009387040280210157,0.6759999999999999,0.032,1410.8,1567.0
tolokers,hgb_graph_features,0.25,0.2,exposure,0,0.0,0.0,0.0,0.0,1221.2,1526.0
tolokers,hgb_graph_features,0.25,0.2,exposure,1,0.0,0.0,0.0,0.0,1246.0,1557.0
tolokers,hgb_graph_features,0.25,0.2,exposure,2,0.0,0.0,0.0,0.0,1237.2,1546.0
tolokers,hgb_graph_features,0.25,0.2,exposure,3,0.0,0.0,0.0,0.0,1212.4,1515.2
tolokers,hgb_graph_features,0.25,0.2,exposure,4,0.0,0.0,0.0,0.0,1254.2,1567.4
tolokers,hgb_graph_features,0.25,0.2,exposure,5,0.0,0.0,0.0,0.0,1234.2,1542.2
tolokers,hgb_graph_features,0.25,0.2,exposure,6,0.0,0.0,0.0,0.0,1250.6,1562.6
tolokers,hgb_graph_features,0.25,0.2,exposure,7,0.0,0.0,0.0,0.0,1250.8,1563.0
tolokers,hgb_graph_features,0.25,0.2,exposure,8,0.05600000000000001,0.006217616580310881,5.0,0.2,1240.6,1550.4
tolokers,hgb_graph_features,0.25,0.2,exposure,9,0.0,0.0,0.0,0.0,1254.0,1567.0
tolokers,hgb_graph_features,0.25,0.2,random,0,0.0048455335968379445,0.00045138888888888887,0.372,0.016,1221.2,1526.0
tolokers,hgb_graph_features,0.25,0.2,random,1,0.0,0.0,0.0,0.0,1246.0,1557.0
tolokers,hgb_graph_features,0.25,0.2,random,2,0.0,0.0,0.0,0.0,1237.2,1546.0
tolokers,hgb_graph_features,0.25,0.2,random,3,0.008296296296296296,0.0006758620689655173,0.6,0.024,1212.4,1515.2
tolokers,hgb_graph_features,0.25,0.2,random,4,0.0,0.0,0.0,0.0,1254.2,1567.4
tolokers,hgb_graph_features,0.25,0.2,random,5,0.0047490909090909085,0.0009828178694158076,0.688,0.027999999999999997,1234.2,1542.2
tolokers,hgb_graph_features,0.25,0.2,random,6,0.0,0.0,0.0,0.0,1250.6,1562.6
tolokers,hgb_graph_features,0.25,0.2,random,7,0.01987012987012987,0.0011458333333333333,1.128,0.048,1250.8,1563.0
tolokers,hgb_graph_features,0.25,0.2,random,8,0.05721025641025641,0.006217616580310881,5.044,0.2,1240.6,1550.4
tolokers,hgb_graph_features,0.25,0.2,random,9,0.002872727272727273,0.00021015761821366026,0.188,0.008,1254.0,1567.0
tolokers,hgb_graph_features,0.25,0.4,exposure,0,0.0,0.0,0.0,0.0,916.0,1526.0
tolokers,hgb_graph_features,0.25,0.4,exposure,1,0.0,0.0,0.0,0.0,934.8,1557.0
tolokers,hgb_graph_features,0.25,0.4,exposure,2,0.0,0.0,0.0,0.0,928.0,1546.0
tolokers,hgb_graph_features,0.25,0.4,exposure,3,0.06086956521739131,0.016551724137931035,13.8,0.2,909.4,1515.2
tolokers,hgb_graph_features,0.25,0.4,exposure,4,0.0,0.0,0.0,0.0,940.8,1567.4
tolokers,hgb_graph_features,0.25,0.4,exposure,5,0.0,0.0,0.0,0.0,925.8,1542.2
tolokers,hgb_graph_features,0.25,0.4,exposure,6,0.0,0.0,0.0,0.0,938.0,1562.6
tolokers,hgb_graph_features,0.25,0.4,exposure,7,0.0,0.0,0.0,0.0,938.4,1563.0
tolokers,hgb_graph_features,0.25,0.4,exposure,8,0.0,0.0,0.0,0.0,930.8,1550.4
tolokers,hgb_graph_features,0.25,0.4,exposure,9,0.0,0.0,0.0,0.0,940.8,1567.0
tolokers,hgb_graph_features,0.25,0.4,random,0,0.00537912087912088,0.0009791666666666668,0.8480000000000001,0.016,916.0,1526.0
tolokers,hgb_graph_features,0.25,0.4,random,1,0.0036937062937062934,0.0004075993091537133,0.43600000000000005,0.008,934.8,1557.0
tolokers,hgb_graph_features,0.25,0.4,random,2,0.0,0.0,0.0,0.0,928.0,1546.0
tolokers,hgb_graph_features,0.25,0.4,random,3,0.004046747967479674,0.0004827586206896552,0.42400000000000004,0.012,909.4,1515.2
tolokers,hgb_graph_features,0.25,0.4,random,4,0.0,0.0,0.0,0.0,940.8,1567.4
tolokers,hgb_graph_features,0.25,0.4,random,5,0.002397058823529412,0.0005498281786941581,0.4,0.012,925.8,1542.2
tolokers,hgb_graph_features,0.25,0.4,random,6,0.0011929824561403507,0.00027729636048526865,0.22799999999999998,0.004,938.0,1562.6
tolokers,hgb_graph_features,0.25,0.4,random,7,0.01712554112554112,0.0011319444444444445,1.1400000000000001,0.04,938.4,1563.0
tolokers,hgb_graph_features,0.25,0.4,random,8,0.0015135135135135136,0.00015889464594127806,0.148,0.004,930.8,1550.4
tolokers,hgb_graph_features,0.25,0.4,random,9,0.0014666666666666667,0.00013309982486865149,0.12,0.004,940.8,1567.0
tolokers,hgb_graph_features,0.25,0.6,exposure,0,0.0,0.0,0.0,0.0,610.8,1526.0
tolokers,hgb_graph_features,0.25,0.6,exposure,1,0.0,0.0,0.0,0.0,623.2,1557.0
tolokers,hgb_graph_features,0.25,0.6,exposure,2,0.0,0.0,0.0,0.0,618.8,1546.0
tolokers,hgb_graph_features,0.25,0.6,exposure,3,0.0,0.0,0.0,0.0,606.4,1515.2
tolokers,hgb_graph_features,0.25,0.6,exposure,4,0.0,0.0,0.0,0.0,627.4,1567.4
tolokers,hgb_graph_features,0.25,0.6,exposure,5,0.0,0.0,0.0,0.0,617.2,1542.2
tolokers,hgb_graph_features,0.25,0.6,exposure,6,0.0,0.0,0.0,0.0,625.6,1562.6
tolokers,hgb_graph_features,0.25,0.6,exposure,7,0.0,0.0,0.0,0.0,625.6,1563.0
tolokers,hgb_graph_features,0.25,0.6,exposure,8,0.0,0.0,0.0,0.0,620.4,1550.4
tolokers,hgb_graph_features,0.25,0.6,exposure,9,0.0,0.0,0.0,0.0,627.2,1567.0
tolokers,hgb_graph_features,0.25,0.6,random,0,0.009842499492165981,0.0016319444444444445,1.448,0.028000000000000004,610.8,1526.0
tolokers,hgb_graph_features,0.25,0.6,random,1,0.012952828987080816,0.0012987910189982727,1.392,0.028000000000000004,623.2,1557.0
tolokers,hgb_graph_features,0.25,0.6,random,2,0.0009599999999999999,0.0002634315424610052,0.2,0.004,618.8,1546.0
tolokers,hgb_graph_features,0.25,0.6,random,3,0.004197073468531202,0.0008344827586206898,0.74,0.012,606.4,1515.2
tolokers,hgb_graph_features,0.25,0.6,random,4,0.0,0.0,0.0,0.0,627.4,1567.4
tolokers,hgb_graph_features,0.25,0.6,random,5,0.004939370864298076,0.0009347079037800687,0.792,0.016,617.2,1542.2
tolokers,hgb_graph_features,0.25,0.6,random,6,0.004436594202898551,0.0008734835355285962,0.808,0.012,625.6,1562.6
tolokers,hgb_graph_features,0.25,0.6,random,7,0.00136,0.00022916666666666666,0.2,0.004,625.6,1563.0
tolokers,hgb_graph_features,0.25,0.6,random,8,0.0,0.0,0.0,0.0,620.4,1550.4
tolokers,hgb_graph_features,0.25,0.6,random,9,0.0,0.0,0.0,0.0,627.2,1567.0
tolokers,hgb_graph_features,0.25,0.8,exposure,0,0.0,0.0,0.0,0.0,305.6,1526.0
tolokers,hgb_graph_features,0.25,0.8,exposure,1,0.010736001336322926,0.0046286701208981,4.936,0.024,312.0,1557.0
tolokers,hgb_graph_features,0.25,0.8,exposure,2,0.004948444590235635,0.0023015597920277298,2.2600000000000002,0.012,309.6,1546.0
tolokers,hgb_graph_features,0.25,0.8,exposure,3,0.001492063492063492,0.0005448275862068965,0.504,0.004,303.4,1515.2
tolokers,hgb_graph_features,0.25,0.8,exposure,4,0.0,0.0,0.0,0.0,314.0,1567.4
tolokers,hgb_graph_features,0.25,0.8,exposure,5,0.0,0.0,0.0,0.0,308.8,1542.2
tolokers,hgb_graph_features,0.25,0.8,exposure,6,0.0016279069767441861,0.0003535528596187175,0.344,0.004,313.0,1562.6
tolokers,hgb_graph_features,0.25,0.8,exposure,7,0.0,0.0,0.0,0.0,313.2,1563.0
tolokers,hgb_graph_features,0.25,0.8,exposure,8,0.0,0.0,0.0,0.0,310.6,1550.4
tolokers,hgb_graph_features,0.25,0.8,exposure,9,0.0,0.0,0.0,0.0,314.0,1567.0
tolokers,hgb_graph_features,0.25,0.8,random,0,0.0,0.0,0.0,0.0,305.6,1526.0
tolokers,hgb_graph_features,0.25,0.8,random,1,0.008378452491300141,0.001920552677029361,1.916,0.02,312.0,1557.0
tolokers,hgb_graph_features,0.25,0.8,random,2,0.0013725490196078432,0.000464471403812825,0.40800000000000003,0.004,309.6,1546.0
tolokers,hgb_graph_features,0.25,0.8,random,3,0.001504,0.0005379310344827586,0.5,0.004,303.4,1515.2
tolokers,hgb_graph_features,0.25,0.8,random,4,0.0,0.0,0.0,0.0,314.0,1567.4
tolokers,hgb_graph_features,0.25,0.8,random,5,0.0,0.0,0.0,0.0,308.8,1542.2
tolokers,hgb_graph_features,0.25,0.8,random,6,0.0017941176470588234,0.0005199306759098787,0.544,0.004,313.0,1562.6
tolokers,hgb_graph_features,0.25,0.8,random,7,0.0019310344827586207,0.0003125,0.348,0.004,313.2,1563.0
tolokers,hgb_graph_features,0.25,0.8,random,8,0.0016161616161616162,0.0004075993091537133,0.396,0.004,310.6,1550.4
tolokers,hgb_graph_features,0.25,0.8,random,9,0.0015445544554455446,0.0004343257443082312,0.404,0.004,314.0,1567.0
tolokers,hgb_graph_features,0.25,0.9,exposure,0,0.00198974358974359,0.0006805555555555556,0.78,0.004,153.0,1526.0
tolokers,hgb_graph_features,0.25,0.9,exposure,1,0.02519120156545599,0.011682210708117443,12.3,0.05600000000000001,156.2,1557.0
tolokers,hgb_graph_features,0.25,0.9,exposure,2,0.01021284288928642,0.005878682842287695,5.968000000000001,0.024,155.0,1546.0
tolokers,hgb_graph_features,0.25,0.9,exposure,3,0.00900123394595974,0.005248275862068966,5.587999999999999,0.02,152.0,1515.2
tolokers,hgb_graph_features,0.25,0.9,exposure,4,0.0037015844223660527,0.0020689655172413794,2.288,0.008,157.4,1567.4
tolokers,hgb_graph_features,0.25,0.9,exposure,5,0.005310083881791199,0.0021786941580756018,2.276,0.012,154.4,1542.2
tolokers,hgb_graph_features,0.25,0.9,exposure,6,0.011229087865642575,0.0046863084922010405,5.136,0.024,156.8,1562.6
tolokers,hgb_graph_features,0.25,0.9,exposure,7,0.0,0.0,0.0,0.0,157.0,1563.0
tolokers,hgb_graph_features,0.25,0.9,exposure,8,0.003626356826173368,0.0016165803108808287,1.7120000000000002,0.008,155.4,1550.4
tolokers,hgb_graph_features,0.25,0.9,exposure,9,0.011413367078180274,0.005576182136602451,6.068,0.024,157.2,1567.0
tolokers,hgb_graph_features,0.25,0.9,random,0,0.0020104712041884814,0.0006597222222222222,0.764,0.004,153.0,1526.0
tolokers,hgb_graph_features,0.25,0.9,random,1,0.0034509273860479084,0.0015682210708117441,1.6,0.008,156.2,1557.0
tolokers,hgb_graph_features,0.25,0.9,random,2,0.0,0.0,0.0,0.0,155.0,1546.0
tolokers,hgb_graph_features,0.25,0.9,random,3,0.0016544502617801046,0.0007724137931034483,0.764,0.004,152.0,1515.2
tolokers,hgb_graph_features,0.25,0.9,random,4,0.0,0.0,0.0,0.0,157.4,1567.4
tolokers,hgb_graph_features,0.25,0.9,random,5,0.0018099547511312218,0.0008316151202749141,0.884,0.004,154.4,1542.2
tolokers,hgb_graph_features,0.25,0.9,random,6,0.007228430242925912,0.0031126516464471403,3.2880000000000003,0.016,156.8,1562.6
tolokers,hgb_graph_features,0.25,0.9,random,7,0.0,0.0,0.0,0.0,157.0,1563.0
tolokers,hgb_graph_features,0.25,0.9,random,8,0.0034673459485686565,0.0016027633851468047,1.636,0.008,155.4,1550.4
tolokers,hgb_graph_features,0.25,0.9,random,9,0.0035933528836754646,0.001394045534150613,1.448,0.008,157.2,1567.0
tolokers,hgb_graph_features,0.25,0.97,exposure,0,0.0,0.0,0.0,0.0,46.4,1526.0
tolokers,hgb_graph_features,0.25,0.97,exposure,1,0.01768259925098422,0.01593782383419689,20.668,0.032,47.2,1557.0
tolokers,hgb_graph_features,0.25,0.97,exposure,2,0.0041366564192651155,0.003840554592720971,4.5840000000000005,0.008,47.0,1546.0
tolokers,hgb_graph_features,0.25,0.97,exposure,3,0.006415962936384223,0.006634482758620689,8.331999999999999,0.012,46.0,1515.2
tolokers,hgb_graph_features,0.25,0.97,exposure,4,0.014430816227217402,0.013979310344827587,16.756,0.028000000000000004,47.4,1567.4
tolokers,hgb_graph_features,0.25,0.97,exposure,5,0.010796044970311636,0.01011683848797251,12.84,0.02,46.8,1542.2
tolokers,hgb_graph_features,0.25,0.97,exposure,6,0.0022462462462462464,0.0020242634315424607,2.664,0.004,47.6,1562.6
tolokers,hgb_graph_features,0.25,0.97,exposure,7,0.0,0.0,0.0,0.0,47.6,1563.0
tolokers,hgb_graph_features,0.25,0.97,exposure,8,0.002150753768844221,0.0019067357512953368,2.388,0.004,47.2,1550.4
tolokers,hgb_graph_features,0.25,0.97,exposure,9,0.016778687658162338,0.015901926444833625,19.119999999999997,0.032,47.6,1567.0
tolokers,hgb_graph_features,0.25,0.97,random,0,0.0,0.0,0.0,0.0,46.4,1526.0
tolokers,hgb_graph_features,0.25,0.97,random,1,0.0,0.0,0.0,0.0,47.2,1557.0
tolokers,hgb_graph_features,0.25,0.97,random,2,0.0020448717948717944,0.002114384748700173,2.496,0.004,47.0,1546.0
tolokers,hgb_graph_features,0.25,0.97,random,3,0.00637142798081036,0.0063241379310344835,7.82,0.012,46.0,1515.2
tolokers,hgb_graph_features,0.25,0.97,random,4,0.0,0.0,0.0,0.0,47.4,1567.4
tolokers,hgb_graph_features,0.25,0.97,random,5,0.0,0.0,0.0,0.0,46.8,1542.2
tolokers,hgb_graph_features,0.25,0.97,random,6,0.0,0.0,0.0,0.0,47.6,1562.6
tolokers,hgb_graph_features,0.25,0.97,random,7,0.0,0.0,0.0,0.0,47.6,1563.0
tolokers,hgb_graph_features,0.25,0.97,random,8,0.0,0.0,0.0,0.0,47.2,1550.4
tolokers,hgb_graph_features,0.25,0.97,random,9,0.0,0.0,0.0,0.0,47.6,1567.0
tolokers,hgb_graph_features,0.5,0.0,exposure,0,0.09,0.0038194444444444448,4.0,0.2,3096.8,3096.8
tolokers,hgb_graph_features,0.5,0.0,exposure,1,0.0,0.0,0.0,0.0,3108.2,3108.2
tolokers,hgb_graph_features,0.5,0.0,exposure,2,0.0,0.0,0.0,0.0,3105.8,3105.8
tolokers,hgb_graph_features,0.5,0.0,exposure,3,0.02222222222222222,0.0027586206896551726,1.8,0.2,3064.6,3064.6
tolokers,hgb_graph_features,0.5,0.0,exposure,4,0.0,0.0,0.0,0.0,3139.8,3139.8
tolokers,hgb_graph_features,0.5,0.0,exposure,5,0.05,0.004123711340206185,3.2,0.2,3102.4,3102.4
tolokers,hgb_graph_features,0.5,0.0,exposure,6,0.0,0.0,0.0,0.0,3146.4,3146.4
tolokers,hgb_graph_features,0.5,0.0,exposure,7,0.0,0.0,0.0,0.0,3104.4,3104.4
tolokers,hgb_graph_features,0.5,0.0,exposure,8,0.07272727272727272,0.0024179620034542318,2.2,0.2,3086.2,3086.2
tolokers,hgb_graph_features,0.5,0.0,exposure,9,0.0,0.0,0.0,0.0,3132.6,3132.6
tolokers,hgb_graph_features,0.5,0.0,random,0,0.09,0.0038194444444444448,4.0,0.2,3096.8,3096.8
tolokers,hgb_graph_features,0.5,0.0,random,1,0.0,0.0,0.0,0.0,3108.2,3108.2
tolokers,hgb_graph_features,0.5,0.0,random,2,0.0,0.0,0.0,0.0,3105.8,3105.8
tolokers,hgb_graph_features,0.5,0.0,random,3,0.02222222222222222,0.0027586206896551726,1.8,0.2,3064.6,3064.6
tolokers,hgb_graph_features,0.5,0.0,random,4,0.0,0.0,0.0,0.0,3139.8,3139.8
tolokers,hgb_graph_features,0.5,0.0,random,5,0.05,0.004123711340206185,3.2,0.2,3102.4,3102.4
tolokers,hgb_graph_features,0.5,0.0,random,6,0.0,0.0,0.0,0.0,3146.4,3146.4
tolokers,hgb_graph_features,0.5,0.0,random,7,0.0,0.0,0.0,0.0,3104.4,3104.4
tolokers,hgb_graph_features,0.5,0.0,random,8,0.07272727272727272,0.0024179620034542318,2.2,0.2,3086.2,3086.2
tolokers,hgb_graph_features,0.5,0.0,random,9,0.0,0.0,0.0,0.0,3132.6,3132.6
tolokers,hgb_graph_features,0.5,0.05,exposure,0,0.09,0.0038194444444444448,4.0,0.2,2942.6,3096.8
tolokers,hgb_graph_features,0.5,0.05,exposure,1,0.0,0.0,0.0,0.0,2953.2,3108.2
tolokers,hgb_graph_features,0.5,0.05,exposure,2,0.0,0.0,0.0,0.0,2951.0,3105.8
tolokers,hgb_graph_features,0.5,0.05,exposure,3,0.0,0.0,0.0,0.0,2912.0,3064.6
tolokers,hgb_graph_features,0.5,0.05,exposure,4,0.0,0.0,0.0,0.0,2983.4,3139.8
tolokers,hgb_graph_features,0.5,0.05,exposure,5,0.05,0.004123711340206185,3.2,0.2,2947.6,3102.4
tolokers,hgb_graph_features,0.5,0.05,exposure,6,0.0,0.0,0.0,0.0,2989.4,3146.4
tolokers,hgb_graph_features,0.5,0.05,exposure,7,0.0,0.0,0.0,0.0,2949.6,3104.4
tolokers,hgb_graph_features,0.5,0.05,exposure,8,0.07272727272727272,0.0024179620034542318,2.2,0.2,2932.4,3086.2
tolokers,hgb_graph_features,0.5,0.05,exposure,9,0.0,0.0031523642732049044,1.8,0.2,2976.4,3132.6
tolokers,hgb_graph_features,0.5,0.05,random,0,0.08975652173913043,0.003875,4.048,0.2,2942.6,3096.8
tolokers,hgb_graph_features,0.5,0.05,random,1,0.0,0.0,0.0,0.0,2953.2,3108.2
tolokers,hgb_graph_features,0.5,0.05,random,2,0.0,0.0,0.0,0.0,2951.0,3105.8
tolokers,hgb_graph_features,0.5,0.05,random,3,0.008836363636363635,0.0008068965517241379,0.648,0.036,2912.0,3064.6
tolokers,hgb_graph_features,0.5,0.05,random,4,0.0,0.0,0.0,0.0,2983.4,3139.8
tolokers,hgb_graph_features,0.5,0.05,random,5,0.048925714285714295,0.004288659793814432,3.2960000000000003,0.2,2947.6,3102.4
tolokers,hgb_graph_features,0.5,0.05,random,6,0.0,0.0,0.0,0.0,2989.4,3146.4
tolokers,hgb_graph_features,0.5,0.05,random,7,0.0021818181818181815,0.00011111111111111112,0.088,0.008,2949.6,3104.4
tolokers,hgb_graph_features,0.5,0.05,random,8,0.07271100478468902,0.002528497409326425,2.3,0.2,2932.4,3086.2
tolokers,hgb_graph_features,0.5,0.05,random,9,0.0,0.0002521891418563923,0.144,0.016,2976.4,3132.6
tolokers,hgb_graph_features,0.5,0.1,exposure,0,0.09,0.0038194444444444448,4.0,0.2,2787.8,3096.8
tolokers,hgb_graph_features,0.5,0.1,exposure,1,0.0,0.0,0.0,0.0,2797.6,3108.2
tolokers,hgb_graph_features,0.5,0.1,exposure,2,0.0,0.0,0.0,0.0,2795.6,3105.8
tolokers,hgb_graph_features,0.5,0.1,exposure,3,0.019999999999999997,0.003103448275862069,2.0,0.2,2758.6,3064.6
tolokers,hgb_graph_features,0.5,0.1,exposure,4,0.0,0.0,0.0,0.0,2826.4,3139.8
tolokers,hgb_graph_features,0.5,0.1,exposure,5,0.05,0.004123711340206185,3.2,0.2,2792.4,3102.4
tolokers,hgb_graph_features,0.5,0.1,exposure,6,0.0,0.0,0.0,0.0,2832.2,3146.4
tolokers,hgb_graph_features,0.5,0.1,exposure,7,0.0,0.0,0.0,0.0,2794.2,3104.4
tolokers,hgb_graph_features,0.5,0.1,exposure,8,0.07272727272727272,0.0024179620034542318,2.2,0.2,2777.8,3086.2
tolokers,hgb_graph_features,0.5,0.1,exposure,9,0.0,0.0,0.0,0.0,2819.8,3132.6
tolokers,hgb_graph_features,0.5,0.1,random,0,0.09036915113871637,0.004048611111111111,4.184,0.20400000000000001,2787.8,3096.8
tolokers,hgb_graph_features,0.5,0.1,random,1,0.0,0.0,0.0,0.0,2797.6,3108.2
tolokers,hgb_graph_features,0.5,0.1,random,2,0.0,0.0,0.0,0.0,2795.6,3105.8
tolokers,hgb_graph_features,0.5,0.1,random,3,0.012981818181818183,0.001124137931034483,0.9039999999999999,0.052000000000000005,2758.6,3064.6
tolokers,hgb_graph_features,0.5,0.1,random,4,0.0,0.0,0.0,0.0,2826.4,3139.8
tolokers,hgb_graph_features,0.5,0.1,random,5,0.048,0.004453608247422681,3.396,0.2,2792.4,3102.4
tolokers,hgb_graph_features,0.5,0.1,random,6,0.0,0.0,0.0,0.0,2832.2,3146.4
tolokers,hgb_graph_features,0.5,0.1,random,7,0.0046433566433566435,0.00023611111111111112,0.192,0.016,2794.2,3104.4
tolokers,hgb_graph_features,0.5,0.1,random,8,0.07273014354066985,0.0025630397236614854,2.332,0.2,2777.8,3086.2
tolokers,hgb_graph_features,0.5,0.1,random,9,0.0,0.0,0.0,0.0,2819.8,3132.6
tolokers,hgb_graph_features,0.5,0.2,exposure,0,0.11666666666666667,0.0017361111111111112,2.4,0.2,2477.8,3096.8
tolokers,hgb_graph_features,0.5,0.2,exposure,1,0.0,0.0,0.0,0.0,2487.0,3108.2
tolokers,hgb_graph_features,0.5,0.2,exposure,2,0.0,0.0,0.0,0.0,2485.0,3105.8
tolokers,hgb_graph_features,0.5,0.2,exposure,3,0.06666666666666665,0.005517241379310345,4.8,0.2,2452.0,3064.6
tolokers,hgb_graph_features,0.5,0.2,exposure,4,0.0,0.0,0.0,0.0,2512.2,3139.8
tolokers,hgb_graph_features,0.5,0.2,exposure,5,0.05,0.004123711340206185,3.2,0.2,2482.2,3102.4
tolokers,hgb_graph_features,0.5,0.2,exposure,6,0.0,0.0,0.0,0.0,2517.4,3146.4
tolokers,hgb_graph_features,0.5,0.2,exposure,7,0.0,0.0,0.0,0.0,2483.8,3104.4
tolokers,hgb_graph_features,0.5,0.2,exposure,8,0.07272727272727272,0.0024179620034542318,2.2,0.2,2469.0,3086.2
tolokers,hgb_graph_features,0.5,0.2,exposure,9,0.0,0.0,0.0,0.0,2506.4,3132.6
tolokers,hgb_graph_features,0.5,0.2,random,0,0.11046376811594205,0.0030277777777777777,3.4239999999999995,0.21600000000000003,2477.8,3096.8
tolokers,hgb_graph_features,0.5,0.2,random,1,0.0,0.0,0.0,0.0,2487.0,3108.2
tolokers,hgb_graph_features,0.5,0.2,random,2,0.0,0.0,0.0,0.0,2485.0,3105.8
tolokers,hgb_graph_features,0.5,0.2,random,3,0.02106060606060606,0.0016344827586206897,1.408,0.064,2452.0,3064.6
tolokers,hgb_graph_features,0.5,0.2,random,4,0.0,0.0,0.0,0.0,2512.2,3139.8
tolokers,hgb_graph_features,0.5,0.2,random,5,0.04801718670076727,0.004439862542955326,3.3840000000000003,0.2,2482.2,3102.4
tolokers,hgb_graph_features,0.5,0.2,random,6,0.00075,9.012131715771231e-05,0.064,0.004,2517.4,3146.4
tolokers,hgb_graph_features,0.5,0.2,random,7,0.009146853146853148,0.00046527777777777773,0.376,0.032,2483.8,3104.4
tolokers,hgb_graph_features,0.5,0.2,random,8,0.07746561771561773,0.0028255613126079446,2.5200000000000005,0.22000000000000003,2469.0,3086.2
tolokers,hgb_graph_features,0.5,0.2,random,9,0.004321678321678322,0.0003362521891418564,0.244,0.02,2506.4,3132.6
tolokers,hgb_graph_features,0.5,0.4,exposure,0,0.09,0.0038194444444444448,4.0,0.2,1858.6,3096.8
tolokers,hgb_graph_features,0.5,0.4,exposure,1,0.0,0.0,0.0,0.0,1865.4,3108.2
tolokers,hgb_graph_features,0.5,0.4,exposure,2,0.1270175438596491,0.007972270363951473,6.8,0.4,1863.8,3105.8
tolokers,hgb_graph_features,0.5,0.4,exposure,3,0.06666666666666665,0.005517241379310345,4.8,0.2,1839.2,3064.6
tolokers,hgb_graph_features,0.5,0.4,exposure,4,0.0,0.0,0.0,0.0,1884.2,3139.8
tolokers,hgb_graph_features,0.5,0.4,exposure,5,0.11896551724137931,0.010652920962199313,9.0,0.4,1861.8,3102.4
tolokers,hgb_graph_features,0.5,0.4,exposure,6,0.05263157894736842,0.004852686308492201,3.8,0.2,1888.2,3146.4
tolokers,hgb_graph_features,0.5,0.4,exposure,7,0.0,0.0,0.0,0.0,1863.0,3104.4
tolokers,hgb_graph_features,0.5,0.4,exposure,8,0.0,0.0,0.0,0.0,1851.8,3086.2
tolokers,hgb_graph_features,0.5,0.4,exposure,9,0.0,0.0,0.0,0.0,1879.8,3132.6
tolokers,hgb_graph_features,0.5,0.4,random,0,0.03940257987688235,0.0022361111111111115,2.132,0.1,1858.6,3096.8
tolokers,hgb_graph_features,0.5,0.4,random,1,0.0018666666666666669,5.526770293609671e-05,0.06,0.004,1865.4,3108.2
tolokers,hgb_graph_features,0.5,0.4,random,2,0.0,0.0,0.0,0.0,1863.8,3105.8
tolokers,hgb_graph_features,0.5,0.4,random,3,0.020657754010695188,0.0024965517241379307,1.8800000000000001,0.1,1839.2,3064.6
tolokers,hgb_graph_features,0.5,0.4,random,4,0.0,0.0,0.0,0.0,1884.2,3139.8
tolokers,hgb_graph_features,0.5,0.4,random,5,0.05021323103154305,0.005072164948453607,3.8240000000000003,0.21600000000000003,1861.8,3102.4
tolokers,hgb_graph_features,0.5,0.4,random,6,0.0103968720821662,0.0006239168110918545,0.532,0.032,1888.2,3146.4
tolokers,hgb_graph_features,0.5,0.4,random,7,0.002411764705882353,0.0001597222222222222,0.132,0.008,1863.0,3104.4
tolokers,hgb_graph_features,0.5,0.4,random,8,0.017551821862348178,0.0008359240069084629,0.796,0.044,1851.8,3086.2
tolokers,hgb_graph_features,0.5,0.4,random,9,0.0007272727272727272,0.00012609457092819615,0.088,0.004,1879.8,3132.6
tolokers,hgb_graph_features,0.5,0.6,exposure,0,0.0,0.0,0.0,0.0,1239.2,3096.8
tolokers,hgb_graph_features,0.5,0.6,exposure,1,0.0923076923076923,0.036269430051813475,39.0,0.2,1243.6,3108.2
tolokers,hgb_graph_features,0.5,0.6,exposure,2,0.04888888888888888,0.011785095320623917,9.0,0.2,1242.6,3105.8
tolokers,hgb_graph_features,0.5,0.6,exposure,3,0.06666666666666665,0.005517241379310345,4.8,0.2,1226.2,3064.6
tolokers,hgb_graph_features,0.5,0.6,exposure,4,0.0,0.0,0.0,0.0,1256.4,3139.8
tolokers,hgb_graph_features,0.5,0.6,exposure,5,0.0,0.0,0.0,0.0,1241.2,3102.4
tolokers,hgb_graph_features,0.5,0.6,exposure,6,0.07391304347826086,0.010051993067590987,9.2,0.2,1258.8,3146.4
tolokers,hgb_graph_features,0.5,0.6,exposure,7,0.0,0.0,0.0,0.0,1242.0,3104.4
tolokers,hgb_graph_features,0.5,0.6,exposure,8,0.0,0.0,0.0,0.0,1234.6,3086.2
tolokers,hgb_graph_features,0.5,0.6,exposure,9,0.0,0.0,0.0,0.0,1253.4,3132.6
tolokers,hgb_graph_features,0.5,0.6,random,0,0.03918133229089751,0.0028958333333333336,2.6079999999999997,0.10800000000000001,1239.2,3096.8
tolokers,hgb_graph_features,0.5,0.6,random,1,0.0011200000000000001,0.0001243523316062176,0.1,0.004,1243.6,3108.2
tolokers,hgb_graph_features,0.5,0.6,random,2,0.0,0.0,0.0,0.0,1242.6,3105.8
tolokers,hgb_graph_features,0.5,0.6,random,3,0.025353668524400224,0.0022827586206896557,1.9920000000000002,0.076,1226.2,3064.6
tolokers,hgb_graph_features,0.5,0.6,random,4,0.0,0.0,0.0,0.0,1256.4,3139.8
tolokers,hgb_graph_features,0.5,0.6,random,5,0.01939306849249172,0.00334020618556701,2.444,0.096,1241.2,3102.4
tolokers,hgb_graph_features,0.5,0.6,random,6,0.006016675956893348,0.0007279029462738302,0.62,0.02,1258.8,3146.4
tolokers,hgb_graph_features,0.5,0.6,random,7,0.009855469747643661,0.0005763888888888889,0.5640000000000001,0.024,1242.0,3104.4
tolokers,hgb_graph_features,0.5,0.6,random,8,0.008457329337329336,0.0008704663212435234,0.72,0.028000000000000004,1234.6,3086.2
tolokers,hgb_graph_features,0.5,0.6,random,9,0.0034666666666666665,0.00036427320490367777,0.296,0.012,1253.4,3132.6
tolokers,hgb_graph_features,0.5,0.8,exposure,0,0.0,0.0,0.0,0.0,620.0,3096.8
tolokers,hgb_graph_features,0.5,0.8,exposure,1,0.0,0.0,0.0,0.0,622.0,3108.2
tolokers,hgb_graph_features,0.5,0.8,exposure,2,0.0488711111111111,0.011812824956672444,9.02,0.2,621.4,3105.8
tolokers,hgb_graph_features,0.5,0.8,exposure,3,0.0,0.0,0.0,0.0,613.4,3064.6
tolokers,hgb_graph_features,0.5,0.8,exposure,4,0.0,0.0,0.0,0.0,628.4,3139.8
tolokers,hgb_graph_features,0.5,0.8,exposure,5,0.0009411764705882352,0.00026804123711340205,0.20400000000000001,0.004,620.8,3102.4
tolokers,hgb_graph_features,0.5,0.8,exposure,6,0.005990338164251208,0.0008318890814558059,0.768,0.016,629.6,3146.4
tolokers,hgb_graph_features,0.5,0.8,exposure,7,0.0,0.0,0.0,0.0,621.2,3104.4
tolokers,hgb_graph_features,0.5,0.8,exposure,8,0.0,0.0,0.0,0.0,617.4,3086.2
tolokers,hgb_graph_features,0.5,0.8,exposure,9,0.0,0.0,0.0,0.0,626.8,3132.6
tolokers,hgb_graph_features,0.5,0.8,random,0,0.008742276887871853,0.0014930555555555554,1.3599999999999999,0.024,620.0,3096.8
tolokers,hgb_graph_features,0.5,0.8,random,1,0.0,0.0,0.0,0.0,622.0,3108.2
tolokers,hgb_graph_features,0.5,0.8,random,2,0.003265250544662309,0.0007694974003466205,0.612,0.012,621.4,3105.8
tolokers,hgb_graph_features,0.5,0.8,random,3,0.004202401372212693,0.0006758620689655173,0.6,0.012,613.4,3064.6
tolokers,hgb_graph_features,0.5,0.8,random,4,0.004,0.0003310344827586207,0.384,0.008,628.4,3139.8
tolokers,hgb_graph_features,0.5,0.8,random,5,0.0035773203823620107,0.0006804123711340206,0.5640000000000001,0.012,620.8,3102.4
tolokers,hgb_graph_features,0.5,0.8,random,6,0.0053750616951586125,0.0009428076256499135,0.82,0.016,629.6,3146.4
tolokers,hgb_graph_features,0.5,0.8,random,7,0.0014074074074074073,0.00024305555555555555,0.21600000000000003,0.004,621.2,3104.4
tolokers,hgb_graph_features,0.5,0.8,random,8,0.0068197767145135564,0.0010708117443868738,0.9359999999999999,0.02,617.4,3086.2
tolokers,hgb_graph_features,0.5,0.8,random,9,0.004664782495659978,0.0006234676007005254,0.596,0.012,626.8,3132.6
tolokers,hgb_graph_features,0.5,0.9,exposure,0,0.0,0.0,0.0,0.0,310.0,3096.8
tolokers,hgb_graph_features,0.5,0.9,exposure,1,0.030886852720037154,0.012656303972366148,13.008000000000001,0.072,311.4,3108.2
tolokers,hgb_graph_features,0.5,0.9,exposure,2,0.013882159679918632,0.005344887348353552,5.412000000000001,0.032,310.8,3105.8
tolokers,hgb_graph_features,0.5,0.9,exposure,3,0.0,0.0,0.0,0.0,307.0,3064.6
tolokers,hgb_graph_features,0.5,0.9,exposure,4,0.003089158123640882,0.0008275862068965516,0.792,0.008,314.4,3139.8
tolokers,hgb_graph_features,0.5,0.9,exposure,5,0.004667048573815492,0.0012646048109965636,1.204,0.012,310.8,3102.4
tolokers,hgb_graph_features,0.5,0.9,exposure,6,0.009210293064675404,0.002655112651646447,2.86,0.02,315.2,3146.4
tolokers,hgb_graph_features,0.5,0.9,exposure,7,0.0,0.0,0.0,0.0,311.0,3104.4
tolokers,hgb_graph_features,0.5,0.9,exposure,8,0.003121212121212121,0.0009188255613126079,0.8880000000000001,0.008,309.0,3086.2
tolokers,hgb_graph_features,0.5,0.9,exposure,9,0.0,0.0,0.0,0.0,313.6,3132.6
tolokers,hgb_graph_features,0.5,0.9,random,0,0.00484823851596674,0.0012291666666666666,1.188,0.012,310.0,3096.8
tolokers,hgb_graph_features,0.5,0.9,random,1,0.0,0.0,0.0,0.0,311.4,3108.2
tolokers,hgb_graph_features,0.5,0.9,random,2,0.0,0.0,0.0,0.0,310.8,3105.8
tolokers,hgb_graph_features,0.5,0.9,random,3,0.003162136578769439,0.0007172413793103448,0.688,0.008,307.0,3064.6
tolokers,hgb_graph_features,0.5,0.9,random,4,0.0015280898876404493,0.0003793103448275862,0.356,0.004,314.4,3139.8
tolokers,hgb_graph_features,0.5,0.9,random,5,0.0,0.0,0.0,0.0,310.8,3102.4
tolokers,hgb_graph_features,0.5,0.9,random,6,0.00484159114493255,0.001296360485268631,1.264,0.012,315.2,3146.4
tolokers,hgb_graph_features,0.5,0.9,random,7,0.0,0.0,0.0,0.0,311.0,3104.4
tolokers,hgb_graph_features,0.5,0.9,random,8,0.003182033096926714,0.0008013816925734024,0.772,0.008,309.0,3086.2
tolokers,hgb_graph_features,0.5,0.9,random,9,0.0,0.0,0.0,0.0,313.6,3132.6
tolokers,hgb_graph_features,0.5,0.97,exposure,0,0.001965156794425087,0.0010138888888888888,1.1480000000000001,0.004,93.4,3096.8
tolokers,hgb_graph_features,0.5,0.97,exposure,1,0.029549632745861774,0.02023488773747841,23.544,0.06,93.8,3108.2
tolokers,hgb_graph_features,0.5,0.97,exposure,2,0.006939981820542787,0.0051091854419410745,5.208,0.016,93.8,3105.8
tolokers,hgb_graph_features,0.5,0.97,exposure,3,0.011284847624218363,0.008737931034482758,9.672,0.024,92.2,3064.6
tolokers,hgb_graph_features,0.5,0.97,exposure,4,0.003738253139551291,0.00276551724137931,3.0119999999999996,0.008,94.8,3139.8
tolokers,hgb_graph_features,0.5,0.97,exposure,5,0.006045983531041192,0.004467353951890034,5.332,0.012,93.4,3102.4
tolokers,hgb_graph_features,0.5,0.97,exposure,6,0.010298897889631316,0.007646447140381282,9.228,0.02,94.8,3146.4
tolokers,hgb_graph_features,0.5,0.97,exposure,7,0.0,0.0,0.0,0.0,93.6,3104.4
tolokers,hgb_graph_features,0.5,0.97,exposure,8,0.003826666666666667,0.0021139896373056992,2.344,0.008,93.2,3086.2
tolokers,hgb_graph_features,0.5,0.97,exposure,9,0.010752863440856663,0.007614711033274957,7.9239999999999995,0.024,94.6,3132.6
tolokers,hgb_graph_features,0.5,0.97,random,0,0.005930247510374269,0.0032847222222222223,3.7399999999999998,0.012,93.4,3096.8
tolokers,hgb_graph_features,0.5,0.97,random,1,0.0,0.0,0.0,0.0,93.8,3108.2
tolokers,hgb_graph_features,0.5,0.97,random,2,0.0,0.0,0.0,0.0,93.8,3105.8
tolokers,hgb_graph_features,0.5,0.97,random,3,0.0035465022782095955,0.002248275862068966,2.3440000000000003,0.008,92.2,3064.6
tolokers,hgb_graph_features,0.5,0.97,random,4,0.0,0.0,0.0,0.0,94.8,3139.8
tolokers,hgb_graph_features,0.5,0.97,random,5,0.0,0.0,0.0,0.0,93.4,3102.4
tolokers,hgb_graph_features,0.5,0.97,random,6,0.0019459459459459463,0.0010537261698440208,1.184,0.004,94.8,3146.4
tolokers,hgb_graph_features,0.5,0.97,random,7,0.0,0.0,0.0,0.0,93.6,3104.4
tolokers,hgb_graph_features,0.5,0.97,random,8,0.0,0.0,0.0,0.0,93.2,3086.2
tolokers,hgb_graph_features,0.5,0.97,random,9,0.0019217081850533807,0.00102276707530648,1.124,0.004,94.6,3132.6
tolokers,hgb_graph_features,1.0,0.0,exposure,0,0.0,0.0,0.0,0.0,6208.0,6208.0
tolokers,hgb_graph_features,1.0,0.0,exposure,1,0.0,0.0,0.0,0.0,6200.0,6200.0
tolokers,hgb_graph_features,1.0,0.0,exposure,2,0.0,0.0,0.0,0.0,6205.0,6205.0
tolokers,hgb_graph_features,1.0,0.0,exposure,3,0.07999999999999999,0.0010344827586206897,1.0,0.2,6196.0,6196.0
tolokers,hgb_graph_features,1.0,0.0,exposure,4,0.0,0.0,0.0,0.0,6198.0,6198.0
tolokers,hgb_graph_features,1.0,0.0,exposure,5,0.08333333333333333,0.005841924398625429,4.4,0.4,6192.0,6192.0
tolokers,hgb_graph_features,1.0,0.0,exposure,6,0.0,0.0,0.0,0.0,6206.0,6206.0
tolokers,hgb_graph_features,1.0,0.0,exposure,7,0.0,0.0,0.0,0.0,6208.0,6208.0
tolokers,hgb_graph_features,1.0,0.0,exposure,8,0.1,0.0010362694300518136,1.2,0.2,6200.0,6200.0
tolokers,hgb_graph_features,1.0,0.0,exposure,9,0.0,0.0,0.0,0.0,6224.0,6224.0
tolokers,hgb_graph_features,1.0,0.0,random,0,0.0,0.0,0.0,0.0,6208.0,6208.0
tolokers,hgb_graph_features,1.0,0.0,random,1,0.0,0.0,0.0,0.0,6200.0,6200.0
tolokers,hgb_graph_features,1.0,0.0,random,2,0.0,0.0,0.0,0.0,6205.0,6205.0
tolokers,hgb_graph_features,1.0,0.0,random,3,0.07999999999999999,0.0010344827586206897,1.0,0.2,6196.0,6196.0
tolokers,hgb_graph_features,1.0,0.0,random,4,0.0,0.0,0.0,0.0,6198.0,6198.0
tolokers,hgb_graph_features,1.0,0.0,random,5,0.08333333333333333,0.005841924398625429,4.4,0.4,6192.0,6192.0
tolokers,hgb_graph_features,1.0,0.0,random,6,0.0,0.0,0.0,0.0,6206.0,6206.0
tolokers,hgb_graph_features,1.0,0.0,random,7,0.0,0.0,0.0,0.0,6208.0,6208.0
tolokers,hgb_graph_features,1.0,0.0,random,8,0.1,0.0010362694300518136,1.2,0.2,6200.0,6200.0
tolokers,hgb_graph_features,1.0,0.0,random,9,0.0,0.0,0.0,0.0,6224.0,6224.0
tolokers,hgb_graph_features,1.0,0.05,exposure,0,0.0,0.0,0.0,0.0,5898.0,6208.0
tolokers,hgb_graph_features,1.0,0.05,exposure,1,0.06666666666666665,0.0020725388601036273,1.8,0.2,5890.0,6200.0
tolokers,hgb_graph_features,1.0,0.05,exposure,2,0.0,0.0,0.0,0.0,5895.0,6205.0
tolokers,hgb_graph_features,1.0,0.05,exposure,3,0.11999999999999997,0.002413793103448276,2.0,0.4,5887.0,6196.0
tolokers,hgb_graph_features,1.0,0.05,exposure,4,0.0,0.0,0.0,0.0,5889.0,6198.0
tolokers,hgb_graph_features,1.0,0.05,exposure,5,0.08333333333333333,0.005841924398625429,4.4,0.4,5883.0,6192.0
tolokers,hgb_graph_features,1.0,0.05,exposure,6,0.0,0.0,0.0,0.0,5896.0,6206.0
tolokers,hgb_graph_features,1.0,0.05,exposure,7,0.07999999999999999,0.0010416666666666664,1.0,0.2,5898.0,6208.0
tolokers,hgb_graph_features,1.0,0.05,exposure,8,0.1,0.0010362694300518136,1.2,0.2,5890.0,6200.0
tolokers,hgb_graph_features,1.0,0.05,exposure,9,0.0,0.0,0.0,0.0,5913.0,6224.0
tolokers,hgb_graph_features,1.0,0.05,random,0,0.0072,0.000125,0.18,0.012,5898.0,6208.0
tolokers,hgb_graph_features,1.0,0.05,random,1,0.010666666666666666,0.0003316062176165803,0.288,0.032,5890.0,6200.0
tolokers,hgb_graph_features,1.0,0.05,random,2,0.0,0.0,0.0,0.0,5895.0,6205.0
tolokers,hgb_graph_features,1.0,0.05,random,3,0.08266666666666664,0.0011586206896551723,1.088,0.21600000000000003,5887.0,6196.0
tolokers,hgb_graph_features,1.0,0.05,random,4,0.0,0.0,0.0,0.0,5889.0,6198.0
tolokers,hgb_graph_features,1.0,0.05,random,5,0.08292063492063491,0.006013745704467353,4.5,0.41600000000000004,5883.0,6192.0
tolokers,hgb_graph_features,1.0,0.05,random,6,0.0,0.0,0.0,0.0,5896.0,6206.0
tolokers,hgb_graph_features,1.0,0.05,random,7,0.0064666666666666674,0.00011111111111111112,0.10800000000000001,0.016,5898.0,6208.0
tolokers,hgb_graph_features,1.0,0.05,random,8,0.11498181818181819,0.001436960276338515,1.568,0.24,5890.0,6200.0
tolokers,hgb_graph_features,1.0,0.05,random,9,0.0,0.0,0.0,0.0,5913.0,6224.0
tolokers,hgb_graph_features,1.0,0.1,exposure,0,0.0,0.0,0.0,0.0,5588.0,6208.0
tolokers,hgb_graph_features,1.0,0.1,exposure,1,0.0,0.0,0.0,0.0,5580.0,6200.0
tolokers,hgb_graph_features,1.0,0.1,exposure,2,0.0,0.0,0.0,0.0,5585.0,6205.0
tolokers,hgb_graph_features,1.0,0.1,exposure,3,0.11999999999999997,0.002413793103448276,2.0,0.4,5577.0,6196.0
tolokers,hgb_graph_features,1.0,0.1,exposure,4,0.0,0.0,0.0,0.0,5579.0,6198.0
tolokers,hgb_graph_features,1.0,0.1,exposure,5,0.08333333333333333,0.005841924398625429,4.4,0.4,5573.0,6192.0
tolokers,hgb_graph_features,1.0,0.1,exposure,6,0.0,0.0,0.0,0.0,5586.0,6206.0
tolokers,hgb_graph_features,1.0,0.1,exposure,7,0.19371428571428567,0.0038888888888888888,3.408,0.568,5588.0,6208.0
tolokers,hgb_graph_features,1.0,0.1,exposure,8,0.1,0.0010362694300518136,1.2,0.2,5580.0,6200.0
tolokers,hgb_graph_features,1.0,0.1,exposure,9,0.0,0.0,0.0,0.0,5602.0,6224.0
tolokers,hgb_graph_features,1.0,0.1,random,0,0.0108,0.0002777777777777778,0.33999999999999997,0.02,5588.0,6208.0
tolokers,hgb_graph_features,1.0,0.1,random,1,0.0,0.0,0.0,0.0,5580.0,6200.0
tolokers,hgb_graph_features,1.0,0.1,random,2,0.0,0.0,0.0,0.0,5585.0,6205.0
tolokers,hgb_graph_features,1.0,0.1,random,3,0.08479999999999999,0.001296551724137931,1.184,0.23200000000000004,5577.0,6196.0
tolokers,hgb_graph_features,1.0,0.1,random,4,0.0,0.0,0.0,0.0,5579.0,6198.0
tolokers,hgb_graph_features,1.0,0.1,random,5,0.08285714285714285,0.006048109965635738,4.5200000000000005,0.42000000000000004,5573.0,6192.0
tolokers,hgb_graph_features,1.0,0.1,random,6,0.0016,8.318890814558058e-05,0.06000000000000001,0.008,5586.0,6206.0
tolokers,hgb_graph_features,1.0,0.1,random,7,0.011266666666666666,0.0001736111111111111,0.16799999999999998,0.027999999999999997,5588.0,6208.0
tolokers,hgb_graph_features,1.0,0.1,random,8,0.13077575757575757,0.0018791018998272888,1.9600000000000002,0.284,5580.0,6200.0
tolokers,hgb_graph_features,1.0,0.1,random,9,0.0013333333333333333,2.8021015761821364e-05,0.024,0.004,5602.0,6224.0
tolokers,hgb_graph_features,1.0,0.2,exposure,0,0.15666666666666665,0.005208333333333334,5.2,0.4,4967.0,6208.0
tolokers,hgb_graph_features,1.0,0.2,exposure,1,0.0,0.0,0.0,0.0,4960.0,6200.0
tolokers,hgb_graph_features,1.0,0.2,exposure,2,0.0,0.0,0.0,0.0,4964.0,6205.0
tolokers,hgb_graph_features,1.0,0.2,exposure,3,0.0,0.0,0.0,0.0,4957.0,6196.0
tolokers,hgb_graph_features,1.0,0.2,exposure,4,0.0,0.0,0.0,0.0,4959.0,6198.0
tolokers,hgb_graph_features,1.0,0.2,exposure,5,0.08666666666666666,0.005498281786941581,4.2,0.4,4954.0,6192.0
tolokers,hgb_graph_features,1.0,0.2,exposure,6,0.03636363636363636,0.0031195840554592725,2.2,0.2,4965.0,6206.0
tolokers,hgb_graph_features,1.0,0.2,exposure,7,0.12564102564102564,0.0041666666666666675,3.8,0.4,4967.0,6208.0
tolokers,hgb_graph_features,1.0,0.2,exposure,8,0.1,0.0010362694300518136,1.2,0.2,4960.0,6200.0
tolokers,hgb_graph_features,1.0,0.2,exposure,9,0.0,0.0021015761821366026,1.2,0.2,4980.0,6224.0
tolokers,hgb_graph_features,1.0,0.2,random,0,0.020050000000000002,0.00042361111111111115,0.544,0.036,4967.0,6208.0
tolokers,hgb_graph_features,1.0,0.2,random,1,0.0013333333333333333,5.526770293609671e-05,0.048,0.004,4960.0,6200.0
tolokers,hgb_graph_features,1.0,0.2,random,2,0.0,0.0,0.0,0.0,4964.0,6205.0
tolokers,hgb_graph_features,1.0,0.2,random,3,0.02209523809523809,0.0005655172413793104,0.46799999999999997,0.072,4957.0,6196.0
tolokers,hgb_graph_features,1.0,0.2,random,4,0.0,0.0,0.0,0.0,4959.0,6198.0
tolokers,hgb_graph_features,1.0,0.2,random,5,0.08602613887660326,0.005848797250859107,4.4159999999999995,0.41200000000000003,4954.0,6192.0
tolokers,hgb_graph_features,1.0,0.2,random,6,0.005714285714285714,0.00019410745233968804,0.156,0.02,4965.0,6206.0
tolokers,hgb_graph_features,1.0,0.2,random,7,0.009941391941391941,0.0002708333333333333,0.252,0.028000000000000004,4967.0,6208.0
tolokers,hgb_graph_features,1.0,0.2,random,8,0.14187878787878788,0.0024248704663212437,2.436,0.32,4960.0,6200.0
tolokers,hgb_graph_features,1.0,0.2,random,9,0.002333333333333333,9.106830122591944e-05,0.072,0.008,4980.0,6224.0
tolokers,hgb_graph_features,1.0,0.4,exposure,0,0.19476190476190475,0.0125,10.6,0.6,3725.0,6208.0
tolokers,hgb_graph_features,1.0,0.4,exposure,1,0.0,0.0,0.0,0.0,3720.0,6200.0
tolokers,hgb_graph_features,1.0,0.4,exposure,2,0.06136363636363636,0.007972270363951473,5.4,0.4,3723.0,6205.0
tolokers,hgb_graph_features,1.0,0.4,exposure,3,0.0,0.0,0.0,0.0,3718.0,6196.0
tolokers,hgb_graph_features,1.0,0.4,exposure,4,0.0,0.0,0.0,0.0,3719.0,6198.0
tolokers,hgb_graph_features,1.0,0.4,exposure,5,0.05,0.004123711340206185,3.2,0.2,3716.0,6192.0
tolokers,hgb_graph_features,1.0,0.4,exposure,6,0.1403225806451613,0.007972270363951473,7.8,0.4,3724.0,6206.0
tolokers,hgb_graph_features,1.0,0.4,exposure,7,0.0,0.0,0.0,0.0,3725.0,6208.0
tolokers,hgb_graph_features,1.0,0.4,exposure,8,0.0,0.0,0.0,0.0,3720.0,6200.0
tolokers,hgb_graph_features,1.0,0.4,exposure,9,0.0,0.0,0.0,0.0,3735.0,6224.0
tolokers,hgb_graph_features,1.0,0.4,random,0,0.03138458498023715,0.001090277777777778,1.2040000000000002,0.06400000000000002,3725.0,6208.0
tolokers,hgb_graph_features,1.0,0.4,random,1,0.008,0.00026252158894645935,0.22799999999999998,0.024,3720.0,6200.0
tolokers,hgb_graph_features,1.0,0.4,random,2,0.001,9.705372616984402e-05,0.064,0.008,3723.0,6205.0
tolokers,hgb_graph_features,1.0,0.4,random,3,0.0048222222222222225,0.00030344827586206897,0.22000000000000003,0.024,3718.0,6196.0
tolokers,hgb_graph_features,1.0,0.4,random,4,0.0,0.0,0.0,0.0,3719.0,6198.0
tolokers,hgb_graph_features,1.0,0.4,random,5,0.06043469502633588,0.004948453608247422,3.832,0.248,3716.0,6192.0
tolokers,hgb_graph_features,1.0,0.4,random,6,0.007514285714285714,0.0003188908145580589,0.256,0.027999999999999997,3724.0,6206.0
tolokers,hgb_graph_features,1.0,0.4,random,7,0.0054,0.0001666666666666667,0.144,0.016,3725.0,6208.0
tolokers,hgb_graph_features,1.0,0.4,random,8,0.017386363636363637,0.000683937823834197,0.592,0.052000000000000005,3720.0,6200.0
tolokers,hgb_graph_features,1.0,0.4,random,9,0.007533333333333332,0.00028021015761821365,0.23199999999999998,0.024,3735.0,6224.0
tolokers,hgb_graph_features,1.0,0.6,exposure,0,0.24770562770562768,0.012152777777777778,10.4,0.8,2484.0,6208.0
tolokers,hgb_graph_features,1.0,0.6,exposure,1,0.17145822214315365,0.07288428324697756,74.6,0.4,2480.0,6200.0
tolokers,hgb_graph_features,1.0,0.6,exposure,2,0.226875595982436,0.035708838821490466,28.732,0.8,2482.0,6205.0
tolokers,hgb_graph_features,1.0,0.6,exposure,3,0.06268656716417911,0.01586206896551724,13.4,0.2,2479.0,6196.0
tolokers,hgb_graph_features,1.0,0.6,exposure,4,0.0,0.0,0.0,0.0,2480.0,6198.0
tolokers,hgb_graph_features,1.0,0.6,exposure,5,0.10333333333333332,0.012027491408934707,9.4,0.4,2477.0,6192.0
tolokers,hgb_graph_features,1.0,0.6,exposure,6,0.23484848484848486,0.01802426343154246,17.8,0.6,2483.0,6206.0
tolokers,hgb_graph_features,1.0,0.6,exposure,7,0.0,0.0,0.0,0.0,2484.0,6208.0
tolokers,hgb_graph_features,1.0,0.6,exposure,8,0.27801722087436376,0.025215889464594125,23.6,0.8,2480.0,6200.0
tolokers,hgb_graph_features,1.0,0.6,exposure,9,0.2591332580463015,0.03362521891418564,29.4,0.8,2490.0,6224.0
tolokers,hgb_graph_features,1.0,0.6,random,0,0.02998015810276679,0.0013124999999999999,1.34,0.068,2484.0,6208.0
tolokers,hgb_graph_features,1.0,0.6,random,1,0.008615384615384617,0.00033160621761658027,0.3,0.024,2480.0,6200.0
tolokers,hgb_graph_features,1.0,0.6,random,2,0.0005714285714285715,8.318890814558059e-05,0.05600000000000001,0.004,2482.0,6205.0
tolokers,hgb_graph_features,1.0,0.6,random,3,0.006333333333333332,0.00043448275862068963,0.348,0.024,2479.0,6196.0
tolokers,hgb_graph_features,1.0,0.6,random,4,0.0,0.0,0.0,0.0,2480.0,6198.0
tolokers,hgb_graph_features,1.0,0.6,random,5,0.06019429759453989,0.0054432989690721655,4.132,0.264,2477.0,6192.0
tolokers,hgb_graph_features,1.0,0.6,random,6,0.007584415584415584,0.00028422876949740035,0.268,0.02,2483.0,6206.0
tolokers,hgb_graph_features,1.0,0.6,random,7,0.009573426573426575,0.0003402777777777778,0.32799999999999996,0.024,2484.0,6208.0
tolokers,hgb_graph_features,1.0,0.6,random,8,0.04073221234905445,0.001830742659758204,1.552,0.128,2480.0,6200.0
tolokers,hgb_graph_features,1.0,0.6,random,9,0.003923076923076923,0.00025919439579684763,0.196,0.016,2490.0,6224.0
tolokers,hgb_graph_features,1.0,0.8,exposure,0,0.0,0.0,0.0,0.0,1242.0,6208.0
tolokers,hgb_graph_features,1.0,0.8,exposure,1,0.0,0.0,0.0,0.0,1240.0,6200.0
tolokers,hgb_graph_features,1.0,0.8,exposure,2,0.1358504672897196,0.05476603119584056,52.8,0.4,1241.0,6205.0
tolokers,hgb_graph_features,1.0,0.8,exposure,3,0.0,0.0,0.0,0.0,1240.0,6196.0
tolokers,hgb_graph_features,1.0,0.8,exposure,4,0.0,0.0,0.0,0.0,1240.0,6198.0
tolokers,hgb_graph_features,1.0,0.8,exposure,5,0.0,0.0,0.0,0.0,1239.0,6192.0
tolokers,hgb_graph_features,1.0,0.8,exposure,6,0.09545454545454547,0.007972270363951473,8.8,0.2,1242.0,6206.0
tolokers,hgb_graph_features,1.0,0.8,exposure,7,0.0,0.0,0.0,0.0,1242.0,6208.0
tolokers,hgb_graph_features,1.0,0.8,exposure,8,0.0,0.0,0.0,0.0,1240.0,6200.0
tolokers,hgb_graph_features,1.0,0.8,exposure,9,0.0,0.0,0.0,0.0,1245.0,6224.0
tolokers,hgb_graph_features,1.0,0.8,random,0,0.031033498412608624,0.0024444444444444444,2.1879999999999997,0.08800000000000001,1242.0,6208.0
tolokers,hgb_graph_features,1.0,0.8,random,1,0.0021666666666666666,7.599309153713299e-05,0.096,0.004,1240.0,6200.0
tolokers,hgb_graph_features,1.0,0.8,random,2,0.002518518518518518,0.00024263431542461008,0.20400000000000001,0.008,1241.0,6205.0
tolokers,hgb_graph_features,1.0,0.8,random,3,0.005481481481481481,0.0004482758620689655,0.396,0.016,1240.0,6196.0
tolokers,hgb_graph_features,1.0,0.8,random,4,0.0,0.0,0.0,0.0,1240.0,6198.0
tolokers,hgb_graph_features,1.0,0.8,random,5,0.015317046657046657,0.0021237113402061856,1.624,0.064,1239.0,6192.0
tolokers,hgb_graph_features,1.0,0.8,random,6,0.010688727394609748,0.0008388214904679377,0.768,0.028000000000000004,1242.0,6206.0
tolokers,hgb_graph_features,1.0,0.8,random,7,0.007874125874125875,0.00047916666666666664,0.45599999999999996,0.02,1242.0,6208.0
tolokers,hgb_graph_features,1.0,0.8,random,8,0.012272479241891005,0.0014300518134715025,1.1560000000000001,0.044,1240.0,6200.0
tolokers,hgb_graph_features,1.0,0.8,random,9,0.01161048951048951,0.0009457092819614712,0.844,0.032,1245.0,6224.0
tolokers,hgb_graph_features,1.0,0.9,exposure,0,0.0,0.0,0.0,0.0,621.0,6208.0
tolokers,hgb_graph_features,1.0,0.9,exposure,1,0.0032827628738822077,0.0009464594127806562,0.9279999999999999,0.008,620.0,6200.0
tolokers,hgb_graph_features,1.0,0.9,exposure,2,0.06695782307708387,0.019542461005199307,16.508000000000003,0.248,621.0,6205.0
tolokers,hgb_graph_features,1.0,0.9,exposure,3,0.003162790697674418,0.0003586206896551724,0.344,0.008,620.0,6196.0
tolokers,hgb_graph_features,1.0,0.9,exposure,4,0.0,0.0,0.0,0.0,620.0,6198.0
tolokers,hgb_graph_features,1.0,0.9,exposure,5,0.002422325581395349,0.0004467353951890034,0.372,0.008,620.0,6192.0
tolokers,hgb_graph_features,1.0,0.9,exposure,6,0.010739130434782607,0.0010329289428076256,1.0799999999999998,0.024,621.0,6206.0
tolokers,hgb_graph_features,1.0,0.9,exposure,7,0.0,0.0,0.0,0.0,621.0,6208.0
tolokers,hgb_graph_features,1.0,0.9,exposure,8,0.0034545454545454545,0.0003454231433506045,0.352,0.008,620.0,6200.0
tolokers,hgb_graph_features,1.0,0.9,exposure,9,0.0034415584415584412,0.00039929947460595446,0.4,0.008,623.0,6224.0
tolokers,hgb_graph_features,1.0,0.9,random,0,0.01426703215820679,0.0025902777777777777,2.316,0.04,621.0,6208.0
tolokers,hgb_graph_features,1.0,0.9,random,1,0.0018666666666666669,0.00016580310880829016,0.18,0.004,620.0,6200.0
tolokers,hgb_graph_features,1.0,0.9,random,2,0.0032179487179487183,0.0007487001733102253,0.592,0.012,621.0,6205.0
tolokers,hgb_graph_features,1.0,0.9,random,3,0.0060400228702115494,0.0008275862068965516,0.768,0.016,620.0,6196.0
tolokers,hgb_graph_features,1.0,0.9,random,4,0.0017254901960784316,0.0002,0.20400000000000001,0.004,620.0,6198.0
tolokers,hgb_graph_features,1.0,0.9,random,5,0.012357815689072986,0.0027079037800687286,2.2079999999999997,0.044,620.0,6192.0
tolokers,hgb_graph_features,1.0,0.9,random,6,0.009191660854064946,0.0011785095320623917,1.1,0.024,621.0,6206.0
tolokers,hgb_graph_features,1.0,0.9,random,7,0.003580223285486443,0.00043055555555555555,0.44800000000000006,0.008,621.0,6208.0
tolokers,hgb_graph_features,1.0,0.9,random,8,0.007640859980355778,0.000994818652849741,0.932,0.02,620.0,6200.0
tolokers,hgb_graph_features,1.0,0.9,random,9,0.0010833333333333333,0.00024518388791593696,0.192,0.004,623.0,6224.0
tolokers,hgb_graph_features,1.0,0.97,exposure,0,0.0,0.0,0.0,0.0,187.0,6208.0
tolokers,hgb_graph_features,1.0,0.97,exposure,1,0.04779471004609771,0.02333678756476684,24.596,0.10800000000000001,187.0,6200.0
tolokers,hgb_graph_features,1.0,0.97,exposure,2,0.05512421712632003,0.023209705372616983,23.528,0.128,187.0,6205.0
tolokers,hgb_graph_features,1.0,0.97,exposure,3,0.019944554375757675,0.011655172413793106,11.712,0.048,186.0,6196.0
tolokers,hgb_graph_features,1.0,0.97,exposure,4,0.0018181818181818182,0.0006620689655172414,0.704,0.004,186.0,6198.0
tolokers,hgb_graph_features,1.0,0.97,exposure,5,0.003414864864864865,0.0014226804123711342,1.4440000000000002,0.008,186.0,6192.0
tolokers,hgb_graph_features,1.0,0.97,exposure,6,0.0036473429951690826,0.0013032928942807627,1.384,0.008,187.0,6206.0
tolokers,hgb_graph_features,1.0,0.97,exposure,7,0.0017872340425531916,0.0007222222222222222,0.752,0.004,187.0,6208.0
tolokers,hgb_graph_features,1.0,0.97,exposure,8,0.003576894541600424,0.0012918825561312607,1.3519999999999999,0.008,187.0,6200.0
tolokers,hgb_graph_features,1.0,0.97,exposure,9,0.0018497109826589597,0.0006514886164623468,0.692,0.004,187.0,6224.0
tolokers,hgb_graph_features,1.0,0.97,random,0,0.0017655172413793105,0.0005625,0.58,0.004,187.0,6208.0
tolokers,hgb_graph_features,1.0,0.97,random,1,0.003422660098522168,0.0014093264248704663,1.42,0.008,187.0,6200.0
tolokers,hgb_graph_features,1.0,0.97,random,2,0.006820744238681691,0.0023847487001733103,2.396,0.016,187.0,6205.0
tolokers,hgb_graph_features,1.0,0.97,random,3,0.0017234042553191486,0.0007379310344827587,0.752,0.004,186.0,6196.0
tolokers,hgb_graph_features,1.0,0.97,random,4,0.0,0.0,0.0,0.0,186.0,6198.0
tolokers,hgb_graph_features,1.0,0.97,random,5,0.0032819184426390357,0.0012989690721649486,1.28,0.008,186.0,6192.0
tolokers,hgb_graph_features,1.0,0.97,random,6,0.0035055439017081212,0.0011022530329289429,1.1320000000000001,0.008,187.0,6206.0
tolokers,hgb_graph_features,1.0,0.97,random,7,0.001780487804878049,0.0006319444444444444,0.6559999999999999,0.004,187.0,6208.0
tolokers,hgb_graph_features,1.0,0.97,random,8,0.0,0.0,0.0,0.0,187.0,6200.0
tolokers,hgb_graph_features,1.0,0.97,random,9,0.003765325783492588,0.0011838879159369528,1.28,0.008,187.0,6224.0
weibo,hgb_attributes,0.25,0.0,exposure,0,0.0,0.0,0.0,0.0,1354.8,1354.8
weibo,hgb_attributes,0.25,0.0,exposure,1,0.0,0.0,0.0,0.0,1363.4,1363.4
weibo,hgb_attributes,0.25,0.0,exposure,2,0.0,0.0,0.0,0.0,1369.4,1369.4
weibo,hgb_attributes,0.25,0.0,exposure,3,0.0,0.0,0.0,0.0,1375.8,1375.8
weibo,hgb_attributes,0.25,0.0,exposure,4,0.0,0.0,0.0,0.0,1342.4,1342.4
weibo,hgb_attributes,0.25,0.0,exposure,5,0.0,0.0,0.0,0.0,1337.8,1337.8
weibo,hgb_attributes,0.25,0.0,exposure,6,0.0,0.0,0.0,0.0,1366.8,1366.8
weibo,hgb_attributes,0.25,0.0,exposure,7,0.0,0.0,0.0,0.0,1347.6,1347.6
weibo,hgb_attributes,0.25,0.0,exposure,8,0.0,0.0,0.0,0.0,1375.8,1375.8
weibo,hgb_attributes,0.25,0.0,exposure,9,0.0,0.0,0.0,0.0,1317.6,1317.6
weibo,hgb_attributes,0.25,0.0,random,0,0.0,0.0,0.0,0.0,1354.8,1354.8
weibo,hgb_attributes,0.25,0.0,random,1,0.0,0.0,0.0,0.0,1363.4,1363.4
weibo,hgb_attributes,0.25,0.0,random,2,0.0,0.0,0.0,0.0,1369.4,1369.4
weibo,hgb_attributes,0.25,0.0,random,3,0.0,0.0,0.0,0.0,1375.8,1375.8
weibo,hgb_attributes,0.25,0.0,random,4,0.0,0.0,0.0,0.0,1342.4,1342.4
weibo,hgb_attributes,0.25,0.0,random,5,0.0,0.0,0.0,0.0,1337.8,1337.8
weibo,hgb_attributes,0.25,0.0,random,6,0.0,0.0,0.0,0.0,1366.8,1366.8
weibo,hgb_attributes,0.25,0.0,random,7,0.0,0.0,0.0,0.0,1347.6,1347.6
weibo,hgb_attributes,0.25,0.0,random,8,0.0,0.0,0.0,0.0,1375.8,1375.8
weibo,hgb_attributes,0.25,0.0,random,9,0.0,0.0,0.0,0.0,1317.6,1317.6
weibo,hgb_attributes,0.25,0.05,exposure,0,0.24989182144020852,0.09259999999999999,22.119999999999997,0.4,1287.6,1354.8
weibo,hgb_attributes,0.25,0.05,exposure,1,0.6017113863089095,0.11538461538461538,23.2,1.0,1295.8,1363.4
weibo,hgb_attributes,0.25,0.05,exposure,2,0.14347826086956522,0.033333333333333326,9.2,0.2,1301.4,1369.4
weibo,hgb_attributes,0.25,0.05,exposure,3,0.3549189189189189,0.125,26.8,0.6,1307.4,1375.8
weibo,hgb_attributes,0.25,0.05,exposure,4,0.0,0.0,0.0,0.0,1275.6,1342.4
weibo,hgb_attributes,0.25,0.05,exposure,5,0.2767605633802817,0.075,17.4,0.4,1271.4,1337.8
weibo,hgb_attributes,0.25,0.05,exposure,6,0.22989130434782606,0.06666666666666665,12.4,0.4,1299.0,1366.8
weibo,hgb_attributes,0.25,0.05,exposure,7,0.2686274509803922,0.0475,11.6,0.4,1280.8,1347.6
weibo,hgb_attributes,0.25,0.05,exposure,8,0.3112,0.04784415584415584,12.120000000000001,0.44400000000000006,1307.4,1375.8
weibo,hgb_attributes,0.25,0.05,exposure,9,0.3956190476190476,0.0817948717948718,17.580000000000002,0.6,1252.2,1317.6
weibo,hgb_attributes,0.25,0.05,random,0,0.0,0.0,0.0,0.0,1287.6,1354.8
weibo,hgb_attributes,0.25,0.05,random,1,0.0,0.0,0.0,0.0,1295.8,1363.4
weibo,hgb_attributes,0.25,0.05,random,2,0.0,0.0,0.0,0.0,1301.4,1369.4
weibo,hgb_attributes,0.25,0.05,random,3,0.0,0.0,0.0,0.0,1307.4,1375.8
weibo,hgb_attributes,0.25,0.05,random,4,0.0,0.0,0.0,0.0,1275.6,1342.4
weibo,hgb_attributes,0.25,0.05,random,5,0.0,0.0,0.0,0.0,1271.4,1337.8
weibo,hgb_attributes,0.25,0.05,random,6,0.0024444444444444444,0.000358974358974359,0.072,0.004,1299.0,1366.8
weibo,hgb_attributes,0.25,0.05,random,7,0.0,0.0,0.0,0.0,1280.8,1347.6
weibo,hgb_attributes,0.25,0.05,random,8,0.0,0.0,0.0,0.0,1307.4,1375.8
weibo,hgb_attributes,0.25,0.05,random,9,0.0,0.0,0.0,0.0,1252.2,1317.6
weibo,hgb_attributes,0.25,0.1,exposure,0,0.5125366260847876,0.27749999999999997,64.0,0.8,1219.8,1354.8
weibo,hgb_attributes,0.25,0.1,exposure,1,0.6296269108108005,0.1769230769230769,39.0,1.0,1227.6,1363.4
weibo,hgb_attributes,0.25,0.1,exposure,2,0.5401036565171128,0.3282051282051282,79.6,0.8,1232.6,1369.4
weibo,hgb_attributes,0.25,0.1,exposure,3,0.6366900226982063,0.3025,71.4,1.0,1238.6,1375.8
weibo,hgb_attributes,0.25,0.1,exposure,4,0.5384631384631385,0.2649350649350649,63.2,0.8,1208.6,1342.4
weibo,hgb_attributes,0.25,0.1,exposure,5,0.6487432279166006,0.3,69.8,1.0,1204.4,1337.8
weibo,hgb_attributes,0.25,0.1,exposure,6,0.47882331399274436,0.18974358974358974,41.4,0.8,1230.6,1366.8
weibo,hgb_attributes,0.25,0.1,exposure,7,0.5607247262541379,0.135,36.2,0.8,1213.2,1347.6
weibo,hgb_attributes,0.25,0.1,exposure,8,0.6934654587173361,0.2753246753246753,69.0,1.0,1238.6,1375.8
weibo,hgb_attributes,0.25,0.1,exposure,9,0.5305388151174668,0.29743589743589743,69.0,0.8,1186.6,1317.6
weibo,hgb_attributes,0.25,0.1,random,0,0.0,0.0,0.0,0.0,1219.8,1354.8
weibo,hgb_attributes,0.25,0.1,random,1,0.0,0.0,0.0,0.0,1227.6,1363.4
weibo,hgb_attributes,0.25,0.1,random,2,0.0,0.0,0.0,0.0,1232.6,1369.4
weibo,hgb_attributes,0.25,0.1,random,3,0.0,0.0,0.0,0.0,1238.6,1375.8
weibo,hgb_attributes,0.25,0.1,random,4,0.0,0.0,0.0,0.0,1208.6,1342.4
weibo,hgb_attributes,0.25,0.1,random,5,0.0,0.0,0.0,0.0,1204.4,1337.8
weibo,hgb_attributes,0.25,0.1,random,6,0.012141414141414142,0.0018974358974358971,0.376,0.02,1230.6,1366.8
weibo,hgb_attributes,0.25,0.1,random,7,0.0,0.0,0.0,0.0,1213.2,1347.6
weibo,hgb_attributes,0.25,0.1,random,8,0.0,0.0,0.0,0.0,1238.6,1375.8
weibo,hgb_attributes,0.25,0.1,random,9,0.0,0.0,0.0,0.0,1186.6,1317.6
weibo,hgb_attributes,0.25,0.2,exposure,0,0.5308580056226913,0.24000000000000005,58.032000000000004,0.8,1084.0,1354.8
weibo,hgb_attributes,0.25,0.2,exposure,1,0.6296378169034522,0.1815384615384615,39.9,1.0,1091.0,1363.4
weibo,hgb_attributes,0.25,0.2,exposure,2,0.6920850771165222,0.30953846153846154,77.16,1.0,1095.8,1369.4
weibo,hgb_attributes,0.25,0.2,exposure,3,0.6418814829860351,0.30185,71.80799999999999,1.0,1101.0,1375.8
weibo,hgb_attributes,0.25,0.2,exposure,4,0.5431915393209834,0.2728311688311688,66.476,0.8,1074.4,1342.4
weibo,hgb_attributes,0.25,0.2,exposure,5,0.6448678865396561,0.29865,69.34,1.0,1070.4,1337.8
weibo,hgb_attributes,0.25,0.2,exposure,6,0.49340217400843783,0.20112820512820512,44.468,0.808,1093.8,1366.8
weibo,hgb_attributes,0.25,0.2,exposure,7,0.4419879124891173,0.1283,33.552,0.648,1078.6,1347.6
weibo,hgb_attributes,0.25,0.2,exposure,8,0.6830054611201578,0.3471688311688311,84.876,1.0,1101.0,1375.8
weibo,hgb_attributes,0.25,0.2,exposure,9,0.5285593092468378,0.28092307692307694,64.56800000000001,0.8,1054.6,1317.6
weibo,hgb_attributes,0.25,0.2,random,0,0.0,0.0,0.0,0.0,1084.0,1354.8
weibo,hgb_attributes,0.25,0.2,random,1,0.0,0.0,0.0,0.0,1091.0,1363.4
weibo,hgb_attributes,0.25,0.2,random,2,0.0,0.0,0.0,0.0,1095.8,1369.4
weibo,hgb_attributes,0.25,0.2,random,3,0.0,0.0,0.0,0.0,1101.0,1375.8
weibo,hgb_attributes,0.25,0.2,random,4,0.0,0.0,0.0,0.0,1074.4,1342.4
weibo,hgb_attributes,0.25,0.2,random,5,0.0,0.0,0.0,0.0,1070.4,1337.8
weibo,hgb_attributes,0.25,0.2,random,6,0.0316969696969697,0.0047692307692307695,0.952,0.052000000000000005,1093.8,1366.8
weibo,hgb_attributes,0.25,0.2,random,7,0.0,0.0,0.0,0.0,1078.6,1347.6
weibo,hgb_attributes,0.25,0.2,random,8,0.0,0.0,0.0,0.0,1101.0,1375.8
weibo,hgb_attributes,0.25,0.2,random,9,0.0,0.0,0.0,0.0,1054.6,1317.6
weibo,hgb_attributes,0.25,0.4,exposure,0,0.4341376994943233,0.21974999999999997,53.86,0.648,813.2,1354.8
weibo,hgb_attributes,0.25,0.4,exposure,1,0.4822845641260963,0.13984615384615381,32.80800000000001,0.732,818.4,1363.4
weibo,hgb_attributes,0.25,0.4,exposure,2,0.5702180533381951,0.2954871794871795,72.17999999999999,0.8240000000000001,822.0,1369.4
weibo,hgb_attributes,0.25,0.4,exposure,3,0.5060430098745619,0.2532,60.379999999999995,0.768,825.8,1375.8
weibo,hgb_attributes,0.25,0.4,exposure,4,0.5703101996161739,0.2793246753246753,69.28399999999999,0.8320000000000001,806.0,1342.4
weibo,hgb_attributes,0.25,0.4,exposure,5,0.5381354145810049,0.27535,63.652,0.836,803.0,1337.8
weibo,hgb_attributes,0.25,0.4,exposure,6,0.3717401983604348,0.1818974358974359,40.5,0.588,820.6,1366.8
weibo,hgb_attributes,0.25,0.4,exposure,7,0.42117761496147077,0.1296,31.544,0.644,809.2,1347.6
weibo,hgb_attributes,0.25,0.4,exposure,8,0.6740057497937373,0.3092987012987013,73.856,1.0,826.0,1375.8
weibo,hgb_attributes,0.25,0.4,exposure,9,0.5006815219214327,0.2714871794871795,62.827999999999996,0.756,791.0,1317.6
weibo,hgb_attributes,0.25,0.4,random,0,0.0,0.0,0.0,0.0,813.2,1354.8
weibo,hgb_attributes,0.25,0.4,random,1,0.0,0.0,0.0,0.0,818.4,1363.4
weibo,hgb_attributes,0.25,0.4,random,2,0.0,0.0,0.0,0.0,822.0,1369.4
weibo,hgb_attributes,0.25,0.4,random,3,0.0,0.0,0.0,0.0,825.8,1375.8
weibo,hgb_attributes,0.25,0.4,random,4,0.0,0.0,0.0,0.0,806.0,1342.4
weibo,hgb_attributes,0.25,0.4,random,5,0.00256,0.00045000000000000004,0.1,0.004,803.0,1337.8
weibo,hgb_attributes,0.25,0.4,random,6,0.0023703703703703703,0.0005641025641025641,0.10800000000000001,0.004,820.6,1366.8
weibo,hgb_attributes,0.25,0.4,random,7,0.0,0.0,0.0,0.0,809.2,1347.6
weibo,hgb_attributes,0.25,0.4,random,8,0.0,0.0,0.0,0.0,826.0,1375.8
weibo,hgb_attributes,0.25,0.4,random,9,0.0,0.0,0.0,0.0,791.0,1317.6
weibo,hgb_attributes,0.25,0.6,exposure,0,0.3759685244915377,0.18885000000000002,45.284,0.576,542.2,1354.8
weibo,hgb_attributes,0.25,0.6,exposure,1,0.4283612476295044,0.1287179487179487,30.032,0.6519999999999999,545.8,1363.4
weibo,hgb_attributes,0.25,0.6,exposure,2,0.5288888592782038,0.2963076923076923,71.568,0.776,548.2,1369.4
weibo,hgb_attributes,0.25,0.6,exposure,3,0.435053650571888,0.22999999999999998,55.739999999999995,0.6519999999999999,550.8,1375.8
weibo,hgb_attributes,0.25,0.6,exposure,4,0.5546135977584383,0.26716883116883117,68.488,0.792,537.4,1342.4
weibo,hgb_attributes,0.25,0.6,exposure,5,0.40017477288781783,0.23555,55.08,0.612,535.4,1337.8
weibo,hgb_attributes,0.25,0.6,exposure,6,0.3219715736473687,0.16548717948717948,38.096000000000004,0.496,547.0,1366.8
weibo,hgb_attributes,0.25,0.6,exposure,7,0.24128868054611483,0.08969999999999999,22.544,0.36,539.4,1347.6
weibo,hgb_attributes,0.25,0.6,exposure,8,0.5430603722461489,0.27896103896103897,66.064,0.8160000000000001,550.8,1375.8
weibo,hgb_attributes,0.25,0.6,exposure,9,0.4500642167202754,0.2498974358974359,58.160000000000004,0.6799999999999999,527.6,1317.6
weibo,hgb_attributes,0.25,0.6,random,0,0.0,0.0,0.0,0.0,542.2,1354.8
weibo,hgb_attributes,0.25,0.6,random,1,0.0,0.0,0.0,0.0,545.8,1363.4
weibo,hgb_attributes,0.25,0.6,random,2,0.0,0.0,0.0,0.0,548.2,1369.4
weibo,hgb_attributes,0.25,0.6,random,3,0.0,0.0,0.0,0.0,550.8,1375.8
weibo,hgb_attributes,0.25,0.6,random,4,0.003076923076923077,0.00046753246753246754,0.156,0.004,537.4,1342.4
weibo,hgb_attributes,0.25,0.6,random,5,0.0,0.0,0.0,0.0,535.4,1337.8
weibo,hgb_attributes,0.25,0.6,random,6,0.004667826086956522,0.002051282051282051,0.384,0.008,547.0,1366.8
weibo,hgb_attributes,0.25,0.6,random,7,0.0,0.0,0.0,0.0,539.4,1347.6
weibo,hgb_attributes,0.25,0.6,random,8,0.0,0.0,0.0,0.0,550.8,1375.8
weibo,hgb_attributes,0.25,0.6,random,9,0.0,0.0,0.0,0.0,527.6,1317.6
weibo,hgb_attributes,0.25,0.8,exposure,0,0.2278673717041922,0.1389,35.0,0.336,271.4,1354.8
weibo,hgb_attributes,0.25,0.8,exposure,1,0.0805574051842335,0.033846153846153845,10.544,0.10800000000000001,273.2,1363.4
weibo,hgb_attributes,0.25,0.8,exposure,2,0.34469424021718265,0.257025641025641,62.128,0.512,274.4,1369.4
weibo,hgb_attributes,0.25,0.8,exposure,3,0.34359673919631206,0.18525,45.18,0.512,275.6,1375.8
weibo,hgb_attributes,0.25,0.8,exposure,4,0.38556608443582363,0.21844155844155838,56.8,0.5519999999999999,269.0,1342.4
weibo,hgb_attributes,0.25,0.8,exposure,5,0.26589975609625094,0.17545,42.06,0.404,268.0,1337.8
weibo,hgb_attributes,0.25,0.8,exposure,6,0.18303036751780283,0.11158974358974358,27.932,0.268,273.8,1366.8
weibo,hgb_attributes,0.25,0.8,exposure,7,0.14183370940434137,0.06815,18.744,0.2,270.0,1347.6
weibo,hgb_attributes,0.25,0.8,exposure,8,0.32724062062413123,0.18675324675324673,47.507999999999996,0.472,275.8,1375.8
weibo,hgb_attributes,0.25,0.8,exposure,9,0.3797607107356294,0.21984615384615386,52.36,0.5680000000000001,264.0,1317.6
weibo,hgb_attributes,0.25,0.8,random,0,0.002958904109589041,0.00095,0.292,0.004,271.4,1354.8
weibo,hgb_attributes,0.25,0.8,random,1,0.006057142857142856,0.0017435897435897434,0.5599999999999999,0.008,273.2,1363.4
weibo,hgb_attributes,0.25,0.8,random,2,0.0030499999999999998,0.0009743589743589744,0.32,0.004,274.4,1369.4
weibo,hgb_attributes,0.25,0.8,random,3,0.0,0.0,0.0,0.0,275.6,1375.8
weibo,hgb_attributes,0.25,0.8,random,4,0.0,0.0,0.0,0.0,269.0,1342.4
weibo,hgb_attributes,0.25,0.8,random,5,0.0,0.0,0.0,0.0,268.0,1337.8
weibo,hgb_attributes,0.25,0.8,random,6,0.0,0.0,0.0,0.0,273.8,1366.8
weibo,hgb_attributes,0.25,0.8,random,7,0.0,0.0,0.0,0.0,270.0,1347.6
weibo,hgb_attributes,0.25,0.8,random,8,0.0,0.0,0.0,0.0,275.8,1375.8
weibo,hgb_attributes,0.25,0.8,random,9,0.0,0.0,0.0,0.0,264.0,1317.6
weibo,hgb_attributes,0.25,0.9,exposure,0,0.07866029561547341,0.07245,20.008,0.11200000000000002,136.0,1354.8
weibo,hgb_attributes,0.25,0.9,exposure,1,0.03717211622514151,0.025948717948717948,8.984,0.048,136.6,1363.4
weibo,hgb_attributes,0.25,0.9,exposure,2,0.1859159717895498,0.19082051282051282,49.903999999999996,0.26799999999999996,137.6,1369.4
weibo,hgb_attributes,0.25,0.9,exposure,3,0.050672938809275335,0.04305,11.767999999999999,0.07200000000000001,138.0,1375.8
weibo,hgb_attributes,0.25,0.9,exposure,4,0.10047246116526912,0.07496103896103896,22.164,0.136,134.8,1342.4
weibo,hgb_attributes,0.25,0.9,exposure,5,0.05498392426993013,0.04985,14.712,0.076,134.2,1337.8
weibo,hgb_attributes,0.25,0.9,exposure,6,0.08954731877302544,0.07912820512820513,22.804,0.124,137.0,1366.8
weibo,hgb_attributes,0.25,0.9,exposure,7,0.056829634447404145,0.046799999999999994,12.963999999999999,0.08,135.4,1347.6
weibo,hgb_attributes,0.25,0.9,exposure,8,0.10993065508750618,0.08675324675324675,24.228,0.152,138.2,1375.8
weibo,hgb_attributes,0.25,0.9,exposure,9,0.057491460784954165,0.05241025641025641,14.764,0.08,132.0,1317.6
weibo,hgb_attributes,0.25,0.9,random,0,0.0,0.0,0.0,0.0,136.0,1354.8
weibo,hgb_attributes,0.25,0.9,random,1,0.0031172413793103446,0.001641025641025641,0.58,0.004,136.6,1363.4
weibo,hgb_attributes,0.25,0.9,random,2,0.0,0.0,0.0,0.0,137.6,1369.4
weibo,hgb_attributes,0.25,0.9,random,3,0.0,0.0,0.0,0.0,138.0,1375.8
weibo,hgb_attributes,0.25,0.9,random,4,0.0,0.0,0.0,0.0,134.8,1342.4
weibo,hgb_attributes,0.25,0.9,random,5,0.0,0.0,0.0,0.0,134.2,1337.8
weibo,hgb_attributes,0.25,0.9,random,6,0.0,0.0,0.0,0.0,137.0,1366.8
weibo,hgb_attributes,0.25,0.9,random,7,0.0,0.0,0.0,0.0,135.4,1347.6
weibo,hgb_attributes,0.25,0.9,random,8,0.0,0.0,0.0,0.0,138.2,1375.8
weibo,hgb_attributes,0.25,0.9,random,9,0.0,0.0,0.0,0.0,132.0,1317.6
weibo,hgb_attributes,0.25,0.97,exposure,0,0.0032941176470588232,0.0039,1.768,0.004,41.0,1354.8
weibo,hgb_attributes,0.25,0.97,exposure,1,0.0,0.0,0.0,0.0,41.4,1363.4
weibo,hgb_attributes,0.25,0.97,exposure,2,0.0,0.0,0.0,0.0,41.6,1369.4
weibo,hgb_attributes,0.25,0.97,exposure,3,0.0,0.0,0.0,0.0,41.8,1375.8
weibo,hgb_attributes,0.25,0.97,exposure,4,0.0033859275053304905,0.0037402597402597403,1.8760000000000001,0.004,40.8,1342.4
weibo,hgb_attributes,0.25,0.97,exposure,5,0.0033951612903225805,0.00375,1.984,0.004,40.6,1337.8
weibo,hgb_attributes,0.25,0.97,exposure,6,0.003416822429906542,0.004,2.1399999999999997,0.004,41.8,1366.8
weibo,hgb_attributes,0.25,0.97,exposure,7,0.0,0.0,0.0,0.0,41.0,1347.6
weibo,hgb_attributes,0.25,0.97,exposure,8,0.0,0.0,0.0,0.0,41.8,1375.8
weibo,hgb_attributes,0.25,0.97,exposure,9,0.0033801652892561985,0.0038461538461538464,1.936,0.004,40.2,1317.6
weibo,hgb_attributes,0.25,0.97,random,0,0.0,0.0,0.0,0.0,41.0,1354.8
weibo,hgb_attributes,0.25,0.97,random,1,0.0,0.0,0.0,0.0,41.4,1363.4
weibo,hgb_attributes,0.25,0.97,random,2,0.0,0.0,0.0,0.0,41.6,1369.4
weibo,hgb_attributes,0.25,0.97,random,3,0.0,0.0,0.0,0.0,41.8,1375.8
weibo,hgb_attributes,0.25,0.97,random,4,0.0,0.0,0.0,0.0,40.8,1342.4
weibo,hgb_attributes,0.25,0.97,random,5,0.0,0.0,0.0,0.0,40.6,1337.8
weibo,hgb_attributes,0.25,0.97,random,6,0.0,0.0,0.0,0.0,41.8,1366.8
weibo,hgb_attributes,0.25,0.97,random,7,0.0,0.0,0.0,0.0,41.0,1347.6
weibo,hgb_attributes,0.25,0.97,random,8,0.0,0.0,0.0,0.0,41.8,1375.8
weibo,hgb_attributes,0.25,0.97,random,9,0.0,0.0,0.0,0.0,40.2,1317.6
weibo,hgb_attributes,0.5,0.0,exposure,0,0.0,0.0,0.0,0.0,2746.4,2746.4
weibo,hgb_attributes,0.5,0.0,exposure,1,0.0,0.0,0.0,0.0,2736.2,2736.2
weibo,hgb_attributes,0.5,0.0,exposure,2,0.0,0.0,0.0,0.0,2757.6,2757.6
weibo,hgb_attributes,0.5,0.0,exposure,3,0.0,0.0,0.0,0.0,2733.8,2733.8
weibo,hgb_attributes,0.5,0.0,exposure,4,0.12727272727272726,0.010389610389610391,2.2,0.2,2699.4,2699.4
weibo,hgb_attributes,0.5,0.0,exposure,5,0.0,0.0,0.0,0.0,2676.8,2676.8
weibo,hgb_attributes,0.5,0.0,exposure,6,0.0,0.0,0.0,0.0,2738.2,2738.2
weibo,hgb_attributes,0.5,0.0,exposure,7,0.0,0.0,0.0,0.0,2711.2,2711.2
weibo,hgb_attributes,0.5,0.0,exposure,8,0.0,0.0,0.0,0.0,2728.6,2728.6
weibo,hgb_attributes,0.5,0.0,exposure,9,0.0,0.0,0.0,0.0,2687.4,2687.4
weibo,hgb_attributes,0.5,0.0,random,0,0.0,0.0,0.0,0.0,2746.4,2746.4
weibo,hgb_attributes,0.5,0.0,random,1,0.0,0.0,0.0,0.0,2736.2,2736.2
weibo,hgb_attributes,0.5,0.0,random,2,0.0,0.0,0.0,0.0,2757.6,2757.6
weibo,hgb_attributes,0.5,0.0,random,3,0.0,0.0,0.0,0.0,2733.8,2733.8
weibo,hgb_attributes,0.5,0.0,random,4,0.12727272727272726,0.010389610389610391,2.2,0.2,2699.4,2699.4
weibo,hgb_attributes,0.5,0.0,random,5,0.0,0.0,0.0,0.0,2676.8,2676.8
weibo,hgb_attributes,0.5,0.0,random,6,0.0,0.0,0.0,0.0,2738.2,2738.2
weibo,hgb_attributes,0.5,0.0,random,7,0.0,0.0,0.0,0.0,2711.2,2711.2
weibo,hgb_attributes,0.5,0.0,random,8,0.0,0.0,0.0,0.0,2728.6,2728.6
weibo,hgb_attributes,0.5,0.0,random,9,0.0,0.0,0.0,0.0,2687.4,2687.4
weibo,hgb_attributes,0.5,0.05,exposure,0,0.14666666666666667,0.009999999999999998,3.0,0.2,2609.6,2746.4
weibo,hgb_attributes,0.5,0.05,exposure,1,0.6173038150932888,0.11097435897435895,23.368000000000002,1.0,2600.0,2736.2
weibo,hgb_attributes,0.5,0.05,exposure,2,0.40149120234604113,0.025538461538461538,9.440000000000001,0.508,2620.2,2757.6
weibo,hgb_attributes,0.5,0.05,exposure,3,0.6058397683397684,0.14500000000000002,31.2,1.0,2597.6,2733.8
weibo,hgb_attributes,0.5,0.05,exposure,4,0.27509881422924903,0.025974025974025976,6.8,0.4,2565.0,2699.4
weibo,hgb_attributes,0.5,0.05,exposure,5,0.659343896713615,0.1625,37.2,1.0,2543.6,2676.8
weibo,hgb_attributes,0.5,0.05,exposure,6,0.5032923721980325,0.10882051282051282,23.308,0.8,2601.8,2738.2
weibo,hgb_attributes,0.5,0.05,exposure,7,0.28594117647058825,0.041999999999999996,9.264,0.43599999999999994,2576.2,2711.2
weibo,hgb_attributes,0.5,0.05,exposure,8,0.5437959420289855,0.05194805194805195,13.288,0.8,2592.6,2728.6
weibo,hgb_attributes,0.5,0.05,exposure,9,0.20236363636363636,0.011897435897435894,3.904,0.264,2553.6,2687.4
weibo,hgb_attributes,0.5,0.05,random,0,0.0,0.0,0.0,0.0,2609.6,2746.4
weibo,hgb_attributes,0.5,0.05,random,1,0.0,0.0,0.0,0.0,2600.0,2736.2
weibo,hgb_attributes,0.5,0.05,random,2,0.0,0.0,0.0,0.0,2620.2,2757.6
weibo,hgb_attributes,0.5,0.05,random,3,0.0,0.0,0.0,0.0,2597.6,2733.8
weibo,hgb_attributes,0.5,0.05,random,4,0.12727272727272726,0.010389610389610391,2.2,0.2,2565.0,2699.4
weibo,hgb_attributes,0.5,0.05,random,5,0.0,0.0,0.0,0.0,2543.6,2676.8
weibo,hgb_attributes,0.5,0.05,random,6,0.0,0.0,0.0,0.0,2601.8,2738.2
weibo,hgb_attributes,0.5,0.05,random,7,0.0,0.0,0.0,0.0,2576.2,2711.2
weibo,hgb_attributes,0.5,0.05,random,8,0.0,0.0,0.0,0.0,2592.6,2728.6
weibo,hgb_attributes,0.5,0.05,random,9,0.0,0.0,0.0,0.0,2553.6,2687.4
weibo,hgb_attributes,0.5,0.1,exposure,0,0.6740104697256657,0.3875,95.2,1.0,2472.2,2746.4
weibo,hgb_attributes,0.5,0.1,exposure,1,0.6371182306066027,0.18717948717948718,41.4,1.0,2463.2,2736.2
weibo,hgb_attributes,0.5,0.1,exposure,2,0.6849553568734403,0.38974358974358975,95.4,1.0,2482.2,2757.6
weibo,hgb_attributes,0.5,0.1,exposure,3,0.6584754213700963,0.41500000000000004,96.6,1.0,2461.0,2733.8
weibo,hgb_attributes,0.5,0.1,exposure,4,0.6925306062986707,0.34545454545454546,86.8,1.0,2430.0,2699.4
weibo,hgb_attributes,0.5,0.1,exposure,5,0.63034315475984,0.40499999999999997,88.4,1.0,2409.4,2676.8
weibo,hgb_attributes,0.5,0.1,exposure,6,0.5930848861283644,0.3051282051282051,61.8,1.0,2464.8,2738.2
weibo,hgb_attributes,0.5,0.1,exposure,7,0.656811672370183,0.17250000000000001,43.0,1.0,2440.6,2711.2
weibo,hgb_attributes,0.5,0.1,exposure,8,0.6812256873324509,0.34025974025974026,80.916,1.0,2456.0,2728.6
weibo,hgb_attributes,0.5,0.1,exposure,9,0.6603840879814952,0.37435897435897436,85.8,1.0,2419.2,2687.4
weibo,hgb_attributes,0.5,0.1,random,0,0.0,0.0,0.0,0.0,2472.2,2746.4
weibo,hgb_attributes,0.5,0.1,random,1,0.0,0.0,0.0,0.0,2463.2,2736.2
weibo,hgb_attributes,0.5,0.1,random,2,0.0,0.0,0.0,0.0,2482.2,2757.6
weibo,hgb_attributes,0.5,0.1,random,3,0.0,0.0,0.0,0.0,2461.0,2733.8
weibo,hgb_attributes,0.5,0.1,random,4,0.12727272727272726,0.010389610389610391,2.2,0.2,2430.0,2699.4
weibo,hgb_attributes,0.5,0.1,random,5,0.0,0.0,0.0,0.0,2409.4,2676.8
weibo,hgb_attributes,0.5,0.1,random,6,0.0,0.0,0.0,0.0,2464.8,2738.2
weibo,hgb_attributes,0.5,0.1,random,7,0.0,0.0,0.0,0.0,2440.6,2711.2
weibo,hgb_attributes,0.5,0.1,random,8,0.0,0.0,0.0,0.0,2456.0,2728.6
weibo,hgb_attributes,0.5,0.1,random,9,0.0,0.0,0.0,0.0,2419.2,2687.4
weibo,hgb_attributes,0.5,0.2,exposure,0,0.669441316495404,0.36530000000000007,89.56,1.0,2197.6,2746.4
weibo,hgb_attributes,0.5,0.2,exposure,1,0.6400818491698168,0.18753846153846152,41.836,1.0,2189.2,2736.2
weibo,hgb_attributes,0.5,0.2,exposure,2,0.6752320886557339,0.4025641025641026,96.6,1.0,2206.4,2757.6
weibo,hgb_attributes,0.5,0.2,exposure,3,0.6537789108375813,0.425,97.212,1.0,2187.6,2733.8
weibo,hgb_attributes,0.5,0.2,exposure,4,0.6919522886212098,0.3510649350649351,87.664,1.0,2159.8,2699.4
weibo,hgb_attributes,0.5,0.2,exposure,5,0.6297309621523027,0.40249999999999997,87.6,1.0,2141.6,2676.8
weibo,hgb_attributes,0.5,0.2,exposure,6,0.5937166108642035,0.30041025641025637,60.9,1.0,2190.8,2738.2
weibo,hgb_attributes,0.5,0.2,exposure,7,0.6452852855978434,0.17905,42.760000000000005,1.0,2169.2,2711.2
weibo,hgb_attributes,0.5,0.2,exposure,8,0.6860266580047674,0.38961038961038963,94.8,1.0,2183.0,2728.6
weibo,hgb_attributes,0.5,0.2,exposure,9,0.6648864486430378,0.3793333333333333,87.904,1.0,2150.4,2687.4
weibo,hgb_attributes,0.5,0.2,random,0,0.0,0.0,0.0,0.0,2197.6,2746.4
weibo,hgb_attributes,0.5,0.2,random,1,0.0025454545454545456,0.00020512820512820512,0.044,0.004,2189.2,2736.2
weibo,hgb_attributes,0.5,0.2,random,2,0.0,0.0,0.0,0.0,2206.4,2757.6
weibo,hgb_attributes,0.5,0.2,random,3,0.0,0.0,0.0,0.0,2187.6,2733.8
weibo,hgb_attributes,0.5,0.2,random,4,0.12727272727272726,0.010389610389610391,2.2,0.2,2159.8,2699.4
weibo,hgb_attributes,0.5,0.2,random,5,0.0,0.0,0.0,0.0,2141.6,2676.8
weibo,hgb_attributes,0.5,0.2,random,6,0.0017777777777777779,0.00025641025641025636,0.036,0.004,2190.8,2738.2
weibo,hgb_attributes,0.5,0.2,random,7,0.0,0.0,0.0,0.0,2169.2,2711.2
weibo,hgb_attributes,0.5,0.2,random,8,0.0,0.0,0.0,0.0,2183.0,2728.6
weibo,hgb_attributes,0.5,0.2,random,9,0.0,0.0,0.0,0.0,2150.4,2687.4
weibo,hgb_attributes,0.5,0.4,exposure,0,0.6006202559060358,0.33144999999999997,81.416,0.9,1648.4,2746.4
weibo,hgb_attributes,0.5,0.4,exposure,1,0.6449209013484675,0.1828205128205128,41.428000000000004,1.0,1642.0,2736.2
weibo,hgb_attributes,0.5,0.4,exposure,2,0.6836646592460461,0.396051282051282,96.124,1.0,1655.0,2757.6
weibo,hgb_attributes,0.5,0.4,exposure,3,0.6581505645940243,0.42524999999999996,98.94,1.0,1640.8,2733.8
weibo,hgb_attributes,0.5,0.4,exposure,4,0.6940899843322421,0.3444155844155844,87.116,1.0,1620.0,2699.4
weibo,hgb_attributes,0.5,0.4,exposure,5,0.6359512489316914,0.40869999999999995,90.652,1.0,1606.2,2676.8
weibo,hgb_attributes,0.5,0.4,exposure,6,0.5999033972830538,0.2752307692307692,57.472,1.0,1643.2,2738.2
weibo,hgb_attributes,0.5,0.4,exposure,7,0.642177560761058,0.17575,42.052,1.0,1627.0,2711.2
weibo,hgb_attributes,0.5,0.4,exposure,8,0.6943406310788762,0.3931428571428571,98.28,1.0,1637.2,2728.6
weibo,hgb_attributes,0.5,0.4,exposure,9,0.6658985878184497,0.3732820512820513,86.99600000000001,1.0,1613.0,2687.4
weibo,hgb_attributes,0.5,0.4,random,0,0.0,0.0,0.0,0.0,1648.4,2746.4
weibo,hgb_attributes,0.5,0.4,random,1,0.004,0.0006153846153846154,0.096,0.008,1642.0,2736.2
weibo,hgb_attributes,0.5,0.4,random,2,0.0,0.0,0.0,0.0,1655.0,2757.6
weibo,hgb_attributes,0.5,0.4,random,3,0.0,0.0,0.0,0.0,1640.8,2733.8
weibo,hgb_attributes,0.5,0.4,random,4,0.005538461538461539,0.0004155844155844156,0.10400000000000001,0.008,1620.0,2699.4
weibo,hgb_attributes,0.5,0.4,random,5,0.0,0.0,0.0,0.0,1606.2,2676.8
weibo,hgb_attributes,0.5,0.4,random,6,0.0023636363636363638,0.0004615384615384616,0.088,0.004,1643.2,2738.2
weibo,hgb_attributes,0.5,0.4,random,7,0.0,0.0,0.0,0.0,1627.0,2711.2
weibo,hgb_attributes,0.5,0.4,random,8,0.0,0.0,0.0,0.0,1637.2,2728.6
weibo,hgb_attributes,0.5,0.4,random,9,0.005880341880341881,0.00041025641025641023,0.124,0.008,1613.0,2687.4
weibo,hgb_attributes,0.5,0.6,exposure,0,0.5343521590938052,0.30515,74.228,0.8039999999999999,1099.0,2746.4
weibo,hgb_attributes,0.5,0.6,exposure,1,0.644074921916533,0.17646153846153845,40.704,1.0,1094.8,2736.2
weibo,hgb_attributes,0.5,0.6,exposure,2,0.6782437529236572,0.39702564102564103,96.012,0.992,1103.6,2757.6
weibo,hgb_attributes,0.5,0.6,exposure,3,0.6578861721620063,0.42035,98.048,1.0,1094.0,2733.8
weibo,hgb_attributes,0.5,0.6,exposure,4,0.6818002138416823,0.33412987012987017,85.10799999999999,0.9800000000000001,1080.0,2699.4
weibo,hgb_attributes,0.5,0.6,exposure,5,0.6372055378066533,0.4027,89.78399999999999,1.0,1070.8,2676.8
weibo,hgb_attributes,0.5,0.6,exposure,6,0.5390608408697277,0.2494871794871795,54.32000000000001,0.868,1095.4,2738.2
weibo,hgb_attributes,0.5,0.6,exposure,7,0.637623244218513,0.17124999999999999,40.56,1.0,1084.8,2711.2
weibo,hgb_attributes,0.5,0.6,exposure,8,0.6835224334591836,0.3808831168831168,94.992,0.9879999999999999,1091.6,2728.6
weibo,hgb_attributes,0.5,0.6,exposure,9,0.6403446396456125,0.35220512820512817,82.592,0.96,1075.4,2687.4
weibo,hgb_attributes,0.5,0.6,random,0,0.0,0.0,0.0,0.0,1099.0,2746.4
weibo,hgb_attributes,0.5,0.6,random,1,0.0,0.0,0.0,0.0,1094.8,2736.2
weibo,hgb_attributes,0.5,0.6,random,2,0.0,0.0,0.0,0.0,1103.6,2757.6
weibo,hgb_attributes,0.5,0.6,random,3,0.0,0.0,0.0,0.0,1094.0,2733.8
weibo,hgb_attributes,0.5,0.6,random,4,0.002857142857142857,0.0003116883116883117,0.08399999999999999,0.004,1080.0,2699.4
weibo,hgb_attributes,0.5,0.6,random,5,0.005818181818181818,0.0006000000000000001,0.176,0.008,1070.8,2676.8
weibo,hgb_attributes,0.5,0.6,random,6,0.01646076323879527,0.002923076923076923,0.5519999999999999,0.028000000000000004,1095.4,2738.2
weibo,hgb_attributes,0.5,0.6,random,7,0.0,0.0,0.0,0.0,1084.8,2711.2
weibo,hgb_attributes,0.5,0.6,random,8,0.0,0.0,0.0,0.0,1091.6,2728.6
weibo,hgb_attributes,0.5,0.6,random,9,0.003,0.0004615384615384616,0.144,0.004,1075.4,2687.4
weibo,hgb_attributes,0.5,0.8,exposure,0,0.4805098037093689,0.2878,70.664,0.72,549.8,2746.4
weibo,hgb_attributes,0.5,0.8,exposure,1,0.40971589956988863,0.126,30.76,0.612,547.6,2736.2
weibo,hgb_attributes,0.5,0.8,exposure,2,0.5719806822858067,0.3812820512820513,93.96000000000001,0.836,552.2,2757.6
weibo,hgb_attributes,0.5,0.8,exposure,3,0.6436653226661045,0.4011,94.00399999999999,0.9800000000000001,547.2,2733.8
weibo,hgb_attributes,0.5,0.8,exposure,4,0.6231151943883425,0.3027012987012987,79.14,0.8880000000000001,540.2,2699.4
weibo,hgb_attributes,0.5,0.8,exposure,5,0.5831413247390056,0.34355,78.624,0.9039999999999999,535.4,2676.8
weibo,hgb_attributes,0.5,0.8,exposure,6,0.4009390545174762,0.2197435897435897,50.467999999999996,0.624,547.8,2738.2
weibo,hgb_attributes,0.5,0.8,exposure,7,0.28895873162551633,0.11700000000000002,31.016,0.42000000000000004,542.6,2711.2
weibo,hgb_attributes,0.5,0.8,exposure,8,0.5906782178206241,0.32529870129870125,80.804,0.8640000000000001,545.8,2728.6
weibo,hgb_attributes,0.5,0.8,exposure,9,0.5337097827293646,0.308,72.736,0.8,538.0,2687.4
weibo,hgb_attributes,0.5,0.8,random,0,0.0,0.0,0.0,0.0,549.8,2746.4
weibo,hgb_attributes,0.5,0.8,random,1,0.005625324338349767,0.0013333333333333333,0.352,0.008,547.6,2736.2
weibo,hgb_attributes,0.5,0.8,random,2,0.0,0.0,0.0,0.0,552.2,2757.6
weibo,hgb_attributes,0.5,0.8,random,3,0.0,0.0,0.0,0.0,547.2,2733.8
weibo,hgb_attributes,0.5,0.8,random,4,0.0,0.0,0.0,0.0,540.2,2699.4
weibo,hgb_attributes,0.5,0.8,random,5,0.0058078078078078075,0.001,0.292,0.008,535.4,2676.8
weibo,hgb_attributes,0.5,0.8,random,6,0.0024615384615384616,0.0007692307692307692,0.156,0.004,547.8,2738.2
weibo,hgb_attributes,0.5,0.8,random,7,0.0,0.0,0.0,0.0,542.6,2711.2
weibo,hgb_attributes,0.5,0.8,random,8,0.007549999999999999,0.0022337662337662337,0.472,0.012,545.8,2728.6
weibo,hgb_attributes,0.5,0.8,random,9,0.0054761904761904765,0.001282051282051282,0.312,0.008,538.0,2687.4
weibo,hgb_attributes,0.5,0.9,exposure,0,0.38453875361711315,0.25105,62.98,0.568,275.2,2746.4
weibo,hgb_attributes,0.5,0.9,exposure,1,0.1403432711674911,0.06405128205128205,20.036,0.188,274.0,2736.2
weibo,hgb_attributes,0.5,0.9,exposure,2,0.4168800350552864,0.3171794871794872,79.444,0.608,276.4,2757.6
weibo,hgb_attributes,0.5,0.9,exposure,3,0.49547414297734094,0.3197,76.336,0.748,273.8,2733.8
weibo,hgb_attributes,0.5,0.9,exposure,4,0.33476540700005025,0.20644155844155843,56.331999999999994,0.472,270.4,2699.4
weibo,hgb_attributes,0.5,0.9,exposure,5,0.3150732401540255,0.21325,49.844,0.484,268.0,2676.8
weibo,hgb_attributes,0.5,0.9,exposure,6,0.24148773626813128,0.15143589743589744,37.868,0.356,274.0,2738.2
weibo,hgb_attributes,0.5,0.9,exposure,7,0.14202813407594456,0.07415000000000001,20.607999999999997,0.2,271.4,2711.2
weibo,hgb_attributes,0.5,0.9,exposure,8,0.3810413769760343,0.24187012987012987,61.172000000000004,0.552,273.2,2728.6
weibo,hgb_attributes,0.5,0.9,exposure,9,0.3849986982499749,0.24958974358974356,60.660000000000004,0.5720000000000001,269.2,2687.4
weibo,hgb_attributes,0.5,0.9,random,0,0.0,0.0,0.0,0.0,275.2,2746.4
weibo,hgb_attributes,0.5,0.9,random,1,0.0,0.0,0.0,0.0,274.0,2736.2
weibo,hgb_attributes,0.5,0.9,random,2,0.002870588235294118,0.0012307692307692308,0.33999999999999997,0.004,276.4,2757.6
weibo,hgb_attributes,0.5,0.9,random,3,0.0,0.0,0.0,0.0,273.8,2733.8
weibo,hgb_attributes,0.5,0.9,random,4,0.0,0.0,0.0,0.0,270.4,2699.4
weibo,hgb_attributes,0.5,0.9,random,5,0.0,0.0,0.0,0.0,268.0,2676.8
weibo,hgb_attributes,0.5,0.9,random,6,0.0,0.0,0.0,0.0,274.0,2738.2
weibo,hgb_attributes,0.5,0.9,random,7,0.002909090909090909,0.0012000000000000001,0.352,0.004,271.4,2711.2
weibo,hgb_attributes,0.5,0.9,random,8,0.0,0.0,0.0,0.0,273.2,2728.6
weibo,hgb_attributes,0.5,0.9,random,9,0.0,0.0,0.0,0.0,269.2,2687.4
weibo,hgb_attributes,0.5,0.97,exposure,0,0.04807131344967826,0.04995,16.316,0.064,83.0,2746.4
weibo,hgb_attributes,0.5,0.97,exposure,1,0.028901513455034923,0.021897435897435896,8.66,0.036,82.8,2736.2
weibo,hgb_attributes,0.5,0.97,exposure,2,0.08020229810079181,0.09215384615384614,28.22,0.10800000000000001,83.2,2757.6
weibo,hgb_attributes,0.5,0.97,exposure,3,0.015126903331478495,0.0155,5.144,0.02,82.6,2733.8
weibo,hgb_attributes,0.5,0.97,exposure,4,0.02803768749496053,0.027844155844155845,9.724,0.036,81.6,2699.4
weibo,hgb_attributes,0.5,0.97,exposure,5,0.01838709951519285,0.017849999999999998,6.127999999999999,0.024,81.0,2676.8
weibo,hgb_attributes,0.5,0.97,exposure,6,0.021625847286001188,0.023333333333333334,8.08,0.028000000000000004,82.6,2738.2
weibo,hgb_attributes,0.5,0.97,exposure,7,0.009145205049932199,0.00935,3.148,0.012,82.0,2711.2
weibo,hgb_attributes,0.5,0.97,exposure,8,0.0397633177311867,0.040883116883116875,13.62,0.052000000000000005,82.2,2728.6
weibo,hgb_attributes,0.5,0.97,exposure,9,0.03355602863108696,0.036974358974358974,12.203999999999999,0.044,81.2,2687.4
weibo,hgb_attributes,0.5,0.97,random,0,0.0,0.0,0.0,0.0,83.0,2746.4
weibo,hgb_attributes,0.5,0.97,random,1,0.0,0.0,0.0,0.0,82.8,2736.2
weibo,hgb_attributes,0.5,0.97,random,2,0.0,0.0,0.0,0.0,83.2,2757.6
weibo,hgb_attributes,0.5,0.97,random,3,0.0,0.0,0.0,0.0,82.6,2733.8
weibo,hgb_attributes,0.5,0.97,random,4,0.0,0.0,0.0,0.0,81.6,2699.4
weibo,hgb_attributes,0.5,0.97,random,5,0.00310204081632653,0.00275,0.9800000000000001,0.004,81.0,2676.8
weibo,hgb_attributes,0.5,0.97,random,6,0.0,0.0,0.0,0.0,82.6,2738.2
weibo,hgb_attributes,0.5,0.97,random,7,0.0,0.0,0.0,0.0,82.0,2711.2
weibo,hgb_attributes,0.5,0.97,random,8,0.0,0.0,0.0,0.0,82.2,2728.6
weibo,hgb_attributes,0.5,0.97,random,9,0.0,0.0,0.0,0.0,81.2,2687.4
weibo,hgb_attributes,1.0,0.0,exposure,0,0.15,0.0024999999999999996,0.8,0.2,5433.0,5433.0
weibo,hgb_attributes,1.0,0.0,exposure,1,0.0,0.0,0.0,0.0,5440.0,5440.0
weibo,hgb_attributes,1.0,0.0,exposure,2,0.0,0.0,0.0,0.0,5440.0,5440.0
weibo,hgb_attributes,1.0,0.0,exposure,3,0.0,0.0,0.0,0.0,5433.0,5433.0
weibo,hgb_attributes,1.0,0.0,exposure,4,0.0,0.0,0.0,0.0,5444.0,5444.0
weibo,hgb_attributes,1.0,0.0,exposure,5,0.0,0.0,0.0,0.0,5434.0,5434.0
weibo,hgb_attributes,1.0,0.0,exposure,6,0.0,0.0,0.0,0.0,5440.0,5440.0
weibo,hgb_attributes,1.0,0.0,exposure,7,0.0,0.0,0.0,0.0,5433.0,5433.0
weibo,hgb_attributes,1.0,0.0,exposure,8,0.0,0.0,0.0,0.0,5444.0,5444.0
weibo,hgb_attributes,1.0,0.0,exposure,9,0.0,0.0,0.0,0.0,5440.0,5440.0
weibo,hgb_attributes,1.0,0.0,random,0,0.15,0.0024999999999999996,0.8,0.2,5433.0,5433.0
weibo,hgb_attributes,1.0,0.0,random,1,0.0,0.0,0.0,0.0,5440.0,5440.0
weibo,hgb_attributes,1.0,0.0,random,2,0.0,0.0,0.0,0.0,5440.0,5440.0
weibo,hgb_attributes,1.0,0.0,random,3,0.0,0.0,0.0,0.0,5433.0,5433.0
weibo,hgb_attributes,1.0,0.0,random,4,0.0,0.0,0.0,0.0,5444.0,5444.0
weibo,hgb_attributes,1.0,0.0,random,5,0.0,0.0,0.0,0.0,5434.0,5434.0
weibo,hgb_attributes,1.0,0.0,random,6,0.0,0.0,0.0,0.0,5440.0,5440.0
weibo,hgb_attributes,1.0,0.0,random,7,0.0,0.0,0.0,0.0,5433.0,5433.0
weibo,hgb_attributes,1.0,0.0,random,8,0.0,0.0,0.0,0.0,5444.0,5444.0
weibo,hgb_attributes,1.0,0.0,random,9,0.0,0.0,0.0,0.0,5440.0,5440.0
weibo,hgb_attributes,1.0,0.05,exposure,0,0.15,0.0024999999999999996,0.8,0.2,5162.0,5433.0
weibo,hgb_attributes,1.0,0.05,exposure,1,0.6101116427432216,0.10512820512820512,21.4,1.0,5168.0,5440.0
weibo,hgb_attributes,1.0,0.05,exposure,2,0.3105,0.00769230769230769,2.7359999999999998,0.4,5168.0,5440.0
weibo,hgb_attributes,1.0,0.05,exposure,3,0.6225734954135281,0.1586,34.96,1.0,5162.0,5433.0
weibo,hgb_attributes,1.0,0.05,exposure,4,0.2862876254180602,0.025974025974025976,7.2,0.4,5172.0,5444.0
weibo,hgb_attributes,1.0,0.05,exposure,5,0.6275837942478455,0.1627,35.536,1.0,5163.0,5434.0
weibo,hgb_attributes,1.0,0.05,exposure,6,0.5126852450536661,0.1282051282051282,22.14,1.0,5168.0,5440.0
weibo,hgb_attributes,1.0,0.05,exposure,7,0.5781958041958042,0.09749999999999999,18.636000000000003,1.0,5162.0,5433.0
weibo,hgb_attributes,1.0,0.05,exposure,8,0.5985507246376811,0.04488311688311688,9.788,1.0,5172.0,5444.0
weibo,hgb_attributes,1.0,0.05,exposure,9,0.2833333333333333,0.017948717948717947,4.8,0.4,5168.0,5440.0
weibo,hgb_attributes,1.0,0.05,random,0,0.15,0.0024999999999999996,0.8,0.2,5162.0,5433.0
weibo,hgb_attributes,1.0,0.05,random,1,0.0,0.0,0.0,0.0,5168.0,5440.0
weibo,hgb_attributes,1.0,0.05,random,2,0.0,0.0,0.0,0.0,5168.0,5440.0
weibo,hgb_attributes,1.0,0.05,random,3,0.0,0.0,0.0,0.0,5162.0,5433.0
weibo,hgb_attributes,1.0,0.05,random,4,0.017818181818181816,0.0014545454545454549,0.308,0.028000000000000004,5172.0,5444.0
weibo,hgb_attributes,1.0,0.05,random,5,0.016,0.0,0.064,0.016,5163.0,5434.0
weibo,hgb_attributes,1.0,0.05,random,6,0.0,0.0,0.0,0.0,5168.0,5440.0
weibo,hgb_attributes,1.0,0.05,random,7,0.0,0.0,0.0,0.0,5162.0,5433.0
weibo,hgb_attributes,1.0,0.05,random,8,0.002,0.0003116883116883117,0.032,0.008,5172.0,5444.0
weibo,hgb_attributes,1.0,0.05,random,9,0.0,0.0,0.0,0.0,5168.0,5440.0
weibo,hgb_attributes,1.0,0.1,exposure,0,0.6722732347437141,0.42749999999999994,104.6,1.0,4890.0,5433.0
weibo,hgb_attributes,1.0,0.1,exposure,1,0.6688696817698185,0.19999999999999998,48.0,1.0,4896.0,5440.0
weibo,hgb_attributes,1.0,0.1,exposure,2,0.6835145669711851,0.3528205128205128,86.67999999999999,1.0,4896.0,5440.0
weibo,hgb_attributes,1.0,0.1,exposure,3,0.6580384508854952,0.43955,102.58399999999999,1.0,4890.0,5433.0
weibo,hgb_attributes,1.0,0.1,exposure,4,0.6927771873768134,0.39148051948051943,98.28,1.0,4900.0,5444.0
weibo,hgb_attributes,1.0,0.1,exposure,5,0.6337257644107794,0.4196,92.104,1.0,4891.0,5434.0
weibo,hgb_attributes,1.0,0.1,exposure,6,0.6482932806071637,0.3435897435897436,77.0,1.0,4896.0,5440.0
weibo,hgb_attributes,1.0,0.1,exposure,7,0.6712962347571092,0.1825,44.6,1.0,4890.0,5433.0
weibo,hgb_attributes,1.0,0.1,exposure,8,0.6816468715107186,0.387012987012987,93.304,1.0,4900.0,5444.0
weibo,hgb_attributes,1.0,0.1,exposure,9,0.6705460737667006,0.37497435897435893,88.832,1.0,4896.0,5440.0
weibo,hgb_attributes,1.0,0.1,random,0,0.15,0.0024999999999999996,0.8,0.2,4890.0,5433.0
weibo,hgb_attributes,1.0,0.1,random,1,0.0,0.0,0.0,0.0,4896.0,5440.0
weibo,hgb_attributes,1.0,0.1,random,2,0.0,0.0,0.0,0.0,4896.0,5440.0
weibo,hgb_attributes,1.0,0.1,random,3,0.004200000000000001,0.0002,0.036,0.008,4890.0,5433.0
weibo,hgb_attributes,1.0,0.1,random,4,0.010545454545454545,0.0002077922077922078,0.08399999999999999,0.012,4900.0,5444.0
weibo,hgb_attributes,1.0,0.1,random,5,0.019,5e-05,0.08,0.02,4891.0,5434.0
weibo,hgb_attributes,1.0,0.1,random,6,0.002,0.00010256410256410256,0.016,0.004,4896.0,5440.0
weibo,hgb_attributes,1.0,0.1,random,7,0.0,0.0,0.0,0.0,4890.0,5433.0
weibo,hgb_attributes,1.0,0.1,random,8,0.004,0.0006233766233766234,0.064,0.016,4900.0,5444.0
weibo,hgb_attributes,1.0,0.1,random,9,0.0,0.0,0.0,0.0,4896.0,5440.0
weibo,hgb_attributes,1.0,0.2,exposure,0,0.6729653684947203,0.44800000000000006,110.048,1.0,4347.0,5433.0
weibo,hgb_attributes,1.0,0.2,exposure,1,0.6768425135357538,0.19999999999999998,49.6,1.0,4352.0,5440.0
weibo,hgb_attributes,1.0,0.2,exposure,2,0.676519409557842,0.4512820512820513,109.2,1.0,4352.0,5440.0
weibo,hgb_attributes,1.0,0.2,exposure,3,0.6555752950967453,0.45,104.0,1.0,4347.0,5433.0
weibo,hgb_attributes,1.0,0.2,exposure,4,0.7056233246843583,0.41558441558441556,108.6,1.0,4356.0,5444.0
weibo,hgb_attributes,1.0,0.2,exposure,5,0.657366810365628,0.42750000000000005,99.8,1.0,4348.0,5434.0
weibo,hgb_attributes,1.0,0.2,exposure,6,0.6574719717406478,0.3487179487179487,80.4,1.0,4352.0,5440.0
weibo,hgb_attributes,1.0,0.2,exposure,7,0.6813631422379169,0.21250000000000005,54.0,1.0,4347.0,5433.0
weibo,hgb_attributes,1.0,0.2,exposure,8,0.6867982129567095,0.3948051948051948,97.0,1.0,4356.0,5444.0
weibo,hgb_attributes,1.0,0.2,exposure,9,0.6694735519928702,0.41282051282051285,97.0,1.0,4352.0,5440.0
weibo,hgb_attributes,1.0,0.2,random,0,0.0,0.0,0.0,0.0,4347.0,5433.0
weibo,hgb_attributes,1.0,0.2,random,1,0.0,0.0,0.0,0.0,4352.0,5440.0
weibo,hgb_attributes,1.0,0.2,random,2,0.003333333333333333,5.128205128205128e-05,0.024,0.004,4352.0,5440.0
weibo,hgb_attributes,1.0,0.2,random,3,0.0032,5e-05,0.02,0.004,4347.0,5433.0
weibo,hgb_attributes,1.0,0.2,random,4,0.03563636363636364,0.0006233766233766234,0.272,0.04,4356.0,5444.0
weibo,hgb_attributes,1.0,0.2,random,5,0.02,0.0,0.1,0.02,4348.0,5434.0
weibo,hgb_attributes,1.0,0.2,random,6,0.0,0.0,0.0,0.0,4352.0,5440.0
weibo,hgb_attributes,1.0,0.2,random,7,0.0,0.0,0.0,0.0,4347.0,5433.0
weibo,hgb_attributes,1.0,0.2,random,8,0.0,0.0,0.0,0.0,4356.0,5444.0
weibo,hgb_attributes,1.0,0.2,random,9,0.0,0.0,0.0,0.0,4352.0,5440.0
weibo,hgb_attributes,1.0,0.4,exposure,0,0.6743871061313946,0.42745,105.05999999999999,1.0,3260.0,5433.0
weibo,hgb_attributes,1.0,0.4,exposure,1,0.6723189716533167,0.19784615384615384,48.148,1.0,3264.0,5440.0
weibo,hgb_attributes,1.0,0.4,exposure,2,0.6784513333579796,0.41133333333333333,99.952,1.0,3264.0,5440.0
weibo,hgb_attributes,1.0,0.4,exposure,3,0.6688244881938366,0.4664,112.73600000000002,1.0,3260.0,5433.0
weibo,hgb_attributes,1.0,0.4,exposure,4,0.6990825902932694,0.40857142857142853,104.69200000000001,1.0,3267.0,5444.0
weibo,hgb_attributes,1.0,0.4,exposure,5,0.6508211543697512,0.4247000000000001,97.512,1.0,3261.0,5434.0
weibo,hgb_attributes,1.0,0.4,exposure,6,0.645524969175008,0.34394871794871795,77.1,1.0,3264.0,5440.0
weibo,hgb_attributes,1.0,0.4,exposure,7,0.6548997056364806,0.18944999999999998,45.4,1.0,3260.0,5433.0
weibo,hgb_attributes,1.0,0.4,exposure,8,0.6966726014359836,0.42093506493506494,106.524,1.0,3267.0,5444.0
weibo,hgb_attributes,1.0,0.4,exposure,9,0.6715493816225209,0.41117948717948716,97.64000000000001,1.0,3264.0,5440.0
weibo,hgb_attributes,1.0,0.4,random,0,0.0,0.0,0.0,0.0,3260.0,5433.0
weibo,hgb_attributes,1.0,0.4,random,1,0.0,0.0,0.0,0.0,3264.0,5440.0
weibo,hgb_attributes,1.0,0.4,random,2,0.019333333333333334,0.00035897435897435894,0.144,0.024,3264.0,5440.0
weibo,hgb_attributes,1.0,0.4,random,3,0.0026666666666666666,0.0001,0.024,0.004,3260.0,5433.0
weibo,hgb_attributes,1.0,0.4,random,4,0.024779220779220776,0.0008831168831168832,0.272,0.032,3267.0,5444.0
weibo,hgb_attributes,1.0,0.4,random,5,0.0,0.0,0.0,0.0,3261.0,5434.0
weibo,hgb_attributes,1.0,0.4,random,6,0.004,0.0003076923076923077,0.048,0.008,3264.0,5440.0
weibo,hgb_attributes,1.0,0.4,random,7,0.0,0.0,0.0,0.0,3260.0,5433.0
weibo,hgb_attributes,1.0,0.4,random,8,0.0,0.0,0.0,0.0,3267.0,5444.0
weibo,hgb_attributes,1.0,0.4,random,9,0.0,0.0,0.0,0.0,3264.0,5440.0
weibo,hgb_attributes,1.0,0.6,exposure,0,0.6691123201840201,0.4223,103.444,1.0,2174.0,5433.0
weibo,hgb_attributes,1.0,0.6,exposure,1,0.673409475200615,0.19728205128205129,48.29600000000001,1.0,2176.0,5440.0
weibo,hgb_attributes,1.0,0.6,exposure,2,0.6774359045220342,0.406,98.56,1.0,2176.0,5440.0
weibo,hgb_attributes,1.0,0.6,exposure,3,0.6665681814829891,0.46525,111.93199999999999,1.0,2174.0,5433.0
weibo,hgb_attributes,1.0,0.6,exposure,4,0.701735040418554,0.4052987012987013,105.0,1.0,2178.0,5444.0
weibo,hgb_attributes,1.0,0.6,exposure,5,0.6455229254211058,0.42395000000000005,96.208,1.0,2174.0,5434.0
weibo,hgb_attributes,1.0,0.6,exposure,6,0.6389879515808785,0.34805128205128205,77.22,1.0,2176.0,5440.0
weibo,hgb_attributes,1.0,0.6,exposure,7,0.6557723752707377,0.18225,44.104,1.0,2174.0,5433.0
weibo,hgb_attributes,1.0,0.6,exposure,8,0.6976944204567331,0.40950649350649354,104.25999999999999,1.0,2178.0,5444.0
weibo,hgb_attributes,1.0,0.6,exposure,9,0.6701739298165676,0.4114871794871795,97.596,1.0,2176.0,5440.0
weibo,hgb_attributes,1.0,0.6,random,0,0.0,0.0,0.0,0.0,2174.0,5433.0
weibo,hgb_attributes,1.0,0.6,random,1,0.0,0.0,0.0,0.0,2176.0,5440.0
weibo,hgb_attributes,1.0,0.6,random,2,0.0,0.0,0.0,0.0,2176.0,5440.0
weibo,hgb_attributes,1.0,0.6,random,3,0.0,0.0,0.0,0.0,2174.0,5433.0
weibo,hgb_attributes,1.0,0.6,random,4,0.02545454545454546,0.0020779220779220775,0.44000000000000006,0.04,2178.0,5444.0
weibo,hgb_attributes,1.0,0.6,random,5,0.0,0.0,0.0,0.0,2174.0,5434.0
weibo,hgb_attributes,1.0,0.6,random,6,0.0,0.0,0.0,0.0,2176.0,5440.0
weibo,hgb_attributes,1.0,0.6,random,7,0.0,0.0,0.0,0.0,2174.0,5433.0
weibo,hgb_attributes,1.0,0.6,random,8,0.0026666666666666666,0.00015584415584415584,0.036,0.004,2178.0,5444.0
weibo,hgb_attributes,1.0,0.6,random,9,0.0,0.0,0.0,0.0,2176.0,5440.0
weibo,hgb_attributes,1.0,0.8,exposure,0,0.6562372206853032,0.41174999999999995,101.072,0.9800000000000001,1087.0,5433.0
weibo,hgb_attributes,1.0,0.8,exposure,1,0.6691023108764099,0.1947179487179487,48.275999999999996,1.0,1088.0,5440.0
weibo,hgb_attributes,1.0,0.8,exposure,2,0.6678711496628322,0.39743589743589747,96.52799999999999,0.9879999999999999,1088.0,5440.0
weibo,hgb_attributes,1.0,0.8,exposure,3,0.6653187499408475,0.45030000000000003,108.332,1.0,1087.0,5433.0
weibo,hgb_attributes,1.0,0.8,exposure,4,0.7027234776022103,0.38846753246753246,101.044,1.0,1089.0,5444.0
weibo,hgb_attributes,1.0,0.8,exposure,5,0.6432905336065813,0.4189,94.91600000000001,1.0,1087.0,5434.0
weibo,hgb_attributes,1.0,0.8,exposure,6,0.6194245631060121,0.33061538461538464,72.828,0.984,1088.0,5440.0
weibo,hgb_attributes,1.0,0.8,exposure,7,0.6425990776935058,0.18369999999999997,44.972,0.9800000000000001,1087.0,5433.0
weibo,hgb_attributes,1.0,0.8,exposure,8,0.6831526800139299,0.3855064935064935,98.596,0.9800000000000001,1089.0,5444.0
weibo,hgb_attributes,1.0,0.8,exposure,9,0.6628208384878076,0.41061538461538455,97.97999999999999,0.9879999999999999,1088.0,5440.0
weibo,hgb_attributes,1.0,0.8,random,0,0.0024000000000000002,0.0005,0.1,0.004,1087.0,5433.0
weibo,hgb_attributes,1.0,0.8,random,1,0.0023636363636363638,0.0004615384615384616,0.088,0.004,1088.0,5440.0
weibo,hgb_attributes,1.0,0.8,random,2,0.0,0.0,0.0,0.0,1088.0,5440.0
weibo,hgb_attributes,1.0,0.8,random,3,0.0026086956521739132,0.0004,0.092,0.004,1087.0,5433.0
weibo,hgb_attributes,1.0,0.8,random,4,0.0,0.0,0.0,0.0,1089.0,5444.0
weibo,hgb_attributes,1.0,0.8,random,5,0.0,0.0,0.0,0.0,1087.0,5434.0
weibo,hgb_attributes,1.0,0.8,random,6,0.0025263157894736842,0.000358974358974359,0.076,0.004,1088.0,5440.0
weibo,hgb_attributes,1.0,0.8,random,7,0.0,0.0,0.0,0.0,1087.0,5433.0
weibo,hgb_attributes,1.0,0.8,random,8,0.0,0.0,0.0,0.0,1089.0,5444.0
weibo,hgb_attributes,1.0,0.8,random,9,0.0,0.0,0.0,0.0,1088.0,5440.0
weibo,hgb_attributes,1.0,0.9,exposure,0,0.5998825846252289,0.38534999999999997,96.02799999999999,0.892,544.0,5433.0
weibo,hgb_attributes,1.0,0.9,exposure,1,0.4680901393518019,0.15733333333333333,40.844,0.6839999999999999,544.0,5440.0
weibo,hgb_attributes,1.0,0.9,exposure,2,0.5910337680639135,0.3676410256410257,90.768,0.8640000000000001,544.0,5440.0
weibo,hgb_attributes,1.0,0.9,exposure,3,0.664782359174787,0.4361499999999999,105.19200000000001,1.0,544.0,5433.0
weibo,hgb_attributes,1.0,0.9,exposure,4,0.6505746041424054,0.3443636363636363,91.128,0.9199999999999999,545.0,5444.0
weibo,hgb_attributes,1.0,0.9,exposure,5,0.6283790952285555,0.3936,90.624,0.9719999999999999,544.0,5434.0
weibo,hgb_attributes,1.0,0.9,exposure,6,0.5276696295302041,0.3087179487179487,69.684,0.836,544.0,5440.0
weibo,hgb_attributes,1.0,0.9,exposure,7,0.3044786267399272,0.1137,29.752,0.44400000000000006,544.0,5433.0
weibo,hgb_attributes,1.0,0.9,exposure,8,0.6294101156657321,0.34503896103896103,88.564,0.9039999999999999,545.0,5444.0
weibo,hgb_attributes,1.0,0.9,exposure,9,0.6361882865653953,0.3933846153846154,94.49600000000001,0.9480000000000001,544.0,5440.0
weibo,hgb_attributes,1.0,0.9,random,0,0.0,0.0,0.0,0.0,544.0,5433.0
weibo,hgb_attributes,1.0,0.9,random,1,0.002731707317073171,0.0006666666666666666,0.16399999999999998,0.004,544.0,5440.0
weibo,hgb_attributes,1.0,0.9,random,2,0.0,0.0,0.0,0.0,544.0,5440.0
weibo,hgb_attributes,1.0,0.9,random,3,0.0050099573257468,0.0014,0.3,0.008,544.0,5433.0
weibo,hgb_attributes,1.0,0.9,random,4,0.0,0.0,0.0,0.0,545.0,5444.0
weibo,hgb_attributes,1.0,0.9,random,5,0.005145299145299145,0.00135,0.3,0.008,544.0,5434.0
weibo,hgb_attributes,1.0,0.9,random,6,0.0,0.0,0.0,0.0,544.0,5440.0
weibo,hgb_attributes,1.0,0.9,random,7,0.0,0.0,0.0,0.0,544.0,5433.0
weibo,hgb_attributes,1.0,0.9,random,8,0.0024000000000000002,0.0007272727272727272,0.13999999999999999,0.004,545.0,5444.0
weibo,hgb_attributes,1.0,0.9,random,9,0.0028888888888888888,0.0007692307692307692,0.21600000000000003,0.004,544.0,5440.0
weibo,hgb_attributes,1.0,0.97,exposure,0,0.21823088061923968,0.18109999999999998,47.656,0.316,163.0,5433.0
weibo,hgb_attributes,1.0,0.97,exposure,1,0.08843961473271031,0.05405128205128205,17.976,0.11599999999999999,164.0,5440.0
weibo,hgb_attributes,1.0,0.97,exposure,2,0.23712124798356396,0.21738461538461537,55.444,0.344,164.0,5440.0
weibo,hgb_attributes,1.0,0.97,exposure,3,0.2159387890792867,0.17575000000000002,46.684000000000005,0.312,163.0,5433.0
weibo,hgb_attributes,1.0,0.97,exposure,4,0.2637036452993744,0.1868051948051948,52.70399999999999,0.364,164.0,5444.0
weibo,hgb_attributes,1.0,0.97,exposure,5,0.20583038112372548,0.1648,46.192,0.292,164.0,5434.0
weibo,hgb_attributes,1.0,0.97,exposure,6,0.18325373402135967,0.14435897435897435,38.896,0.26,164.0,5440.0
weibo,hgb_attributes,1.0,0.97,exposure,7,0.10734156017723309,0.08424999999999999,23.184,0.152,163.0,5433.0
weibo,hgb_attributes,1.0,0.97,exposure,8,0.22940687017080014,0.1725194805194805,47.36,0.32,164.0,5444.0
weibo,hgb_attributes,1.0,0.97,exposure,9,0.2720530358810228,0.2242051282051282,59.556,0.388,164.0,5440.0
weibo,hgb_attributes,1.0,0.97,random,0,0.0026774193548387095,0.0020499999999999997,0.496,0.004,163.0,5433.0
weibo,hgb_attributes,1.0,0.97,random,1,0.0,0.0,0.0,0.0,164.0,5440.0
weibo,hgb_attributes,1.0,0.97,random,2,0.0,0.0,0.0,0.0,164.0,5440.0
weibo,hgb_attributes,1.0,0.97,random,3,0.0028275862068965515,0.0017000000000000001,0.46399999999999997,0.004,163.0,5433.0
weibo,hgb_attributes,1.0,0.97,random,4,0.0,0.0,0.0,0.0,164.0,5444.0
weibo,hgb_attributes,1.0,0.97,random,5,0.0,0.0,0.0,0.0,164.0,5434.0
weibo,hgb_attributes,1.0,0.97,random,6,0.0,0.0,0.0,0.0,164.0,5440.0
weibo,hgb_attributes,1.0,0.97,random,7,0.0,0.0,0.0,0.0,163.0,5433.0
weibo,hgb_attributes,1.0,0.97,random,8,0.0026440677966101693,0.0020779220779220775,0.472,0.004,164.0,5444.0
weibo,hgb_attributes,1.0,0.97,random,9,0.0,0.0,0.0,0.0,164.0,5440.0
weibo,hgb_graph_features,0.25,0.0,exposure,0,0.0,0.0,0.0,0.0,1354.8,1354.8
weibo,hgb_graph_features,0.25,0.0,exposure,1,0.0,0.0,0.0,0.0,1363.4,1363.4
weibo,hgb_graph_features,0.25,0.0,exposure,2,0.0,0.0,0.0,0.0,1369.4,1369.4
weibo,hgb_graph_features,0.25,0.0,exposure,3,0.0,0.0,0.0,0.0,1375.8,1375.8
weibo,hgb_graph_features,0.25,0.0,exposure,4,0.0,0.0,0.0,0.0,1342.4,1342.4
weibo,hgb_graph_features,0.25,0.0,exposure,5,0.0,0.0,0.0,0.0,1337.8,1337.8
weibo,hgb_graph_features,0.25,0.0,exposure,6,0.0,0.0,0.0,0.0,1366.8,1366.8
weibo,hgb_graph_features,0.25,0.0,exposure,7,0.0,0.0,0.0,0.0,1347.6,1347.6
weibo,hgb_graph_features,0.25,0.0,exposure,8,0.0,0.0,0.0,0.0,1375.8,1375.8
weibo,hgb_graph_features,0.25,0.0,exposure,9,0.0,0.0,0.0,0.0,1317.6,1317.6
weibo,hgb_graph_features,0.25,0.0,random,0,0.0,0.0,0.0,0.0,1354.8,1354.8
weibo,hgb_graph_features,0.25,0.0,random,1,0.0,0.0,0.0,0.0,1363.4,1363.4
weibo,hgb_graph_features,0.25,0.0,random,2,0.0,0.0,0.0,0.0,1369.4,1369.4
weibo,hgb_graph_features,0.25,0.0,random,3,0.0,0.0,0.0,0.0,1375.8,1375.8
weibo,hgb_graph_features,0.25,0.0,random,4,0.0,0.0,0.0,0.0,1342.4,1342.4
weibo,hgb_graph_features,0.25,0.0,random,5,0.0,0.0,0.0,0.0,1337.8,1337.8
weibo,hgb_graph_features,0.25,0.0,random,6,0.0,0.0,0.0,0.0,1366.8,1366.8
weibo,hgb_graph_features,0.25,0.0,random,7,0.0,0.0,0.0,0.0,1347.6,1347.6
weibo,hgb_graph_features,0.25,0.0,random,8,0.0,0.0,0.0,0.0,1375.8,1375.8
weibo,hgb_graph_features,0.25,0.0,random,9,0.0,0.0,0.0,0.0,1317.6,1317.6
weibo,hgb_graph_features,0.25,0.05,exposure,0,0.12222222222222223,0.03500000000000001,7.2,0.2,1287.6,1354.8
weibo,hgb_graph_features,0.25,0.05,exposure,1,0.503822258587926,0.22051282051282053,48.6,0.8,1295.8,1363.4
weibo,hgb_graph_features,0.25,0.05,exposure,2,0.2846153846153846,0.05384615384615384,13.6,0.4,1301.4,1369.4
weibo,hgb_graph_features,0.25,0.05,exposure,3,0.6593495636511363,0.225,53.6,1.0,1307.4,1375.8
weibo,hgb_graph_features,0.25,0.05,exposure,4,0.0,0.0,0.0,0.0,1275.6,1342.4
weibo,hgb_graph_features,0.25,0.05,exposure,5,0.40695183786355793,0.1875,36.2,0.7,1271.4,1337.8
weibo,hgb_graph_features,0.25,0.05,exposure,6,0.23095238095238094,0.10256410256410256,19.0,0.4,1299.0,1366.8
weibo,hgb_graph_features,0.25,0.05,exposure,7,0.4066666666666666,0.135,23.0,0.8,1280.8,1347.6
weibo,hgb_graph_features,0.25,0.05,exposure,8,0.3983787655044658,0.07293506493506494,15.152000000000001,0.644,1307.4,1375.8
weibo,hgb_graph_features,0.25,0.05,exposure,9,0.4010060396893874,0.06153846153846153,13.264,0.624,1252.2,1317.6
weibo,hgb_graph_features,0.25,0.05,random,0,0.0,0.0,0.0,0.0,1287.6,1354.8
weibo,hgb_graph_features,0.25,0.05,random,1,0.0,0.0,0.0,0.0,1295.8,1363.4
weibo,hgb_graph_features,0.25,0.05,random,2,0.0,0.0,0.0,0.0,1301.4,1369.4
weibo,hgb_graph_features,0.25,0.05,random,3,0.0,0.0,0.0,0.0,1307.4,1375.8
weibo,hgb_graph_features,0.25,0.05,random,4,0.0,0.0,0.0,0.0,1275.6,1342.4
weibo,hgb_graph_features,0.25,0.05,random,5,0.0,0.0,0.0,0.0,1271.4,1337.8
weibo,hgb_graph_features,0.25,0.05,random,6,0.0,0.0,0.0,0.0,1299.0,1366.8
weibo,hgb_graph_features,0.25,0.05,random,7,0.0,0.0,0.0,0.0,1280.8,1347.6
weibo,hgb_graph_features,0.25,0.05,random,8,0.0,0.0,0.0,0.0,1307.4,1375.8
weibo,hgb_graph_features,0.25,0.05,random,9,0.0,0.0,0.0,0.0,1252.2,1317.6
weibo,hgb_graph_features,0.25,0.1,exposure,0,0.6286373811461099,0.4425,95.2,1.0,1219.8,1354.8
weibo,hgb_graph_features,0.25,0.1,exposure,1,0.6730589213284398,0.541025641025641,130.2,1.0,1227.6,1363.4
weibo,hgb_graph_features,0.25,0.1,exposure,2,0.6874324162854932,0.8333333333333333,208.2,1.0,1232.6,1369.4
weibo,hgb_graph_features,0.25,0.1,exposure,3,0.6617535959811545,0.605,145.8,1.0,1238.6,1375.8
weibo,hgb_graph_features,0.25,0.1,exposure,4,0.6733311885772635,0.7792207792207793,184.4,1.0,1208.6,1342.4
weibo,hgb_graph_features,0.25,0.1,exposure,5,0.6564040906826183,0.6475,152.0,1.0,1204.4,1337.8
weibo,hgb_graph_features,0.25,0.1,exposure,6,0.6709207881128585,0.7615384615384615,181.2,1.0,1230.6,1366.8
weibo,hgb_graph_features,0.25,0.1,exposure,7,0.6406003551575623,0.5875000000000001,130.208,1.0,1213.2,1347.6
weibo,hgb_graph_features,0.25,0.1,exposure,8,0.7044242947063952,0.6935064935064934,182.0,1.0,1238.6,1375.8
weibo,hgb_graph_features,0.25,0.1,exposure,9,0.6533565958703538,0.5794871794871794,131.2,1.0,1186.6,1317.6
weibo,hgb_graph_features,0.25,0.1,random,0,0.0,0.0,0.0,0.0,1219.8,1354.8
weibo,hgb_graph_features,0.25,0.1,random,1,0.0,0.0,0.0,0.0,1227.6,1363.4
weibo,hgb_graph_features,0.25,0.1,random,2,0.006368421052631579,0.000358974358974359,0.13999999999999999,0.008,1232.6,1369.4
weibo,hgb_graph_features,0.25,0.1,random,3,0.0,0.0,0.0,0.0,1238.6,1375.8
weibo,hgb_graph_features,0.25,0.1,random,4,0.0,0.0,0.0,0.0,1208.6,1342.4
weibo,hgb_graph_features,0.25,0.1,random,5,0.0,0.0,0.0,0.0,1204.4,1337.8
weibo,hgb_graph_features,0.25,0.1,random,6,0.0,0.0,0.0,0.0,1230.6,1366.8
weibo,hgb_graph_features,0.25,0.1,random,7,0.0,0.0,0.0,0.0,1213.2,1347.6
weibo,hgb_graph_features,0.25,0.1,random,8,0.0,0.0,0.0,0.0,1238.6,1375.8
weibo,hgb_graph_features,0.25,0.1,random,9,0.0,0.0,0.0,0.0,1186.6,1317.6
weibo,hgb_graph_features,0.25,0.2,exposure,0,0.6288556123051836,0.40714999999999996,87.824,1.0,1084.0,1354.8
weibo,hgb_graph_features,0.25,0.2,exposure,1,0.6737951949867782,0.5297435897435897,127.672,1.0,1091.0,1363.4
weibo,hgb_graph_features,0.25,0.2,exposure,2,0.6887332154519967,0.819794871794872,205.676,1.0,1095.8,1369.4
weibo,hgb_graph_features,0.25,0.2,exposure,3,0.6618028535476363,0.5483,132.172,1.0,1101.0,1375.8
weibo,hgb_graph_features,0.25,0.2,exposure,4,0.6776631233076442,0.7410909090909091,177.292,1.0,1074.4,1342.4
weibo,hgb_graph_features,0.25,0.2,exposure,5,0.6426997681980267,0.5664499999999999,130.216,1.0,1070.4,1337.8
weibo,hgb_graph_features,0.25,0.2,exposure,6,0.6690035998681996,0.7398461538461538,175.576,1.0,1093.8,1366.8
weibo,hgb_graph_features,0.25,0.2,exposure,7,0.6406117641915724,0.55,122.436,1.0,1078.6,1347.6
weibo,hgb_graph_features,0.25,0.2,exposure,8,0.7157853115050077,0.7343896103896104,199.536,1.0,1101.0,1375.8
weibo,hgb_graph_features,0.25,0.2,exposure,9,0.6627238502674199,0.5155384615384616,118.008,1.0,1054.6,1317.6
weibo,hgb_graph_features,0.25,0.2,random,0,0.0,0.0,0.0,0.0,1084.0,1354.8
weibo,hgb_graph_features,0.25,0.2,random,1,0.0,0.0,0.0,0.0,1091.0,1363.4
weibo,hgb_graph_features,0.25,0.2,random,2,0.015779448621553886,0.0010769230769230769,0.396,0.02,1095.8,1369.4
weibo,hgb_graph_features,0.25,0.2,random,3,0.0,0.0,0.0,0.0,1101.0,1375.8
weibo,hgb_graph_features,0.25,0.2,random,4,0.0,0.0,0.0,0.0,1074.4,1342.4
weibo,hgb_graph_features,0.25,0.2,random,5,0.0,0.0,0.0,0.0,1070.4,1337.8
weibo,hgb_graph_features,0.25,0.2,random,6,0.0,0.0,0.0,0.0,1093.8,1366.8
weibo,hgb_graph_features,0.25,0.2,random,7,0.014857142857142857,0.0024000000000000002,0.504,0.024,1078.6,1347.6
weibo,hgb_graph_features,0.25,0.2,random,8,0.0,0.0,0.0,0.0,1101.0,1375.8
weibo,hgb_graph_features,0.25,0.2,random,9,0.0026000000000000003,0.000358974358974359,0.08,0.004,1054.6,1317.6
weibo,hgb_graph_features,0.25,0.4,exposure,0,0.5916415627490197,0.38365,83.944,0.932,813.2,1354.8
weibo,hgb_graph_features,0.25,0.4,exposure,1,0.6739490737186431,0.5274358974358975,127.38400000000001,1.0,818.4,1363.4
weibo,hgb_graph_features,0.25,0.4,exposure,2,0.68806771480687,0.8164102564102563,204.71599999999998,1.0,822.0,1369.4
weibo,hgb_graph_features,0.25,0.4,exposure,3,0.6607462932403771,0.5450999999999999,131.476,1.0,825.8,1375.8
weibo,hgb_graph_features,0.25,0.4,exposure,4,0.675118843634148,0.743948051948052,176.95999999999998,1.0,806.0,1342.4
weibo,hgb_graph_features,0.25,0.4,exposure,5,0.6472047978923526,0.55295,128.224,1.0,803.0,1337.8
weibo,hgb_graph_features,0.25,0.4,exposure,6,0.6656665479879638,0.7281025641025641,172.216,1.0,820.6,1366.8
weibo,hgb_graph_features,0.25,0.4,exposure,7,0.6392249404240561,0.5218,117.328,1.0,809.2,1347.6
weibo,hgb_graph_features,0.25,0.4,exposure,8,0.7129265387191274,0.7224935064935065,194.8,1.0,826.0,1375.8
weibo,hgb_graph_features,0.25,0.4,exposure,9,0.6198775389251832,0.4884102564102564,111.204,0.9480000000000001,791.0,1317.6
weibo,hgb_graph_features,0.25,0.4,random,0,0.0,0.0,0.0,0.0,813.2,1354.8
weibo,hgb_graph_features,0.25,0.4,random,1,0.0,0.0,0.0,0.0,818.4,1363.4
weibo,hgb_graph_features,0.25,0.4,random,2,0.00608695652173913,0.0005641025641025641,0.184,0.008,822.0,1369.4
weibo,hgb_graph_features,0.25,0.4,random,3,0.0,0.0,0.0,0.0,825.8,1375.8
weibo,hgb_graph_features,0.25,0.4,random,4,0.0,0.0,0.0,0.0,806.0,1342.4
weibo,hgb_graph_features,0.25,0.4,random,5,0.0,0.0,0.0,0.0,803.0,1337.8
weibo,hgb_graph_features,0.25,0.4,random,6,0.0023333333333333335,0.0005128205128205127,0.096,0.004,820.6,1366.8
weibo,hgb_graph_features,0.25,0.4,random,7,0.018096084656084657,0.004450000000000001,0.82,0.032,809.2,1347.6
weibo,hgb_graph_features,0.25,0.4,random,8,0.0,0.0,0.0,0.0,826.0,1375.8
weibo,hgb_graph_features,0.25,0.4,random,9,0.0,0.0,0.0,0.0,791.0,1317.6
weibo,hgb_graph_features,0.25,0.6,exposure,0,0.5346727535200634,0.33175,74.096,0.8320000000000001,542.2,1354.8
weibo,hgb_graph_features,0.25,0.6,exposure,1,0.6734953630609261,0.5290256410256411,128.736,1.0,545.8,1363.4
weibo,hgb_graph_features,0.25,0.6,exposure,2,0.6879342691651853,0.7952820512820513,200.55599999999998,1.0,548.2,1369.4
weibo,hgb_graph_features,0.25,0.6,exposure,3,0.6629936017770792,0.52435,128.26,1.0,550.8,1375.8
weibo,hgb_graph_features,0.25,0.6,exposure,4,0.6077531804934694,0.6846233766233768,163.332,0.9,537.4,1342.4
weibo,hgb_graph_features,0.25,0.6,exposure,5,0.5897211496186039,0.51725,122.84400000000001,0.9,535.4,1337.8
weibo,hgb_graph_features,0.25,0.6,exposure,6,0.6353141169326129,0.683076923076923,161.18800000000002,0.9560000000000001,547.0,1366.8
weibo,hgb_graph_features,0.25,0.6,exposure,7,0.6131241729724588,0.48875,109.468,0.9640000000000001,539.4,1347.6
weibo,hgb_graph_features,0.25,0.6,exposure,8,0.7137926044656043,0.7180259740259739,194.072,1.0,550.8,1375.8
weibo,hgb_graph_features,0.25,0.6,exposure,9,0.5083794811839155,0.4461025641025641,102.224,0.776,527.6,1317.6
weibo,hgb_graph_features,0.25,0.6,random,0,0.0,0.0,0.0,0.0,542.2,1354.8
weibo,hgb_graph_features,0.25,0.6,random,1,0.0,0.0,0.0,0.0,545.8,1363.4
weibo,hgb_graph_features,0.25,0.6,random,2,0.002808510638297872,0.000717948717948718,0.188,0.004,548.2,1369.4
weibo,hgb_graph_features,0.25,0.6,random,3,0.0,0.0,0.0,0.0,550.8,1375.8
weibo,hgb_graph_features,0.25,0.6,random,4,0.0,0.0,0.0,0.0,537.4,1342.4
weibo,hgb_graph_features,0.25,0.6,random,5,0.0,0.0,0.0,0.0,535.4,1337.8
weibo,hgb_graph_features,0.25,0.6,random,6,0.0,0.0,0.0,0.0,547.0,1366.8
weibo,hgb_graph_features,0.25,0.6,random,7,0.004913229018492176,0.0014500000000000001,0.3,0.008,539.4,1347.6
weibo,hgb_graph_features,0.25,0.6,random,8,0.0,0.0,0.0,0.0,550.8,1375.8
weibo,hgb_graph_features,0.25,0.6,random,9,0.0024615384615384616,0.0007692307692307692,0.156,0.004,527.6,1317.6
weibo,hgb_graph_features,0.25,0.8,exposure,0,0.32340302228886353,0.24349999999999997,55.712,0.504,271.4,1354.8
weibo,hgb_graph_features,0.25,0.8,exposure,1,0.545918005539738,0.45261538461538453,113.252,0.8,273.2,1363.4
weibo,hgb_graph_features,0.25,0.8,exposure,2,0.6038817225966906,0.6865128205128206,176.35999999999999,0.8719999999999999,274.4,1369.4
weibo,hgb_graph_features,0.25,0.8,exposure,3,0.47325820389311996,0.40059999999999996,101.244,0.7,275.6,1375.8
weibo,hgb_graph_features,0.25,0.8,exposure,4,0.5567792230886413,0.6034805194805195,144.772,0.828,269.0,1342.4
weibo,hgb_graph_features,0.25,0.8,exposure,5,0.49080948988903084,0.4523,109.05999999999999,0.744,268.0,1337.8
weibo,hgb_graph_features,0.25,0.8,exposure,6,0.5455862617095594,0.5701025641025641,135.38400000000001,0.8240000000000001,273.8,1366.8
weibo,hgb_graph_features,0.25,0.8,exposure,7,0.4172608345197252,0.37295,85.864,0.6439999999999999,270.0,1347.6
weibo,hgb_graph_features,0.25,0.8,exposure,8,0.6213611939519665,0.6307532467532468,170.948,0.8720000000000001,275.8,1375.8
weibo,hgb_graph_features,0.25,0.8,exposure,9,0.3969320309672719,0.36507692307692313,85.32000000000001,0.604,264.0,1317.6
weibo,hgb_graph_features,0.25,0.8,random,0,0.0,0.0,0.0,0.0,271.4,1354.8
weibo,hgb_graph_features,0.25,0.8,random,1,0.002685714285714285,0.0011794871794871796,0.27999999999999997,0.004,273.2,1363.4
weibo,hgb_graph_features,0.25,0.8,random,2,0.0029278350515463914,0.0013333333333333333,0.388,0.004,274.4,1369.4
weibo,hgb_graph_features,0.25,0.8,random,3,0.0,0.0,0.0,0.0,275.6,1375.8
weibo,hgb_graph_features,0.25,0.8,random,4,0.0,0.0,0.0,0.0,269.0,1342.4
weibo,hgb_graph_features,0.25,0.8,random,5,0.0,0.0,0.0,0.0,268.0,1337.8
weibo,hgb_graph_features,0.25,0.8,random,6,0.0,0.0,0.0,0.0,273.8,1366.8
weibo,hgb_graph_features,0.25,0.8,random,7,0.0028732394366197183,0.001,0.284,0.004,270.0,1347.6
weibo,hgb_graph_features,0.25,0.8,random,8,0.0025352112676056337,0.0013506493506493507,0.284,0.004,275.8,1375.8
weibo,hgb_graph_features,0.25,0.8,random,9,0.0024000000000000002,0.001435897435897436,0.27999999999999997,0.004,264.0,1317.6
weibo,hgb_graph_features,0.25,0.9,exposure,0,0.1175017643524067,0.12999999999999998,33.516,0.172,136.0,1354.8
weibo,hgb_graph_features,0.25,0.9,exposure,1,0.31699474163983526,0.31225641025641027,81.56800000000001,0.45600000000000007,136.6,1363.4
weibo,hgb_graph_features,0.25,0.9,exposure,2,0.499354068537784,0.5522564102564103,145.292,0.716,137.6,1369.4
weibo,hgb_graph_features,0.25,0.9,exposure,3,0.20626383386914063,0.2234,59.92,0.296,138.0,1375.8
weibo,hgb_graph_features,0.25,0.9,exposure,4,0.372179349125508,0.4335584415584416,107.66399999999999,0.5439999999999999,134.8,1342.4
weibo,hgb_graph_features,0.25,0.9,exposure,5,0.31233363183333707,0.3229,81.184,0.45999999999999996,134.2,1337.8
weibo,hgb_graph_features,0.25,0.9,exposure,6,0.3413047597183603,0.39892307692307694,99.836,0.5,137.0,1366.8
weibo,hgb_graph_features,0.25,0.9,exposure,7,0.23601174323440777,0.26270000000000004,63.464,0.356,135.4,1347.6
weibo,hgb_graph_features,0.25,0.9,exposure,8,0.49825569580248674,0.5295064935064936,146.132,0.696,138.2,1375.8
weibo,hgb_graph_features,0.25,0.9,exposure,9,0.18709486263680292,0.20112820512820512,49.04,0.27599999999999997,132.0,1317.6
weibo,hgb_graph_features,0.25,0.9,random,0,0.0,0.0,0.0,0.0,136.0,1354.8
weibo,hgb_graph_features,0.25,0.9,random,1,0.0,0.0,0.0,0.0,136.6,1363.4
weibo,hgb_graph_features,0.25,0.9,random,2,0.002962025316455696,0.0021025641025641025,0.632,0.004,137.6,1369.4
weibo,hgb_graph_features,0.25,0.9,random,3,0.002784810126582279,0.0024000000000000002,0.632,0.004,138.0,1375.8
weibo,hgb_graph_features,0.25,0.9,random,4,0.0,0.0,0.0,0.0,134.8,1342.4
weibo,hgb_graph_features,0.25,0.9,random,5,0.002829694323144105,0.00335,0.916,0.004,134.2,1337.8
weibo,hgb_graph_features,0.25,0.9,random,6,0.0025405405405405403,0.0027692307692307695,0.592,0.004,137.0,1366.8
weibo,hgb_graph_features,0.25,0.9,random,7,0.0,0.0,0.0,0.0,135.4,1347.6
weibo,hgb_graph_features,0.25,0.9,random,8,0.0,0.0,0.0,0.0,138.2,1375.8
weibo,hgb_graph_features,0.25,0.9,random,9,0.0,0.0,0.0,0.0,132.0,1317.6
weibo,hgb_graph_features,0.25,0.97,exposure,0,0.0,0.0,0.0,0.0,41.0,1354.8
weibo,hgb_graph_features,0.25,0.97,exposure,1,0.0033984374999999995,0.003948717948717949,2.048,0.004,41.4,1363.4
weibo,hgb_graph_features,0.25,0.97,exposure,2,0.003390781563126252,0.0038974358974358976,1.996,0.004,41.6,1369.4
weibo,hgb_graph_features,0.25,0.97,exposure,3,0.0,0.0,0.0,0.0,41.8,1375.8
weibo,hgb_graph_features,0.25,0.97,exposure,4,0.0033569937369519833,0.004,1.916,0.004,40.8,1342.4
weibo,hgb_graph_features,0.25,0.97,exposure,5,0.0,0.0,0.0,0.0,40.6,1337.8
weibo,hgb_graph_features,0.25,0.97,exposure,6,0.0,0.0,0.0,0.0,41.8,1366.8
weibo,hgb_graph_features,0.25,0.97,exposure,7,0.0,0.0,0.0,0.0,41.0,1347.6
weibo,hgb_graph_features,0.25,0.97,exposure,8,0.0033599999999999997,0.003948051948051948,1.9,0.004,41.8,1375.8
weibo,hgb_graph_features,0.25,0.97,exposure,9,0.0,0.0,0.0,0.0,40.2,1317.6
weibo,hgb_graph_features,0.25,0.97,random,0,0.0,0.0,0.0,0.0,41.0,1354.8
weibo,hgb_graph_features,0.25,0.97,random,1,0.0,0.0,0.0,0.0,41.4,1363.4
weibo,hgb_graph_features,0.25,0.97,random,2,0.0,0.0,0.0,0.0,41.6,1369.4
weibo,hgb_graph_features,0.25,0.97,random,3,0.0,0.0,0.0,0.0,41.8,1375.8
weibo,hgb_graph_features,0.25,0.97,random,4,0.0,0.0,0.0,0.0,40.8,1342.4
weibo,hgb_graph_features,0.25,0.97,random,5,0.0,0.0,0.0,0.0,40.6,1337.8
weibo,hgb_graph_features,0.25,0.97,random,6,0.0,0.0,0.0,0.0,41.8,1366.8
weibo,hgb_graph_features,0.25,0.97,random,7,0.0,0.0,0.0,0.0,41.0,1347.6
weibo,hgb_graph_features,0.25,0.97,random,8,0.0,0.0,0.0,0.0,41.8,1375.8
weibo,hgb_graph_features,0.25,0.97,random,9,0.0,0.0,0.0,0.0,40.2,1317.6
weibo,hgb_graph_features,0.5,0.0,exposure,0,0.0,0.0,0.0,0.0,2746.4,2746.4
weibo,hgb_graph_features,0.5,0.0,exposure,1,0.0,0.0,0.0,0.0,2736.2,2736.2
weibo,hgb_graph_features,0.5,0.0,exposure,2,0.0,0.0,0.0,0.0,2757.6,2757.6
weibo,hgb_graph_features,0.5,0.0,exposure,3,0.0,0.0,0.0,0.0,2733.8,2733.8
weibo,hgb_graph_features,0.5,0.0,exposure,4,0.0,0.0,0.0,0.0,2699.4,2699.4
weibo,hgb_graph_features,0.5,0.0,exposure,5,0.0,0.0,0.0,0.0,2676.8,2676.8
weibo,hgb_graph_features,0.5,0.0,exposure,6,0.0,0.0,0.0,0.0,2738.2,2738.2
weibo,hgb_graph_features,0.5,0.0,exposure,7,0.0,0.0,0.0,0.0,2711.2,2711.2
weibo,hgb_graph_features,0.5,0.0,exposure,8,0.0,0.0,0.0,0.0,2728.6,2728.6
weibo,hgb_graph_features,0.5,0.0,exposure,9,0.0,0.0,0.0,0.0,2687.4,2687.4
weibo,hgb_graph_features,0.5,0.0,random,0,0.0,0.0,0.0,0.0,2746.4,2746.4
weibo,hgb_graph_features,0.5,0.0,random,1,0.0,0.0,0.0,0.0,2736.2,2736.2
weibo,hgb_graph_features,0.5,0.0,random,2,0.0,0.0,0.0,0.0,2757.6,2757.6
weibo,hgb_graph_features,0.5,0.0,random,3,0.0,0.0,0.0,0.0,2733.8,2733.8
weibo,hgb_graph_features,0.5,0.0,random,4,0.0,0.0,0.0,0.0,2699.4,2699.4
weibo,hgb_graph_features,0.5,0.0,random,5,0.0,0.0,0.0,0.0,2676.8,2676.8
weibo,hgb_graph_features,0.5,0.0,random,6,0.0,0.0,0.0,0.0,2738.2,2738.2
weibo,hgb_graph_features,0.5,0.0,random,7,0.0,0.0,0.0,0.0,2711.2,2711.2
weibo,hgb_graph_features,0.5,0.0,random,8,0.0,0.0,0.0,0.0,2728.6,2728.6
weibo,hgb_graph_features,0.5,0.0,random,9,0.0,0.0,0.0,0.0,2687.4,2687.4
weibo,hgb_graph_features,0.5,0.05,exposure,0,0.0,0.0,0.0,0.0,2609.6,2746.4
weibo,hgb_graph_features,0.5,0.05,exposure,1,0.6296050694541773,0.20948717948717946,42.68,1.0,2600.0,2736.2
weibo,hgb_graph_features,0.5,0.05,exposure,2,0.4523545150501672,0.05169230769230769,16.552,0.6,2620.2,2757.6
weibo,hgb_graph_features,0.5,0.05,exposure,3,0.6267662038938634,0.22000000000000003,48.4,1.0,2597.6,2733.8
weibo,hgb_graph_features,0.5,0.05,exposure,4,0.285,0.04415584415584416,10.0,0.4,2565.0,2699.4
weibo,hgb_graph_features,0.5,0.05,exposure,5,0.5793543623130963,0.29105,55.17999999999999,1.0,2543.6,2676.8
weibo,hgb_graph_features,0.5,0.05,exposure,6,0.3765775347719588,0.135025641025641,28.439999999999998,0.6,2601.8,2738.2
weibo,hgb_graph_features,0.5,0.05,exposure,7,0.5553895824406991,0.2326,45.147999999999996,1.0,2576.2,2711.2
weibo,hgb_graph_features,0.5,0.05,exposure,8,0.3621824561403509,0.051948051948051945,10.144,0.6,2592.6,2728.6
weibo,hgb_graph_features,0.5,0.05,exposure,9,0.4276410256410256,0.040615384615384616,9.096,0.6639999999999999,2553.6,2687.4
weibo,hgb_graph_features,0.5,0.05,random,0,0.0,0.0,0.0,0.0,2609.6,2746.4
weibo,hgb_graph_features,0.5,0.05,random,1,0.0,0.0,0.0,0.0,2600.0,2736.2
weibo,hgb_graph_features,0.5,0.05,random,2,0.0071111111111111115,0.00010256410256410256,0.072,0.008,2620.2,2757.6
weibo,hgb_graph_features,0.5,0.05,random,3,0.0025,0.00015000000000000001,0.032,0.004,2597.6,2733.8
weibo,hgb_graph_features,0.5,0.05,random,4,0.0,0.0,0.0,0.0,2565.0,2699.4
weibo,hgb_graph_features,0.5,0.05,random,5,0.0,0.0,0.0,0.0,2543.6,2676.8
weibo,hgb_graph_features,0.5,0.05,random,6,0.0,0.0,0.0,0.0,2601.8,2738.2
weibo,hgb_graph_features,0.5,0.05,random,7,0.0,0.0,0.0,0.0,2576.2,2711.2
weibo,hgb_graph_features,0.5,0.05,random,8,0.005333333333333333,0.0007792207792207791,0.10800000000000001,0.012,2592.6,2728.6
weibo,hgb_graph_features,0.5,0.05,random,9,0.0,0.0,0.0,0.0,2553.6,2687.4
weibo,hgb_graph_features,0.5,0.1,exposure,0,0.6728882042815065,0.6675000000000001,164.4,1.0,2472.2,2746.4
weibo,hgb_graph_features,0.5,0.1,exposure,1,0.6935725584093436,0.7307692307692306,186.6,1.0,2463.2,2736.2
weibo,hgb_graph_features,0.5,0.1,exposure,2,0.6911559719125503,0.8333333333333333,210.8,1.0,2482.2,2757.6
weibo,hgb_graph_features,0.5,0.1,exposure,3,0.698985610257218,0.7875000000000001,209.484,1.0,2461.0,2733.8
weibo,hgb_graph_features,0.5,0.1,exposure,4,0.6801673209007911,0.787012987012987,191.2,1.0,2430.0,2699.4
weibo,hgb_graph_features,0.5,0.1,exposure,5,0.6618092673222731,0.7275,172.8,1.0,2409.4,2676.8
weibo,hgb_graph_features,0.5,0.1,exposure,6,0.6841802248981217,0.8589743589743589,212.4,1.0,2464.8,2738.2
weibo,hgb_graph_features,0.5,0.1,exposure,7,0.6654001041905759,0.8150000000000001,195.72,1.0,2440.6,2711.2
weibo,hgb_graph_features,0.5,0.1,exposure,8,0.7089280300366774,0.8123116883116882,216.16,1.0,2456.0,2728.6
weibo,hgb_graph_features,0.5,0.1,exposure,9,0.6766831384876346,0.6923076923076923,167.2,1.0,2419.2,2687.4
weibo,hgb_graph_features,0.5,0.1,random,0,0.0,0.0,0.0,0.0,2472.2,2746.4
weibo,hgb_graph_features,0.5,0.1,random,1,0.0,0.0,0.0,0.0,2463.2,2736.2
weibo,hgb_graph_features,0.5,0.1,random,2,0.010666666666666666,0.00015384615384615385,0.10800000000000001,0.012,2482.2,2757.6
weibo,hgb_graph_features,0.5,0.1,random,3,0.0025,0.00015000000000000001,0.032,0.004,2461.0,2733.8
weibo,hgb_graph_features,0.5,0.1,random,4,0.0,0.0,0.0,0.0,2430.0,2699.4
weibo,hgb_graph_features,0.5,0.1,random,5,0.0,0.0,0.0,0.0,2409.4,2676.8
weibo,hgb_graph_features,0.5,0.1,random,6,0.002,0.00020512820512820512,0.032,0.004,2464.8,2738.2
weibo,hgb_graph_features,0.5,0.1,random,7,0.0,0.0,0.0,0.0,2440.6,2711.2
weibo,hgb_graph_features,0.5,0.1,random,8,0.014444444444444444,0.0020779220779220775,0.292,0.032,2456.0,2728.6
weibo,hgb_graph_features,0.5,0.1,random,9,0.0,0.0,0.0,0.0,2419.2,2687.4
weibo,hgb_graph_features,0.5,0.2,exposure,0,0.671473664717354,0.6684,163.68400000000003,1.0,2197.6,2746.4
weibo,hgb_graph_features,0.5,0.2,exposure,1,0.6954022931051123,0.7235384615384615,185.856,1.0,2189.2,2736.2
weibo,hgb_graph_features,0.5,0.2,exposure,2,0.6905283213968726,0.8333333333333333,210.4,1.0,2206.4,2757.6
weibo,hgb_graph_features,0.5,0.2,exposure,3,0.7033558248611407,0.8125,219.416,1.0,2187.6,2733.8
weibo,hgb_graph_features,0.5,0.2,exposure,4,0.6812787862365042,0.818805194805195,199.096,1.0,2159.8,2699.4
weibo,hgb_graph_features,0.5,0.2,exposure,5,0.6624290621701551,0.7075,168.2,1.0,2141.6,2676.8
weibo,hgb_graph_features,0.5,0.2,exposure,6,0.6847617611925608,0.847948717948718,210.296,1.0,2190.8,2738.2
weibo,hgb_graph_features,0.5,0.2,exposure,7,0.6653438174246454,0.8053999999999999,192.876,1.0,2169.2,2711.2
weibo,hgb_graph_features,0.5,0.2,exposure,8,0.7124863923696928,0.8311688311688311,223.6,1.0,2183.0,2728.6
weibo,hgb_graph_features,0.5,0.2,exposure,9,0.665350260476484,0.6621025641025641,154.704,1.0,2150.4,2687.4
weibo,hgb_graph_features,0.5,0.2,random,0,0.0,0.0,0.0,0.0,2197.6,2746.4
weibo,hgb_graph_features,0.5,0.2,random,1,0.0,0.0,0.0,0.0,2189.2,2736.2
weibo,hgb_graph_features,0.5,0.2,random,2,0.03911111111111111,0.0005641025641025641,0.396,0.044,2206.4,2757.6
weibo,hgb_graph_features,0.5,0.2,random,3,0.0,0.0,0.0,0.0,2187.6,2733.8
weibo,hgb_graph_features,0.5,0.2,random,4,0.0,0.0,0.0,0.0,2159.8,2699.4
weibo,hgb_graph_features,0.5,0.2,random,5,0.0,0.0,0.0,0.0,2141.6,2676.8
weibo,hgb_graph_features,0.5,0.2,random,6,0.0,0.0,0.0,0.0,2190.8,2738.2
weibo,hgb_graph_features,0.5,0.2,random,7,0.0,0.0,0.0,0.0,2169.2,2711.2
weibo,hgb_graph_features,0.5,0.2,random,8,0.02422222222222222,0.003480519480519481,0.512,0.052000000000000005,2183.0,2728.6
weibo,hgb_graph_features,0.5,0.2,random,9,0.0,0.0,0.0,0.0,2150.4,2687.4
weibo,hgb_graph_features,0.5,0.4,exposure,0,0.6704044278111129,0.66745,163.184,1.0,1648.4,2746.4
weibo,hgb_graph_features,0.5,0.4,exposure,1,0.6935385570848849,0.716102564102564,183.096,1.0,1642.0,2736.2
weibo,hgb_graph_features,0.5,0.4,exposure,2,0.6906307721326125,0.8335384615384616,210.67199999999997,1.0,1655.0,2757.6
weibo,hgb_graph_features,0.5,0.4,exposure,3,0.7006452367633738,0.8016,214.632,1.0,1640.8,2733.8
weibo,hgb_graph_features,0.5,0.4,exposure,4,0.6806402292471506,0.7969350649350649,193.932,1.0,1620.0,2699.4
weibo,hgb_graph_features,0.5,0.4,exposure,5,0.6646514101137774,0.69615,166.71200000000002,1.0,1606.2,2676.8
weibo,hgb_graph_features,0.5,0.4,exposure,6,0.6828078444654094,0.8442051282051283,208.192,1.0,1643.2,2738.2
weibo,hgb_graph_features,0.5,0.4,exposure,7,0.6665796165953832,0.8054500000000001,193.692,1.0,1627.0,2711.2
weibo,hgb_graph_features,0.5,0.4,exposure,8,0.71276736101202,0.8217142857142857,221.2,1.0,1637.2,2728.6
weibo,hgb_graph_features,0.5,0.4,exposure,9,0.6665191192135916,0.6657435897435897,156.628,1.0,1613.0,2687.4
weibo,hgb_graph_features,0.5,0.4,random,0,0.0,0.0,0.0,0.0,1648.4,2746.4
weibo,hgb_graph_features,0.5,0.4,random,1,0.0024615384615384616,0.00025641025641025636,0.052000000000000005,0.004,1642.0,2736.2
weibo,hgb_graph_features,0.5,0.4,random,2,0.0062,0.0003076923076923077,0.10800000000000001,0.008,1655.0,2757.6
weibo,hgb_graph_features,0.5,0.4,random,3,0.0,0.0,0.0,0.0,1640.8,2733.8
weibo,hgb_graph_features,0.5,0.4,random,4,0.0,0.0,0.0,0.0,1620.0,2699.4
weibo,hgb_graph_features,0.5,0.4,random,5,0.0,0.0,0.0,0.0,1606.2,2676.8
weibo,hgb_graph_features,0.5,0.4,random,6,0.0,0.0,0.0,0.0,1643.2,2738.2
weibo,hgb_graph_features,0.5,0.4,random,7,0.0,0.0,0.0,0.0,1627.0,2711.2
weibo,hgb_graph_features,0.5,0.4,random,8,0.013333333333333336,0.0016623376623376624,0.288,0.024,1637.2,2728.6
weibo,hgb_graph_features,0.5,0.4,random,9,0.0,0.0,0.0,0.0,1613.0,2687.4
weibo,hgb_graph_features,0.5,0.6,exposure,0,0.6663185875747016,0.65515,159.128,1.0,1099.0,2746.4
weibo,hgb_graph_features,0.5,0.6,exposure,1,0.6931959022238164,0.7135384615384616,182.728,1.0,1094.8,2736.2
weibo,hgb_graph_features,0.5,0.6,exposure,2,0.6887043277285726,0.8256923076923076,207.92799999999997,1.0,1103.6,2757.6
weibo,hgb_graph_features,0.5,0.6,exposure,3,0.6987667170329469,0.7846,209.036,1.0,1094.0,2733.8
weibo,hgb_graph_features,0.5,0.6,exposure,4,0.6810282054329821,0.7863896103896104,191.876,1.0,1080.0,2699.4
weibo,hgb_graph_features,0.5,0.6,exposure,5,0.6644190580082614,0.6725500000000001,161.66400000000002,1.0,1070.8,2676.8
weibo,hgb_graph_features,0.5,0.6,exposure,6,0.6836674346434076,0.8413333333333334,208.37600000000003,1.0,1095.4,2738.2
weibo,hgb_graph_features,0.5,0.6,exposure,7,0.6675234669760475,0.79345,191.664,1.0,1084.8,2711.2
weibo,hgb_graph_features,0.5,0.6,exposure,8,0.7131777541356915,0.8119480519480519,219.004,1.0,1091.6,2728.6
weibo,hgb_graph_features,0.5,0.6,exposure,9,0.6647733075290267,0.6584615384615384,154.928,1.0,1075.4,2687.4
weibo,hgb_graph_features,0.5,0.6,random,0,0.0,0.0,0.0,0.0,1099.0,2746.4
weibo,hgb_graph_features,0.5,0.6,random,1,0.0,0.0,0.0,0.0,1094.8,2736.2
weibo,hgb_graph_features,0.5,0.6,random,2,0.006462242562929062,0.00041025641025641023,0.16799999999999998,0.008,1103.6,2757.6
weibo,hgb_graph_features,0.5,0.6,random,3,0.0,0.0,0.0,0.0,1094.0,2733.8
weibo,hgb_graph_features,0.5,0.6,random,4,0.0,0.0,0.0,0.0,1080.0,2699.4
weibo,hgb_graph_features,0.5,0.6,random,5,0.0,0.0,0.0,0.0,1070.8,2676.8
weibo,hgb_graph_features,0.5,0.6,random,6,0.0,0.0,0.0,0.0,1095.4,2738.2
weibo,hgb_graph_features,0.5,0.6,random,7,0.0,0.0,0.0,0.0,1084.8,2711.2
weibo,hgb_graph_features,0.5,0.6,random,8,0.0024444444444444444,0.0003636363636363636,0.072,0.004,1091.6,2728.6
weibo,hgb_graph_features,0.5,0.6,random,9,0.0,0.0,0.0,0.0,1075.4,2687.4
weibo,hgb_graph_features,0.5,0.8,exposure,0,0.6548915576633831,0.6269,151.612,0.992,549.8,2746.4
weibo,hgb_graph_features,0.5,0.8,exposure,1,0.6907762595560019,0.6896923076923077,176.304,1.0,547.6,2736.2
weibo,hgb_graph_features,0.5,0.8,exposure,2,0.6846112705634612,0.7973333333333332,201.05599999999998,0.9960000000000001,552.2,2757.6
weibo,hgb_graph_features,0.5,0.8,exposure,3,0.6955136879257663,0.7436,198.092,1.0,547.2,2733.8
weibo,hgb_graph_features,0.5,0.8,exposure,4,0.6729356665545089,0.7785974025974026,190.592,0.9879999999999999,540.2,2699.4
weibo,hgb_graph_features,0.5,0.8,exposure,5,0.6598651195775449,0.64955,155.88400000000001,1.0,535.4,2676.8
weibo,hgb_graph_features,0.5,0.8,exposure,6,0.674518781521378,0.8114871794871796,200.592,0.992,547.8,2738.2
weibo,hgb_graph_features,0.5,0.8,exposure,7,0.6673752876891181,0.7695000000000001,186.616,1.0,542.6,2711.2
weibo,hgb_graph_features,0.5,0.8,exposure,8,0.7141117463409653,0.7992727272727272,216.804,1.0,545.8,2728.6
weibo,hgb_graph_features,0.5,0.8,exposure,9,0.6588054167172037,0.6429230769230769,153.036,0.9879999999999999,538.0,2687.4
weibo,hgb_graph_features,0.5,0.8,random,0,0.0024444444444444444,0.0006999999999999999,0.144,0.004,549.8,2746.4
weibo,hgb_graph_features,0.5,0.8,random,1,0.0,0.0,0.0,0.0,547.6,2736.2
weibo,hgb_graph_features,0.5,0.8,random,2,0.00548048048048048,0.0011794871794871796,0.292,0.008,552.2,2757.6
weibo,hgb_graph_features,0.5,0.8,random,3,0.0,0.0,0.0,0.0,547.2,2733.8
weibo,hgb_graph_features,0.5,0.8,random,4,0.0,0.0,0.0,0.0,540.2,2699.4
weibo,hgb_graph_features,0.5,0.8,random,5,0.0,0.0,0.0,0.0,535.4,2676.8
weibo,hgb_graph_features,0.5,0.8,random,6,0.0023333333333333335,0.0007692307692307692,0.144,0.004,547.8,2738.2
weibo,hgb_graph_features,0.5,0.8,random,7,0.0,0.0,0.0,0.0,542.6,2711.2
weibo,hgb_graph_features,0.5,0.8,random,8,0.005424947145877378,0.0014545454545454545,0.348,0.008,545.8,2728.6
weibo,hgb_graph_features,0.5,0.8,random,9,0.0024615384615384616,0.0007692307692307692,0.156,0.004,538.0,2687.4
weibo,hgb_graph_features,0.5,0.9,exposure,0,0.5927007192927929,0.56245,137.044,0.8960000000000001,275.2,2746.4
weibo,hgb_graph_features,0.5,0.9,exposure,1,0.666179155164613,0.6278974358974359,160.864,0.968,274.0,2736.2
weibo,hgb_graph_features,0.5,0.9,exposure,2,0.5986719280662118,0.6905641025641026,176.128,0.868,276.4,2757.6
weibo,hgb_graph_features,0.5,0.9,exposure,3,0.6368655136012149,0.6553,173.812,0.9199999999999999,273.8,2733.8
weibo,hgb_graph_features,0.5,0.9,exposure,4,0.6300401323555185,0.7039480519480519,175.308,0.9199999999999999,270.4,2699.4
weibo,hgb_graph_features,0.5,0.9,exposure,5,0.6370088125086758,0.6085,146.004,0.9719999999999999,268.0,2676.8
weibo,hgb_graph_features,0.5,0.9,exposure,6,0.6194974795089607,0.7291282051282051,181.596,0.9119999999999999,274.0,2738.2
weibo,hgb_graph_features,0.5,0.9,exposure,7,0.6295825658962305,0.6982999999999999,169.648,0.944,271.4,2711.2
weibo,hgb_graph_features,0.5,0.9,exposure,8,0.6924496382042018,0.7486233766233766,204.796,0.968,273.2,2728.6
weibo,hgb_graph_features,0.5,0.9,exposure,9,0.5370796882236663,0.5313333333333333,127.61200000000001,0.8039999999999999,269.2,2687.4
weibo,hgb_graph_features,0.5,0.9,random,0,0.0,0.0,0.0,0.0,275.2,2746.4
weibo,hgb_graph_features,0.5,0.9,random,1,0.0,0.0,0.0,0.0,274.0,2736.2
weibo,hgb_graph_features,0.5,0.9,random,2,0.0,0.0,0.0,0.0,276.4,2757.6
weibo,hgb_graph_features,0.5,0.9,random,3,0.0,0.0,0.0,0.0,273.8,2733.8
weibo,hgb_graph_features,0.5,0.9,random,4,0.0,0.0,0.0,0.0,270.4,2699.4
weibo,hgb_graph_features,0.5,0.9,random,5,0.0023561643835616443,0.0015,0.292,0.004,268.0,2676.8
weibo,hgb_graph_features,0.5,0.9,random,6,0.0,0.0,0.0,0.0,274.0,2738.2
weibo,hgb_graph_features,0.5,0.9,random,7,0.0,0.0,0.0,0.0,271.4,2711.2
weibo,hgb_graph_features,0.5,0.9,random,8,0.0,0.0,0.0,0.0,273.2,2728.6
weibo,hgb_graph_features,0.5,0.9,random,9,0.0026835443037974685,0.0013333333333333333,0.316,0.004,269.2,2687.4
weibo,hgb_graph_features,0.5,0.97,exposure,0,0.10315580163334044,0.12789999999999999,36.264,0.144,83.0,2746.4
weibo,hgb_graph_features,0.5,0.97,exposure,1,0.20649524423559998,0.2527179487179487,75.772,0.27999999999999997,82.8,2736.2
weibo,hgb_graph_features,0.5,0.97,exposure,2,0.24777401402655114,0.31764102564102564,89.348,0.344,83.2,2757.6
weibo,hgb_graph_features,0.5,0.97,exposure,3,0.2290136697363173,0.28875,84.44800000000001,0.316,82.6,2733.8
weibo,hgb_graph_features,0.5,0.97,exposure,4,0.17328887024235246,0.21516883116883118,62.94,0.23600000000000004,81.6,2699.4
weibo,hgb_graph_features,0.5,0.97,exposure,5,0.0905786124814059,0.10979999999999998,32.856,0.124,81.0,2676.8
weibo,hgb_graph_features,0.5,0.97,exposure,6,0.22722373411042626,0.2928205128205128,81.95599999999999,0.316,82.6,2738.2
weibo,hgb_graph_features,0.5,0.97,exposure,7,0.18341208517798177,0.23155,65.616,0.256,82.0,2711.2
weibo,hgb_graph_features,0.5,0.97,exposure,8,0.30207998079371745,0.37116883116883115,107.624,0.41200000000000003,82.2,2728.6
weibo,hgb_graph_features,0.5,0.97,exposure,9,0.11511196903701863,0.14056410256410257,42.104,0.156,81.2,2687.4
weibo,hgb_graph_features,0.5,0.97,random,0,0.0,0.0,0.0,0.0,83.0,2746.4
weibo,hgb_graph_features,0.5,0.97,random,1,0.0,0.0,0.0,0.0,82.8,2736.2
weibo,hgb_graph_features,0.5,0.97,random,2,0.0,0.0,0.0,0.0,83.2,2757.6
weibo,hgb_graph_features,0.5,0.97,random,3,0.0,0.0,0.0,0.0,82.6,2733.8
weibo,hgb_graph_features,0.5,0.97,random,4,0.0,0.0,0.0,0.0,81.6,2699.4
weibo,hgb_graph_features,0.5,0.97,random,5,0.0,0.0,0.0,0.0,81.0,2676.8
weibo,hgb_graph_features,0.5,0.97,random,6,0.005580946250402318,0.007333333333333333,1.8920000000000001,0.008,82.6,2738.2
weibo,hgb_graph_features,0.5,0.97,random,7,0.0,0.0,0.0,0.0,82.0,2711.2
weibo,hgb_graph_features,0.5,0.97,random,8,0.0,0.0,0.0,0.0,82.2,2728.6
weibo,hgb_graph_features,0.5,0.97,random,9,0.0,0.0,0.0,0.0,81.2,2687.4
weibo,hgb_graph_features,1.0,0.0,exposure,0,0.0,0.0,0.0,0.0,5433.0,5433.0
weibo,hgb_graph_features,1.0,0.0,exposure,1,0.0,0.0,0.0,0.0,5440.0,5440.0
weibo,hgb_graph_features,1.0,0.0,exposure,2,0.0,0.0,0.0,0.0,5440.0,5440.0
weibo,hgb_graph_features,1.0,0.0,exposure,3,0.0,0.0,0.0,0.0,5433.0,5433.0
weibo,hgb_graph_features,1.0,0.0,exposure,4,0.0,0.0,0.0,0.0,5444.0,5444.0
weibo,hgb_graph_features,1.0,0.0,exposure,5,0.0,0.0,0.0,0.0,5434.0,5434.0
weibo,hgb_graph_features,1.0,0.0,exposure,6,0.0,0.0,0.0,0.0,5440.0,5440.0
weibo,hgb_graph_features,1.0,0.0,exposure,7,0.0,0.0,0.0,0.0,5433.0,5433.0
weibo,hgb_graph_features,1.0,0.0,exposure,8,0.0,0.0,0.0,0.0,5444.0,5444.0
weibo,hgb_graph_features,1.0,0.0,exposure,9,0.0,0.0,0.0,0.0,5440.0,5440.0
weibo,hgb_graph_features,1.0,0.0,random,0,0.0,0.0,0.0,0.0,5433.0,5433.0
weibo,hgb_graph_features,1.0,0.0,random,1,0.0,0.0,0.0,0.0,5440.0,5440.0
weibo,hgb_graph_features,1.0,0.0,random,2,0.0,0.0,0.0,0.0,5440.0,5440.0
weibo,hgb_graph_features,1.0,0.0,random,3,0.0,0.0,0.0,0.0,5433.0,5433.0
weibo,hgb_graph_features,1.0,0.0,random,4,0.0,0.0,0.0,0.0,5444.0,5444.0
weibo,hgb_graph_features,1.0,0.0,random,5,0.0,0.0,0.0,0.0,5434.0,5434.0
weibo,hgb_graph_features,1.0,0.0,random,6,0.0,0.0,0.0,0.0,5440.0,5440.0
weibo,hgb_graph_features,1.0,0.0,random,7,0.0,0.0,0.0,0.0,5433.0,5433.0
weibo,hgb_graph_features,1.0,0.0,random,8,0.0,0.0,0.0,0.0,5444.0,5444.0
weibo,hgb_graph_features,1.0,0.0,random,9,0.0,0.0,0.0,0.0,5440.0,5440.0
weibo,hgb_graph_features,1.0,0.05,exposure,0,0.11111111111111112,0.009999999999999998,1.8,0.2,5162.0,5433.0
weibo,hgb_graph_features,1.0,0.05,exposure,1,0.5120602046447096,0.20235897435897435,43.192,0.8,5168.0,5440.0
weibo,hgb_graph_features,1.0,0.05,exposure,2,0.300017316017316,0.023282051282051276,7.256,0.4,5168.0,5440.0
weibo,hgb_graph_features,1.0,0.05,exposure,3,0.6378158804805512,0.23675000000000002,52.544000000000004,1.0,5162.0,5433.0
weibo,hgb_graph_features,1.0,0.05,exposure,4,0.642916083916084,0.020779220779220783,8.016,0.8,5172.0,5444.0
weibo,hgb_graph_features,1.0,0.05,exposure,5,0.5921372688325872,0.22640000000000002,44.084,1.0,5163.0,5434.0
weibo,hgb_graph_features,1.0,0.05,exposure,6,0.5773156585156586,0.2846153846153846,53.339999999999996,1.0,5168.0,5440.0
weibo,hgb_graph_features,1.0,0.05,exposure,7,0.5361747923438065,0.23489999999999997,43.592,1.0,5162.0,5433.0
weibo,hgb_graph_features,1.0,0.05,exposure,8,0.42724775078722443,0.06493506493506493,10.892,0.8,5172.0,5444.0
weibo,hgb_graph_features,1.0,0.05,exposure,9,0.6518648018648018,0.1282051282051282,28.4,1.0,5168.0,5440.0
weibo,hgb_graph_features,1.0,0.05,random,0,0.0,0.0,0.0,0.0,5162.0,5433.0
weibo,hgb_graph_features,1.0,0.05,random,1,0.003,5.128205128205128e-05,0.016,0.004,5168.0,5440.0
weibo,hgb_graph_features,1.0,0.05,random,2,0.02,0.0,0.08,0.02,5168.0,5440.0
weibo,hgb_graph_features,1.0,0.05,random,3,0.0,0.0,0.0,0.0,5162.0,5433.0
weibo,hgb_graph_features,1.0,0.05,random,4,0.0,0.0,0.0,0.0,5172.0,5444.0
weibo,hgb_graph_features,1.0,0.05,random,5,0.0,0.0,0.0,0.0,5163.0,5434.0
weibo,hgb_graph_features,1.0,0.05,random,6,0.016,0.0008205128205128205,0.128,0.032,5168.0,5440.0
weibo,hgb_graph_features,1.0,0.05,random,7,0.0,0.0,0.0,0.0,5162.0,5433.0
weibo,hgb_graph_features,1.0,0.05,random,8,0.0,0.0,0.0,0.0,5172.0,5444.0
weibo,hgb_graph_features,1.0,0.05,random,9,0.0,0.0,0.0,0.0,5168.0,5440.0
weibo,hgb_graph_features,1.0,0.1,exposure,0,0.6828641461205704,0.7434000000000001,188.528,1.0,4890.0,5433.0
weibo,hgb_graph_features,1.0,0.1,exposure,1,0.6997450476143013,0.7663076923076922,200.45999999999998,1.0,4896.0,5440.0
weibo,hgb_graph_features,1.0,0.1,exposure,2,0.6905695889104422,0.8342051282051282,210.536,1.0,4896.0,5440.0
weibo,hgb_graph_features,1.0,0.1,exposure,3,0.7018044657062588,0.8289500000000001,222.89600000000002,1.0,4890.0,5433.0
weibo,hgb_graph_features,1.0,0.1,exposure,4,0.6935735561127119,0.8421818181818181,212.88400000000001,1.0,4900.0,5444.0
weibo,hgb_graph_features,1.0,0.1,exposure,5,0.6703021332339152,0.759,184.404,1.0,4891.0,5434.0
weibo,hgb_graph_features,1.0,0.1,exposure,6,0.6949080220428204,0.8923076923076924,228.196,1.0,4896.0,5440.0
weibo,hgb_graph_features,1.0,0.1,exposure,7,0.6772685321484243,0.8549999999999999,212.984,1.0,4890.0,5433.0
weibo,hgb_graph_features,1.0,0.1,exposure,8,0.7125754905134778,0.852,228.748,1.0,4900.0,5444.0
weibo,hgb_graph_features,1.0,0.1,exposure,9,0.6851484091250164,0.7403589743589742,184.76399999999998,1.0,4896.0,5440.0
weibo,hgb_graph_features,1.0,0.1,random,0,0.0,0.0,0.0,0.0,4890.0,5433.0
weibo,hgb_graph_features,1.0,0.1,random,1,0.015,0.00025641025641025636,0.08,0.02,4896.0,5440.0
weibo,hgb_graph_features,1.0,0.1,random,2,0.024,0.0,0.096,0.024,4896.0,5440.0
weibo,hgb_graph_features,1.0,0.1,random,3,0.0,0.0,0.0,0.0,4890.0,5433.0
weibo,hgb_graph_features,1.0,0.1,random,4,0.004,0.0,0.016,0.004,4900.0,5444.0
weibo,hgb_graph_features,1.0,0.1,random,5,0.0,0.0,0.0,0.0,4891.0,5434.0
weibo,hgb_graph_features,1.0,0.1,random,6,0.022,0.0011282051282051281,0.176,0.044,4896.0,5440.0
weibo,hgb_graph_features,1.0,0.1,random,7,0.0,0.0,0.0,0.0,4890.0,5433.0
weibo,hgb_graph_features,1.0,0.1,random,8,0.009600000000000001,0.0004155844155844156,0.08,0.016,4900.0,5444.0
weibo,hgb_graph_features,1.0,0.1,random,9,0.001,0.00015384615384615385,0.016,0.004,4896.0,5440.0
weibo,hgb_graph_features,1.0,0.2,exposure,0,0.6815090379117859,0.8,201.57999999999998,1.0,4347.0,5433.0
weibo,hgb_graph_features,1.0,0.2,exposure,1,0.7008833978591771,0.7999999999999998,210.0,1.0,4352.0,5440.0
weibo,hgb_graph_features,1.0,0.2,exposure,2,0.6907261833952958,0.8333333333333334,210.4,1.0,4352.0,5440.0
weibo,hgb_graph_features,1.0,0.2,exposure,3,0.7110573940608885,0.8699999999999999,241.144,1.0,4347.0,5433.0
weibo,hgb_graph_features,1.0,0.2,exposure,4,0.7024777363390251,0.8831168831168832,230.0,1.0,4356.0,5444.0
weibo,hgb_graph_features,1.0,0.2,exposure,5,0.6727765477625786,0.7600000000000001,185.8,1.0,4348.0,5434.0
weibo,hgb_graph_features,1.0,0.2,exposure,6,0.7014928366972615,0.9,235.6,1.0,4352.0,5440.0
weibo,hgb_graph_features,1.0,0.2,exposure,7,0.6830570117180375,0.86,217.8,1.0,4347.0,5433.0
weibo,hgb_graph_features,1.0,0.2,exposure,8,0.7260196886127047,0.8883116883116882,250.0,1.0,4356.0,5444.0
weibo,hgb_graph_features,1.0,0.2,exposure,9,0.6928215566358504,0.7871794871794872,200.8,1.0,4352.0,5440.0
weibo,hgb_graph_features,1.0,0.2,random,0,0.0,0.0,0.0,0.0,4347.0,5433.0
weibo,hgb_graph_features,1.0,0.2,random,1,0.0,0.0,0.0,0.0,4352.0,5440.0
weibo,hgb_graph_features,1.0,0.2,random,2,0.006755555555555555,0.00010256410256410256,0.05600000000000001,0.008,4352.0,5440.0
weibo,hgb_graph_features,1.0,0.2,random,3,0.0,0.0,0.0,0.0,4347.0,5433.0
weibo,hgb_graph_features,1.0,0.2,random,4,0.0,0.0,0.0,0.0,4356.0,5444.0
weibo,hgb_graph_features,1.0,0.2,random,5,0.0,0.0,0.0,0.0,4348.0,5434.0
weibo,hgb_graph_features,1.0,0.2,random,6,0.0,0.0,0.0,0.0,4352.0,5440.0
weibo,hgb_graph_features,1.0,0.2,random,7,0.0,0.0,0.0,0.0,4347.0,5433.0
weibo,hgb_graph_features,1.0,0.2,random,8,0.018577777777777776,0.000987012987012987,0.176,0.032,4356.0,5444.0
weibo,hgb_graph_features,1.0,0.2,random,9,0.0,0.0,0.0,0.0,4352.0,5440.0
weibo,hgb_graph_features,1.0,0.4,exposure,0,0.6824618911906689,0.7758499999999999,196.128,1.0,3260.0,5433.0
weibo,hgb_graph_features,1.0,0.4,exposure,1,0.6990118387815798,0.7858461538461537,205.17199999999997,1.0,3264.0,5440.0
weibo,hgb_graph_features,1.0,0.4,exposure,2,0.6887213770180418,0.8234358974358974,206.652,1.0,3264.0,5440.0
weibo,hgb_graph_features,1.0,0.4,exposure,3,0.7130253437720565,0.8734,244.052,1.0,3260.0,5433.0
weibo,hgb_graph_features,1.0,0.4,exposure,4,0.6992894820536085,0.8656623376623376,223.42,1.0,3267.0,5444.0
weibo,hgb_graph_features,1.0,0.4,exposure,5,0.672287756886506,0.7426499999999999,181.39600000000002,1.0,3261.0,5434.0
weibo,hgb_graph_features,1.0,0.4,exposure,6,0.697486391629394,0.8967179487179487,231.452,1.0,3264.0,5440.0
weibo,hgb_graph_features,1.0,0.4,exposure,7,0.6782068096377762,0.8515999999999998,212.61599999999999,1.0,3260.0,5433.0
weibo,hgb_graph_features,1.0,0.4,exposure,8,0.725484109273207,0.8812987012987014,247.548,1.0,3267.0,5444.0
weibo,hgb_graph_features,1.0,0.4,exposure,9,0.6884230570404034,0.761076923076923,191.62,1.0,3264.0,5440.0
weibo,hgb_graph_features,1.0,0.4,random,0,0.0,0.0,0.0,0.0,3260.0,5433.0
weibo,hgb_graph_features,1.0,0.4,random,1,0.002,0.00015384615384615385,0.024,0.004,3264.0,5440.0
weibo,hgb_graph_features,1.0,0.4,random,2,0.006666666666666666,0.00010256410256410256,0.048,0.008,3264.0,5440.0
weibo,hgb_graph_features,1.0,0.4,random,3,0.0,0.0,0.0,0.0,3260.0,5433.0
weibo,hgb_graph_features,1.0,0.4,random,4,0.0,0.0,0.0,0.0,3267.0,5444.0
weibo,hgb_graph_features,1.0,0.4,random,5,0.0,0.0,0.0,0.0,3261.0,5434.0
weibo,hgb_graph_features,1.0,0.4,random,6,0.003428571428571428,0.00041025641025641023,0.05600000000000001,0.008,3264.0,5440.0
weibo,hgb_graph_features,1.0,0.4,random,7,0.0,0.0,0.0,0.0,3260.0,5433.0
weibo,hgb_graph_features,1.0,0.4,random,8,0.0035000000000000005,0.0004155844155844156,0.05600000000000001,0.008,3267.0,5444.0
weibo,hgb_graph_features,1.0,0.4,random,9,0.0025,0.00015384615384615385,0.032,0.004,3264.0,5440.0
weibo,hgb_graph_features,1.0,0.6,exposure,0,0.6824429840155644,0.77225,195.276,1.0,2174.0,5433.0
weibo,hgb_graph_features,1.0,0.6,exposure,1,0.6999614644970231,0.7858461538461537,206.092,1.0,2176.0,5440.0
weibo,hgb_graph_features,1.0,0.6,exposure,2,0.6871463765509352,0.8153846153846154,203.672,1.0,2176.0,5440.0
weibo,hgb_graph_features,1.0,0.6,exposure,3,0.7130525151270213,0.8713,243.612,1.0,2174.0,5433.0
weibo,hgb_graph_features,1.0,0.6,exposure,4,0.6997150231128224,0.8654545454545455,223.584,1.0,2178.0,5444.0
weibo,hgb_graph_features,1.0,0.6,exposure,5,0.6735303099542052,0.74485,182.94400000000002,1.0,2174.0,5434.0
weibo,hgb_graph_features,1.0,0.6,exposure,6,0.6965621628880996,0.8930769230769231,229.996,1.0,2176.0,5440.0
weibo,hgb_graph_features,1.0,0.6,exposure,7,0.6770850171080876,0.8477,211.08,1.0,2174.0,5433.0
weibo,hgb_graph_features,1.0,0.6,exposure,8,0.723482893010361,0.8797922077922078,245.536,1.0,2178.0,5444.0
weibo,hgb_graph_features,1.0,0.6,exposure,9,0.6867649247265224,0.7554358974358975,189.368,1.0,2176.0,5440.0
weibo,hgb_graph_features,1.0,0.6,random,0,0.0,0.0,0.0,0.0,2174.0,5433.0
weibo,hgb_graph_features,1.0,0.6,random,1,0.0,0.0,0.0,0.0,2176.0,5440.0
weibo,hgb_graph_features,1.0,0.6,random,2,0.01688888888888889,0.000358974358974359,0.18,0.02,2176.0,5440.0
weibo,hgb_graph_features,1.0,0.6,random,3,0.0,0.0,0.0,0.0,2174.0,5433.0
weibo,hgb_graph_features,1.0,0.6,random,4,0.003111111111111111,0.0001038961038961039,0.036,0.004,2178.0,5444.0
weibo,hgb_graph_features,1.0,0.6,random,5,0.0,0.0,0.0,0.0,2174.0,5434.0
weibo,hgb_graph_features,1.0,0.6,random,6,0.0,0.0,0.0,0.0,2176.0,5440.0
weibo,hgb_graph_features,1.0,0.6,random,7,0.0,0.0,0.0,0.0,2174.0,5433.0
weibo,hgb_graph_features,1.0,0.6,random,8,0.007333333333333333,0.0010389610389610387,0.148,0.016,2178.0,5444.0
weibo,hgb_graph_features,1.0,0.6,random,9,0.003111111111111111,0.00010256410256410256,0.036,0.004,2176.0,5440.0
weibo,hgb_graph_features,1.0,0.8,exposure,0,0.6810647161566353,0.75715,191.23600000000002,1.0,1087.0,5433.0
weibo,hgb_graph_features,1.0,0.8,exposure,1,0.7002545987723969,0.7725641025641025,203.376,1.0,1088.0,5440.0
weibo,hgb_graph_features,1.0,0.8,exposure,2,0.686555939151234,0.8037948717948717,200.716,1.0,1088.0,5440.0
weibo,hgb_graph_features,1.0,0.8,exposure,3,0.7121327120117162,0.8599499999999999,240.2,1.0,1087.0,5433.0
weibo,hgb_graph_features,1.0,0.8,exposure,4,0.6987813104925622,0.8612467532467531,222.408,1.0,1089.0,5444.0
weibo,hgb_graph_features,1.0,0.8,exposure,5,0.6739845186254156,0.7343,181.112,1.0,1087.0,5434.0
weibo,hgb_graph_features,1.0,0.8,exposure,6,0.6959778360528125,0.8836410256410258,227.71999999999997,1.0,1088.0,5440.0
weibo,hgb_graph_features,1.0,0.8,exposure,7,0.6772605779755587,0.83855,209.21999999999997,1.0,1087.0,5433.0
weibo,hgb_graph_features,1.0,0.8,exposure,8,0.7226427337136248,0.8728831168831169,243.448,1.0,1089.0,5444.0
weibo,hgb_graph_features,1.0,0.8,exposure,9,0.6819054722356561,0.7451282051282051,184.772,1.0,1088.0,5440.0
weibo,hgb_graph_features,1.0,0.8,random,0,0.0,0.0,0.0,0.0,1087.0,5433.0
weibo,hgb_graph_features,1.0,0.8,random,1,0.0,0.0,0.0,0.0,1088.0,5440.0
weibo,hgb_graph_features,1.0,0.8,random,2,0.0,0.0,0.0,0.0,1088.0,5440.0
weibo,hgb_graph_features,1.0,0.8,random,3,0.0,0.0,0.0,0.0,1087.0,5433.0
weibo,hgb_graph_features,1.0,0.8,random,4,0.0,0.0,0.0,0.0,1089.0,5444.0
weibo,hgb_graph_features,1.0,0.8,random,5,0.0,0.0,0.0,0.0,1087.0,5434.0
weibo,hgb_graph_features,1.0,0.8,random,6,0.0,0.0,0.0,0.0,1088.0,5440.0
weibo,hgb_graph_features,1.0,0.8,random,7,0.004842105263157895,0.0017000000000000001,0.22800000000000004,0.012,1087.0,5433.0
weibo,hgb_graph_features,1.0,0.8,random,8,0.0,0.0,0.0,0.0,1089.0,5444.0
weibo,hgb_graph_features,1.0,0.8,random,9,0.0,0.0,0.0,0.0,1088.0,5440.0
weibo,hgb_graph_features,1.0,0.9,exposure,0,0.6779495087532669,0.7405999999999999,186.208,1.0,544.0,5433.0
weibo,hgb_graph_features,1.0,0.9,exposure,1,0.6998714969927082,0.747076923076923,197.664,1.0,544.0,5440.0
weibo,hgb_graph_features,1.0,0.9,exposure,2,0.685645897365285,0.7696410256410257,192.12,1.0,544.0,5440.0
weibo,hgb_graph_features,1.0,0.9,exposure,3,0.7112876210828778,0.8437999999999999,236.004,1.0,544.0,5433.0
weibo,hgb_graph_features,1.0,0.9,exposure,4,0.6974551595821882,0.856935064935065,220.98000000000002,1.0,545.0,5444.0
weibo,hgb_graph_features,1.0,0.9,exposure,5,0.6724452586304194,0.7016500000000001,173.276,1.0,544.0,5434.0
weibo,hgb_graph_features,1.0,0.9,exposure,6,0.6901635033747157,0.8631282051282053,221.288,0.9960000000000001,544.0,5440.0
weibo,hgb_graph_features,1.0,0.9,exposure,7,0.672959075152633,0.8044499999999999,199.552,1.0,544.0,5433.0
weibo,hgb_graph_features,1.0,0.9,exposure,8,0.7200086245433358,0.8541818181818183,236.63600000000002,1.0,545.0,5444.0
weibo,hgb_graph_features,1.0,0.9,exposure,9,0.67661480166727,0.7109230769230769,174.78,1.0,544.0,5440.0
weibo,hgb_graph_features,1.0,0.9,random,0,0.0023783783783783785,0.00075,0.148,0.004,544.0,5433.0
weibo,hgb_graph_features,1.0,0.9,random,1,0.0025555555555555553,0.0006666666666666666,0.144,0.004,544.0,5440.0
weibo,hgb_graph_features,1.0,0.9,random,2,0.00845984555984556,0.0016923076923076922,0.44800000000000006,0.012,544.0,5440.0
weibo,hgb_graph_features,1.0,0.9,random,3,0.002628571428571429,0.0006000000000000001,0.13999999999999999,0.004,544.0,5433.0
weibo,hgb_graph_features,1.0,0.9,random,4,0.002857142857142857,0.0005194805194805194,0.13999999999999999,0.004,545.0,5444.0
weibo,hgb_graph_features,1.0,0.9,random,5,0.0,0.0,0.0,0.0,544.0,5434.0
weibo,hgb_graph_features,1.0,0.9,random,6,0.0,0.0,0.0,0.0,544.0,5440.0
weibo,hgb_graph_features,1.0,0.9,random,7,0.0021714285714285715,0.0008,0.13999999999999999,0.004,544.0,5433.0
weibo,hgb_graph_features,1.0,0.9,random,8,0.0,0.0,0.0,0.0,545.0,5444.0
weibo,hgb_graph_features,1.0,0.9,random,9,0.002736842105263158,0.0006153846153846154,0.152,0.004,544.0,5440.0
weibo,hgb_graph_features,1.0,0.97,exposure,0,0.5269043866681966,0.56765,144.448,0.776,163.0,5433.0
weibo,hgb_graph_features,1.0,0.97,exposure,1,0.5230506072279419,0.5663589743589744,155.376,0.74,164.0,5440.0
weibo,hgb_graph_features,1.0,0.97,exposure,2,0.5442763617731975,0.5944615384615385,150.536,0.792,164.0,5440.0
weibo,hgb_graph_features,1.0,0.97,exposure,3,0.5925499846901048,0.6813,191.176,0.836,163.0,5433.0
weibo,hgb_graph_features,1.0,0.97,exposure,4,0.6440119215535564,0.7508051948051948,192.58800000000002,0.932,164.0,5444.0
weibo,hgb_graph_features,1.0,0.97,exposure,5,0.5163427507362759,0.5396000000000001,135.8,0.764,164.0,5434.0
weibo,hgb_graph_features,1.0,0.97,exposure,6,0.5715752435072221,0.6808717948717948,173.732,0.8320000000000001,164.0,5440.0
weibo,hgb_graph_features,1.0,0.97,exposure,7,0.4472228358741789,0.52745,131.724,0.664,163.0,5433.0
weibo,hgb_graph_features,1.0,0.97,exposure,8,0.6694759601727431,0.7378181818181818,208.08,0.9279999999999999,164.0,5444.0
weibo,hgb_graph_features,1.0,0.97,exposure,9,0.5391788040704999,0.568,141.4,0.796,164.0,5440.0
weibo,hgb_graph_features,1.0,0.97,random,0,0.0,0.0,0.0,0.0,163.0,5433.0
weibo,hgb_graph_features,1.0,0.97,random,1,0.0,0.0,0.0,0.0,164.0,5440.0
weibo,hgb_graph_features,1.0,0.97,random,2,0.0,0.0,0.0,0.0,164.0,5440.0
weibo,hgb_graph_features,1.0,0.97,random,3,0.0,0.0,0.0,0.0,163.0,5433.0
weibo,hgb_graph_features,1.0,0.97,random,4,0.0027076923076923077,0.0021818181818181815,0.52,0.004,164.0,5444.0
weibo,hgb_graph_features,1.0,0.97,random,5,0.0,0.0,0.0,0.0,164.0,5434.0
weibo,hgb_graph_features,1.0,0.97,random,6,0.0,0.0,0.0,0.0,164.0,5440.0
weibo,hgb_graph_features,1.0,0.97,random,7,0.0,0.0,0.0,0.0,163.0,5433.0
weibo,hgb_graph_features,1.0,0.97,random,8,0.0,0.0,0.0,0.0,164.0,5444.0
weibo,hgb_graph_features,1.0,0.97,random,9,0.0,0.0,0.0,0.0,164.0,5440.0
