dataset,model,label_fraction,design,method,seed,fdp,power,discoveries,true_discoveries,nonempty,reference_labels,training_labels,n_reference,cal_low,cal_high,test_low,test_high
tfinance,hgb_attributes,0.25,exposure_80,filtered_low,0,0.09272419059483927,0.650990099009901,290.6,263.0,1.0,6601.6,3936.0,6307.8,5265.6,1042.2,7083.0,1773.0
tfinance,hgb_attributes,0.25,exposure_80,filtered_low,1,0.11733863620046306,0.6643564356435644,305.0,268.4,1.0,6644.8,3936.0,6346.2,5291.8,1054.4,7066.2,1788.8
tfinance,hgb_attributes,0.25,exposure_80,filtered_low,2,0.12599703970889192,0.6671568627450981,311.8,272.2,1.0,6646.0,3936.0,6350.0,5295.8,1054.2,7104.0,1751.0
tfinance,hgb_attributes,0.25,exposure_80,filtered_low,3,0.10646490655709136,0.664179104477612,299.0,267.0,1.0,6669.0,3936.0,6367.2,5319.8,1047.4,7077.4,1777.6
tfinance,hgb_attributes,0.25,exposure_80,filtered_low,4,0.12766065538423582,0.6596059113300493,308.0,267.8,1.0,6626.0,3936.0,6327.8,5267.4,1060.4,7083.6,1771.4
tfinance,hgb_attributes,0.25,exposure_80,filtered_low,5,0.13124983309898414,0.6770370370370371,317.4,274.2,1.0,6634.6,3936.0,6334.8,5278.4,1056.4,7081.4,1773.6
tfinance,hgb_attributes,0.25,exposure_80,filtered_low,6,0.11575647598818309,0.654054054054054,301.4,266.2,1.0,6619.6,3936.0,6311.8,5272.0,1039.8,7101.2,1753.8
tfinance,hgb_attributes,0.25,exposure_80,filtered_low,7,0.12322683448828442,0.6699507389162561,310.6,272.0,1.0,6680.4,3936.0,6370.8,5329.2,1041.6,7076.6,1778.4
tfinance,hgb_attributes,0.25,exposure_80,filtered_low,8,0.1382328919858944,0.6732673267326732,317.0,272.0,1.0,6662.2,3936.0,6364.4,5305.0,1059.4,7073.8,1781.2
tfinance,hgb_attributes,0.25,exposure_80,filtered_low,9,0.11227341307493599,0.665686274509804,306.6,271.6,1.0,6662.8,3936.0,6351.4,5304.8,1046.6,7068.4,1787.6
tfinance,hgb_attributes,0.25,exposure_80,full_random,0,0.09060119537009907,0.6465346534653464,288.0,261.2,1.0,6601.6,3936.0,6307.8,5265.6,1042.2,7083.0,1773.0
tfinance,hgb_attributes,0.25,exposure_80,full_random,1,0.07450537154381984,0.651980198019802,284.8,263.4,1.0,6644.8,3936.0,6346.2,5291.8,1054.4,7066.2,1788.8
tfinance,hgb_attributes,0.25,exposure_80,full_random,2,0.10763505412261558,0.6563725490196078,300.4,267.8,1.0,6646.0,3936.0,6350.0,5295.8,1054.2,7104.0,1751.0
tfinance,hgb_attributes,0.25,exposure_80,full_random,3,0.0846415632069848,0.6502487562189054,285.6,261.4,1.0,6669.0,3936.0,6367.2,5319.8,1047.4,7077.4,1777.6
tfinance,hgb_attributes,0.25,exposure_80,full_random,4,0.09244878558374506,0.6330049261083743,283.8,257.0,1.0,6626.0,3936.0,6327.8,5267.4,1060.4,7083.6,1771.4
tfinance,hgb_attributes,0.25,exposure_80,full_random,5,0.12509591944848805,0.6745679012345679,313.0,273.2,1.0,6634.6,3936.0,6334.8,5278.4,1056.4,7081.4,1773.6
tfinance,hgb_attributes,0.25,exposure_80,full_random,6,0.07919825233442339,0.6412776412776413,283.6,261.0,1.0,6619.6,3936.0,6311.8,5272.0,1039.8,7101.2,1753.8
tfinance,hgb_attributes,0.25,exposure_80,full_random,7,0.10552302019552788,0.6556650246305418,297.6,266.2,1.0,6680.4,3936.0,6370.8,5329.2,1041.6,7076.6,1778.4
tfinance,hgb_attributes,0.25,exposure_80,full_random,8,0.08599006611334523,0.6410891089108911,283.6,259.0,1.0,6662.2,3936.0,6364.4,5305.0,1059.4,7073.8,1781.2
tfinance,hgb_attributes,0.25,exposure_80,full_random,9,0.08429459779293509,0.6534313725490196,291.2,266.6,1.0,6662.8,3936.0,6351.4,5304.8,1046.6,7068.4,1787.6
tfinance,hgb_attributes,0.25,exposure_80,stratified,0,0.046379651475139824,0.6361386138613861,269.8,257.0,1.0,6601.6,3936.0,6307.8,5265.6,1042.2,7083.0,1773.0
tfinance,hgb_attributes,0.25,exposure_80,stratified,1,0.037626076806058624,0.6232673267326733,262.0,251.8,1.0,6644.8,3936.0,6346.2,5291.8,1054.4,7066.2,1788.8
tfinance,hgb_attributes,0.25,exposure_80,stratified,2,0.05358653858162745,0.6426470588235295,277.2,262.2,1.0,6646.0,3936.0,6350.0,5295.8,1054.2,7104.0,1751.0
tfinance,hgb_attributes,0.25,exposure_80,stratified,3,0.030294596484916947,0.6208955223880597,257.4,249.6,1.0,6669.0,3936.0,6367.2,5319.8,1047.4,7077.4,1777.6
tfinance,hgb_attributes,0.25,exposure_80,stratified,4,0.035993159749577154,0.5891625615763547,248.4,239.2,1.0,6626.0,3936.0,6327.8,5267.4,1060.4,7083.6,1771.4
tfinance,hgb_attributes,0.25,exposure_80,stratified,5,0.044149419470333864,0.648395061728395,274.8,262.6,1.0,6634.6,3936.0,6334.8,5278.4,1056.4,7081.4,1773.6
tfinance,hgb_attributes,0.25,exposure_80,stratified,6,0.03911941157529492,0.6083538083538084,257.8,247.6,1.0,6619.6,3936.0,6311.8,5272.0,1039.8,7101.2,1753.8
tfinance,hgb_attributes,0.25,exposure_80,stratified,7,0.030573393856710596,0.6275862068965518,262.8,254.8,1.0,6680.4,3936.0,6370.8,5329.2,1041.6,7076.6,1778.4
tfinance,hgb_attributes,0.25,exposure_80,stratified,8,0.022046572605339043,0.6099009900990099,252.0,246.4,1.0,6662.2,3936.0,6364.4,5305.0,1059.4,7073.8,1781.2
tfinance,hgb_attributes,0.25,exposure_80,stratified,9,0.02670022830135756,0.6269607843137255,262.8,255.8,1.0,6662.8,3936.0,6351.4,5304.8,1046.6,7068.4,1787.6
tfinance,hgb_attributes,0.25,zero_exposure,filtered_low,0,0.04936444003009073,0.6099009900990099,259.6,246.4,1.0,6601.6,3936.0,6307.8,2929.8,3378.0,3946.0,4910.0
tfinance,hgb_attributes,0.25,zero_exposure,filtered_low,1,0.05579397266851638,0.6326732673267327,271.0,255.6,1.0,6644.8,3936.0,6346.2,2900.4,3445.8,3897.4,4957.6
tfinance,hgb_attributes,0.25,zero_exposure,filtered_low,2,0.07345045270425402,0.6372549019607844,280.6,260.0,1.0,6646.0,3936.0,6350.0,2981.0,3369.0,4030.0,4825.0
tfinance,hgb_attributes,0.25,zero_exposure,filtered_low,3,0.05299899951945423,0.6149253731343284,261.2,247.2,1.0,6669.0,3936.0,6367.2,2914.6,3452.6,3883.4,4971.6
tfinance,hgb_attributes,0.25,zero_exposure,filtered_low,4,0.06614171901156939,0.6073891625615764,264.2,246.6,1.0,6626.0,3936.0,6327.8,2896.4,3431.4,3929.0,4926.0
tfinance,hgb_attributes,0.25,zero_exposure,filtered_low,5,0.08896613089612056,0.6479012345679013,289.6,262.4,1.0,6634.6,3936.0,6334.8,2908.8,3426.0,3937.4,4917.6
tfinance,hgb_attributes,0.25,zero_exposure,filtered_low,6,0.08143301920618802,0.6270270270270271,279.2,255.2,1.0,6619.6,3936.0,6311.8,2754.0,3557.8,3719.2,5135.8
tfinance,hgb_attributes,0.25,zero_exposure,filtered_low,7,0.0629122569100081,0.6147783251231528,266.4,249.6,1.0,6680.4,3936.0,6370.8,2873.6,3497.2,3840.4,5014.6
tfinance,hgb_attributes,0.25,zero_exposure,filtered_low,8,0.07422613433110432,0.6306930693069307,275.6,254.8,1.0,6662.2,3936.0,6364.4,2895.6,3468.8,3887.2,4967.8
tfinance,hgb_attributes,0.25,zero_exposure,filtered_low,9,0.06629848814276505,0.6426470588235295,281.0,262.2,1.0,6662.8,3936.0,6351.4,2980.4,3371.0,3990.2,4865.8
tfinance,hgb_attributes,0.25,zero_exposure,full_random,0,0.09060119537009907,0.6465346534653464,288.0,261.2,1.0,6601.6,3936.0,6307.8,2929.8,3378.0,3946.0,4910.0
tfinance,hgb_attributes,0.25,zero_exposure,full_random,1,0.07450537154381984,0.651980198019802,284.8,263.4,1.0,6644.8,3936.0,6346.2,2900.4,3445.8,3897.4,4957.6
tfinance,hgb_attributes,0.25,zero_exposure,full_random,2,0.10763505412261558,0.6563725490196078,300.4,267.8,1.0,6646.0,3936.0,6350.0,2981.0,3369.0,4030.0,4825.0
tfinance,hgb_attributes,0.25,zero_exposure,full_random,3,0.0846415632069848,0.6502487562189054,285.6,261.4,1.0,6669.0,3936.0,6367.2,2914.6,3452.6,3883.4,4971.6
tfinance,hgb_attributes,0.25,zero_exposure,full_random,4,0.09244878558374506,0.6330049261083743,283.8,257.0,1.0,6626.0,3936.0,6327.8,2896.4,3431.4,3929.0,4926.0
tfinance,hgb_attributes,0.25,zero_exposure,full_random,5,0.12509591944848805,0.6745679012345679,313.0,273.2,1.0,6634.6,3936.0,6334.8,2908.8,3426.0,3937.4,4917.6
tfinance,hgb_attributes,0.25,zero_exposure,full_random,6,0.07919825233442339,0.6412776412776413,283.6,261.0,1.0,6619.6,3936.0,6311.8,2754.0,3557.8,3719.2,5135.8
tfinance,hgb_attributes,0.25,zero_exposure,full_random,7,0.10552302019552788,0.6556650246305418,297.6,266.2,1.0,6680.4,3936.0,6370.8,2873.6,3497.2,3840.4,5014.6
tfinance,hgb_attributes,0.25,zero_exposure,full_random,8,0.08599006611334523,0.6410891089108911,283.6,259.0,1.0,6662.2,3936.0,6364.4,2895.6,3468.8,3887.2,4967.8
tfinance,hgb_attributes,0.25,zero_exposure,full_random,9,0.08429459779293509,0.6534313725490196,291.2,266.6,1.0,6662.8,3936.0,6351.4,2980.4,3371.0,3990.2,4865.8
tfinance,hgb_attributes,0.25,zero_exposure,stratified,0,0.05151121935115151,0.6366336633663366,271.6,257.2,1.0,6601.6,3936.0,6307.8,2929.8,3378.0,3946.0,4910.0
tfinance,hgb_attributes,0.25,zero_exposure,stratified,1,0.04578483232726686,0.6316831683168317,267.8,255.2,1.0,6644.8,3936.0,6346.2,2900.4,3445.8,3897.4,4957.6
tfinance,hgb_attributes,0.25,zero_exposure,stratified,2,0.05912899978220082,0.6436274509803922,279.4,262.6,1.0,6646.0,3936.0,6350.0,2981.0,3369.0,4030.0,4825.0
tfinance,hgb_attributes,0.25,zero_exposure,stratified,3,0.04645265760345767,0.6437810945273632,271.6,258.8,1.0,6669.0,3936.0,6367.2,2914.6,3452.6,3883.4,4971.6
tfinance,hgb_attributes,0.25,zero_exposure,stratified,4,0.046894815799978916,0.6098522167487685,260.0,247.6,1.0,6626.0,3936.0,6327.8,2896.4,3431.4,3929.0,4926.0
tfinance,hgb_attributes,0.25,zero_exposure,stratified,5,0.061788772627808575,0.6612345679012346,285.6,267.8,1.0,6634.6,3936.0,6334.8,2908.8,3426.0,3937.4,4917.6
tfinance,hgb_attributes,0.25,zero_exposure,stratified,6,0.04024829812489367,0.6137592137592137,260.4,249.8,1.0,6619.6,3936.0,6311.8,2754.0,3557.8,3719.2,5135.8
tfinance,hgb_attributes,0.25,zero_exposure,stratified,7,0.03324063799331316,0.632512315270936,265.6,256.8,1.0,6680.4,3936.0,6370.8,2873.6,3497.2,3840.4,5014.6
tfinance,hgb_attributes,0.25,zero_exposure,stratified,8,0.03497677622733268,0.6242574257425743,261.4,252.2,1.0,6662.2,3936.0,6364.4,2895.6,3468.8,3887.2,4967.8
tfinance,hgb_attributes,0.25,zero_exposure,stratified,9,0.03504688107689567,0.6328431372549019,267.6,258.2,1.0,6662.8,3936.0,6351.4,2980.4,3371.0,3990.2,4865.8
tfinance,hgb_attributes,0.5,exposure_80,filtered_low,0,0.10606604851346775,0.657920792079208,298.2,265.8,1.0,13215.8,3936.0,12618.4,10530.2,2088.2,7077.0,1779.0
tfinance,hgb_attributes,0.5,exposure_80,filtered_low,1,0.12057160541467726,0.6702970297029702,308.4,270.8,1.0,13320.2,3936.0,12727.0,10613.0,2114.0,7070.0,1785.0
tfinance,hgb_attributes,0.5,exposure_80,filtered_low,2,0.1373910601159714,0.6720588235294118,318.2,274.2,1.0,13283.2,3936.0,12687.8,10566.4,2121.4,7105.6,1749.4
tfinance,hgb_attributes,0.5,exposure_80,filtered_low,3,0.11517285106456132,0.6691542288557214,304.2,269.0,1.0,13303.6,3936.0,12699.4,10589.8,2109.6,7080.6,1774.4
tfinance,hgb_attributes,0.5,exposure_80,filtered_low,4,0.12327820854307223,0.6620689655172414,307.8,268.8,1.0,13291.2,3936.0,12677.6,10578.4,2099.2,7092.0,1763.0
tfinance,hgb_attributes,0.5,exposure_80,filtered_low,5,0.13412196760241488,0.6755555555555556,316.2,273.6,1.0,13256.4,3936.0,12651.0,10550.8,2100.2,7085.2,1769.8
tfinance,hgb_attributes,0.5,exposure_80,filtered_low,6,0.12656056114141423,0.6560196560196561,305.8,267.0,1.0,13258.2,3936.0,12648.6,10566.2,2082.4,7089.2,1765.8
tfinance,hgb_attributes,0.5,exposure_80,filtered_low,7,0.12091313027456252,0.6714285714285715,310.2,272.6,1.0,13305.6,3936.0,12696.8,10596.6,2100.2,7079.0,1776.0
tfinance,hgb_attributes,0.5,exposure_80,filtered_low,8,0.15658365830759863,0.6787128712871288,325.8,274.2,1.0,13275.8,3936.0,12670.2,10570.2,2100.0,7084.8,1770.2
tfinance,hgb_attributes,0.5,exposure_80,filtered_low,9,0.12458404845760429,0.6730392156862746,314.2,274.6,1.0,13320.4,3936.0,12700.6,10584.6,2116.0,7094.2,1761.8
tfinance,hgb_attributes,0.5,exposure_80,full_random,0,0.07880851244294099,0.6386138613861386,280.6,258.0,1.0,13215.8,3936.0,12618.4,10530.2,2088.2,7077.0,1779.0
tfinance,hgb_attributes,0.5,exposure_80,full_random,1,0.07872032019858985,0.6534653465346535,287.0,264.0,1.0,13320.2,3936.0,12727.0,10613.0,2114.0,7070.0,1785.0
tfinance,hgb_attributes,0.5,exposure_80,full_random,2,0.09578607872148513,0.6509803921568628,294.0,265.6,1.0,13283.2,3936.0,12687.8,10566.4,2121.4,7105.6,1749.4
tfinance,hgb_attributes,0.5,exposure_80,full_random,3,0.09344569556788909,0.6537313432835821,290.2,262.8,1.0,13303.6,3936.0,12699.4,10589.8,2109.6,7080.6,1774.4
tfinance,hgb_attributes,0.5,exposure_80,full_random,4,0.09683123128889107,0.6379310344827587,287.2,259.0,1.0,13291.2,3936.0,12677.6,10578.4,2099.2,7092.0,1763.0
tfinance,hgb_attributes,0.5,exposure_80,full_random,5,0.11566484253442,0.6696296296296296,306.8,271.2,1.0,13256.4,3936.0,12651.0,10550.8,2100.2,7085.2,1769.8
tfinance,hgb_attributes,0.5,exposure_80,full_random,6,0.08233652511528847,0.6393120393120393,283.6,260.2,1.0,13258.2,3936.0,12648.6,10566.2,2082.4,7089.2,1765.8
tfinance,hgb_attributes,0.5,exposure_80,full_random,7,0.09319741384143436,0.6502463054187192,291.2,264.0,1.0,13305.6,3936.0,12696.8,10596.6,2100.2,7079.0,1776.0
tfinance,hgb_attributes,0.5,exposure_80,full_random,8,0.1066350427773228,0.6544554455445545,296.4,264.4,1.0,13275.8,3936.0,12670.2,10570.2,2100.0,7084.8,1770.2
tfinance,hgb_attributes,0.5,exposure_80,full_random,9,0.09135124925642049,0.657843137254902,295.4,268.4,1.0,13320.4,3936.0,12700.6,10584.6,2116.0,7094.2,1761.8
tfinance,hgb_attributes,0.5,exposure_80,stratified,0,0.030004850809913653,0.6212871287128713,259.0,251.0,1.0,13215.8,3936.0,12618.4,10530.2,2088.2,7077.0,1779.0
tfinance,hgb_attributes,0.5,exposure_80,stratified,1,0.030696091848722844,0.6351485148514852,264.8,256.6,1.0,13320.2,3936.0,12727.0,10613.0,2114.0,7070.0,1785.0
tfinance,hgb_attributes,0.5,exposure_80,stratified,2,0.04326281757011634,0.6367647058823529,271.6,259.8,1.0,13283.2,3936.0,12687.8,10566.4,2121.4,7105.6,1749.4
tfinance,hgb_attributes,0.5,exposure_80,stratified,3,0.037547109013136105,0.6353233830845771,265.4,255.4,1.0,13303.6,3936.0,12699.4,10589.8,2109.6,7080.6,1774.4
tfinance,hgb_attributes,0.5,exposure_80,stratified,4,0.048720258173286665,0.6093596059113301,260.4,247.4,1.0,13291.2,3936.0,12677.6,10578.4,2099.2,7092.0,1763.0
tfinance,hgb_attributes,0.5,exposure_80,stratified,5,0.050935224965336215,0.6503703703703704,277.6,263.4,1.0,13256.4,3936.0,12651.0,10550.8,2100.2,7085.2,1769.8
tfinance,hgb_attributes,0.5,exposure_80,stratified,6,0.03677226116100636,0.6127764127764128,259.0,249.4,1.0,13258.2,3936.0,12648.6,10566.2,2082.4,7089.2,1765.8
tfinance,hgb_attributes,0.5,exposure_80,stratified,7,0.024625314319711603,0.626600985221675,260.8,254.4,1.0,13305.6,3936.0,12696.8,10596.6,2100.2,7079.0,1776.0
tfinance,hgb_attributes,0.5,exposure_80,stratified,8,0.040198148688821385,0.6212871287128713,261.6,251.0,1.0,13275.8,3936.0,12670.2,10570.2,2100.0,7084.8,1770.2
tfinance,hgb_attributes,0.5,exposure_80,stratified,9,0.025988750693017697,0.6279411764705882,263.0,256.2,1.0,13320.4,3936.0,12700.6,10584.6,2116.0,7094.2,1761.8
tfinance,hgb_attributes,0.5,zero_exposure,filtered_low,0,0.04860003613358097,0.6089108910891089,259.2,246.0,1.0,13215.8,3936.0,12618.4,4928.4,7690.0,3328.4,5527.6
tfinance,hgb_attributes,0.5,zero_exposure,filtered_low,1,0.05429367892134466,0.6341584158415842,271.2,256.2,1.0,13320.2,3936.0,12727.0,4973.6,7753.4,3339.2,5515.8
tfinance,hgb_attributes,0.5,zero_exposure,filtered_low,2,0.07015621832452199,0.6313725490196078,277.0,257.6,1.0,13283.2,3936.0,12687.8,4997.4,7690.4,3364.2,5490.8
tfinance,hgb_attributes,0.5,zero_exposure,filtered_low,3,0.05763430877130178,0.609950248756219,260.6,245.2,1.0,13303.6,3936.0,12699.4,4907.8,7791.6,3263.2,5591.8
tfinance,hgb_attributes,0.5,zero_exposure,filtered_low,4,0.07141586771265554,0.6054187192118227,265.4,245.8,1.0,13291.2,3936.0,12677.6,4873.4,7804.2,3291.6,5563.4
tfinance,hgb_attributes,0.5,zero_exposure,filtered_low,5,0.07045428066653471,0.6474074074074074,282.4,262.2,1.0,13256.4,3936.0,12651.0,4966.2,7684.8,3338.0,5517.0
tfinance,hgb_attributes,0.5,zero_exposure,filtered_low,6,0.06954927203797721,0.6216216216216216,272.2,253.0,1.0,13258.2,3936.0,12648.6,4734.0,7914.6,3182.2,5672.8
tfinance,hgb_attributes,0.5,zero_exposure,filtered_low,7,0.0605091250034727,0.6098522167487685,263.8,247.6,1.0,13305.6,3936.0,12696.8,4810.6,7886.2,3232.6,5622.4
tfinance,hgb_attributes,0.5,zero_exposure,filtered_low,8,0.09363921283819225,0.6460396039603961,288.4,261.0,1.0,13275.8,3936.0,12670.2,4825.8,7844.4,3277.6,5577.4
tfinance,hgb_attributes,0.5,zero_exposure,filtered_low,9,0.07436661121424162,0.6480392156862745,285.6,264.4,1.0,13320.4,3936.0,12700.6,4944.0,7756.6,3336.6,5519.4
tfinance,hgb_attributes,0.5,zero_exposure,full_random,0,0.07880851244294099,0.6386138613861386,280.6,258.0,1.0,13215.8,3936.0,12618.4,4928.4,7690.0,3328.4,5527.6
tfinance,hgb_attributes,0.5,zero_exposure,full_random,1,0.07872032019858985,0.6534653465346535,287.0,264.0,1.0,13320.2,3936.0,12727.0,4973.6,7753.4,3339.2,5515.8
tfinance,hgb_attributes,0.5,zero_exposure,full_random,2,0.09578607872148513,0.6509803921568628,294.0,265.6,1.0,13283.2,3936.0,12687.8,4997.4,7690.4,3364.2,5490.8
tfinance,hgb_attributes,0.5,zero_exposure,full_random,3,0.09344569556788909,0.6537313432835821,290.2,262.8,1.0,13303.6,3936.0,12699.4,4907.8,7791.6,3263.2,5591.8
tfinance,hgb_attributes,0.5,zero_exposure,full_random,4,0.09683123128889107,0.6379310344827587,287.2,259.0,1.0,13291.2,3936.0,12677.6,4873.4,7804.2,3291.6,5563.4
tfinance,hgb_attributes,0.5,zero_exposure,full_random,5,0.11566484253442,0.6696296296296296,306.8,271.2,1.0,13256.4,3936.0,12651.0,4966.2,7684.8,3338.0,5517.0
tfinance,hgb_attributes,0.5,zero_exposure,full_random,6,0.08233652511528847,0.6393120393120393,283.6,260.2,1.0,13258.2,3936.0,12648.6,4734.0,7914.6,3182.2,5672.8
tfinance,hgb_attributes,0.5,zero_exposure,full_random,7,0.09319741384143436,0.6502463054187192,291.2,264.0,1.0,13305.6,3936.0,12696.8,4810.6,7886.2,3232.6,5622.4
tfinance,hgb_attributes,0.5,zero_exposure,full_random,8,0.1066350427773228,0.6544554455445545,296.4,264.4,1.0,13275.8,3936.0,12670.2,4825.8,7844.4,3277.6,5577.4
tfinance,hgb_attributes,0.5,zero_exposure,full_random,9,0.09135124925642049,0.657843137254902,295.4,268.4,1.0,13320.4,3936.0,12700.6,4944.0,7756.6,3336.6,5519.4
tfinance,hgb_attributes,0.5,zero_exposure,stratified,0,0.03813465164976572,0.6257425742574257,263.0,252.8,1.0,13215.8,3936.0,12618.4,4928.4,7690.0,3328.4,5527.6
tfinance,hgb_attributes,0.5,zero_exposure,stratified,1,0.03856511201843293,0.6386138613861386,268.4,258.0,1.0,13320.2,3936.0,12727.0,4973.6,7753.4,3339.2,5515.8
tfinance,hgb_attributes,0.5,zero_exposure,stratified,2,0.05263455723383246,0.6377450980392156,274.8,260.2,1.0,13283.2,3936.0,12687.8,4997.4,7690.4,3364.2,5490.8
tfinance,hgb_attributes,0.5,zero_exposure,stratified,3,0.04404554969399945,0.6358208955223881,267.4,255.6,1.0,13303.6,3936.0,12699.4,4907.8,7791.6,3263.2,5591.8
tfinance,hgb_attributes,0.5,zero_exposure,stratified,4,0.05615628898654962,0.6216748768472906,267.6,252.4,1.0,13291.2,3936.0,12677.6,4873.4,7804.2,3291.6,5563.4
tfinance,hgb_attributes,0.5,zero_exposure,stratified,5,0.06385951138141183,0.6567901234567902,284.2,266.0,1.0,13256.4,3936.0,12651.0,4966.2,7684.8,3338.0,5517.0
tfinance,hgb_attributes,0.5,zero_exposure,stratified,6,0.035208240752176184,0.6162162162162163,260.0,250.8,1.0,13258.2,3936.0,12648.6,4734.0,7914.6,3182.2,5672.8
tfinance,hgb_attributes,0.5,zero_exposure,stratified,7,0.03442248286010046,0.6320197044334975,265.8,256.6,1.0,13305.6,3936.0,12696.8,4810.6,7886.2,3232.6,5622.4
tfinance,hgb_attributes,0.5,zero_exposure,stratified,8,0.048144460754226695,0.6282178217821782,266.8,253.8,1.0,13275.8,3936.0,12670.2,4825.8,7844.4,3277.6,5577.4
tfinance,hgb_attributes,0.5,zero_exposure,stratified,9,0.041245655904494395,0.6372549019607844,271.2,260.0,1.0,13320.4,3936.0,12700.6,4944.0,7756.6,3336.6,5519.4
tfinance,hgb_attributes,1.0,exposure_80,filtered_low,0,0.1196541338941147,0.6688118811881189,307.2,270.2,1.0,26565.0,3936.0,25354.0,21145.0,4209.0,7087.6,1768.4
tfinance,hgb_attributes,1.0,exposure_80,filtered_low,1,0.1281566883387515,0.6698019801980198,310.6,270.6,1.0,26566.0,3936.0,25354.0,21157.2,4196.8,7073.0,1782.0
tfinance,hgb_attributes,1.0,exposure_80,filtered_low,2,0.14202050527495094,0.6754901960784314,322.0,275.6,1.0,26566.0,3936.0,25342.0,21145.6,4196.4,7089.6,1765.4
tfinance,hgb_attributes,1.0,exposure_80,filtered_low,3,0.1291876178809621,0.6805970149253732,314.2,273.6,1.0,26566.0,3936.0,25359.0,21155.2,4203.8,7083.4,1771.6
tfinance,hgb_attributes,1.0,exposure_80,filtered_low,4,0.15181209962164244,0.6778325123152709,324.8,275.2,1.0,26566.0,3936.0,25348.0,21145.2,4202.8,7090.2,1764.8
tfinance,hgb_attributes,1.0,exposure_80,filtered_low,5,0.13665883806519494,0.6765432098765432,317.6,274.0,1.0,26566.0,3936.0,25351.0,21164.2,4186.8,7072.2,1782.8
tfinance,hgb_attributes,1.0,exposure_80,filtered_low,6,0.13841986207454576,0.6653562653562654,314.4,270.8,1.0,26566.0,3936.0,25345.0,21153.4,4191.6,7074.8,1780.2
tfinance,hgb_attributes,1.0,exposure_80,filtered_low,7,0.1381274783726515,0.6822660098522167,321.4,277.0,1.0,26566.0,3936.0,25346.0,21162.4,4183.6,7072.2,1782.8
tfinance,hgb_attributes,1.0,exposure_80,filtered_low,8,0.15883493268427312,0.6816831683168317,327.8,275.4,1.0,26566.0,3936.0,25354.0,21149.4,4204.6,7090.4,1764.6
tfinance,hgb_attributes,1.0,exposure_80,filtered_low,9,0.13370485926941517,0.6764705882352942,319.0,276.0,1.0,26565.0,3936.0,25343.0,21145.2,4197.8,7087.2,1768.8
tfinance,hgb_attributes,1.0,exposure_80,full_random,0,0.07070303038009744,0.6361386138613861,276.8,257.0,1.0,26565.0,3936.0,25354.0,21145.0,4209.0,7087.6,1768.4
tfinance,hgb_attributes,1.0,exposure_80,full_random,1,0.0777357453507747,0.654950495049505,287.2,264.6,1.0,26566.0,3936.0,25354.0,21157.2,4196.8,7073.0,1782.0
tfinance,hgb_attributes,1.0,exposure_80,full_random,2,0.10055112855525931,0.6519607843137255,296.0,266.0,1.0,26566.0,3936.0,25342.0,21145.6,4196.4,7089.6,1765.4
tfinance,hgb_attributes,1.0,exposure_80,full_random,3,0.09130906853648942,0.6507462686567165,288.0,261.6,1.0,26566.0,3936.0,25359.0,21155.2,4203.8,7083.4,1771.6
tfinance,hgb_attributes,1.0,exposure_80,full_random,4,0.10168697626847659,0.6467980295566502,292.6,262.6,1.0,26566.0,3936.0,25348.0,21145.2,4202.8,7090.2,1764.8
tfinance,hgb_attributes,1.0,exposure_80,full_random,5,0.11199348946275993,0.6701234567901235,305.8,271.4,1.0,26566.0,3936.0,25351.0,21164.2,4186.8,7072.2,1782.8
tfinance,hgb_attributes,1.0,exposure_80,full_random,6,0.08971784472544561,0.6422604422604422,287.2,261.4,1.0,26566.0,3936.0,25345.0,21153.4,4191.6,7074.8,1780.2
tfinance,hgb_attributes,1.0,exposure_80,full_random,7,0.10253861178786124,0.6546798029556651,296.2,265.8,1.0,26566.0,3936.0,25346.0,21162.4,4183.6,7072.2,1782.8
tfinance,hgb_attributes,1.0,exposure_80,full_random,8,0.10336177297163034,0.651980198019802,294.0,263.4,1.0,26566.0,3936.0,25354.0,21149.4,4204.6,7090.4,1764.6
tfinance,hgb_attributes,1.0,exposure_80,full_random,9,0.0964704627791255,0.6617647058823529,298.8,270.0,1.0,26565.0,3936.0,25343.0,21145.2,4197.8,7087.2,1768.8
tfinance,hgb_attributes,1.0,exposure_80,stratified,0,0.024564151721589326,0.6024752475247525,249.6,243.4,1.0,26565.0,3936.0,25354.0,21145.0,4209.0,7087.6,1768.4
tfinance,hgb_attributes,1.0,exposure_80,stratified,1,0.03374269432890122,0.6356435643564357,265.8,256.8,1.0,26566.0,3936.0,25354.0,21157.2,4196.8,7073.0,1782.0
tfinance,hgb_attributes,1.0,exposure_80,stratified,2,0.04737102360977432,0.6406862745098039,274.4,261.4,1.0,26566.0,3936.0,25342.0,21145.6,4196.4,7089.6,1765.4
tfinance,hgb_attributes,1.0,exposure_80,stratified,3,0.03379960901340525,0.6248756218905472,260.0,251.2,1.0,26566.0,3936.0,25359.0,21155.2,4203.8,7083.4,1771.6
tfinance,hgb_attributes,1.0,exposure_80,stratified,4,0.04792722306284072,0.6177339901477833,263.6,250.8,1.0,26566.0,3936.0,25348.0,21145.2,4202.8,7090.2,1764.8
tfinance,hgb_attributes,1.0,exposure_80,stratified,5,0.04307294356336276,0.6567901234567901,278.0,266.0,1.0,26566.0,3936.0,25351.0,21164.2,4186.8,7072.2,1782.8
tfinance,hgb_attributes,1.0,exposure_80,stratified,6,0.03714786849937361,0.6221130221130221,263.0,253.2,1.0,26566.0,3936.0,25345.0,21153.4,4191.6,7074.8,1780.2
tfinance,hgb_attributes,1.0,exposure_80,stratified,7,0.029594055817325115,0.625615763546798,261.8,254.0,1.0,26566.0,3936.0,25346.0,21162.4,4183.6,7072.2,1782.8
tfinance,hgb_attributes,1.0,exposure_80,stratified,8,0.0401511869031244,0.6222772277227723,262.0,251.4,1.0,26566.0,3936.0,25354.0,21149.4,4204.6,7090.4,1764.6
tfinance,hgb_attributes,1.0,exposure_80,stratified,9,0.0313447140588652,0.6392156862745099,269.2,260.8,1.0,26565.0,3936.0,25343.0,21145.2,4197.8,7087.2,1768.8
tfinance,hgb_attributes,1.0,zero_exposure,filtered_low,0,0.06392940342410883,0.6277227722772277,271.2,253.6,1.0,26565.0,3936.0,25354.0,7751.8,17602.2,2580.4,6275.6
tfinance,hgb_attributes,1.0,zero_exposure,filtered_low,1,0.052850897522846704,0.6346534653465347,270.8,256.4,1.0,26566.0,3936.0,25354.0,7820.8,17533.2,2630.8,6224.2
tfinance,hgb_attributes,1.0,zero_exposure,filtered_low,2,0.07419222706229198,0.6357843137254902,280.2,259.4,1.0,26566.0,3936.0,25342.0,7872.2,17469.8,2626.4,6228.6
tfinance,hgb_attributes,1.0,zero_exposure,filtered_low,3,0.05386401181650309,0.6134328358208955,260.8,246.6,1.0,26566.0,3936.0,25359.0,7849.4,17509.6,2634.0,6221.0
tfinance,hgb_attributes,1.0,zero_exposure,filtered_low,4,0.07056056060768663,0.6152709359605911,268.8,249.8,1.0,26566.0,3936.0,25348.0,7753.6,17594.4,2618.0,6237.0
tfinance,hgb_attributes,1.0,zero_exposure,filtered_low,5,0.06852823545449009,0.6464197530864197,281.4,261.8,1.0,26566.0,3936.0,25351.0,7791.2,17559.8,2614.8,6240.2
tfinance,hgb_attributes,1.0,zero_exposure,filtered_low,6,0.08608182490113266,0.6353808353808355,283.2,258.6,1.0,26566.0,3936.0,25345.0,7661.0,17684.0,2584.4,6270.6
tfinance,hgb_attributes,1.0,zero_exposure,filtered_low,7,0.06529620198939341,0.6197044334975369,269.2,251.6,1.0,26566.0,3936.0,25346.0,7747.0,17599.0,2588.6,6266.4
tfinance,hgb_attributes,1.0,zero_exposure,filtered_low,8,0.10056443344863546,0.649009900990099,291.6,262.2,1.0,26566.0,3936.0,25354.0,7712.8,17641.2,2608.0,6247.0
tfinance,hgb_attributes,1.0,zero_exposure,filtered_low,9,0.07687925363597137,0.6495098039215687,287.0,265.0,1.0,26565.0,3936.0,25343.0,7731.8,17611.2,2627.6,6228.4
tfinance,hgb_attributes,1.0,zero_exposure,full_random,0,0.07070303038009744,0.6361386138613861,276.8,257.0,1.0,26565.0,3936.0,25354.0,7751.8,17602.2,2580.4,6275.6
tfinance,hgb_attributes,1.0,zero_exposure,full_random,1,0.0777357453507747,0.654950495049505,287.2,264.6,1.0,26566.0,3936.0,25354.0,7820.8,17533.2,2630.8,6224.2
tfinance,hgb_attributes,1.0,zero_exposure,full_random,2,0.10055112855525931,0.6519607843137255,296.0,266.0,1.0,26566.0,3936.0,25342.0,7872.2,17469.8,2626.4,6228.6
tfinance,hgb_attributes,1.0,zero_exposure,full_random,3,0.09130906853648942,0.6507462686567165,288.0,261.6,1.0,26566.0,3936.0,25359.0,7849.4,17509.6,2634.0,6221.0
tfinance,hgb_attributes,1.0,zero_exposure,full_random,4,0.10168697626847659,0.6467980295566502,292.6,262.6,1.0,26566.0,3936.0,25348.0,7753.6,17594.4,2618.0,6237.0
tfinance,hgb_attributes,1.0,zero_exposure,full_random,5,0.11199348946275993,0.6701234567901235,305.8,271.4,1.0,26566.0,3936.0,25351.0,7791.2,17559.8,2614.8,6240.2
tfinance,hgb_attributes,1.0,zero_exposure,full_random,6,0.08971784472544561,0.6422604422604422,287.2,261.4,1.0,26566.0,3936.0,25345.0,7661.0,17684.0,2584.4,6270.6
tfinance,hgb_attributes,1.0,zero_exposure,full_random,7,0.10253861178786124,0.6546798029556651,296.2,265.8,1.0,26566.0,3936.0,25346.0,7747.0,17599.0,2588.6,6266.4
tfinance,hgb_attributes,1.0,zero_exposure,full_random,8,0.10336177297163034,0.651980198019802,294.0,263.4,1.0,26566.0,3936.0,25354.0,7712.8,17641.2,2608.0,6247.0
tfinance,hgb_attributes,1.0,zero_exposure,full_random,9,0.0964704627791255,0.6617647058823529,298.8,270.0,1.0,26565.0,3936.0,25343.0,7731.8,17611.2,2627.6,6228.4
tfinance,hgb_attributes,1.0,zero_exposure,stratified,0,0.03607847322493461,0.6014851485148515,252.2,243.0,1.0,26565.0,3936.0,25354.0,7751.8,17602.2,2580.4,6275.6
tfinance,hgb_attributes,1.0,zero_exposure,stratified,1,0.03484522938101764,0.6311881188118812,264.2,255.0,1.0,26566.0,3936.0,25354.0,7820.8,17533.2,2630.8,6224.2
tfinance,hgb_attributes,1.0,zero_exposure,stratified,2,0.04793487231188228,0.6308823529411764,270.4,257.4,1.0,26566.0,3936.0,25342.0,7872.2,17469.8,2626.4,6228.6
tfinance,hgb_attributes,1.0,zero_exposure,stratified,3,0.038527539875854486,0.6323383084577114,264.4,254.2,1.0,26566.0,3936.0,25359.0,7849.4,17509.6,2634.0,6221.0
tfinance,hgb_attributes,1.0,zero_exposure,stratified,4,0.053875353839182114,0.6182266009852218,265.4,251.0,1.0,26566.0,3936.0,25348.0,7753.6,17594.4,2618.0,6237.0
tfinance,hgb_attributes,1.0,zero_exposure,stratified,5,0.06086076192320818,0.6602469135802469,284.8,267.4,1.0,26566.0,3936.0,25351.0,7791.2,17559.8,2614.8,6240.2
tfinance,hgb_attributes,1.0,zero_exposure,stratified,6,0.03864148620701637,0.6122850122850123,259.2,249.2,1.0,26566.0,3936.0,25345.0,7661.0,17684.0,2584.4,6270.6
tfinance,hgb_attributes,1.0,zero_exposure,stratified,7,0.039998958349125945,0.632512315270936,267.6,256.8,1.0,26566.0,3936.0,25346.0,7747.0,17599.0,2588.6,6266.4
tfinance,hgb_attributes,1.0,zero_exposure,stratified,8,0.05539000312355158,0.6267326732673267,268.2,253.2,1.0,26566.0,3936.0,25354.0,7712.8,17641.2,2608.0,6247.0
tfinance,hgb_attributes,1.0,zero_exposure,stratified,9,0.04511576233857895,0.6426470588235295,274.6,262.2,1.0,26565.0,3936.0,25343.0,7731.8,17611.2,2627.6,6228.4
tfinance,hgb_graph_features,0.25,exposure_80,filtered_low,0,0.1436529390348643,0.8084158415841584,381.6,326.6,1.0,6601.6,3936.0,6307.8,5265.6,1042.2,7083.0,1773.0
tfinance,hgb_graph_features,0.25,exposure_80,filtered_low,1,0.22182083840379202,0.846039603960396,440.2,341.8,1.0,6644.8,3936.0,6346.2,5291.8,1054.4,7066.2,1788.8
tfinance,hgb_graph_features,0.25,exposure_80,filtered_low,2,0.1463526483294023,0.8058823529411765,385.4,328.8,1.0,6646.0,3936.0,6350.0,5295.8,1054.2,7104.0,1751.0
tfinance,hgb_graph_features,0.25,exposure_80,filtered_low,3,0.18908882414834208,0.8223880597014925,408.0,330.6,1.0,6669.0,3936.0,6367.2,5319.8,1047.4,7077.4,1777.6
tfinance,hgb_graph_features,0.25,exposure_80,filtered_low,4,0.21459814445975162,0.8379310344827585,433.8,340.2,1.0,6626.0,3936.0,6327.8,5267.4,1060.4,7083.6,1771.4
tfinance,hgb_graph_features,0.25,exposure_80,filtered_low,5,0.18031320963069913,0.8330864197530865,412.2,337.4,1.0,6634.6,3936.0,6334.8,5278.4,1056.4,7081.4,1773.6
tfinance,hgb_graph_features,0.25,exposure_80,filtered_low,6,0.15830913249391285,0.8117936117936118,393.4,330.4,1.0,6619.6,3936.0,6311.8,5272.0,1039.8,7101.2,1753.8
tfinance,hgb_graph_features,0.25,exposure_80,filtered_low,7,0.17130880355624914,0.8201970443349754,404.0,333.0,1.0,6680.4,3936.0,6370.8,5329.2,1041.6,7076.6,1778.4
tfinance,hgb_graph_features,0.25,exposure_80,filtered_low,8,0.2047821842971341,0.8495049504950496,432.0,343.2,1.0,6662.2,3936.0,6364.4,5305.0,1059.4,7073.8,1781.2
tfinance,hgb_graph_features,0.25,exposure_80,filtered_low,9,0.18805944875398958,0.8387254901960783,423.0,342.2,1.0,6662.8,3936.0,6351.4,5304.8,1046.6,7068.4,1787.6
tfinance,hgb_graph_features,0.25,exposure_80,full_random,0,0.09296143350120785,0.7905940594059406,352.6,319.4,1.0,6601.6,3936.0,6307.8,5265.6,1042.2,7083.0,1773.0
tfinance,hgb_graph_features,0.25,exposure_80,full_random,1,0.07911360345046532,0.7891089108910891,346.4,318.8,1.0,6644.8,3936.0,6346.2,5291.8,1054.4,7066.2,1788.8
tfinance,hgb_graph_features,0.25,exposure_80,full_random,2,0.10096029344153823,0.782843137254902,355.4,319.4,1.0,6646.0,3936.0,6350.0,5295.8,1054.2,7104.0,1751.0
tfinance,hgb_graph_features,0.25,exposure_80,full_random,3,0.09818460761558026,0.7805970149253731,348.2,313.8,1.0,6669.0,3936.0,6367.2,5319.8,1047.4,7077.4,1777.6
tfinance,hgb_graph_features,0.25,exposure_80,full_random,4,0.1120214962156042,0.787192118226601,360.4,319.6,1.0,6626.0,3936.0,6327.8,5267.4,1060.4,7083.6,1771.4
tfinance,hgb_graph_features,0.25,exposure_80,full_random,5,0.09667686580053078,0.7995061728395061,358.6,323.8,1.0,6634.6,3936.0,6334.8,5278.4,1056.4,7081.4,1773.6
tfinance,hgb_graph_features,0.25,exposure_80,full_random,6,0.08466255095241511,0.769041769041769,342.2,313.0,1.0,6619.6,3936.0,6311.8,5272.0,1039.8,7101.2,1753.8
tfinance,hgb_graph_features,0.25,exposure_80,full_random,7,0.09075516412908963,0.7827586206896552,349.8,317.8,1.0,6680.4,3936.0,6370.8,5329.2,1041.6,7076.6,1778.4
tfinance,hgb_graph_features,0.25,exposure_80,full_random,8,0.08572889569548206,0.8,353.8,323.2,1.0,6662.2,3936.0,6364.4,5305.0,1059.4,7073.8,1781.2
tfinance,hgb_graph_features,0.25,exposure_80,full_random,9,0.0810104705138886,0.7882352941176471,350.8,321.6,1.0,6662.8,3936.0,6351.4,5304.8,1046.6,7068.4,1787.6
tfinance,hgb_graph_features,0.25,exposure_80,stratified,0,0.040474380472987695,0.7386138613861386,311.2,298.4,1.0,6601.6,3936.0,6307.8,5265.6,1042.2,7083.0,1773.0
tfinance,hgb_graph_features,0.25,exposure_80,stratified,1,0.029229616247925562,0.7202970297029703,300.0,291.0,1.0,6644.8,3936.0,6346.2,5291.8,1054.4,7066.2,1788.8
tfinance,hgb_graph_features,0.25,exposure_80,stratified,2,0.044032103572500716,0.7480392156862745,319.4,305.2,1.0,6646.0,3936.0,6350.0,5295.8,1054.2,7104.0,1751.0
tfinance,hgb_graph_features,0.25,exposure_80,stratified,3,0.039804606543517515,0.7238805970149254,303.2,291.0,1.0,6669.0,3936.0,6367.2,5319.8,1047.4,7077.4,1777.6
tfinance,hgb_graph_features,0.25,exposure_80,stratified,4,0.04814572751365702,0.7266009852216749,310.0,295.0,1.0,6626.0,3936.0,6327.8,5267.4,1060.4,7083.6,1771.4
tfinance,hgb_graph_features,0.25,exposure_80,stratified,5,0.034280674355349705,0.7496296296296296,314.4,303.6,1.0,6634.6,3936.0,6334.8,5278.4,1056.4,7081.4,1773.6
tfinance,hgb_graph_features,0.25,exposure_80,stratified,6,0.038104759322199915,0.7223587223587223,305.8,294.0,1.0,6619.6,3936.0,6311.8,5272.0,1039.8,7101.2,1753.8
tfinance,hgb_graph_features,0.25,exposure_80,stratified,7,0.03640923067654693,0.7270935960591133,306.6,295.2,1.0,6680.4,3936.0,6370.8,5329.2,1041.6,7076.6,1778.4
tfinance,hgb_graph_features,0.25,exposure_80,stratified,8,0.03697890458403422,0.7321782178217822,307.4,295.8,1.0,6662.2,3936.0,6364.4,5305.0,1059.4,7073.8,1781.2
tfinance,hgb_graph_features,0.25,exposure_80,stratified,9,0.03564486181916102,0.7191176470588235,304.4,293.4,1.0,6662.8,3936.0,6351.4,5304.8,1046.6,7068.4,1787.6
tfinance,hgb_graph_features,0.25,zero_exposure,filtered_low,0,0.10114464726482822,0.7900990099009901,355.4,319.2,1.0,6601.6,3936.0,6307.8,2929.8,3378.0,3946.0,4910.0
tfinance,hgb_graph_features,0.25,zero_exposure,filtered_low,1,0.14602075824592292,0.8222772277227722,391.0,332.2,1.0,6644.8,3936.0,6346.2,2900.4,3445.8,3897.4,4957.6
tfinance,hgb_graph_features,0.25,zero_exposure,filtered_low,2,0.09113969079798809,0.7725490196078432,347.0,315.2,1.0,6646.0,3936.0,6350.0,2981.0,3369.0,4030.0,4825.0
tfinance,hgb_graph_features,0.25,zero_exposure,filtered_low,3,0.14279583036495577,0.8079601990049751,379.4,324.8,1.0,6669.0,3936.0,6367.2,2914.6,3452.6,3883.4,4971.6
tfinance,hgb_graph_features,0.25,zero_exposure,filtered_low,4,0.14938225482643405,0.8152709359605911,389.8,331.0,1.0,6626.0,3936.0,6327.8,2896.4,3431.4,3929.0,4926.0
tfinance,hgb_graph_features,0.25,zero_exposure,filtered_low,5,0.12055856305551711,0.8138271604938272,375.6,329.6,1.0,6634.6,3936.0,6334.8,2908.8,3426.0,3937.4,4917.6
tfinance,hgb_graph_features,0.25,zero_exposure,filtered_low,6,0.09708724414874668,0.7818181818181819,353.0,318.2,1.0,6619.6,3936.0,6311.8,2754.0,3557.8,3719.2,5135.8
tfinance,hgb_graph_features,0.25,zero_exposure,filtered_low,7,0.08175634452947264,0.7704433497536946,341.0,312.8,1.0,6680.4,3936.0,6370.8,2873.6,3497.2,3840.4,5014.6
tfinance,hgb_graph_features,0.25,zero_exposure,filtered_low,8,0.1466329141409804,0.8301980198019802,394.8,335.4,1.0,6662.2,3936.0,6364.4,2895.6,3468.8,3887.2,4967.8
tfinance,hgb_graph_features,0.25,zero_exposure,filtered_low,9,0.15001412152761168,0.8220588235294117,396.0,335.4,1.0,6662.8,3936.0,6351.4,2980.4,3371.0,3990.2,4865.8
tfinance,hgb_graph_features,0.25,zero_exposure,full_random,0,0.09296143350120785,0.7905940594059406,352.6,319.4,1.0,6601.6,3936.0,6307.8,2929.8,3378.0,3946.0,4910.0
tfinance,hgb_graph_features,0.25,zero_exposure,full_random,1,0.07911360345046532,0.7891089108910891,346.4,318.8,1.0,6644.8,3936.0,6346.2,2900.4,3445.8,3897.4,4957.6
tfinance,hgb_graph_features,0.25,zero_exposure,full_random,2,0.10096029344153823,0.782843137254902,355.4,319.4,1.0,6646.0,3936.0,6350.0,2981.0,3369.0,4030.0,4825.0
tfinance,hgb_graph_features,0.25,zero_exposure,full_random,3,0.09818460761558026,0.7805970149253731,348.2,313.8,1.0,6669.0,3936.0,6367.2,2914.6,3452.6,3883.4,4971.6
tfinance,hgb_graph_features,0.25,zero_exposure,full_random,4,0.1120214962156042,0.787192118226601,360.4,319.6,1.0,6626.0,3936.0,6327.8,2896.4,3431.4,3929.0,4926.0
tfinance,hgb_graph_features,0.25,zero_exposure,full_random,5,0.09667686580053078,0.7995061728395061,358.6,323.8,1.0,6634.6,3936.0,6334.8,2908.8,3426.0,3937.4,4917.6
tfinance,hgb_graph_features,0.25,zero_exposure,full_random,6,0.08466255095241511,0.769041769041769,342.2,313.0,1.0,6619.6,3936.0,6311.8,2754.0,3557.8,3719.2,5135.8
tfinance,hgb_graph_features,0.25,zero_exposure,full_random,7,0.09075516412908963,0.7827586206896552,349.8,317.8,1.0,6680.4,3936.0,6370.8,2873.6,3497.2,3840.4,5014.6
tfinance,hgb_graph_features,0.25,zero_exposure,full_random,8,0.08572889569548206,0.8,353.8,323.2,1.0,6662.2,3936.0,6364.4,2895.6,3468.8,3887.2,4967.8
tfinance,hgb_graph_features,0.25,zero_exposure,full_random,9,0.0810104705138886,0.7882352941176471,350.8,321.6,1.0,6662.8,3936.0,6351.4,2980.4,3371.0,3990.2,4865.8
tfinance,hgb_graph_features,0.25,zero_exposure,stratified,0,0.043302934000125415,0.7504950495049505,317.2,303.2,1.0,6601.6,3936.0,6307.8,2929.8,3378.0,3946.0,4910.0
tfinance,hgb_graph_features,0.25,zero_exposure,stratified,1,0.0348710693945267,0.7396039603960396,309.8,298.8,1.0,6644.8,3936.0,6346.2,2900.4,3445.8,3897.4,4957.6
tfinance,hgb_graph_features,0.25,zero_exposure,stratified,2,0.047775356648736195,0.7583333333333333,325.0,309.4,1.0,6646.0,3936.0,6350.0,2981.0,3369.0,4030.0,4825.0
tfinance,hgb_graph_features,0.25,zero_exposure,stratified,3,0.043506207081952325,0.7353233830845771,309.2,295.6,1.0,6669.0,3936.0,6367.2,2914.6,3452.6,3883.4,4971.6
tfinance,hgb_graph_features,0.25,zero_exposure,stratified,4,0.056983846824102416,0.7403940886699507,318.8,300.6,1.0,6626.0,3936.0,6327.8,2896.4,3431.4,3929.0,4926.0
tfinance,hgb_graph_features,0.25,zero_exposure,stratified,5,0.03836197051582556,0.7540740740740741,317.6,305.4,1.0,6634.6,3936.0,6334.8,2908.8,3426.0,3937.4,4917.6
tfinance,hgb_graph_features,0.25,zero_exposure,stratified,6,0.04682134116366008,0.7326781326781326,313.0,298.2,1.0,6619.6,3936.0,6311.8,2754.0,3557.8,3719.2,5135.8
tfinance,hgb_graph_features,0.25,zero_exposure,stratified,7,0.04002413528038949,0.7399014778325124,313.2,300.4,1.0,6680.4,3936.0,6370.8,2873.6,3497.2,3840.4,5014.6
tfinance,hgb_graph_features,0.25,zero_exposure,stratified,8,0.04418036468283868,0.7524752475247525,318.4,304.0,1.0,6662.2,3936.0,6364.4,2895.6,3468.8,3887.2,4967.8
tfinance,hgb_graph_features,0.25,zero_exposure,stratified,9,0.03828282318063932,0.7318627450980392,310.6,298.6,1.0,6662.8,3936.0,6351.4,2980.4,3371.0,3990.2,4865.8
tfinance,hgb_graph_features,0.5,exposure_80,filtered_low,0,0.1679289793063033,0.8193069306930691,398.4,331.0,1.0,13215.8,3936.0,12618.4,10530.2,2088.2,7077.0,1779.0
tfinance,hgb_graph_features,0.5,exposure_80,filtered_low,1,0.23229945830582444,0.8450495049504949,444.8,341.4,1.0,13320.2,3936.0,12727.0,10613.0,2114.0,7070.0,1785.0
tfinance,hgb_graph_features,0.5,exposure_80,filtered_low,2,0.15208711661568414,0.8049019607843138,387.6,328.4,1.0,13283.2,3936.0,12687.8,10566.4,2121.4,7105.6,1749.4
tfinance,hgb_graph_features,0.5,exposure_80,filtered_low,3,0.19937380414329003,0.82636815920398,415.2,332.2,1.0,13303.6,3936.0,12699.4,10589.8,2109.6,7080.6,1774.4
tfinance,hgb_graph_features,0.5,exposure_80,filtered_low,4,0.2195678687842743,0.8394088669950739,437.4,340.8,1.0,13291.2,3936.0,12677.6,10578.4,2099.2,7092.0,1763.0
tfinance,hgb_graph_features,0.5,exposure_80,filtered_low,5,0.18366601481743422,0.8335802469135803,414.0,337.6,1.0,13256.4,3936.0,12651.0,10550.8,2100.2,7085.2,1769.8
tfinance,hgb_graph_features,0.5,exposure_80,filtered_low,6,0.1652889008380661,0.8137592137592138,397.4,331.2,1.0,13258.2,3936.0,12648.6,10566.2,2082.4,7089.2,1765.8
tfinance,hgb_graph_features,0.5,exposure_80,filtered_low,7,0.19420825239687858,0.8270935960591134,417.0,335.8,1.0,13305.6,3936.0,12696.8,10596.6,2100.2,7079.0,1776.0
tfinance,hgb_graph_features,0.5,exposure_80,filtered_low,8,0.21597775226394056,0.8534653465346536,439.8,344.8,1.0,13275.8,3936.0,12670.2,10570.2,2100.0,7084.8,1770.2
tfinance,hgb_graph_features,0.5,exposure_80,filtered_low,9,0.18587142453359484,0.8392156862745098,421.2,342.4,1.0,13320.4,3936.0,12700.6,10584.6,2116.0,7094.2,1761.8
tfinance,hgb_graph_features,0.5,exposure_80,full_random,0,0.08760428671753033,0.7876237623762377,349.0,318.2,1.0,13215.8,3936.0,12618.4,10530.2,2088.2,7077.0,1779.0
tfinance,hgb_graph_features,0.5,exposure_80,full_random,1,0.0871020786588487,0.7950495049504951,352.2,321.2,1.0,13320.2,3936.0,12727.0,10613.0,2114.0,7070.0,1785.0
tfinance,hgb_graph_features,0.5,exposure_80,full_random,2,0.09739062296688135,0.778921568627451,352.2,317.8,1.0,13283.2,3936.0,12687.8,10566.4,2121.4,7105.6,1749.4
tfinance,hgb_graph_features,0.5,exposure_80,full_random,3,0.09122653465538832,0.7781094527363184,344.6,312.8,1.0,13303.6,3936.0,12699.4,10589.8,2109.6,7080.6,1774.4
tfinance,hgb_graph_features,0.5,exposure_80,full_random,4,0.1119704284347314,0.7876847290640394,360.6,319.8,1.0,13291.2,3936.0,12677.6,10578.4,2099.2,7092.0,1763.0
tfinance,hgb_graph_features,0.5,exposure_80,full_random,5,0.10131530245665725,0.8044444444444444,362.6,325.8,1.0,13256.4,3936.0,12651.0,10550.8,2100.2,7085.2,1769.8
tfinance,hgb_graph_features,0.5,exposure_80,full_random,6,0.08824993899161472,0.7705159705159705,344.2,313.6,1.0,13258.2,3936.0,12648.6,10566.2,2082.4,7089.2,1765.8
tfinance,hgb_graph_features,0.5,exposure_80,full_random,7,0.08804646553661577,0.7793103448275862,347.0,316.4,1.0,13305.6,3936.0,12696.8,10596.6,2100.2,7079.0,1776.0
tfinance,hgb_graph_features,0.5,exposure_80,full_random,8,0.09778232041999639,0.805940594059406,361.0,325.6,1.0,13275.8,3936.0,12670.2,10570.2,2100.0,7084.8,1770.2
tfinance,hgb_graph_features,0.5,exposure_80,full_random,9,0.09964957179549198,0.8019607843137255,363.8,327.2,1.0,13320.4,3936.0,12700.6,10584.6,2116.0,7094.2,1761.8
tfinance,hgb_graph_features,0.5,exposure_80,stratified,0,0.03134444566310557,0.7316831683168317,305.2,295.6,1.0,13215.8,3936.0,12618.4,10530.2,2088.2,7077.0,1779.0
tfinance,hgb_graph_features,0.5,exposure_80,stratified,1,0.03529982208722772,0.7386138613861386,309.4,298.4,1.0,13320.2,3936.0,12727.0,10613.0,2114.0,7070.0,1785.0
tfinance,hgb_graph_features,0.5,exposure_80,stratified,2,0.042069870493401836,0.7519607843137255,320.4,306.8,1.0,13283.2,3936.0,12687.8,10566.4,2121.4,7105.6,1749.4
tfinance,hgb_graph_features,0.5,exposure_80,stratified,3,0.04080490635291598,0.7303482587064677,306.2,293.6,1.0,13303.6,3936.0,12699.4,10589.8,2109.6,7080.6,1774.4
tfinance,hgb_graph_features,0.5,exposure_80,stratified,4,0.04406999133513193,0.7270935960591134,308.8,295.2,1.0,13291.2,3936.0,12677.6,10578.4,2099.2,7092.0,1763.0
tfinance,hgb_graph_features,0.5,exposure_80,stratified,5,0.039501425325809005,0.7565432098765432,319.0,306.4,1.0,13256.4,3936.0,12651.0,10550.8,2100.2,7085.2,1769.8
tfinance,hgb_graph_features,0.5,exposure_80,stratified,6,0.037692666728208805,0.7297297297297297,308.8,297.0,1.0,13258.2,3936.0,12648.6,10566.2,2082.4,7089.2,1765.8
tfinance,hgb_graph_features,0.5,exposure_80,stratified,7,0.035080786970444346,0.7413793103448276,312.0,301.0,1.0,13305.6,3936.0,12696.8,10596.6,2100.2,7079.0,1776.0
tfinance,hgb_graph_features,0.5,exposure_80,stratified,8,0.03672982685859444,0.7391089108910891,310.2,298.6,1.0,13275.8,3936.0,12670.2,10570.2,2100.0,7084.8,1770.2
tfinance,hgb_graph_features,0.5,exposure_80,stratified,9,0.036170821361865196,0.7230392156862745,306.2,295.0,1.0,13320.4,3936.0,12700.6,10584.6,2116.0,7094.2,1761.8
tfinance,hgb_graph_features,0.5,zero_exposure,filtered_low,0,0.1091986659717199,0.7905940594059406,359.4,319.4,1.0,13215.8,3936.0,12618.4,4928.4,7690.0,3328.4,5527.6
tfinance,hgb_graph_features,0.5,zero_exposure,filtered_low,1,0.14708606234730723,0.8242574257425742,391.8,333.0,1.0,13320.2,3936.0,12727.0,4973.6,7753.4,3339.2,5515.8
tfinance,hgb_graph_features,0.5,zero_exposure,filtered_low,2,0.08433613435365292,0.7720588235294118,344.0,315.0,1.0,13283.2,3936.0,12687.8,4997.4,7690.4,3364.2,5490.8
tfinance,hgb_graph_features,0.5,zero_exposure,filtered_low,3,0.14640682852918413,0.8079601990049751,381.2,324.8,1.0,13303.6,3936.0,12699.4,4907.8,7791.6,3263.2,5591.8
tfinance,hgb_graph_features,0.5,zero_exposure,filtered_low,4,0.13048752955157433,0.8054187192118226,377.6,327.0,1.0,13291.2,3936.0,12677.6,4873.4,7804.2,3291.6,5563.4
tfinance,hgb_graph_features,0.5,zero_exposure,filtered_low,5,0.11488927703919646,0.8093827160493827,370.8,327.8,1.0,13256.4,3936.0,12651.0,4966.2,7684.8,3338.0,5517.0
tfinance,hgb_graph_features,0.5,zero_exposure,filtered_low,6,0.10314336925061895,0.7832923832923833,356.0,318.8,1.0,13258.2,3936.0,12648.6,4734.0,7914.6,3182.2,5672.8
tfinance,hgb_graph_features,0.5,zero_exposure,filtered_low,7,0.08021012715533085,0.7704433497536946,340.2,312.8,1.0,13305.6,3936.0,12696.8,4810.6,7886.2,3232.6,5622.4
tfinance,hgb_graph_features,0.5,zero_exposure,filtered_low,8,0.15316738319174014,0.8400990099009901,401.0,339.4,1.0,13275.8,3936.0,12670.2,4825.8,7844.4,3277.6,5577.4
tfinance,hgb_graph_features,0.5,zero_exposure,filtered_low,9,0.14869877971638262,0.8215686274509804,394.4,335.2,1.0,13320.4,3936.0,12700.6,4944.0,7756.6,3336.6,5519.4
tfinance,hgb_graph_features,0.5,zero_exposure,full_random,0,0.08760428671753033,0.7876237623762377,349.0,318.2,1.0,13215.8,3936.0,12618.4,4928.4,7690.0,3328.4,5527.6
tfinance,hgb_graph_features,0.5,zero_exposure,full_random,1,0.0871020786588487,0.7950495049504951,352.2,321.2,1.0,13320.2,3936.0,12727.0,4973.6,7753.4,3339.2,5515.8
tfinance,hgb_graph_features,0.5,zero_exposure,full_random,2,0.09739062296688135,0.778921568627451,352.2,317.8,1.0,13283.2,3936.0,12687.8,4997.4,7690.4,3364.2,5490.8
tfinance,hgb_graph_features,0.5,zero_exposure,full_random,3,0.09122653465538832,0.7781094527363184,344.6,312.8,1.0,13303.6,3936.0,12699.4,4907.8,7791.6,3263.2,5591.8
tfinance,hgb_graph_features,0.5,zero_exposure,full_random,4,0.1119704284347314,0.7876847290640394,360.6,319.8,1.0,13291.2,3936.0,12677.6,4873.4,7804.2,3291.6,5563.4
tfinance,hgb_graph_features,0.5,zero_exposure,full_random,5,0.10131530245665725,0.8044444444444444,362.6,325.8,1.0,13256.4,3936.0,12651.0,4966.2,7684.8,3338.0,5517.0
tfinance,hgb_graph_features,0.5,zero_exposure,full_random,6,0.08824993899161472,0.7705159705159705,344.2,313.6,1.0,13258.2,3936.0,12648.6,4734.0,7914.6,3182.2,5672.8
tfinance,hgb_graph_features,0.5,zero_exposure,full_random,7,0.08804646553661577,0.7793103448275862,347.0,316.4,1.0,13305.6,3936.0,12696.8,4810.6,7886.2,3232.6,5622.4
tfinance,hgb_graph_features,0.5,zero_exposure,full_random,8,0.09778232041999639,0.805940594059406,361.0,325.6,1.0,13275.8,3936.0,12670.2,4825.8,7844.4,3277.6,5577.4
tfinance,hgb_graph_features,0.5,zero_exposure,full_random,9,0.09964957179549198,0.8019607843137255,363.8,327.2,1.0,13320.4,3936.0,12700.6,4944.0,7756.6,3336.6,5519.4
tfinance,hgb_graph_features,0.5,zero_exposure,stratified,0,0.03599704942635111,0.7524752475247525,315.4,304.0,1.0,13215.8,3936.0,12618.4,4928.4,7690.0,3328.4,5527.6
tfinance,hgb_graph_features,0.5,zero_exposure,stratified,1,0.03759625943211185,0.7554455445544555,317.2,305.2,1.0,13320.2,3936.0,12727.0,4973.6,7753.4,3339.2,5515.8
tfinance,hgb_graph_features,0.5,zero_exposure,stratified,2,0.047496900489324465,0.7602941176470588,325.8,310.2,1.0,13283.2,3936.0,12687.8,4997.4,7690.4,3364.2,5490.8
tfinance,hgb_graph_features,0.5,zero_exposure,stratified,3,0.047455801157016184,0.7427860696517413,313.6,298.6,1.0,13303.6,3936.0,12699.4,4907.8,7791.6,3263.2,5591.8
tfinance,hgb_graph_features,0.5,zero_exposure,stratified,4,0.05548103898443909,0.7463054187192119,320.8,303.0,1.0,13291.2,3936.0,12677.6,4873.4,7804.2,3291.6,5563.4
tfinance,hgb_graph_features,0.5,zero_exposure,stratified,5,0.04168908185775466,0.7595061728395062,321.0,307.6,1.0,13256.4,3936.0,12651.0,4966.2,7684.8,3338.0,5517.0
tfinance,hgb_graph_features,0.5,zero_exposure,stratified,6,0.04465033448493881,0.7351351351351351,313.2,299.2,1.0,13258.2,3936.0,12648.6,4734.0,7914.6,3182.2,5672.8
tfinance,hgb_graph_features,0.5,zero_exposure,stratified,7,0.040248734453040655,0.7512315270935961,317.8,305.0,1.0,13305.6,3936.0,12696.8,4810.6,7886.2,3232.6,5622.4
tfinance,hgb_graph_features,0.5,zero_exposure,stratified,8,0.04995512888639979,0.7653465346534654,325.6,309.2,1.0,13275.8,3936.0,12670.2,4825.8,7844.4,3277.6,5577.4
tfinance,hgb_graph_features,0.5,zero_exposure,stratified,9,0.040820007124847416,0.7401960784313726,315.0,302.0,1.0,13320.4,3936.0,12700.6,4944.0,7756.6,3336.6,5519.4
tfinance,hgb_graph_features,1.0,exposure_80,filtered_low,0,0.17467606288366505,0.8222772277227722,403.0,332.2,1.0,26565.0,3936.0,25354.0,21145.0,4209.0,7087.6,1768.4
tfinance,hgb_graph_features,1.0,exposure_80,filtered_low,1,0.23359567158449593,0.8435643564356436,445.0,340.8,1.0,26566.0,3936.0,25354.0,21157.2,4196.8,7073.0,1782.0
tfinance,hgb_graph_features,1.0,exposure_80,filtered_low,2,0.16506956038996495,0.8073529411764706,394.8,329.4,1.0,26566.0,3936.0,25342.0,21145.6,4196.4,7089.6,1765.4
tfinance,hgb_graph_features,1.0,exposure_80,filtered_low,3,0.2046464996728356,0.827363184079602,418.4,332.6,1.0,26566.0,3936.0,25359.0,21155.2,4203.8,7083.4,1771.6
tfinance,hgb_graph_features,1.0,exposure_80,filtered_low,4,0.22708971463467137,0.8394088669950739,441.2,340.8,1.0,26566.0,3936.0,25348.0,21145.2,4202.8,7090.2,1764.8
tfinance,hgb_graph_features,1.0,exposure_80,filtered_low,5,0.20642716174961073,0.8439506172839506,431.2,341.8,1.0,26566.0,3936.0,25351.0,21164.2,4186.8,7072.2,1782.8
tfinance,hgb_graph_features,1.0,exposure_80,filtered_low,6,0.17051408464838308,0.8167076167076168,401.6,332.4,1.0,26566.0,3936.0,25345.0,21153.4,4191.6,7074.8,1780.2
tfinance,hgb_graph_features,1.0,exposure_80,filtered_low,7,0.22184860018727864,0.8384236453201972,437.6,340.4,1.0,26566.0,3936.0,25346.0,21162.4,4183.6,7072.2,1782.8
tfinance,hgb_graph_features,1.0,exposure_80,filtered_low,8,0.2244308774181884,0.8549504950495048,445.4,345.4,1.0,26566.0,3936.0,25354.0,21149.4,4204.6,7090.4,1764.6
tfinance,hgb_graph_features,1.0,exposure_80,filtered_low,9,0.1920157870024251,0.8426470588235293,426.2,343.8,1.0,26565.0,3936.0,25343.0,21145.2,4197.8,7087.2,1768.8
tfinance,hgb_graph_features,1.0,exposure_80,full_random,0,0.08706796139084064,0.7886138613861386,349.2,318.6,1.0,26565.0,3936.0,25354.0,21145.0,4209.0,7087.6,1768.4
tfinance,hgb_graph_features,1.0,exposure_80,full_random,1,0.09385500074968312,0.7960396039603961,355.0,321.6,1.0,26566.0,3936.0,25354.0,21157.2,4196.8,7073.0,1782.0
tfinance,hgb_graph_features,1.0,exposure_80,full_random,2,0.09550778826521696,0.7794117647058824,351.6,318.0,1.0,26566.0,3936.0,25342.0,21145.6,4196.4,7089.6,1765.4
tfinance,hgb_graph_features,1.0,exposure_80,full_random,3,0.09852797011747019,0.7805970149253731,348.4,313.8,1.0,26566.0,3936.0,25359.0,21155.2,4203.8,7083.4,1771.6
tfinance,hgb_graph_features,1.0,exposure_80,full_random,4,0.11583132867673343,0.7935960591133006,364.6,322.2,1.0,26566.0,3936.0,25348.0,21145.2,4202.8,7090.2,1764.8
tfinance,hgb_graph_features,1.0,exposure_80,full_random,5,0.09843392861861654,0.8039506172839506,361.2,325.6,1.0,26566.0,3936.0,25351.0,21164.2,4186.8,7072.2,1782.8
tfinance,hgb_graph_features,1.0,exposure_80,full_random,6,0.09614533087851647,0.7783783783783784,350.8,316.8,1.0,26566.0,3936.0,25345.0,21153.4,4191.6,7074.8,1780.2
tfinance,hgb_graph_features,1.0,exposure_80,full_random,7,0.0963899392473541,0.7847290640394089,352.6,318.6,1.0,26566.0,3936.0,25346.0,21162.4,4183.6,7072.2,1782.8
tfinance,hgb_graph_features,1.0,exposure_80,full_random,8,0.10368944408926213,0.8103960396039603,365.6,327.4,1.0,26566.0,3936.0,25354.0,21149.4,4204.6,7090.4,1764.6
tfinance,hgb_graph_features,1.0,exposure_80,full_random,9,0.10029779007007877,0.8,363.4,326.4,1.0,26565.0,3936.0,25343.0,21145.2,4197.8,7087.2,1768.8
tfinance,hgb_graph_features,1.0,exposure_80,stratified,0,0.03207322903549686,0.7277227722772277,303.8,294.0,1.0,26565.0,3936.0,25354.0,21145.0,4209.0,7087.6,1768.4
tfinance,hgb_graph_features,1.0,exposure_80,stratified,1,0.03811879567234716,0.7445544554455445,312.8,300.8,1.0,26566.0,3936.0,25354.0,21157.2,4196.8,7073.0,1782.0
tfinance,hgb_graph_features,1.0,exposure_80,stratified,2,0.03986953964508144,0.7480392156862745,318.0,305.2,1.0,26566.0,3936.0,25342.0,21145.6,4196.4,7089.6,1765.4
tfinance,hgb_graph_features,1.0,exposure_80,stratified,3,0.03975784357372599,0.7293532338308457,305.4,293.2,1.0,26566.0,3936.0,25359.0,21155.2,4203.8,7083.4,1771.6
tfinance,hgb_graph_features,1.0,exposure_80,stratified,4,0.04627615342140631,0.731527093596059,311.4,297.0,1.0,26566.0,3936.0,25348.0,21145.2,4202.8,7090.2,1764.8
tfinance,hgb_graph_features,1.0,exposure_80,stratified,5,0.03648007191585173,0.7545679012345679,317.2,305.6,1.0,26566.0,3936.0,25351.0,21164.2,4186.8,7072.2,1782.8
tfinance,hgb_graph_features,1.0,exposure_80,stratified,6,0.03792021364002317,0.7356265356265357,311.2,299.4,1.0,26566.0,3936.0,25345.0,21153.4,4191.6,7074.8,1780.2
tfinance,hgb_graph_features,1.0,exposure_80,stratified,7,0.03132495014482979,0.7280788177339901,305.2,295.6,1.0,26566.0,3936.0,25346.0,21162.4,4183.6,7072.2,1782.8
tfinance,hgb_graph_features,1.0,exposure_80,stratified,8,0.042369788066185535,0.7495049504950495,316.4,302.8,1.0,26566.0,3936.0,25354.0,21149.4,4204.6,7090.4,1764.6
tfinance,hgb_graph_features,1.0,exposure_80,stratified,9,0.03936749206529395,0.7328431372549019,311.4,299.0,1.0,26565.0,3936.0,25343.0,21145.2,4197.8,7087.2,1768.8
tfinance,hgb_graph_features,1.0,zero_exposure,filtered_low,0,0.09363281803469284,0.7905940594059406,352.8,319.4,1.0,26565.0,3936.0,25354.0,7751.8,17602.2,2580.4,6275.6
tfinance,hgb_graph_features,1.0,zero_exposure,filtered_low,1,0.1381653109517098,0.8198019801980199,384.6,331.2,1.0,26566.0,3936.0,25354.0,7820.8,17533.2,2630.8,6224.2
tfinance,hgb_graph_features,1.0,zero_exposure,filtered_low,2,0.08242498042291738,0.7696078431372548,342.2,314.0,1.0,26566.0,3936.0,25342.0,7872.2,17469.8,2626.4,6228.6
tfinance,hgb_graph_features,1.0,zero_exposure,filtered_low,3,0.14752709253373084,0.8099502487562189,382.2,325.6,1.0,26566.0,3936.0,25359.0,7849.4,17509.6,2634.0,6221.0
tfinance,hgb_graph_features,1.0,zero_exposure,filtered_low,4,0.13984453696257843,0.8108374384236454,383.0,329.2,1.0,26566.0,3936.0,25348.0,7753.6,17594.4,2618.0,6237.0
tfinance,hgb_graph_features,1.0,zero_exposure,filtered_low,5,0.10713997556183459,0.8079012345679013,366.6,327.2,1.0,26566.0,3936.0,25351.0,7791.2,17559.8,2614.8,6240.2
tfinance,hgb_graph_features,1.0,zero_exposure,filtered_low,6,0.11876469599443676,0.7955773955773956,367.8,323.8,1.0,26566.0,3936.0,25345.0,7661.0,17684.0,2584.4,6270.6
tfinance,hgb_graph_features,1.0,zero_exposure,filtered_low,7,0.08026545712346275,0.7738916256157635,341.8,314.2,1.0,26566.0,3936.0,25346.0,7747.0,17599.0,2588.6,6266.4
tfinance,hgb_graph_features,1.0,zero_exposure,filtered_low,8,0.15990725856214322,0.8396039603960397,403.8,339.2,1.0,26566.0,3936.0,25354.0,7712.8,17641.2,2608.0,6247.0
tfinance,hgb_graph_features,1.0,zero_exposure,filtered_low,9,0.14184888626191577,0.8200980392156862,390.4,334.6,1.0,26565.0,3936.0,25343.0,7731.8,17611.2,2627.6,6228.4
tfinance,hgb_graph_features,1.0,zero_exposure,full_random,0,0.08706796139084064,0.7886138613861386,349.2,318.6,1.0,26565.0,3936.0,25354.0,7751.8,17602.2,2580.4,6275.6
tfinance,hgb_graph_features,1.0,zero_exposure,full_random,1,0.09385500074968312,0.7960396039603961,355.0,321.6,1.0,26566.0,3936.0,25354.0,7820.8,17533.2,2630.8,6224.2
tfinance,hgb_graph_features,1.0,zero_exposure,full_random,2,0.09550778826521696,0.7794117647058824,351.6,318.0,1.0,26566.0,3936.0,25342.0,7872.2,17469.8,2626.4,6228.6
tfinance,hgb_graph_features,1.0,zero_exposure,full_random,3,0.09852797011747019,0.7805970149253731,348.4,313.8,1.0,26566.0,3936.0,25359.0,7849.4,17509.6,2634.0,6221.0
tfinance,hgb_graph_features,1.0,zero_exposure,full_random,4,0.11583132867673343,0.7935960591133006,364.6,322.2,1.0,26566.0,3936.0,25348.0,7753.6,17594.4,2618.0,6237.0
tfinance,hgb_graph_features,1.0,zero_exposure,full_random,5,0.09843392861861654,0.8039506172839506,361.2,325.6,1.0,26566.0,3936.0,25351.0,7791.2,17559.8,2614.8,6240.2
tfinance,hgb_graph_features,1.0,zero_exposure,full_random,6,0.09614533087851647,0.7783783783783784,350.8,316.8,1.0,26566.0,3936.0,25345.0,7661.0,17684.0,2584.4,6270.6
tfinance,hgb_graph_features,1.0,zero_exposure,full_random,7,0.0963899392473541,0.7847290640394089,352.6,318.6,1.0,26566.0,3936.0,25346.0,7747.0,17599.0,2588.6,6266.4
tfinance,hgb_graph_features,1.0,zero_exposure,full_random,8,0.10368944408926213,0.8103960396039603,365.6,327.4,1.0,26566.0,3936.0,25354.0,7712.8,17641.2,2608.0,6247.0
tfinance,hgb_graph_features,1.0,zero_exposure,full_random,9,0.10029779007007877,0.8,363.4,326.4,1.0,26565.0,3936.0,25343.0,7731.8,17611.2,2627.6,6228.4
tfinance,hgb_graph_features,1.0,zero_exposure,stratified,0,0.03873148114603164,0.7514851485148515,316.0,303.6,1.0,26565.0,3936.0,25354.0,7751.8,17602.2,2580.4,6275.6
tfinance,hgb_graph_features,1.0,zero_exposure,stratified,1,0.04615772144185826,0.7633663366336634,323.4,308.4,1.0,26566.0,3936.0,25354.0,7820.8,17533.2,2630.8,6224.2
tfinance,hgb_graph_features,1.0,zero_exposure,stratified,2,0.04369292622253146,0.7558823529411764,322.6,308.4,1.0,26566.0,3936.0,25342.0,7872.2,17469.8,2626.4,6228.6
tfinance,hgb_graph_features,1.0,zero_exposure,stratified,3,0.04863983177095019,0.7442786069651741,314.6,299.2,1.0,26566.0,3936.0,25359.0,7849.4,17509.6,2634.0,6221.0
tfinance,hgb_graph_features,1.0,zero_exposure,stratified,4,0.0587052329128119,0.7507389162561576,323.8,304.8,1.0,26566.0,3936.0,25348.0,7753.6,17594.4,2618.0,6237.0
tfinance,hgb_graph_features,1.0,zero_exposure,stratified,5,0.04321659214097764,0.7634567901234568,323.2,309.2,1.0,26566.0,3936.0,25351.0,7791.2,17559.8,2614.8,6240.2
tfinance,hgb_graph_features,1.0,zero_exposure,stratified,6,0.04620820409606059,0.74004914004914,315.8,301.2,1.0,26566.0,3936.0,25345.0,7661.0,17684.0,2584.4,6270.6
tfinance,hgb_graph_features,1.0,zero_exposure,stratified,7,0.03566543516822275,0.7463054187192119,314.2,303.0,1.0,26566.0,3936.0,25346.0,7747.0,17599.0,2588.6,6266.4
tfinance,hgb_graph_features,1.0,zero_exposure,stratified,8,0.05217159315116075,0.7712871287128713,329.0,311.6,1.0,26566.0,3936.0,25354.0,7712.8,17641.2,2608.0,6247.0
tfinance,hgb_graph_features,1.0,zero_exposure,stratified,9,0.04465738770961737,0.746078431372549,318.8,304.4,1.0,26565.0,3936.0,25343.0,7731.8,17611.2,2627.6,6228.4
weibo_gadbench,hgb_attributes,0.25,exposure_80,filtered_low,0,0.137594795228139,0.7282828282828283,168.0,144.2,1.0,1413.6,840.0,1265.2,1129.2,136.0,1511.8,380.2
weibo_gadbench,hgb_attributes,0.25,exposure_80,filtered_low,1,0.1539669038174463,0.7394871794871796,172.6,144.2,1.0,1422.0,840.0,1276.0,1135.6,140.4,1510.2,380.8
weibo_gadbench,hgb_attributes,0.25,exposure_80,filtered_low,2,0.2158545332220227,0.8051282051282052,200.8,157.0,1.0,1431.8,840.0,1287.0,1146.8,140.2,1509.2,381.8
weibo_gadbench,hgb_attributes,0.25,exposure_80,filtered_low,3,0.19943325500523676,0.794949494949495,197.4,157.4,1.0,1440.2,840.0,1292.0,1153.6,138.4,1513.2,378.8
weibo_gadbench,hgb_attributes,0.25,exposure_80,filtered_low,4,0.1767026408626847,0.7794871794871795,185.4,152.0,1.0,1405.6,840.0,1255.8,1121.6,134.2,1522.8,368.2
weibo_gadbench,hgb_attributes,0.25,exposure_80,filtered_low,5,0.1781481014833554,0.796,195.0,159.2,1.0,1399.4,840.0,1243.8,1119.4,124.4,1501.6,389.4
weibo_gadbench,hgb_attributes,0.25,exposure_80,filtered_low,6,0.14812427767410524,0.6818652849740932,156.0,131.6,1.0,1426.0,840.0,1274.0,1133.0,141.0,1510.6,380.4
weibo_gadbench,hgb_attributes,0.25,exposure_80,filtered_low,7,0.15126437600523623,0.7459183673469388,173.0,146.2,1.0,1406.8,840.0,1265.8,1132.4,133.4,1515.4,375.6
weibo_gadbench,hgb_attributes,0.25,exposure_80,filtered_low,8,0.17018100219459517,0.8164948453608247,191.8,158.4,1.0,1433.8,840.0,1284.6,1151.2,133.4,1508.2,382.8
weibo_gadbench,hgb_attributes,0.25,exposure_80,filtered_low,9,0.1515650880552269,0.7571428571428571,176.2,148.4,1.0,1375.0,840.0,1234.8,1105.6,129.2,1512.8,378.2
weibo_gadbench,hgb_attributes,0.25,exposure_80,full_random,0,0.0882876776362008,0.6333333333333334,137.6,125.4,1.0,1413.6,840.0,1265.2,1129.2,136.0,1511.8,380.2
weibo_gadbench,hgb_attributes,0.25,exposure_80,full_random,1,0.0770457544715238,0.635897435897436,135.0,124.0,1.0,1422.0,840.0,1276.0,1135.6,140.4,1510.2,380.8
weibo_gadbench,hgb_attributes,0.25,exposure_80,full_random,2,0.09749789629231001,0.6112820512820513,132.2,119.2,1.0,1431.8,840.0,1287.0,1146.8,140.2,1509.2,381.8
weibo_gadbench,hgb_attributes,0.25,exposure_80,full_random,3,0.0998526355835194,0.6666666666666667,147.0,132.0,1.0,1440.2,840.0,1292.0,1153.6,138.4,1513.2,378.8
weibo_gadbench,hgb_attributes,0.25,exposure_80,full_random,4,0.08601200669712783,0.6820512820512821,145.6,133.0,1.0,1405.6,840.0,1255.8,1121.6,134.2,1522.8,368.2
weibo_gadbench,hgb_attributes,0.25,exposure_80,full_random,5,0.0894439720130163,0.696,153.2,139.2,1.0,1399.4,840.0,1243.8,1119.4,124.4,1501.6,389.4
weibo_gadbench,hgb_attributes,0.25,exposure_80,full_random,6,0.10119181754507975,0.6404145077720207,137.6,123.6,1.0,1426.0,840.0,1274.0,1133.0,141.0,1510.6,380.4
weibo_gadbench,hgb_attributes,0.25,exposure_80,full_random,7,0.08468092997709938,0.6255102040816326,134.0,122.6,1.0,1406.8,840.0,1265.8,1132.4,133.4,1515.4,375.6
weibo_gadbench,hgb_attributes,0.25,exposure_80,full_random,8,0.11634795731008123,0.7494845360824742,165.2,145.4,1.0,1433.8,840.0,1284.6,1151.2,133.4,1508.2,382.8
weibo_gadbench,hgb_attributes,0.25,exposure_80,full_random,9,0.09236889484596024,0.6959183673469388,150.4,136.4,1.0,1375.0,840.0,1234.8,1105.6,129.2,1512.8,378.2
weibo_gadbench,hgb_attributes,0.25,exposure_80,stratified,0,0.0069767441860465115,0.3373737373737374,67.4,66.8,0.8,1413.6,840.0,1265.2,1129.2,136.0,1511.8,380.2
weibo_gadbench,hgb_attributes,0.25,exposure_80,stratified,1,0.017811400065837785,0.5241025641025641,104.4,102.2,1.0,1422.0,840.0,1276.0,1135.6,140.4,1510.2,380.8
weibo_gadbench,hgb_attributes,0.25,exposure_80,stratified,2,0.009708737864077669,0.23794871794871794,47.4,46.4,0.6,1431.8,840.0,1287.0,1146.8,140.2,1509.2,381.8
weibo_gadbench,hgb_attributes,0.25,exposure_80,stratified,3,0.008424378043964722,0.23535353535353537,47.4,46.6,0.6,1440.2,840.0,1292.0,1153.6,138.4,1513.2,378.8
weibo_gadbench,hgb_attributes,0.25,exposure_80,stratified,4,0.015063947214632658,0.46461538461538465,92.0,90.6,1.0,1405.6,840.0,1255.8,1121.6,134.2,1522.8,368.2
weibo_gadbench,hgb_attributes,0.25,exposure_80,stratified,5,0.014633554914503114,0.542,110.2,108.4,1.0,1399.4,840.0,1243.8,1119.4,124.4,1501.6,389.4
weibo_gadbench,hgb_attributes,0.25,exposure_80,stratified,6,0.030048151456024928,0.6165803108808291,123.0,119.0,1.0,1426.0,840.0,1274.0,1133.0,141.0,1510.6,380.4
weibo_gadbench,hgb_attributes,0.25,exposure_80,stratified,7,0.013436370434999376,0.18061224489795918,36.8,35.4,0.4,1406.8,840.0,1265.8,1132.4,133.4,1515.4,375.6
weibo_gadbench,hgb_attributes,0.25,exposure_80,stratified,8,0.023019931777257547,0.31237113402061856,63.2,60.6,0.6,1433.8,840.0,1284.6,1151.2,133.4,1508.2,382.8
weibo_gadbench,hgb_attributes,0.25,exposure_80,stratified,9,0.03088373964778459,0.560204081632653,113.8,109.8,1.0,1375.0,840.0,1234.8,1105.6,129.2,1512.8,378.2
weibo_gadbench,hgb_attributes,0.25,zero_exposure,filtered_low,0,0.13794794341557703,0.7262626262626263,167.6,143.8,1.0,1413.6,840.0,1265.2,1052.8,212.4,1425.6,466.4
weibo_gadbench,hgb_attributes,0.25,zero_exposure,filtered_low,1,0.1490335579572918,0.7353846153846153,170.6,143.4,1.0,1422.0,840.0,1276.0,1102.2,173.8,1458.6,432.4
weibo_gadbench,hgb_attributes,0.25,zero_exposure,filtered_low,2,0.20814082786998506,0.7948717948717949,196.2,155.0,1.0,1431.8,840.0,1287.0,1041.8,245.2,1375.2,515.8
weibo_gadbench,hgb_attributes,0.25,zero_exposure,filtered_low,3,0.19164018434766372,0.7878787878787878,193.6,156.0,1.0,1440.2,840.0,1292.0,1064.6,227.4,1402.6,489.4
weibo_gadbench,hgb_attributes,0.25,zero_exposure,filtered_low,4,0.1702679211118173,0.7692307692307693,181.8,150.0,1.0,1405.6,840.0,1255.8,1015.4,240.4,1377.4,513.6
weibo_gadbench,hgb_attributes,0.25,zero_exposure,filtered_low,5,0.17385812894763897,0.7939999999999999,193.2,158.8,1.0,1399.4,840.0,1243.8,998.6,245.2,1349.2,541.8
weibo_gadbench,hgb_attributes,0.25,zero_exposure,filtered_low,6,0.14215780209560328,0.672538860103627,152.6,129.8,1.0,1426.0,840.0,1274.0,1056.0,218.0,1412.8,478.2
weibo_gadbench,hgb_attributes,0.25,zero_exposure,filtered_low,7,0.14273441178658636,0.7306122448979593,168.2,143.2,1.0,1406.8,840.0,1265.8,1082.2,183.6,1457.6,433.4
weibo_gadbench,hgb_attributes,0.25,zero_exposure,filtered_low,8,0.17483857023147636,0.820618556701031,194.4,159.2,1.0,1433.8,840.0,1284.6,1040.2,244.4,1373.2,517.8
weibo_gadbench,hgb_attributes,0.25,zero_exposure,filtered_low,9,0.14882818754233731,0.753061224489796,174.4,147.6,1.0,1375.0,840.0,1234.8,1038.0,196.8,1413.8,477.2
weibo_gadbench,hgb_attributes,0.25,zero_exposure,full_random,0,0.0882876776362008,0.6333333333333334,137.6,125.4,1.0,1413.6,840.0,1265.2,1052.8,212.4,1425.6,466.4
weibo_gadbench,hgb_attributes,0.25,zero_exposure,full_random,1,0.0770457544715238,0.635897435897436,135.0,124.0,1.0,1422.0,840.0,1276.0,1102.2,173.8,1458.6,432.4
weibo_gadbench,hgb_attributes,0.25,zero_exposure,full_random,2,0.09749789629231001,0.6112820512820513,132.2,119.2,1.0,1431.8,840.0,1287.0,1041.8,245.2,1375.2,515.8
weibo_gadbench,hgb_attributes,0.25,zero_exposure,full_random,3,0.0998526355835194,0.6666666666666667,147.0,132.0,1.0,1440.2,840.0,1292.0,1064.6,227.4,1402.6,489.4
weibo_gadbench,hgb_attributes,0.25,zero_exposure,full_random,4,0.08601200669712783,0.6820512820512821,145.6,133.0,1.0,1405.6,840.0,1255.8,1015.4,240.4,1377.4,513.6
weibo_gadbench,hgb_attributes,0.25,zero_exposure,full_random,5,0.0894439720130163,0.696,153.2,139.2,1.0,1399.4,840.0,1243.8,998.6,245.2,1349.2,541.8
weibo_gadbench,hgb_attributes,0.25,zero_exposure,full_random,6,0.10119181754507975,0.6404145077720207,137.6,123.6,1.0,1426.0,840.0,1274.0,1056.0,218.0,1412.8,478.2
weibo_gadbench,hgb_attributes,0.25,zero_exposure,full_random,7,0.08468092997709938,0.6255102040816326,134.0,122.6,1.0,1406.8,840.0,1265.8,1082.2,183.6,1457.6,433.4
weibo_gadbench,hgb_attributes,0.25,zero_exposure,full_random,8,0.11634795731008123,0.7494845360824742,165.2,145.4,1.0,1433.8,840.0,1284.6,1040.2,244.4,1373.2,517.8
weibo_gadbench,hgb_attributes,0.25,zero_exposure,full_random,9,0.09236889484596024,0.6959183673469388,150.4,136.4,1.0,1375.0,840.0,1234.8,1038.0,196.8,1413.8,477.2
weibo_gadbench,hgb_attributes,0.25,zero_exposure,stratified,0,0.014268271411128552,0.3747474747474747,75.6,74.2,0.8,1413.6,840.0,1265.2,1052.8,212.4,1425.6,466.4
weibo_gadbench,hgb_attributes,0.25,zero_exposure,stratified,1,0.017438656909169178,0.5405128205128206,107.6,105.4,1.0,1422.0,840.0,1276.0,1102.2,173.8,1458.6,432.4
weibo_gadbench,hgb_attributes,0.25,zero_exposure,stratified,2,0.020972423802612484,0.3948717948717949,79.2,77.0,1.0,1431.8,840.0,1287.0,1041.8,245.2,1375.2,515.8
weibo_gadbench,hgb_attributes,0.25,zero_exposure,stratified,3,0.02183652075212647,0.4222222222222222,85.8,83.6,1.0,1440.2,840.0,1292.0,1064.6,227.4,1402.6,489.4
weibo_gadbench,hgb_attributes,0.25,zero_exposure,stratified,4,0.020927222554866905,0.49641025641025643,99.0,96.8,1.0,1405.6,840.0,1255.8,1015.4,240.4,1377.4,513.6
weibo_gadbench,hgb_attributes,0.25,zero_exposure,stratified,5,0.020064223706349544,0.5609999999999999,114.6,112.2,1.0,1399.4,840.0,1243.8,998.6,245.2,1349.2,541.8
weibo_gadbench,hgb_attributes,0.25,zero_exposure,stratified,6,0.0353134779688927,0.6217616580310881,124.8,120.0,1.0,1426.0,840.0,1274.0,1056.0,218.0,1412.8,478.2
weibo_gadbench,hgb_attributes,0.25,zero_exposure,stratified,7,0.013436370434999376,0.18061224489795918,36.8,35.4,0.4,1406.8,840.0,1265.8,1082.2,183.6,1457.6,433.4
weibo_gadbench,hgb_attributes,0.25,zero_exposure,stratified,8,0.04361567032563522,0.5597938144329897,113.8,108.6,1.0,1433.8,840.0,1284.6,1040.2,244.4,1373.2,517.8
weibo_gadbench,hgb_attributes,0.25,zero_exposure,stratified,9,0.04158102570316311,0.6255102040816326,128.0,122.6,1.0,1375.0,840.0,1234.8,1038.0,196.8,1413.8,477.2
weibo_gadbench,hgb_attributes,0.5,exposure_80,filtered_low,0,0.168308558805941,0.7565656565656566,180.6,149.8,1.0,2865.6,840.0,2569.4,2290.4,279.0,1513.4,378.6
weibo_gadbench,hgb_attributes,0.5,exposure_80,filtered_low,1,0.18591638026232102,0.7938461538461539,190.2,154.8,1.0,2854.4,840.0,2563.4,2287.8,275.6,1504.2,386.8
weibo_gadbench,hgb_attributes,0.5,exposure_80,filtered_low,2,0.2281064144072603,0.8246153846153845,209.0,160.8,1.0,2876.4,840.0,2576.6,2292.2,284.4,1512.2,378.8
weibo_gadbench,hgb_attributes,0.5,exposure_80,filtered_low,3,0.22205062834255207,0.8212121212121211,209.4,162.6,1.0,2854.8,840.0,2557.4,2285.0,272.4,1508.4,383.6
weibo_gadbench,hgb_attributes,0.5,exposure_80,filtered_low,4,0.17464383033731065,0.7774358974358975,184.6,151.6,1.0,2821.0,840.0,2523.0,2240.6,282.4,1523.0,368.0
weibo_gadbench,hgb_attributes,0.5,exposure_80,filtered_low,5,0.18616968755411817,0.805,199.4,161.0,1.0,2796.6,840.0,2494.6,2232.4,262.2,1502.2,388.8
weibo_gadbench,hgb_attributes,0.5,exposure_80,filtered_low,6,0.1599932458098055,0.6880829015544041,158.8,132.8,1.0,2857.0,840.0,2559.6,2282.0,277.6,1506.4,384.6
weibo_gadbench,hgb_attributes,0.5,exposure_80,filtered_low,7,0.163128985035784,0.7622448979591837,179.2,149.4,1.0,2832.2,840.0,2539.2,2264.6,274.6,1515.2,375.8
weibo_gadbench,hgb_attributes,0.5,exposure_80,filtered_low,8,0.18838598012748362,0.8298969072164949,199.8,161.0,1.0,2843.8,840.0,2549.0,2265.0,284.0,1512.0,379.0
weibo_gadbench,hgb_attributes,0.5,exposure_80,filtered_low,9,0.2100484024292383,0.8081632653061224,202.6,158.4,1.0,2800.2,840.0,2516.0,2228.0,288.0,1516.4,374.6
weibo_gadbench,hgb_attributes,0.5,exposure_80,full_random,0,0.08789777852323744,0.6323232323232324,137.6,125.2,1.0,2865.6,840.0,2569.4,2290.4,279.0,1513.4,378.6
weibo_gadbench,hgb_attributes,0.5,exposure_80,full_random,1,0.07287231533390785,0.6317948717948718,133.2,123.2,1.0,2854.4,840.0,2563.4,2287.8,275.6,1504.2,386.8
weibo_gadbench,hgb_attributes,0.5,exposure_80,full_random,2,0.10159874945686095,0.6133333333333333,133.4,119.6,1.0,2876.4,840.0,2576.6,2292.2,284.4,1512.2,378.8
weibo_gadbench,hgb_attributes,0.5,exposure_80,full_random,3,0.10225767301557387,0.6747474747474748,149.0,133.6,1.0,2854.8,840.0,2557.4,2285.0,272.4,1508.4,383.6
weibo_gadbench,hgb_attributes,0.5,exposure_80,full_random,4,0.0842312490590746,0.676923076923077,144.2,132.0,1.0,2821.0,840.0,2523.0,2240.6,282.4,1523.0,368.0
weibo_gadbench,hgb_attributes,0.5,exposure_80,full_random,5,0.0989232347497002,0.706,156.8,141.2,1.0,2796.6,840.0,2494.6,2232.4,262.2,1502.2,388.8
weibo_gadbench,hgb_attributes,0.5,exposure_80,full_random,6,0.1027680767664941,0.6435233160621762,138.6,124.2,1.0,2857.0,840.0,2559.6,2282.0,277.6,1506.4,384.6
weibo_gadbench,hgb_attributes,0.5,exposure_80,full_random,7,0.10287451324175212,0.6520408163265307,142.8,127.8,1.0,2832.2,840.0,2539.2,2264.6,274.6,1515.2,375.8
weibo_gadbench,hgb_attributes,0.5,exposure_80,full_random,8,0.10632505011940489,0.7319587628865979,159.6,142.0,1.0,2843.8,840.0,2549.0,2265.0,284.0,1512.0,379.0
weibo_gadbench,hgb_attributes,0.5,exposure_80,full_random,9,0.0993175129025349,0.6979591836734694,152.0,136.8,1.0,2800.2,840.0,2516.0,2228.0,288.0,1516.4,374.6
weibo_gadbench,hgb_attributes,0.5,exposure_80,stratified,0,0.019935039824029232,0.43737373737373736,88.4,86.6,1.0,2865.6,840.0,2569.4,2290.4,279.0,1513.4,378.6
weibo_gadbench,hgb_attributes,0.5,exposure_80,stratified,1,0.02525250274945521,0.5343589743589743,107.0,104.2,1.0,2854.4,840.0,2563.4,2287.8,275.6,1504.2,386.8
weibo_gadbench,hgb_attributes,0.5,exposure_80,stratified,2,0.022982158028887,0.38461538461538464,77.2,75.0,1.0,2876.4,840.0,2576.6,2292.2,284.4,1512.2,378.8
weibo_gadbench,hgb_attributes,0.5,exposure_80,stratified,3,0.025741910419329772,0.40909090909090906,83.6,81.0,1.0,2854.8,840.0,2557.4,2285.0,272.4,1508.4,383.6
weibo_gadbench,hgb_attributes,0.5,exposure_80,stratified,4,0.02050859851459552,0.5241025641025641,104.4,102.2,1.0,2821.0,840.0,2523.0,2240.6,282.4,1523.0,368.0
weibo_gadbench,hgb_attributes,0.5,exposure_80,stratified,5,0.01896094600828447,0.563,115.0,112.6,1.0,2796.6,840.0,2494.6,2232.4,262.2,1502.2,388.8
weibo_gadbench,hgb_attributes,0.5,exposure_80,stratified,6,0.021236926075635754,0.5751295336787565,113.6,111.0,1.0,2857.0,840.0,2559.6,2282.0,277.6,1506.4,384.6
weibo_gadbench,hgb_attributes,0.5,exposure_80,stratified,7,0.011067193675889328,0.3448979591836735,68.6,67.6,1.0,2832.2,840.0,2539.2,2264.6,274.6,1515.2,375.8
weibo_gadbench,hgb_attributes,0.5,exposure_80,stratified,8,0.04056299403350534,0.5350515463917527,108.4,103.8,1.0,2843.8,840.0,2549.0,2265.0,284.0,1512.0,379.0
weibo_gadbench,hgb_attributes,0.5,exposure_80,stratified,9,0.041937066157655446,0.5857142857142857,120.0,114.8,1.0,2800.2,840.0,2516.0,2228.0,288.0,1516.4,374.6
weibo_gadbench,hgb_attributes,0.5,zero_exposure,filtered_low,0,0.16819556622168402,0.7545454545454545,180.2,149.4,1.0,2865.6,840.0,2569.4,2009.6,559.8,1345.0,547.0
weibo_gadbench,hgb_attributes,0.5,zero_exposure,filtered_low,1,0.16552090512158,0.7641025641025642,178.8,149.0,1.0,2854.4,840.0,2563.4,2001.2,562.2,1318.8,572.2
weibo_gadbench,hgb_attributes,0.5,zero_exposure,filtered_low,2,0.22158571421977907,0.8102564102564103,204.0,158.0,1.0,2876.4,840.0,2576.6,1909.6,667.0,1255.6,635.4
weibo_gadbench,hgb_attributes,0.5,zero_exposure,filtered_low,3,0.21233783465539324,0.8191919191919192,206.4,162.2,1.0,2854.8,840.0,2557.4,1913.4,644.0,1273.2,618.8
weibo_gadbench,hgb_attributes,0.5,zero_exposure,filtered_low,4,0.15885380625836723,0.761025641025641,177.4,148.4,1.0,2821.0,840.0,2523.0,1897.2,625.8,1299.2,591.8
weibo_gadbench,hgb_attributes,0.5,zero_exposure,filtered_low,5,0.19329983885072516,0.813,203.2,162.6,1.0,2796.6,840.0,2494.6,1903.4,591.2,1278.4,612.6
weibo_gadbench,hgb_attributes,0.5,zero_exposure,filtered_low,6,0.14791512899982867,0.6797927461139897,154.8,131.2,1.0,2857.0,840.0,2559.6,1989.4,570.2,1319.8,571.2
weibo_gadbench,hgb_attributes,0.5,zero_exposure,filtered_low,7,0.1612259332579591,0.7622448979591836,178.8,149.4,1.0,2832.2,840.0,2539.2,2028.4,510.8,1361.8,529.2
weibo_gadbench,hgb_attributes,0.5,zero_exposure,filtered_low,8,0.17887882349622336,0.8216494845360824,195.2,159.4,1.0,2843.8,840.0,2549.0,1890.2,658.8,1268.6,622.4
weibo_gadbench,hgb_attributes,0.5,zero_exposure,filtered_low,9,0.20162467840357037,0.8020408163265307,198.6,157.2,1.0,2800.2,840.0,2516.0,1891.4,624.6,1293.6,597.4
weibo_gadbench,hgb_attributes,0.5,zero_exposure,full_random,0,0.08789777852323744,0.6323232323232324,137.6,125.2,1.0,2865.6,840.0,2569.4,2009.6,559.8,1345.0,547.0
weibo_gadbench,hgb_attributes,0.5,zero_exposure,full_random,1,0.07287231533390785,0.6317948717948718,133.2,123.2,1.0,2854.4,840.0,2563.4,2001.2,562.2,1318.8,572.2
weibo_gadbench,hgb_attributes,0.5,zero_exposure,full_random,2,0.10159874945686095,0.6133333333333333,133.4,119.6,1.0,2876.4,840.0,2576.6,1909.6,667.0,1255.6,635.4
weibo_gadbench,hgb_attributes,0.5,zero_exposure,full_random,3,0.10225767301557387,0.6747474747474748,149.0,133.6,1.0,2854.8,840.0,2557.4,1913.4,644.0,1273.2,618.8
weibo_gadbench,hgb_attributes,0.5,zero_exposure,full_random,4,0.0842312490590746,0.676923076923077,144.2,132.0,1.0,2821.0,840.0,2523.0,1897.2,625.8,1299.2,591.8
weibo_gadbench,hgb_attributes,0.5,zero_exposure,full_random,5,0.0989232347497002,0.706,156.8,141.2,1.0,2796.6,840.0,2494.6,1903.4,591.2,1278.4,612.6
weibo_gadbench,hgb_attributes,0.5,zero_exposure,full_random,6,0.1027680767664941,0.6435233160621762,138.6,124.2,1.0,2857.0,840.0,2559.6,1989.4,570.2,1319.8,571.2
weibo_gadbench,hgb_attributes,0.5,zero_exposure,full_random,7,0.10287451324175212,0.6520408163265307,142.8,127.8,1.0,2832.2,840.0,2539.2,2028.4,510.8,1361.8,529.2
weibo_gadbench,hgb_attributes,0.5,zero_exposure,full_random,8,0.10632505011940489,0.7319587628865979,159.6,142.0,1.0,2843.8,840.0,2549.0,1890.2,658.8,1268.6,622.4
weibo_gadbench,hgb_attributes,0.5,zero_exposure,full_random,9,0.0993175129025349,0.6979591836734694,152.0,136.8,1.0,2800.2,840.0,2516.0,1891.4,624.6,1293.6,597.4
weibo_gadbench,hgb_attributes,0.5,zero_exposure,stratified,0,0.03215003593726998,0.47474747474747475,97.2,94.0,1.0,2865.6,840.0,2569.4,2009.6,559.8,1345.0,547.0
weibo_gadbench,hgb_attributes,0.5,zero_exposure,stratified,1,0.032711419553524815,0.5712820512820513,115.2,111.4,1.0,2854.4,840.0,2563.4,2001.2,562.2,1318.8,572.2
weibo_gadbench,hgb_attributes,0.5,zero_exposure,stratified,2,0.05485191556682066,0.4553846153846154,94.2,88.8,1.0,2876.4,840.0,2576.6,1909.6,667.0,1255.6,635.4
weibo_gadbench,hgb_attributes,0.5,zero_exposure,stratified,3,0.03605006105006105,0.4929292929292929,102.0,97.6,1.0,2854.8,840.0,2557.4,1913.4,644.0,1273.2,618.8
weibo_gadbench,hgb_attributes,0.5,zero_exposure,stratified,4,0.029102721979790618,0.561025641025641,112.8,109.4,1.0,2821.0,840.0,2523.0,1897.2,625.8,1299.2,591.8
weibo_gadbench,hgb_attributes,0.5,zero_exposure,stratified,5,0.028692150479873335,0.6,123.8,120.0,1.0,2796.6,840.0,2494.6,1903.4,591.2,1278.4,612.6
weibo_gadbench,hgb_attributes,0.5,zero_exposure,stratified,6,0.028121403789061243,0.6020725388601036,119.8,116.2,1.0,2857.0,840.0,2559.6,1989.4,570.2,1319.8,571.2
weibo_gadbench,hgb_attributes,0.5,zero_exposure,stratified,7,0.02435679223805779,0.4163265306122449,84.2,81.6,1.0,2832.2,840.0,2539.2,2028.4,510.8,1361.8,529.2
weibo_gadbench,hgb_attributes,0.5,zero_exposure,stratified,8,0.03986778470750897,0.5639175257731959,114.2,109.4,1.0,2843.8,840.0,2549.0,1890.2,658.8,1268.6,622.4
weibo_gadbench,hgb_attributes,0.5,zero_exposure,stratified,9,0.04971918361988033,0.6306122448979592,130.2,123.6,1.0,2800.2,840.0,2516.0,1891.4,624.6,1293.6,597.4
weibo_gadbench,hgb_attributes,1.0,exposure_80,filtered_low,0,0.19512587907657308,0.7828282828282828,192.8,155.0,1.0,5673.0,840.0,5081.0,4535.2,545.8,1512.2,379.8
weibo_gadbench,hgb_attributes,1.0,exposure_80,filtered_low,1,0.23446353526090197,0.8256410256410257,210.6,161.0,1.0,5674.0,840.0,5089.0,4538.4,550.6,1509.2,381.8
weibo_gadbench,hgb_attributes,1.0,exposure_80,filtered_low,2,0.24548320215900193,0.8482051282051282,219.4,165.4,1.0,5674.0,840.0,5088.0,4539.0,549.0,1509.6,381.4
weibo_gadbench,hgb_attributes,1.0,exposure_80,filtered_low,3,0.2494955235354471,0.8424242424242424,222.8,166.8,1.0,5673.0,840.0,5081.0,4535.8,545.2,1511.0,381.0
weibo_gadbench,hgb_attributes,1.0,exposure_80,filtered_low,4,0.20611473851201145,0.8051282051282052,198.2,157.0,1.0,5674.0,840.0,5089.0,4526.2,562.8,1523.0,368.0
weibo_gadbench,hgb_attributes,1.0,exposure_80,filtered_low,5,0.19103636306850832,0.819,202.8,163.8,1.0,5674.0,840.0,5074.0,4547.0,527.0,1501.0,390.0
weibo_gadbench,hgb_attributes,1.0,exposure_80,filtered_low,6,0.1948265824707355,0.7150259067357513,171.8,138.0,1.0,5674.0,840.0,5094.0,4536.2,557.8,1513.4,377.6
weibo_gadbench,hgb_attributes,1.0,exposure_80,filtered_low,7,0.18987320365933083,0.7959183673469388,193.6,156.0,1.0,5674.0,840.0,5085.0,4534.2,550.8,1515.4,375.6
weibo_gadbench,hgb_attributes,1.0,exposure_80,filtered_low,8,0.21136515540185266,0.8536082474226804,211.2,165.6,1.0,5674.0,840.0,5091.0,4534.2,556.8,1514.4,376.6
weibo_gadbench,hgb_attributes,1.0,exposure_80,filtered_low,9,0.2404290890687069,0.8173469387755101,211.6,160.2,1.0,5674.0,840.0,5086.0,4538.4,547.6,1510.0,381.0
weibo_gadbench,hgb_attributes,1.0,exposure_80,full_random,0,0.08842834435919104,0.6363636363636364,138.6,126.0,1.0,5673.0,840.0,5081.0,4535.2,545.8,1512.2,379.8
weibo_gadbench,hgb_attributes,1.0,exposure_80,full_random,1,0.09399188135217654,0.6543589743589744,141.0,127.6,1.0,5674.0,840.0,5089.0,4538.4,550.6,1509.2,381.8
weibo_gadbench,hgb_attributes,1.0,exposure_80,full_random,2,0.08605909462846655,0.5723076923076923,122.4,111.6,1.0,5674.0,840.0,5088.0,4539.0,549.0,1509.6,381.4
weibo_gadbench,hgb_attributes,1.0,exposure_80,full_random,3,0.08625882272690784,0.6616161616161615,143.4,131.0,1.0,5673.0,840.0,5081.0,4535.8,545.2,1511.0,381.0
weibo_gadbench,hgb_attributes,1.0,exposure_80,full_random,4,0.08530767172337779,0.678974358974359,144.8,132.4,1.0,5674.0,840.0,5089.0,4526.2,562.8,1523.0,368.0
weibo_gadbench,hgb_attributes,1.0,exposure_80,full_random,5,0.08873456917872516,0.706,155.0,141.2,1.0,5674.0,840.0,5074.0,4547.0,527.0,1501.0,390.0
weibo_gadbench,hgb_attributes,1.0,exposure_80,full_random,6,0.09929743720332329,0.6466321243523316,138.6,124.8,1.0,5674.0,840.0,5094.0,4536.2,557.8,1513.4,377.6
weibo_gadbench,hgb_attributes,1.0,exposure_80,full_random,7,0.10574533586303474,0.653061224489796,143.4,128.0,1.0,5674.0,840.0,5085.0,4534.2,550.8,1515.4,375.6
weibo_gadbench,hgb_attributes,1.0,exposure_80,full_random,8,0.10006517130439974,0.7278350515463917,157.2,141.2,1.0,5674.0,840.0,5091.0,4534.2,556.8,1514.4,376.6
weibo_gadbench,hgb_attributes,1.0,exposure_80,full_random,9,0.09934381797847369,0.6989795918367347,152.2,137.0,1.0,5674.0,840.0,5086.0,4538.4,547.6,1510.0,381.0
weibo_gadbench,hgb_attributes,1.0,exposure_80,stratified,0,0.01181764488741233,0.4353535353535354,87.2,86.2,1.0,5673.0,840.0,5081.0,4535.2,545.8,1512.2,379.8
weibo_gadbench,hgb_attributes,1.0,exposure_80,stratified,1,0.022059160200581466,0.5415384615384615,108.0,105.6,1.0,5674.0,840.0,5089.0,4538.4,550.6,1509.2,381.8
weibo_gadbench,hgb_attributes,1.0,exposure_80,stratified,2,0.032853189428531895,0.37435897435897436,75.8,73.0,1.0,5674.0,840.0,5088.0,4539.0,549.0,1509.6,381.4
weibo_gadbench,hgb_attributes,1.0,exposure_80,stratified,3,0.024687741808875136,0.4171717171717172,84.8,82.6,1.0,5673.0,840.0,5081.0,4535.8,545.2,1511.0,381.0
weibo_gadbench,hgb_attributes,1.0,exposure_80,stratified,4,0.022682009481251368,0.517948717948718,103.4,101.0,1.0,5674.0,840.0,5089.0,4526.2,562.8,1523.0,368.0
weibo_gadbench,hgb_attributes,1.0,exposure_80,stratified,5,0.021267567203763195,0.575,117.6,115.0,1.0,5674.0,840.0,5074.0,4547.0,527.0,1501.0,390.0
weibo_gadbench,hgb_attributes,1.0,exposure_80,stratified,6,0.021884679308000303,0.5896373056994818,116.4,113.8,1.0,5674.0,840.0,5094.0,4536.2,557.8,1513.4,377.6
weibo_gadbench,hgb_attributes,1.0,exposure_80,stratified,7,0.021537414965986396,0.3816326530612245,76.8,74.8,1.0,5674.0,840.0,5085.0,4534.2,550.8,1515.4,375.6
weibo_gadbench,hgb_attributes,1.0,exposure_80,stratified,8,0.042887683269345916,0.520618556701031,105.8,101.0,1.0,5674.0,840.0,5091.0,4534.2,556.8,1514.4,376.6
weibo_gadbench,hgb_attributes,1.0,exposure_80,stratified,9,0.042647806721327744,0.5989795918367347,122.8,117.4,1.0,5674.0,840.0,5086.0,4538.4,547.6,1510.0,381.0
weibo_gadbench,hgb_attributes,1.0,zero_exposure,filtered_low,0,0.18735283208830297,0.7767676767676768,189.6,153.8,1.0,5673.0,840.0,5081.0,3468.6,1612.4,1176.4,715.6
weibo_gadbench,hgb_attributes,1.0,zero_exposure,filtered_low,1,0.1973083818106941,0.801025641025641,194.6,156.2,1.0,5674.0,840.0,5089.0,3464.4,1624.6,1144.0,747.0
weibo_gadbench,hgb_attributes,1.0,zero_exposure,filtered_low,2,0.22784815180830056,0.8246153846153847,208.6,160.8,1.0,5674.0,840.0,5088.0,3424.4,1663.6,1137.2,753.8
weibo_gadbench,hgb_attributes,1.0,zero_exposure,filtered_low,3,0.2409662077364571,0.8343434343434343,218.2,165.2,1.0,5673.0,840.0,5081.0,3404.6,1676.4,1142.6,749.4
weibo_gadbench,hgb_attributes,1.0,zero_exposure,filtered_low,4,0.17645576034381766,0.7835897435897436,186.0,152.8,1.0,5674.0,840.0,5089.0,3526.8,1562.2,1192.2,698.8
weibo_gadbench,hgb_attributes,1.0,zero_exposure,filtered_low,5,0.2001368866287742,0.8220000000000001,206.0,164.4,1.0,5674.0,840.0,5074.0,3468.4,1605.6,1148.4,742.6
weibo_gadbench,hgb_attributes,1.0,zero_exposure,filtered_low,6,0.17175555914499543,0.689119170984456,161.0,133.0,1.0,5674.0,840.0,5094.0,3446.4,1647.6,1161.2,729.8
weibo_gadbench,hgb_attributes,1.0,zero_exposure,filtered_low,7,0.17866202024512245,0.7826530612244899,187.6,153.4,1.0,5674.0,840.0,5085.0,3502.8,1582.2,1170.4,720.6
weibo_gadbench,hgb_attributes,1.0,zero_exposure,filtered_low,8,0.19429307804250215,0.8371134020618557,202.4,162.4,1.0,5674.0,840.0,5091.0,3413.2,1677.8,1137.8,753.2
weibo_gadbench,hgb_attributes,1.0,zero_exposure,filtered_low,9,0.20543410426508163,0.8030612244897959,198.8,157.4,1.0,5674.0,840.0,5086.0,3422.6,1663.4,1144.0,747.0
weibo_gadbench,hgb_attributes,1.0,zero_exposure,full_random,0,0.08842834435919104,0.6363636363636364,138.6,126.0,1.0,5673.0,840.0,5081.0,3468.6,1612.4,1176.4,715.6
weibo_gadbench,hgb_attributes,1.0,zero_exposure,full_random,1,0.09399188135217654,0.6543589743589744,141.0,127.6,1.0,5674.0,840.0,5089.0,3464.4,1624.6,1144.0,747.0
weibo_gadbench,hgb_attributes,1.0,zero_exposure,full_random,2,0.08605909462846655,0.5723076923076923,122.4,111.6,1.0,5674.0,840.0,5088.0,3424.4,1663.6,1137.2,753.8
weibo_gadbench,hgb_attributes,1.0,zero_exposure,full_random,3,0.08625882272690784,0.6616161616161615,143.4,131.0,1.0,5673.0,840.0,5081.0,3404.6,1676.4,1142.6,749.4
weibo_gadbench,hgb_attributes,1.0,zero_exposure,full_random,4,0.08530767172337779,0.678974358974359,144.8,132.4,1.0,5674.0,840.0,5089.0,3526.8,1562.2,1192.2,698.8
weibo_gadbench,hgb_attributes,1.0,zero_exposure,full_random,5,0.08873456917872516,0.706,155.0,141.2,1.0,5674.0,840.0,5074.0,3468.4,1605.6,1148.4,742.6
weibo_gadbench,hgb_attributes,1.0,zero_exposure,full_random,6,0.09929743720332329,0.6466321243523316,138.6,124.8,1.0,5674.0,840.0,5094.0,3446.4,1647.6,1161.2,729.8
weibo_gadbench,hgb_attributes,1.0,zero_exposure,full_random,7,0.10574533586303474,0.653061224489796,143.4,128.0,1.0,5674.0,840.0,5085.0,3502.8,1582.2,1170.4,720.6
weibo_gadbench,hgb_attributes,1.0,zero_exposure,full_random,8,0.10006517130439974,0.7278350515463917,157.2,141.2,1.0,5674.0,840.0,5091.0,3413.2,1677.8,1137.8,753.2
weibo_gadbench,hgb_attributes,1.0,zero_exposure,full_random,9,0.09934381797847369,0.6989795918367347,152.2,137.0,1.0,5674.0,840.0,5086.0,3422.6,1663.4,1144.0,747.0
weibo_gadbench,hgb_attributes,1.0,zero_exposure,stratified,0,0.03552436573522265,0.46767676767676764,96.0,92.6,1.0,5673.0,840.0,5081.0,3468.6,1612.4,1176.4,715.6
weibo_gadbench,hgb_attributes,1.0,zero_exposure,stratified,1,0.040460369499945636,0.5805128205128205,118.0,113.2,1.0,5674.0,840.0,5089.0,3464.4,1624.6,1144.0,747.0
weibo_gadbench,hgb_attributes,1.0,zero_exposure,stratified,2,0.040050349988512576,0.42666666666666664,87.2,83.2,1.0,5674.0,840.0,5088.0,3424.4,1663.6,1137.2,753.8
weibo_gadbench,hgb_attributes,1.0,zero_exposure,stratified,3,0.04284519438130209,0.5434343434343434,112.6,107.6,1.0,5673.0,840.0,5081.0,3404.6,1676.4,1142.6,749.4
weibo_gadbench,hgb_attributes,1.0,zero_exposure,stratified,4,0.04222306550726408,0.5784615384615385,117.8,112.8,1.0,5674.0,840.0,5089.0,3526.8,1562.2,1192.2,698.8
weibo_gadbench,hgb_attributes,1.0,zero_exposure,stratified,5,0.040325599388241644,0.632,131.8,126.4,1.0,5674.0,840.0,5074.0,3468.4,1605.6,1148.4,742.6
weibo_gadbench,hgb_attributes,1.0,zero_exposure,stratified,6,0.04294729609887584,0.6124352331606218,123.6,118.2,1.0,5674.0,840.0,5094.0,3446.4,1647.6,1161.2,729.8
weibo_gadbench,hgb_attributes,1.0,zero_exposure,stratified,7,0.04259700554731893,0.49897959183673474,102.4,97.8,1.0,5674.0,840.0,5085.0,3502.8,1582.2,1170.4,720.6
weibo_gadbench,hgb_attributes,1.0,zero_exposure,stratified,8,0.0472301189865653,0.5938144329896907,121.2,115.2,1.0,5674.0,840.0,5091.0,3413.2,1677.8,1137.8,753.2
weibo_gadbench,hgb_attributes,1.0,zero_exposure,stratified,9,0.04934282065316548,0.6551020408163265,135.2,128.4,1.0,5674.0,840.0,5086.0,3422.6,1663.4,1144.0,747.0
weibo_gadbench,hgb_graph_features,0.25,exposure_80,filtered_low,0,0.22964288985358464,0.9545454545454545,245.8,189.0,1.0,1413.6,840.0,1265.2,1129.2,136.0,1511.8,380.2
weibo_gadbench,hgb_graph_features,0.25,exposure_80,filtered_low,1,0.2508197101380117,0.964102564102564,251.6,188.0,1.0,1422.0,840.0,1276.0,1135.6,140.4,1510.2,380.8
weibo_gadbench,hgb_graph_features,0.25,exposure_80,filtered_low,2,0.27646687137500514,0.9784615384615385,264.2,190.8,1.0,1431.8,840.0,1287.0,1146.8,140.2,1509.2,381.8
weibo_gadbench,hgb_graph_features,0.25,exposure_80,filtered_low,3,0.2881297465199932,0.9666666666666666,269.4,191.4,1.0,1440.2,840.0,1292.0,1153.6,138.4,1513.2,378.8
weibo_gadbench,hgb_graph_features,0.25,exposure_80,filtered_low,4,0.25250576301467,0.9733333333333334,254.2,189.8,1.0,1405.6,840.0,1255.8,1121.6,134.2,1522.8,368.2
weibo_gadbench,hgb_graph_features,0.25,exposure_80,filtered_low,5,0.26520493861438815,0.954,260.8,190.8,1.0,1399.4,840.0,1243.8,1119.4,124.4,1501.6,389.4
weibo_gadbench,hgb_graph_features,0.25,exposure_80,filtered_low,6,0.2886417075012123,0.97720207253886,266.0,188.6,1.0,1426.0,840.0,1274.0,1133.0,141.0,1510.6,380.4
weibo_gadbench,hgb_graph_features,0.25,exposure_80,filtered_low,7,0.21568088888133224,0.9693877551020409,242.8,190.0,1.0,1406.8,840.0,1265.8,1132.4,133.4,1515.4,375.6
weibo_gadbench,hgb_graph_features,0.25,exposure_80,filtered_low,8,0.26810816634346046,0.9762886597938145,259.0,189.4,1.0,1433.8,840.0,1284.6,1151.2,133.4,1508.2,382.8
weibo_gadbench,hgb_graph_features,0.25,exposure_80,filtered_low,9,0.24925750877103453,0.9734693877551021,255.8,190.8,1.0,1375.0,840.0,1234.8,1105.6,129.2,1512.8,378.2
weibo_gadbench,hgb_graph_features,0.25,exposure_80,full_random,0,0.0837474082062159,0.8393939393939395,181.4,166.2,1.0,1413.6,840.0,1265.2,1129.2,136.0,1511.8,380.2
weibo_gadbench,hgb_graph_features,0.25,exposure_80,full_random,1,0.09759375116706218,0.836923076923077,181.4,163.2,1.0,1422.0,840.0,1276.0,1135.6,140.4,1510.2,380.8
weibo_gadbench,hgb_graph_features,0.25,exposure_80,full_random,2,0.09187515935644017,0.8051282051282052,174.2,157.0,1.0,1431.8,840.0,1287.0,1146.8,140.2,1509.2,381.8
weibo_gadbench,hgb_graph_features,0.25,exposure_80,full_random,3,0.10702712539311529,0.8434343434343434,187.2,167.0,1.0,1440.2,840.0,1292.0,1153.6,138.4,1513.2,378.8
weibo_gadbench,hgb_graph_features,0.25,exposure_80,full_random,4,0.07602396114829711,0.8687179487179486,183.6,169.4,1.0,1405.6,840.0,1255.8,1121.6,134.2,1522.8,368.2
weibo_gadbench,hgb_graph_features,0.25,exposure_80,full_random,5,0.09684924126784591,0.834,186.4,166.8,1.0,1399.4,840.0,1243.8,1119.4,124.4,1501.6,389.4
weibo_gadbench,hgb_graph_features,0.25,exposure_80,full_random,6,0.09435885361644665,0.8196891191709845,175.4,158.2,1.0,1426.0,840.0,1274.0,1133.0,141.0,1510.6,380.4
weibo_gadbench,hgb_graph_features,0.25,exposure_80,full_random,7,0.08766914453170949,0.8755102040816327,188.4,171.6,1.0,1406.8,840.0,1265.8,1132.4,133.4,1515.4,375.6
weibo_gadbench,hgb_graph_features,0.25,exposure_80,full_random,8,0.09142214793389472,0.8329896907216495,178.0,161.6,1.0,1433.8,840.0,1284.6,1151.2,133.4,1508.2,382.8
weibo_gadbench,hgb_graph_features,0.25,exposure_80,full_random,9,0.11652066234992849,0.8979591836734693,199.4,176.0,1.0,1375.0,840.0,1234.8,1105.6,129.2,1512.8,378.2
weibo_gadbench,hgb_graph_features,0.25,exposure_80,stratified,0,0.013535486706218413,0.29797979797979796,60.6,59.0,0.6,1413.6,840.0,1265.2,1129.2,136.0,1511.8,380.2
weibo_gadbench,hgb_graph_features,0.25,exposure_80,stratified,1,0.027312658884707193,0.5005128205128205,101.8,97.6,0.8,1422.0,840.0,1276.0,1135.6,140.4,1510.2,380.8
weibo_gadbench,hgb_graph_features,0.25,exposure_80,stratified,2,0.024989824989824987,0.39794871794871794,81.0,77.6,0.6,1431.8,840.0,1287.0,1146.8,140.2,1509.2,381.8
weibo_gadbench,hgb_graph_features,0.25,exposure_80,stratified,3,0.013404067197170643,0.25555555555555554,52.4,50.6,0.4,1440.2,840.0,1292.0,1153.6,138.4,1513.2,378.8
weibo_gadbench,hgb_graph_features,0.25,exposure_80,stratified,4,0.019914070842312153,0.6728205128205128,134.0,131.2,1.0,1405.6,840.0,1255.8,1121.6,134.2,1522.8,368.2
weibo_gadbench,hgb_graph_features,0.25,exposure_80,stratified,5,0.02748940437619683,0.605,125.2,121.0,1.0,1399.4,840.0,1243.8,1119.4,124.4,1501.6,389.4
weibo_gadbench,hgb_graph_features,0.25,exposure_80,stratified,6,0.021015004786677234,0.5077720207253886,100.8,98.0,1.0,1426.0,840.0,1274.0,1133.0,141.0,1510.6,380.4
weibo_gadbench,hgb_graph_features,0.25,exposure_80,stratified,7,0.015452918672096755,0.3744897959183674,75.4,73.4,0.6,1406.8,840.0,1265.8,1132.4,133.4,1515.4,375.6
weibo_gadbench,hgb_graph_features,0.25,exposure_80,stratified,8,0.02850773981800641,0.45257731958762887,91.2,87.8,0.8,1433.8,840.0,1284.6,1151.2,133.4,1508.2,382.8
weibo_gadbench,hgb_graph_features,0.25,exposure_80,stratified,9,0.03774395806197424,0.6714285714285715,137.2,131.6,1.0,1375.0,840.0,1234.8,1105.6,129.2,1512.8,378.2
weibo_gadbench,hgb_graph_features,0.25,zero_exposure,filtered_low,0,0.22449695614717108,0.9505050505050505,243.2,188.2,1.0,1413.6,840.0,1265.2,1052.8,212.4,1425.6,466.4
weibo_gadbench,hgb_graph_features,0.25,zero_exposure,filtered_low,1,0.24152181331078934,0.9558974358974359,246.4,186.4,1.0,1422.0,840.0,1276.0,1102.2,173.8,1458.6,432.4
weibo_gadbench,hgb_graph_features,0.25,zero_exposure,filtered_low,2,0.2733245532521423,0.9774358974358975,262.8,190.6,1.0,1431.8,840.0,1287.0,1041.8,245.2,1375.2,515.8
weibo_gadbench,hgb_graph_features,0.25,zero_exposure,filtered_low,3,0.29119709805671323,0.9636363636363636,270.0,190.8,1.0,1440.2,840.0,1292.0,1064.6,227.4,1402.6,489.4
weibo_gadbench,hgb_graph_features,0.25,zero_exposure,filtered_low,4,0.24440734498179134,0.9733333333333334,251.4,189.8,1.0,1405.6,840.0,1255.8,1015.4,240.4,1377.4,513.6
weibo_gadbench,hgb_graph_features,0.25,zero_exposure,filtered_low,5,0.25397059002163924,0.953,256.8,190.6,1.0,1399.4,840.0,1243.8,998.6,245.2,1349.2,541.8
weibo_gadbench,hgb_graph_features,0.25,zero_exposure,filtered_low,6,0.28677134281179406,0.97720207253886,265.2,188.6,1.0,1426.0,840.0,1274.0,1056.0,218.0,1412.8,478.2
weibo_gadbench,hgb_graph_features,0.25,zero_exposure,filtered_low,7,0.20964146906482264,0.963265306122449,239.6,188.8,1.0,1406.8,840.0,1265.8,1082.2,183.6,1457.6,433.4
weibo_gadbench,hgb_graph_features,0.25,zero_exposure,filtered_low,8,0.26139583764323954,0.975257731958763,256.4,189.2,1.0,1433.8,840.0,1284.6,1040.2,244.4,1373.2,517.8
weibo_gadbench,hgb_graph_features,0.25,zero_exposure,filtered_low,9,0.24547551047578411,0.9734693877551021,254.2,190.8,1.0,1375.0,840.0,1234.8,1038.0,196.8,1413.8,477.2
weibo_gadbench,hgb_graph_features,0.25,zero_exposure,full_random,0,0.0837474082062159,0.8393939393939395,181.4,166.2,1.0,1413.6,840.0,1265.2,1052.8,212.4,1425.6,466.4
weibo_gadbench,hgb_graph_features,0.25,zero_exposure,full_random,1,0.09759375116706218,0.836923076923077,181.4,163.2,1.0,1422.0,840.0,1276.0,1102.2,173.8,1458.6,432.4
weibo_gadbench,hgb_graph_features,0.25,zero_exposure,full_random,2,0.09187515935644017,0.8051282051282052,174.2,157.0,1.0,1431.8,840.0,1287.0,1041.8,245.2,1375.2,515.8
weibo_gadbench,hgb_graph_features,0.25,zero_exposure,full_random,3,0.10702712539311529,0.8434343434343434,187.2,167.0,1.0,1440.2,840.0,1292.0,1064.6,227.4,1402.6,489.4
weibo_gadbench,hgb_graph_features,0.25,zero_exposure,full_random,4,0.07602396114829711,0.8687179487179486,183.6,169.4,1.0,1405.6,840.0,1255.8,1015.4,240.4,1377.4,513.6
weibo_gadbench,hgb_graph_features,0.25,zero_exposure,full_random,5,0.09684924126784591,0.834,186.4,166.8,1.0,1399.4,840.0,1243.8,998.6,245.2,1349.2,541.8
weibo_gadbench,hgb_graph_features,0.25,zero_exposure,full_random,6,0.09435885361644665,0.8196891191709845,175.4,158.2,1.0,1426.0,840.0,1274.0,1056.0,218.0,1412.8,478.2
weibo_gadbench,hgb_graph_features,0.25,zero_exposure,full_random,7,0.08766914453170949,0.8755102040816327,188.4,171.6,1.0,1406.8,840.0,1265.8,1082.2,183.6,1457.6,433.4
weibo_gadbench,hgb_graph_features,0.25,zero_exposure,full_random,8,0.09142214793389472,0.8329896907216495,178.0,161.6,1.0,1433.8,840.0,1284.6,1040.2,244.4,1373.2,517.8
weibo_gadbench,hgb_graph_features,0.25,zero_exposure,full_random,9,0.11652066234992849,0.8979591836734693,199.4,176.0,1.0,1375.0,840.0,1234.8,1038.0,196.8,1413.8,477.2
weibo_gadbench,hgb_graph_features,0.25,zero_exposure,stratified,0,0.03675581229496505,0.5696969696969697,117.6,112.8,1.0,1413.6,840.0,1265.2,1052.8,212.4,1425.6,466.4
weibo_gadbench,hgb_graph_features,0.25,zero_exposure,stratified,1,0.026859102189794447,0.5128205128205128,104.0,100.0,0.8,1422.0,840.0,1276.0,1102.2,173.8,1458.6,432.4
weibo_gadbench,hgb_graph_features,0.25,zero_exposure,stratified,2,0.027948824920038938,0.5302564102564102,107.4,103.4,0.8,1431.8,840.0,1287.0,1041.8,245.2,1375.2,515.8
weibo_gadbench,hgb_graph_features,0.25,zero_exposure,stratified,3,0.021884819863969823,0.397979797979798,81.8,78.8,0.6,1440.2,840.0,1292.0,1064.6,227.4,1402.6,489.4
weibo_gadbench,hgb_graph_features,0.25,zero_exposure,stratified,4,0.029076488615945147,0.7251282051282051,145.8,141.4,1.0,1405.6,840.0,1255.8,1015.4,240.4,1377.4,513.6
weibo_gadbench,hgb_graph_features,0.25,zero_exposure,stratified,5,0.03407132722350113,0.663,137.8,132.6,1.0,1399.4,840.0,1243.8,998.6,245.2,1349.2,541.8
weibo_gadbench,hgb_graph_features,0.25,zero_exposure,stratified,6,0.02427614494102127,0.5316062176165803,105.8,102.6,1.0,1426.0,840.0,1274.0,1056.0,218.0,1412.8,478.2
weibo_gadbench,hgb_graph_features,0.25,zero_exposure,stratified,7,0.016905075229196827,0.41836734693877553,84.4,82.0,0.6,1406.8,840.0,1265.8,1082.2,183.6,1457.6,433.4
weibo_gadbench,hgb_graph_features,0.25,zero_exposure,stratified,8,0.040505417843547345,0.6494845360824743,131.4,126.0,1.0,1433.8,840.0,1284.6,1040.2,244.4,1373.2,517.8
weibo_gadbench,hgb_graph_features,0.25,zero_exposure,stratified,9,0.04271764956017418,0.7091836734693878,145.6,139.0,1.0,1375.0,840.0,1234.8,1038.0,196.8,1413.8,477.2
weibo_gadbench,hgb_graph_features,0.5,exposure_80,filtered_low,0,0.2747965730283878,0.9656565656565658,263.8,191.2,1.0,2865.6,840.0,2569.4,2290.4,279.0,1513.4,378.6
weibo_gadbench,hgb_graph_features,0.5,exposure_80,filtered_low,1,0.27371446638506036,0.9743589743589745,262.2,190.0,1.0,2854.4,840.0,2563.4,2287.8,275.6,1504.2,386.8
weibo_gadbench,hgb_graph_features,0.5,exposure_80,filtered_low,2,0.29962938925236243,0.9815384615384616,273.6,191.4,1.0,2876.4,840.0,2576.6,2292.2,284.4,1512.2,378.8
weibo_gadbench,hgb_graph_features,0.5,exposure_80,filtered_low,3,0.3216030044223519,0.9696969696969697,283.6,192.0,1.0,2854.8,840.0,2557.4,2285.0,272.4,1508.4,383.6
weibo_gadbench,hgb_graph_features,0.5,exposure_80,filtered_low,4,0.27494609828566496,0.9774358974358975,263.0,190.6,1.0,2821.0,840.0,2523.0,2240.6,282.4,1523.0,368.0
weibo_gadbench,hgb_graph_features,0.5,exposure_80,filtered_low,5,0.2816622244371381,0.959,267.4,191.8,1.0,2796.6,840.0,2494.6,2232.4,262.2,1502.2,388.8
weibo_gadbench,hgb_graph_features,0.5,exposure_80,filtered_low,6,0.31640214277857803,0.9792746113989637,277.4,189.0,1.0,2857.0,840.0,2559.6,2282.0,277.6,1506.4,384.6
weibo_gadbench,hgb_graph_features,0.5,exposure_80,filtered_low,7,0.26669486010043286,0.9755102040816327,260.8,191.2,1.0,2832.2,840.0,2539.2,2264.6,274.6,1515.2,375.8
weibo_gadbench,hgb_graph_features,0.5,exposure_80,filtered_low,8,0.29298006060178394,0.9773195876288661,268.4,189.6,1.0,2843.8,840.0,2549.0,2265.0,284.0,1512.0,379.0
weibo_gadbench,hgb_graph_features,0.5,exposure_80,filtered_low,9,0.2985674822139184,0.9806122448979592,274.8,192.2,1.0,2800.2,840.0,2516.0,2228.0,288.0,1516.4,374.6
weibo_gadbench,hgb_graph_features,0.5,exposure_80,full_random,0,0.0786599782406111,0.8232323232323232,177.0,163.0,1.0,2865.6,840.0,2569.4,2290.4,279.0,1513.4,378.6
weibo_gadbench,hgb_graph_features,0.5,exposure_80,full_random,1,0.09811101038453961,0.8338461538461539,180.6,162.6,1.0,2854.4,840.0,2563.4,2287.8,275.6,1504.2,386.8
weibo_gadbench,hgb_graph_features,0.5,exposure_80,full_random,2,0.0915931896332183,0.8358974358974359,179.8,163.0,1.0,2876.4,840.0,2576.6,2292.2,284.4,1512.2,378.8
weibo_gadbench,hgb_graph_features,0.5,exposure_80,full_random,3,0.09450586070528655,0.8131313131313131,178.2,161.0,1.0,2854.8,840.0,2557.4,2285.0,272.4,1508.4,383.6
weibo_gadbench,hgb_graph_features,0.5,exposure_80,full_random,4,0.06948044170987393,0.8635897435897435,181.2,168.4,1.0,2821.0,840.0,2523.0,2240.6,282.4,1523.0,368.0
weibo_gadbench,hgb_graph_features,0.5,exposure_80,full_random,5,0.09335525512840233,0.841,186.2,168.2,1.0,2796.6,840.0,2494.6,2232.4,262.2,1502.2,388.8
weibo_gadbench,hgb_graph_features,0.5,exposure_80,full_random,6,0.0915424977174313,0.838341968911917,178.6,161.8,1.0,2857.0,840.0,2559.6,2282.0,277.6,1506.4,384.6
weibo_gadbench,hgb_graph_features,0.5,exposure_80,full_random,7,0.0887056378745594,0.8765306122448979,188.8,171.8,1.0,2832.2,840.0,2539.2,2264.6,274.6,1515.2,375.8
weibo_gadbench,hgb_graph_features,0.5,exposure_80,full_random,8,0.10081169849808887,0.8608247422680412,185.8,167.0,1.0,2843.8,840.0,2549.0,2265.0,284.0,1512.0,379.0
weibo_gadbench,hgb_graph_features,0.5,exposure_80,full_random,9,0.09757116911484266,0.8734693877551021,189.8,171.2,1.0,2800.2,840.0,2516.0,2228.0,288.0,1516.4,374.6
weibo_gadbench,hgb_graph_features,0.5,exposure_80,stratified,0,0.010959396334890407,0.40606060606060607,81.6,80.4,0.8,2865.6,840.0,2569.4,2290.4,279.0,1513.4,378.6
weibo_gadbench,hgb_graph_features,0.5,exposure_80,stratified,1,0.02063941728533408,0.558974358974359,111.6,109.0,1.0,2854.4,840.0,2563.4,2287.8,275.6,1504.2,386.8
weibo_gadbench,hgb_graph_features,0.5,exposure_80,stratified,2,0.01592412118784254,0.4882051282051282,97.0,95.2,1.0,2876.4,840.0,2576.6,2292.2,284.4,1512.2,378.8
weibo_gadbench,hgb_graph_features,0.5,exposure_80,stratified,3,0.01382385730211817,0.2878787878787879,58.8,57.0,0.6,2854.8,840.0,2557.4,2285.0,272.4,1508.4,383.6
weibo_gadbench,hgb_graph_features,0.5,exposure_80,stratified,4,0.02369562806486299,0.6584615384615384,131.6,128.4,1.0,2821.0,840.0,2523.0,2240.6,282.4,1523.0,368.0
weibo_gadbench,hgb_graph_features,0.5,exposure_80,stratified,5,0.01989120987676714,0.5810000000000001,118.6,116.2,1.0,2796.6,840.0,2494.6,2232.4,262.2,1502.2,388.8
weibo_gadbench,hgb_graph_features,0.5,exposure_80,stratified,6,0.02473929975122379,0.5647668393782384,112.0,109.0,1.0,2857.0,840.0,2559.6,2282.0,277.6,1506.4,384.6
weibo_gadbench,hgb_graph_features,0.5,exposure_80,stratified,7,0.019927866417941587,0.5357142857142857,107.2,105.0,1.0,2832.2,840.0,2539.2,2264.6,274.6,1515.2,375.8
weibo_gadbench,hgb_graph_features,0.5,exposure_80,stratified,8,0.02702693516647005,0.5041237113402062,101.2,97.8,1.0,2843.8,840.0,2549.0,2265.0,284.0,1512.0,379.0
weibo_gadbench,hgb_graph_features,0.5,exposure_80,stratified,9,0.026906940603386175,0.6428571428571429,129.6,126.0,1.0,2800.2,840.0,2516.0,2228.0,288.0,1516.4,374.6
weibo_gadbench,hgb_graph_features,0.5,zero_exposure,filtered_low,0,0.25371329665379044,0.9606060606060606,255.4,190.2,1.0,2865.6,840.0,2569.4,2009.6,559.8,1345.0,547.0
weibo_gadbench,hgb_graph_features,0.5,zero_exposure,filtered_low,1,0.2606451410026809,0.9692307692307691,256.2,189.0,1.0,2854.4,840.0,2563.4,2001.2,562.2,1318.8,572.2
weibo_gadbench,hgb_graph_features,0.5,zero_exposure,filtered_low,2,0.2915003480218491,0.9794871794871796,270.0,191.0,1.0,2876.4,840.0,2576.6,1909.6,667.0,1255.6,635.4
weibo_gadbench,hgb_graph_features,0.5,zero_exposure,filtered_low,3,0.3252126760258285,0.9696969696969697,285.0,192.0,1.0,2854.8,840.0,2557.4,1913.4,644.0,1273.2,618.8
weibo_gadbench,hgb_graph_features,0.5,zero_exposure,filtered_low,4,0.26758437879818503,0.9774358974358975,260.4,190.6,1.0,2821.0,840.0,2523.0,1897.2,625.8,1299.2,591.8
weibo_gadbench,hgb_graph_features,0.5,zero_exposure,filtered_low,5,0.26814311253754464,0.9559999999999998,261.6,191.2,1.0,2796.6,840.0,2494.6,1903.4,591.2,1278.4,612.6
weibo_gadbench,hgb_graph_features,0.5,zero_exposure,filtered_low,6,0.31255399110437987,0.9792746113989637,275.8,189.0,1.0,2857.0,840.0,2559.6,1989.4,570.2,1319.8,571.2
weibo_gadbench,hgb_graph_features,0.5,zero_exposure,filtered_low,7,0.2623887347151429,0.9744897959183675,259.0,191.0,1.0,2832.2,840.0,2539.2,2028.4,510.8,1361.8,529.2
weibo_gadbench,hgb_graph_features,0.5,zero_exposure,filtered_low,8,0.2782626948681754,0.9762886597938145,262.6,189.4,1.0,2843.8,840.0,2549.0,1890.2,658.8,1268.6,622.4
weibo_gadbench,hgb_graph_features,0.5,zero_exposure,filtered_low,9,0.28209320831611223,0.9806122448979592,268.6,192.2,1.0,2800.2,840.0,2516.0,1891.4,624.6,1293.6,597.4
weibo_gadbench,hgb_graph_features,0.5,zero_exposure,full_random,0,0.0786599782406111,0.8232323232323232,177.0,163.0,1.0,2865.6,840.0,2569.4,2009.6,559.8,1345.0,547.0
weibo_gadbench,hgb_graph_features,0.5,zero_exposure,full_random,1,0.09811101038453961,0.8338461538461539,180.6,162.6,1.0,2854.4,840.0,2563.4,2001.2,562.2,1318.8,572.2
weibo_gadbench,hgb_graph_features,0.5,zero_exposure,full_random,2,0.0915931896332183,0.8358974358974359,179.8,163.0,1.0,2876.4,840.0,2576.6,1909.6,667.0,1255.6,635.4
weibo_gadbench,hgb_graph_features,0.5,zero_exposure,full_random,3,0.09450586070528655,0.8131313131313131,178.2,161.0,1.0,2854.8,840.0,2557.4,1913.4,644.0,1273.2,618.8
weibo_gadbench,hgb_graph_features,0.5,zero_exposure,full_random,4,0.06948044170987393,0.8635897435897435,181.2,168.4,1.0,2821.0,840.0,2523.0,1897.2,625.8,1299.2,591.8
weibo_gadbench,hgb_graph_features,0.5,zero_exposure,full_random,5,0.09335525512840233,0.841,186.2,168.2,1.0,2796.6,840.0,2494.6,1903.4,591.2,1278.4,612.6
weibo_gadbench,hgb_graph_features,0.5,zero_exposure,full_random,6,0.0915424977174313,0.838341968911917,178.6,161.8,1.0,2857.0,840.0,2559.6,1989.4,570.2,1319.8,571.2
weibo_gadbench,hgb_graph_features,0.5,zero_exposure,full_random,7,0.0887056378745594,0.8765306122448979,188.8,171.8,1.0,2832.2,840.0,2539.2,2028.4,510.8,1361.8,529.2
weibo_gadbench,hgb_graph_features,0.5,zero_exposure,full_random,8,0.10081169849808887,0.8608247422680412,185.8,167.0,1.0,2843.8,840.0,2549.0,1890.2,658.8,1268.6,622.4
weibo_gadbench,hgb_graph_features,0.5,zero_exposure,full_random,9,0.09757116911484266,0.8734693877551021,189.8,171.2,1.0,2800.2,840.0,2516.0,1891.4,624.6,1293.6,597.4
weibo_gadbench,hgb_graph_features,0.5,zero_exposure,stratified,0,0.025534371200141126,0.5515151515151515,112.2,109.2,1.0,2865.6,840.0,2569.4,2009.6,559.8,1345.0,547.0
weibo_gadbench,hgb_graph_features,0.5,zero_exposure,stratified,1,0.02421893390596818,0.6215384615384616,124.6,121.2,1.0,2854.4,840.0,2563.4,2001.2,562.2,1318.8,572.2
weibo_gadbench,hgb_graph_features,0.5,zero_exposure,stratified,2,0.030214835762685972,0.5815384615384616,117.2,113.4,1.0,2876.4,840.0,2576.6,1909.6,667.0,1255.6,635.4
weibo_gadbench,hgb_graph_features,0.5,zero_exposure,stratified,3,0.023654293854293854,0.602020202020202,122.4,119.2,1.0,2854.8,840.0,2557.4,1913.4,644.0,1273.2,618.8
weibo_gadbench,hgb_graph_features,0.5,zero_exposure,stratified,4,0.026338169484437873,0.6892307692307693,138.2,134.4,1.0,2821.0,840.0,2523.0,1897.2,625.8,1299.2,591.8
weibo_gadbench,hgb_graph_features,0.5,zero_exposure,stratified,5,0.03575863932146988,0.654,136.0,130.8,1.0,2796.6,840.0,2494.6,1903.4,591.2,1278.4,612.6
weibo_gadbench,hgb_graph_features,0.5,zero_exposure,stratified,6,0.03062072311564392,0.6435233160621762,128.4,124.2,1.0,2857.0,840.0,2559.6,1989.4,570.2,1319.8,571.2
weibo_gadbench,hgb_graph_features,0.5,zero_exposure,stratified,7,0.022456427254552706,0.6959183673469387,139.6,136.4,1.0,2832.2,840.0,2539.2,2028.4,510.8,1361.8,529.2
weibo_gadbench,hgb_graph_features,0.5,zero_exposure,stratified,8,0.036556315130825585,0.5804123711340206,117.8,112.6,1.0,2843.8,840.0,2549.0,1890.2,658.8,1268.6,622.4
weibo_gadbench,hgb_graph_features,0.5,zero_exposure,stratified,9,0.03664597921581547,0.6826530612244899,139.2,133.8,1.0,2800.2,840.0,2516.0,1891.4,624.6,1293.6,597.4
weibo_gadbench,hgb_graph_features,1.0,exposure_80,filtered_low,0,0.31287539558197974,0.9717171717171716,280.2,192.4,1.0,5673.0,840.0,5081.0,4535.2,545.8,1512.2,379.8
weibo_gadbench,hgb_graph_features,1.0,exposure_80,filtered_low,1,0.31872368385689087,0.9846153846153847,282.0,192.0,1.0,5674.0,840.0,5089.0,4538.4,550.6,1509.2,381.8
weibo_gadbench,hgb_graph_features,1.0,exposure_80,filtered_low,2,0.3038317942353327,0.9825641025641026,275.4,191.6,1.0,5674.0,840.0,5088.0,4539.0,549.0,1509.6,381.4
weibo_gadbench,hgb_graph_features,1.0,exposure_80,filtered_low,3,0.34896477505351176,0.9747474747474747,296.6,193.0,1.0,5673.0,840.0,5081.0,4535.8,545.2,1511.0,381.0
weibo_gadbench,hgb_graph_features,1.0,exposure_80,filtered_low,4,0.3071264402614999,0.9825641025641026,276.6,191.6,1.0,5674.0,840.0,5089.0,4526.2,562.8,1523.0,368.0
weibo_gadbench,hgb_graph_features,1.0,exposure_80,filtered_low,5,0.31406313214502857,0.9650000000000001,282.0,193.0,1.0,5674.0,840.0,5074.0,4547.0,527.0,1501.0,390.0
weibo_gadbench,hgb_graph_features,1.0,exposure_80,filtered_low,6,0.34879446052309976,0.9823834196891191,291.6,189.6,1.0,5674.0,840.0,5094.0,4536.2,557.8,1513.4,377.6
weibo_gadbench,hgb_graph_features,1.0,exposure_80,filtered_low,7,0.29077321496142033,0.9806122448979592,271.2,192.2,1.0,5674.0,840.0,5085.0,4534.2,550.8,1515.4,375.6
weibo_gadbench,hgb_graph_features,1.0,exposure_80,filtered_low,8,0.3087842269920934,0.9783505154639176,274.8,189.8,1.0,5674.0,840.0,5091.0,4534.2,556.8,1514.4,376.6
weibo_gadbench,hgb_graph_features,1.0,exposure_80,filtered_low,9,0.3130572657169618,0.9816326530612244,280.2,192.4,1.0,5674.0,840.0,5086.0,4538.4,547.6,1510.0,381.0
weibo_gadbench,hgb_graph_features,1.0,exposure_80,full_random,0,0.08157571428224322,0.8313131313131313,179.2,164.6,1.0,5673.0,840.0,5081.0,4535.2,545.8,1512.2,379.8
weibo_gadbench,hgb_graph_features,1.0,exposure_80,full_random,1,0.10160356599132081,0.8564102564102564,186.0,167.0,1.0,5674.0,840.0,5089.0,4538.4,550.6,1509.2,381.8
weibo_gadbench,hgb_graph_features,1.0,exposure_80,full_random,2,0.10035698970361076,0.8512820512820513,184.6,166.0,1.0,5674.0,840.0,5088.0,4539.0,549.0,1509.6,381.4
weibo_gadbench,hgb_graph_features,1.0,exposure_80,full_random,3,0.08395224726177215,0.7898989898989899,171.0,156.4,1.0,5673.0,840.0,5081.0,4535.8,545.2,1511.0,381.0
weibo_gadbench,hgb_graph_features,1.0,exposure_80,full_random,4,0.07281790010572067,0.8676923076923077,182.6,169.2,1.0,5674.0,840.0,5089.0,4526.2,562.8,1523.0,368.0
weibo_gadbench,hgb_graph_features,1.0,exposure_80,full_random,5,0.1088415384445713,0.8539999999999999,192.4,170.8,1.0,5674.0,840.0,5074.0,4547.0,527.0,1501.0,390.0
weibo_gadbench,hgb_graph_features,1.0,exposure_80,full_random,6,0.0990904951838997,0.8373056994818653,179.6,161.6,1.0,5674.0,840.0,5094.0,4536.2,557.8,1513.4,377.6
weibo_gadbench,hgb_graph_features,1.0,exposure_80,full_random,7,0.07791167660759585,0.8581632653061224,182.6,168.2,1.0,5674.0,840.0,5085.0,4534.2,550.8,1515.4,375.6
weibo_gadbench,hgb_graph_features,1.0,exposure_80,full_random,8,0.10338064713064714,0.8649484536082473,187.2,167.8,1.0,5674.0,840.0,5091.0,4534.2,556.8,1514.4,376.6
weibo_gadbench,hgb_graph_features,1.0,exposure_80,full_random,9,0.10008263591661296,0.8724489795918368,190.2,171.0,1.0,5674.0,840.0,5086.0,4538.4,547.6,1510.0,381.0
weibo_gadbench,hgb_graph_features,1.0,exposure_80,stratified,0,0.011392267075455629,0.5161616161616162,103.4,102.2,1.0,5673.0,840.0,5081.0,4535.2,545.8,1512.2,379.8
weibo_gadbench,hgb_graph_features,1.0,exposure_80,stratified,1,0.015545526567248207,0.5661538461538462,112.2,110.4,1.0,5674.0,840.0,5089.0,4538.4,550.6,1509.2,381.8
weibo_gadbench,hgb_graph_features,1.0,exposure_80,stratified,2,0.02430689379061982,0.5374358974358975,107.6,104.8,1.0,5674.0,840.0,5088.0,4539.0,549.0,1509.6,381.4
weibo_gadbench,hgb_graph_features,1.0,exposure_80,stratified,3,0.016362370493162037,0.39898989898989895,81.0,79.0,1.0,5673.0,840.0,5081.0,4535.8,545.2,1511.0,381.0
weibo_gadbench,hgb_graph_features,1.0,exposure_80,stratified,4,0.02744266550285169,0.6707692307692308,134.6,130.8,1.0,5674.0,840.0,5089.0,4526.2,562.8,1523.0,368.0
weibo_gadbench,hgb_graph_features,1.0,exposure_80,stratified,5,0.023497539341968136,0.615,126.0,123.0,1.0,5674.0,840.0,5074.0,4547.0,527.0,1501.0,390.0
weibo_gadbench,hgb_graph_features,1.0,exposure_80,stratified,6,0.030290071918332707,0.6455958549222798,128.6,124.6,1.0,5674.0,840.0,5094.0,4536.2,557.8,1513.4,377.6
weibo_gadbench,hgb_graph_features,1.0,exposure_80,stratified,7,0.019468417018204936,0.6142857142857142,122.8,120.4,1.0,5674.0,840.0,5085.0,4534.2,550.8,1515.4,375.6
weibo_gadbench,hgb_graph_features,1.0,exposure_80,stratified,8,0.0282434925189588,0.4556701030927835,92.0,88.4,1.0,5674.0,840.0,5091.0,4534.2,556.8,1514.4,376.6
weibo_gadbench,hgb_graph_features,1.0,exposure_80,stratified,9,0.03369531646777059,0.6459183673469389,131.2,126.6,1.0,5674.0,840.0,5086.0,4538.4,547.6,1510.0,381.0
weibo_gadbench,hgb_graph_features,1.0,zero_exposure,filtered_low,0,0.3071358305770734,0.9717171717171716,278.0,192.4,1.0,5673.0,840.0,5081.0,3468.6,1612.4,1176.4,715.6
weibo_gadbench,hgb_graph_features,1.0,zero_exposure,filtered_low,1,0.3044918635816579,0.9835897435897436,275.8,191.8,1.0,5674.0,840.0,5089.0,3464.4,1624.6,1144.0,747.0
weibo_gadbench,hgb_graph_features,1.0,zero_exposure,filtered_low,2,0.300616598214393,0.9825641025641026,274.2,191.6,1.0,5674.0,840.0,5088.0,3424.4,1663.6,1137.2,753.8
weibo_gadbench,hgb_graph_features,1.0,zero_exposure,filtered_low,3,0.35738709030251237,0.9747474747474747,300.4,193.0,1.0,5673.0,840.0,5081.0,3404.6,1676.4,1142.6,749.4
weibo_gadbench,hgb_graph_features,1.0,zero_exposure,filtered_low,4,0.3061480275777468,0.9825641025641026,276.2,191.6,1.0,5674.0,840.0,5089.0,3526.8,1562.2,1192.2,698.8
weibo_gadbench,hgb_graph_features,1.0,zero_exposure,filtered_low,5,0.2930571873166857,0.96,272.2,192.0,1.0,5674.0,840.0,5074.0,3468.4,1605.6,1148.4,742.6
weibo_gadbench,hgb_graph_features,1.0,zero_exposure,filtered_low,6,0.3434965925194733,0.9823834196891191,289.4,189.6,1.0,5674.0,840.0,5094.0,3446.4,1647.6,1161.2,729.8
weibo_gadbench,hgb_graph_features,1.0,zero_exposure,filtered_low,7,0.2710771699523334,0.9775510204081632,263.0,191.6,1.0,5674.0,840.0,5085.0,3502.8,1582.2,1170.4,720.6
weibo_gadbench,hgb_graph_features,1.0,zero_exposure,filtered_low,8,0.311384666702728,0.9783505154639176,275.8,189.8,1.0,5674.0,840.0,5091.0,3413.2,1677.8,1137.8,753.2
weibo_gadbench,hgb_graph_features,1.0,zero_exposure,filtered_low,9,0.3110063477183645,0.9816326530612244,279.4,192.4,1.0,5674.0,840.0,5086.0,3422.6,1663.4,1144.0,747.0
weibo_gadbench,hgb_graph_features,1.0,zero_exposure,full_random,0,0.08157571428224322,0.8313131313131313,179.2,164.6,1.0,5673.0,840.0,5081.0,3468.6,1612.4,1176.4,715.6
weibo_gadbench,hgb_graph_features,1.0,zero_exposure,full_random,1,0.10160356599132081,0.8564102564102564,186.0,167.0,1.0,5674.0,840.0,5089.0,3464.4,1624.6,1144.0,747.0
weibo_gadbench,hgb_graph_features,1.0,zero_exposure,full_random,2,0.10035698970361076,0.8512820512820513,184.6,166.0,1.0,5674.0,840.0,5088.0,3424.4,1663.6,1137.2,753.8
weibo_gadbench,hgb_graph_features,1.0,zero_exposure,full_random,3,0.08395224726177215,0.7898989898989899,171.0,156.4,1.0,5673.0,840.0,5081.0,3404.6,1676.4,1142.6,749.4
weibo_gadbench,hgb_graph_features,1.0,zero_exposure,full_random,4,0.07281790010572067,0.8676923076923077,182.6,169.2,1.0,5674.0,840.0,5089.0,3526.8,1562.2,1192.2,698.8
weibo_gadbench,hgb_graph_features,1.0,zero_exposure,full_random,5,0.1088415384445713,0.8539999999999999,192.4,170.8,1.0,5674.0,840.0,5074.0,3468.4,1605.6,1148.4,742.6
weibo_gadbench,hgb_graph_features,1.0,zero_exposure,full_random,6,0.0990904951838997,0.8373056994818653,179.6,161.6,1.0,5674.0,840.0,5094.0,3446.4,1647.6,1161.2,729.8
weibo_gadbench,hgb_graph_features,1.0,zero_exposure,full_random,7,0.07791167660759585,0.8581632653061224,182.6,168.2,1.0,5674.0,840.0,5085.0,3502.8,1582.2,1170.4,720.6
weibo_gadbench,hgb_graph_features,1.0,zero_exposure,full_random,8,0.10338064713064714,0.8649484536082473,187.2,167.8,1.0,5674.0,840.0,5091.0,3413.2,1677.8,1137.8,753.2
weibo_gadbench,hgb_graph_features,1.0,zero_exposure,full_random,9,0.10008263591661296,0.8724489795918368,190.2,171.0,1.0,5674.0,840.0,5086.0,3422.6,1663.4,1144.0,747.0
weibo_gadbench,hgb_graph_features,1.0,zero_exposure,stratified,0,0.03366040395655,0.5757575757575758,118.0,114.0,1.0,5673.0,840.0,5081.0,3468.6,1612.4,1176.4,715.6
weibo_gadbench,hgb_graph_features,1.0,zero_exposure,stratified,1,0.02861032868909185,0.6266666666666667,126.0,122.2,1.0,5674.0,840.0,5089.0,3464.4,1624.6,1144.0,747.0
weibo_gadbench,hgb_graph_features,1.0,zero_exposure,stratified,2,0.03232244961428915,0.6512820512820513,131.4,127.0,1.0,5674.0,840.0,5088.0,3424.4,1663.6,1137.2,753.8
weibo_gadbench,hgb_graph_features,1.0,zero_exposure,stratified,3,0.021592775392653342,0.6050505050505051,122.6,119.8,1.0,5673.0,840.0,5081.0,3404.6,1676.4,1142.6,749.4
weibo_gadbench,hgb_graph_features,1.0,zero_exposure,stratified,4,0.030663013207962275,0.7282051282051282,146.6,142.0,1.0,5674.0,840.0,5089.0,3526.8,1562.2,1192.2,698.8
weibo_gadbench,hgb_graph_features,1.0,zero_exposure,stratified,5,0.04595725872034452,0.714,150.0,142.8,1.0,5674.0,840.0,5074.0,3468.4,1605.6,1148.4,742.6
weibo_gadbench,hgb_graph_features,1.0,zero_exposure,stratified,6,0.03866918642595013,0.7191709844559585,144.4,138.8,1.0,5674.0,840.0,5094.0,3446.4,1647.6,1161.2,729.8
weibo_gadbench,hgb_graph_features,1.0,zero_exposure,stratified,7,0.02642236891573409,0.7479591836734694,150.6,146.6,1.0,5674.0,840.0,5085.0,3502.8,1582.2,1170.4,720.6
weibo_gadbench,hgb_graph_features,1.0,zero_exposure,stratified,8,0.0492637571790899,0.6752577319587629,138.0,131.0,1.0,5674.0,840.0,5091.0,3413.2,1677.8,1137.8,753.2
weibo_gadbench,hgb_graph_features,1.0,zero_exposure,stratified,9,0.04262782362825243,0.689795918367347,141.4,135.2,1.0,5674.0,840.0,5086.0,3422.6,1663.4,1144.0,747.0
