dataset,model,label_fraction,design,method,seed,fdp,power,discoveries,true_discoveries,nonempty,reference_labels,training_labels,n_reference,cal_low,cal_high,test_low,test_high
amazon,hgb_attributes,0.25,exposure_80,filtered_low,0,0.1289166389166389,0.7935135135135135,169.4,146.8,1.0,1491.6,864.0,1347.2,1138.0,209.2,1551.6,392.4
amazon,hgb_attributes,0.25,exposure_80,filtered_low,1,0.13538629976446753,0.8021857923497269,170.4,146.8,1.0,1448.6,864.0,1318.2,1110.8,207.4,1562.0,382.0
amazon,hgb_attributes,0.25,exposure_80,filtered_low,2,0.11729793239082667,0.7672131147540984,159.2,140.4,1.0,1472.6,864.0,1333.6,1126.2,207.4,1560.4,383.6
amazon,hgb_attributes,0.25,exposure_80,filtered_low,3,0.09187253495594054,0.8301075268817204,171.2,154.4,1.0,1500.0,864.0,1347.6,1138.4,209.2,1553.6,390.4
amazon,hgb_attributes,0.25,exposure_80,filtered_low,4,0.08773620559334845,0.7684782608695653,155.2,141.4,1.0,1487.2,864.0,1352.6,1134.2,218.4,1580.4,363.6
amazon,hgb_attributes,0.25,exposure_80,filtered_low,5,0.11244285320269902,0.8086021505376344,169.6,150.4,1.0,1468.2,864.0,1318.6,1115.6,203.0,1552.0,392.0
amazon,hgb_attributes,0.25,exposure_80,filtered_low,6,0.09662276480173018,0.7691489361702127,160.2,144.6,1.0,1433.6,864.0,1299.6,1105.8,193.8,1555.4,388.6
amazon,hgb_attributes,0.25,exposure_80,filtered_low,7,0.1410508358645321,0.8149732620320856,177.8,152.4,1.0,1443.0,864.0,1303.8,1105.8,198.0,1554.2,388.8
amazon,hgb_attributes,0.25,exposure_80,filtered_low,8,0.10492564897811787,0.7794594594594595,161.2,144.2,1.0,1461.8,864.0,1325.0,1125.4,199.6,1549.8,393.2
amazon,hgb_attributes,0.25,exposure_80,filtered_low,9,0.08618426533744442,0.8,163.4,148.8,1.0,1462.0,864.0,1322.0,1117.2,204.8,1560.6,382.4
amazon,hgb_attributes,0.25,exposure_80,full_random,0,0.11440989780053576,0.7902702702702703,165.8,146.2,1.0,1491.6,864.0,1347.2,1138.0,209.2,1551.6,392.4
amazon,hgb_attributes,0.25,exposure_80,full_random,1,0.11263648589764708,0.7879781420765027,162.8,144.2,1.0,1448.6,864.0,1318.2,1110.8,207.4,1562.0,382.0
amazon,hgb_attributes,0.25,exposure_80,full_random,2,0.09822586391914123,0.7584699453551913,154.0,138.8,1.0,1472.6,864.0,1333.6,1126.2,207.4,1560.4,383.6
amazon,hgb_attributes,0.25,exposure_80,full_random,3,0.06359798164716284,0.789247311827957,158.0,146.8,1.0,1500.0,864.0,1347.6,1138.4,209.2,1553.6,390.4
amazon,hgb_attributes,0.25,exposure_80,full_random,4,0.07456247222915766,0.7532608695652174,150.0,138.6,1.0,1487.2,864.0,1352.6,1134.2,218.4,1580.4,363.6
amazon,hgb_attributes,0.25,exposure_80,full_random,5,0.08185470548168397,0.7795698924731183,158.0,145.0,1.0,1468.2,864.0,1318.6,1115.6,203.0,1552.0,392.0
amazon,hgb_attributes,0.25,exposure_80,full_random,6,0.08907810873668436,0.7648936170212766,158.0,143.8,1.0,1433.6,864.0,1299.6,1105.8,193.8,1555.4,388.6
amazon,hgb_attributes,0.25,exposure_80,full_random,7,0.11193527323168831,0.7967914438502673,168.2,149.0,1.0,1443.0,864.0,1303.8,1105.8,198.0,1554.2,388.8
amazon,hgb_attributes,0.25,exposure_80,full_random,8,0.0940276875289358,0.7772972972972972,158.8,143.8,1.0,1461.8,864.0,1325.0,1125.4,199.6,1549.8,393.2
amazon,hgb_attributes,0.25,exposure_80,full_random,9,0.06860920300749254,0.789247311827957,158.0,146.8,1.0,1462.0,864.0,1322.0,1117.2,204.8,1560.6,382.4
amazon,hgb_attributes,0.25,exposure_80,stratified,0,0.03895192383474409,0.56,108.4,103.6,1.0,1491.6,864.0,1347.2,1138.0,209.2,1551.6,392.4
amazon,hgb_attributes,0.25,exposure_80,stratified,1,0.04187734843753542,0.6131147540983607,117.6,112.2,1.0,1448.6,864.0,1318.2,1110.8,207.4,1562.0,382.0
amazon,hgb_attributes,0.25,exposure_80,stratified,2,0.053053453638560025,0.644808743169399,124.8,118.0,1.0,1472.6,864.0,1333.6,1126.2,207.4,1560.4,383.6
amazon,hgb_attributes,0.25,exposure_80,stratified,3,0.022519509476031215,0.4247311827956989,82.4,79.0,0.8,1500.0,864.0,1347.6,1138.4,209.2,1553.6,390.4
amazon,hgb_attributes,0.25,exposure_80,stratified,4,0.041093114853035864,0.6521739130434783,125.0,120.0,1.0,1487.2,864.0,1352.6,1134.2,218.4,1580.4,363.6
amazon,hgb_attributes,0.25,exposure_80,stratified,5,0.04146728573692182,0.4870967741935484,93.8,90.6,1.0,1468.2,864.0,1318.6,1115.6,203.0,1552.0,392.0
amazon,hgb_attributes,0.25,exposure_80,stratified,6,0.034168914079394055,0.47659574468085103,93.6,89.6,0.8,1433.6,864.0,1299.6,1105.8,193.8,1555.4,388.6
amazon,hgb_attributes,0.25,exposure_80,stratified,7,0.03331856255659431,0.6427807486631016,124.6,120.2,1.0,1443.0,864.0,1303.8,1105.8,198.0,1554.2,388.8
amazon,hgb_attributes,0.25,exposure_80,stratified,8,0.033652762553443974,0.5459459459459459,104.6,101.0,1.0,1461.8,864.0,1325.0,1125.4,199.6,1549.8,393.2
amazon,hgb_attributes,0.25,exposure_80,stratified,9,0.0212004212004212,0.25591397849462366,48.8,47.6,0.8,1462.0,864.0,1322.0,1117.2,204.8,1560.6,382.4
amazon,hgb_attributes,0.25,zero_exposure,filtered_low,0,0.09228135242366742,0.7632432432432432,158.4,141.2,1.0,1491.6,864.0,1347.2,208.2,1139.0,307.4,1636.6
amazon,hgb_attributes,0.25,zero_exposure,filtered_low,1,0.12700869519318608,0.7573770491803279,164.2,138.6,1.0,1448.6,864.0,1318.2,199.4,1118.8,306.6,1637.4
amazon,hgb_attributes,0.25,zero_exposure,filtered_low,2,0.05158540193499306,0.7071038251366121,136.6,129.4,1.0,1472.6,864.0,1333.6,209.6,1124.0,288.2,1655.8
amazon,hgb_attributes,0.25,zero_exposure,filtered_low,3,0.09749979007562593,0.7333333333333334,156.2,136.4,1.0,1500.0,864.0,1347.6,206.0,1141.6,291.2,1652.8
amazon,hgb_attributes,0.25,zero_exposure,filtered_low,4,0.05317940746360922,0.7119565217391305,138.4,131.0,1.0,1487.2,864.0,1352.6,221.2,1131.4,313.2,1630.8
amazon,hgb_attributes,0.25,zero_exposure,filtered_low,5,0.08049698398638604,0.6376344086021506,132.0,118.6,0.8,1468.2,864.0,1318.6,180.2,1138.4,277.8,1666.2
amazon,hgb_attributes,0.25,zero_exposure,filtered_low,6,0.05244060529606063,0.7159574468085106,142.8,134.6,1.0,1433.6,864.0,1299.6,226.0,1073.6,342.4,1601.6
amazon,hgb_attributes,0.25,zero_exposure,filtered_low,7,0.14494410400937444,0.7967914438502673,176.6,149.0,1.0,1443.0,864.0,1303.8,205.4,1098.4,316.8,1626.2
amazon,hgb_attributes,0.25,zero_exposure,filtered_low,8,0.18558471306518998,0.5243243243243244,146.4,97.0,0.6,1461.8,864.0,1325.0,198.4,1126.6,289.2,1653.8
amazon,hgb_attributes,0.25,zero_exposure,filtered_low,9,0.04541803413808089,0.443010752688172,89.6,82.4,0.6,1462.0,864.0,1322.0,218.8,1103.2,323.8,1619.2
amazon,hgb_attributes,0.25,zero_exposure,full_random,0,0.11440989780053576,0.7902702702702703,165.8,146.2,1.0,1491.6,864.0,1347.2,208.2,1139.0,307.4,1636.6
amazon,hgb_attributes,0.25,zero_exposure,full_random,1,0.11263648589764708,0.7879781420765027,162.8,144.2,1.0,1448.6,864.0,1318.2,199.4,1118.8,306.6,1637.4
amazon,hgb_attributes,0.25,zero_exposure,full_random,2,0.09822586391914123,0.7584699453551913,154.0,138.8,1.0,1472.6,864.0,1333.6,209.6,1124.0,288.2,1655.8
amazon,hgb_attributes,0.25,zero_exposure,full_random,3,0.06359798164716284,0.789247311827957,158.0,146.8,1.0,1500.0,864.0,1347.6,206.0,1141.6,291.2,1652.8
amazon,hgb_attributes,0.25,zero_exposure,full_random,4,0.07456247222915766,0.7532608695652174,150.0,138.6,1.0,1487.2,864.0,1352.6,221.2,1131.4,313.2,1630.8
amazon,hgb_attributes,0.25,zero_exposure,full_random,5,0.08185470548168397,0.7795698924731183,158.0,145.0,1.0,1468.2,864.0,1318.6,180.2,1138.4,277.8,1666.2
amazon,hgb_attributes,0.25,zero_exposure,full_random,6,0.08907810873668436,0.7648936170212766,158.0,143.8,1.0,1433.6,864.0,1299.6,226.0,1073.6,342.4,1601.6
amazon,hgb_attributes,0.25,zero_exposure,full_random,7,0.11193527323168831,0.7967914438502673,168.2,149.0,1.0,1443.0,864.0,1303.8,205.4,1098.4,316.8,1626.2
amazon,hgb_attributes,0.25,zero_exposure,full_random,8,0.0940276875289358,0.7772972972972972,158.8,143.8,1.0,1461.8,864.0,1325.0,198.4,1126.6,289.2,1653.8
amazon,hgb_attributes,0.25,zero_exposure,full_random,9,0.06860920300749254,0.789247311827957,158.0,146.8,1.0,1462.0,864.0,1322.0,218.8,1103.2,323.8,1619.2
amazon,hgb_attributes,0.25,zero_exposure,stratified,0,0.02746447205096612,0.5794594594594594,110.6,107.2,1.0,1491.6,864.0,1347.2,208.2,1139.0,307.4,1636.6
amazon,hgb_attributes,0.25,zero_exposure,stratified,1,0.042583758254241016,0.659016393442623,126.0,120.6,1.0,1448.6,864.0,1318.2,199.4,1118.8,306.6,1637.4
amazon,hgb_attributes,0.25,zero_exposure,stratified,2,0.051389329480298306,0.644808743169399,124.4,118.0,1.0,1472.6,864.0,1333.6,209.6,1124.0,288.2,1655.8
amazon,hgb_attributes,0.25,zero_exposure,stratified,3,0.03447785091620708,0.5096774193548387,100.0,94.8,1.0,1500.0,864.0,1347.6,206.0,1141.6,291.2,1652.8
amazon,hgb_attributes,0.25,zero_exposure,stratified,4,0.034614173084477576,0.5728260869565218,109.4,105.4,1.0,1487.2,864.0,1352.6,221.2,1131.4,313.2,1630.8
amazon,hgb_attributes,0.25,zero_exposure,stratified,5,0.038844777564111366,0.6043010752688172,117.0,112.4,1.0,1468.2,864.0,1318.6,180.2,1138.4,277.8,1666.2
amazon,hgb_attributes,0.25,zero_exposure,stratified,6,0.04022773025806393,0.474468085106383,94.0,89.2,0.8,1433.6,864.0,1299.6,226.0,1073.6,342.4,1601.6
amazon,hgb_attributes,0.25,zero_exposure,stratified,7,0.030510298291258196,0.572192513368984,110.4,107.0,1.0,1443.0,864.0,1303.8,205.4,1098.4,316.8,1626.2
amazon,hgb_attributes,0.25,zero_exposure,stratified,8,0.049103661701829004,0.6194594594594595,120.6,114.6,1.0,1461.8,864.0,1325.0,198.4,1126.6,289.2,1653.8
amazon,hgb_attributes,0.25,zero_exposure,stratified,9,0.04577498524866946,0.4376344086021505,86.2,81.4,1.0,1462.0,864.0,1322.0,218.8,1103.2,323.8,1619.2
amazon,hgb_attributes,0.5,exposure_80,filtered_low,0,0.11861728852612578,0.7935135135135136,167.0,146.8,1.0,2942.4,864.0,2661.0,2257.6,403.4,1551.6,392.4
amazon,hgb_attributes,0.5,exposure_80,filtered_low,1,0.12099642597618306,0.7967213114754099,166.0,145.8,1.0,2923.4,864.0,2653.2,2235.4,417.8,1560.8,383.2
amazon,hgb_attributes,0.5,exposure_80,filtered_low,2,0.12664260188800064,0.7759562841530054,162.6,142.0,1.0,2898.0,864.0,2627.0,2217.0,410.0,1569.0,375.0
amazon,hgb_attributes,0.5,exposure_80,filtered_low,3,0.11375250289527342,0.846236559139785,178.0,157.4,1.0,2936.6,864.0,2648.0,2248.2,399.8,1549.6,394.4
amazon,hgb_attributes,0.5,exposure_80,filtered_low,4,0.08888879794171416,0.7728260869565217,156.2,142.2,1.0,2938.6,864.0,2661.0,2255.0,406.0,1568.8,375.2
amazon,hgb_attributes,0.5,exposure_80,filtered_low,5,0.11641453440215839,0.810752688172043,170.8,150.8,1.0,2944.0,864.0,2654.4,2249.4,405.0,1561.6,382.4
amazon,hgb_attributes,0.5,exposure_80,filtered_low,6,0.09909203214238713,0.7691489361702127,160.6,144.6,1.0,2911.4,864.0,2632.4,2238.0,394.4,1558.0,386.0
amazon,hgb_attributes,0.5,exposure_80,filtered_low,7,0.1372114831186968,0.8192513368983956,178.0,153.2,1.0,2890.0,864.0,2616.4,2218.6,397.8,1559.4,383.6
amazon,hgb_attributes,0.5,exposure_80,filtered_low,8,0.11541984869424722,0.7837837837837838,164.0,145.0,1.0,2920.4,864.0,2637.6,2242.2,395.4,1547.4,395.6
amazon,hgb_attributes,0.5,exposure_80,filtered_low,9,0.0984917744425428,0.8043010752688172,166.4,149.6,1.0,2923.0,864.0,2648.8,2258.0,390.8,1558.8,384.2
amazon,hgb_attributes,0.5,exposure_80,full_random,0,0.10337191605400473,0.7805405405405406,161.6,144.4,1.0,2942.4,864.0,2661.0,2257.6,403.4,1551.6,392.4
amazon,hgb_attributes,0.5,exposure_80,full_random,1,0.10141835607413585,0.7846994535519125,160.0,143.6,1.0,2923.4,864.0,2653.2,2235.4,417.8,1560.8,383.2
amazon,hgb_attributes,0.5,exposure_80,full_random,2,0.10765658873803534,0.7650273224043715,157.0,140.0,1.0,2898.0,864.0,2627.0,2217.0,410.0,1569.0,375.0
amazon,hgb_attributes,0.5,exposure_80,full_random,3,0.06794283086307759,0.810752688172043,162.8,150.8,1.0,2936.6,864.0,2648.0,2248.2,399.8,1549.6,394.4
amazon,hgb_attributes,0.5,exposure_80,full_random,4,0.07134024841837609,0.7554347826086957,149.8,139.0,1.0,2938.6,864.0,2661.0,2255.0,406.0,1568.8,375.2
amazon,hgb_attributes,0.5,exposure_80,full_random,5,0.07390820122605543,0.7666666666666667,154.0,142.6,1.0,2944.0,864.0,2654.4,2249.4,405.0,1561.6,382.4
amazon,hgb_attributes,0.5,exposure_80,full_random,6,0.08085161329191065,0.7574468085106383,155.0,142.4,1.0,2911.4,864.0,2632.4,2238.0,394.4,1558.0,386.0
amazon,hgb_attributes,0.5,exposure_80,full_random,7,0.10439552681046176,0.7967914438502673,166.4,149.0,1.0,2890.0,864.0,2616.4,2218.6,397.8,1559.4,383.6
amazon,hgb_attributes,0.5,exposure_80,full_random,8,0.10005091722115922,0.7794594594594595,160.4,144.2,1.0,2920.4,864.0,2637.6,2242.2,395.4,1547.4,395.6
amazon,hgb_attributes,0.5,exposure_80,full_random,9,0.07464607447012267,0.7967741935483871,160.6,148.2,1.0,2923.0,864.0,2648.8,2258.0,390.8,1558.8,384.2
amazon,hgb_attributes,0.5,exposure_80,stratified,0,0.031457103185177915,0.6345945945945946,121.2,117.4,1.0,2942.4,864.0,2661.0,2257.6,403.4,1551.6,392.4
amazon,hgb_attributes,0.5,exposure_80,stratified,1,0.05440742675463831,0.7278688524590164,141.0,133.2,1.0,2923.4,864.0,2653.2,2235.4,417.8,1560.8,383.2
amazon,hgb_attributes,0.5,exposure_80,stratified,2,0.05063518249317393,0.701639344262295,135.2,128.4,1.0,2898.0,864.0,2627.0,2217.0,410.0,1569.0,375.0
amazon,hgb_attributes,0.5,exposure_80,stratified,3,0.03742747007506593,0.6387096774193548,124.0,118.8,1.0,2936.6,864.0,2648.0,2248.2,399.8,1549.6,394.4
amazon,hgb_attributes,0.5,exposure_80,stratified,4,0.04106789069003618,0.65,124.6,119.6,1.0,2938.6,864.0,2661.0,2255.0,406.0,1568.8,375.2
amazon,hgb_attributes,0.5,exposure_80,stratified,5,0.04955177550087151,0.5451612903225806,105.2,101.4,1.0,2944.0,864.0,2654.4,2249.4,405.0,1561.6,382.4
amazon,hgb_attributes,0.5,exposure_80,stratified,6,0.03364943462826142,0.4659574468085106,91.0,87.6,1.0,2911.4,864.0,2632.4,2238.0,394.4,1558.0,386.0
amazon,hgb_attributes,0.5,exposure_80,stratified,7,0.01737121737121737,0.4898395721925134,93.4,91.6,1.0,2890.0,864.0,2616.4,2218.6,397.8,1559.4,383.6
amazon,hgb_attributes,0.5,exposure_80,stratified,8,0.030340948178499992,0.5848648648648649,111.6,108.2,1.0,2920.4,864.0,2637.6,2242.2,395.4,1547.4,395.6
amazon,hgb_attributes,0.5,exposure_80,stratified,9,0.04848575509003975,0.37526881720430105,73.2,69.8,1.0,2923.0,864.0,2648.8,2258.0,390.8,1558.8,384.2
amazon,hgb_attributes,0.5,zero_exposure,filtered_low,0,0.1819230003850756,0.8302702702702703,193.8,153.6,1.0,2942.4,864.0,2661.0,231.8,2429.2,178.0,1766.0
amazon,hgb_attributes,0.5,zero_exposure,filtered_low,1,0.10350716683732149,0.6819672131147542,145.8,124.8,1.0,2923.4,864.0,2653.2,239.6,2413.6,174.0,1770.0
amazon,hgb_attributes,0.5,zero_exposure,filtered_low,2,0.08797530245391466,0.7497267759562842,150.8,137.2,1.0,2898.0,864.0,2627.0,235.0,2392.0,174.6,1769.4
amazon,hgb_attributes,0.5,zero_exposure,filtered_low,3,0.09329537256211355,0.8010752688172044,166.2,149.0,1.0,2936.6,864.0,2648.0,228.2,2419.8,164.2,1779.8
amazon,hgb_attributes,0.5,zero_exposure,filtered_low,4,0.19810205139547124,0.7978260869565217,189.0,146.8,1.0,2938.6,864.0,2661.0,237.4,2423.6,167.2,1776.8
amazon,hgb_attributes,0.5,zero_exposure,filtered_low,5,0.09638500170882804,0.7763440860215054,161.0,144.4,1.0,2944.0,864.0,2654.4,230.6,2423.8,175.2,1768.8
amazon,hgb_attributes,0.5,zero_exposure,filtered_low,6,0.0861132412560984,0.7351063829787233,152.8,138.2,1.0,2911.4,864.0,2632.4,261.2,2371.2,197.6,1746.4
amazon,hgb_attributes,0.5,zero_exposure,filtered_low,7,0.1581051038513725,0.6802139037433156,159.8,127.2,0.8,2890.0,864.0,2616.4,243.8,2372.6,183.6,1759.4
amazon,hgb_attributes,0.5,zero_exposure,filtered_low,8,0.29769018408066045,0.8691891891891892,241.0,160.8,1.0,2920.4,864.0,2637.6,222.0,2415.6,158.2,1784.8
amazon,hgb_attributes,0.5,zero_exposure,filtered_low,9,0.09475380610794167,0.7763440860215054,160.2,144.4,1.0,2923.0,864.0,2648.8,260.0,2388.8,196.0,1747.0
amazon,hgb_attributes,0.5,zero_exposure,full_random,0,0.10337191605400473,0.7805405405405406,161.6,144.4,1.0,2942.4,864.0,2661.0,231.8,2429.2,178.0,1766.0
amazon,hgb_attributes,0.5,zero_exposure,full_random,1,0.10141835607413585,0.7846994535519125,160.0,143.6,1.0,2923.4,864.0,2653.2,239.6,2413.6,174.0,1770.0
amazon,hgb_attributes,0.5,zero_exposure,full_random,2,0.10765658873803534,0.7650273224043715,157.0,140.0,1.0,2898.0,864.0,2627.0,235.0,2392.0,174.6,1769.4
amazon,hgb_attributes,0.5,zero_exposure,full_random,3,0.06794283086307759,0.810752688172043,162.8,150.8,1.0,2936.6,864.0,2648.0,228.2,2419.8,164.2,1779.8
amazon,hgb_attributes,0.5,zero_exposure,full_random,4,0.07134024841837609,0.7554347826086957,149.8,139.0,1.0,2938.6,864.0,2661.0,237.4,2423.6,167.2,1776.8
amazon,hgb_attributes,0.5,zero_exposure,full_random,5,0.07390820122605543,0.7666666666666667,154.0,142.6,1.0,2944.0,864.0,2654.4,230.6,2423.8,175.2,1768.8
amazon,hgb_attributes,0.5,zero_exposure,full_random,6,0.08085161329191065,0.7574468085106383,155.0,142.4,1.0,2911.4,864.0,2632.4,261.2,2371.2,197.6,1746.4
amazon,hgb_attributes,0.5,zero_exposure,full_random,7,0.10439552681046176,0.7967914438502673,166.4,149.0,1.0,2890.0,864.0,2616.4,243.8,2372.6,183.6,1759.4
amazon,hgb_attributes,0.5,zero_exposure,full_random,8,0.10005091722115922,0.7794594594594595,160.4,144.2,1.0,2920.4,864.0,2637.6,222.0,2415.6,158.2,1784.8
amazon,hgb_attributes,0.5,zero_exposure,full_random,9,0.07464607447012267,0.7967741935483871,160.6,148.2,1.0,2923.0,864.0,2648.8,260.0,2388.8,196.0,1747.0
amazon,hgb_attributes,0.5,zero_exposure,stratified,0,0.03776346688016279,0.664864864864865,128.0,123.0,1.0,2942.4,864.0,2661.0,231.8,2429.2,178.0,1766.0
amazon,hgb_attributes,0.5,zero_exposure,stratified,1,0.05032525283695871,0.6972677595628415,134.4,127.6,1.0,2923.4,864.0,2653.2,239.6,2413.6,174.0,1770.0
amazon,hgb_attributes,0.5,zero_exposure,stratified,2,0.052634870969878914,0.6863387978142076,132.6,125.6,1.0,2898.0,864.0,2627.0,235.0,2392.0,174.6,1769.4
amazon,hgb_attributes,0.5,zero_exposure,stratified,3,0.038670228595552664,0.6408602150537634,125.0,119.2,1.0,2936.6,864.0,2648.0,228.2,2419.8,164.2,1779.8
amazon,hgb_attributes,0.5,zero_exposure,stratified,4,0.03949136530777103,0.6543478260869565,125.4,120.4,1.0,2938.6,864.0,2661.0,237.4,2423.6,167.2,1776.8
amazon,hgb_attributes,0.5,zero_exposure,stratified,5,0.04295785808371275,0.6419354838709677,124.8,119.4,1.0,2944.0,864.0,2654.4,230.6,2423.8,175.2,1768.8
amazon,hgb_attributes,0.5,zero_exposure,stratified,6,0.03555977254379638,0.6787234042553191,132.4,127.6,1.0,2911.4,864.0,2632.4,261.2,2371.2,197.6,1746.4
amazon,hgb_attributes,0.5,zero_exposure,stratified,7,0.0294566684853609,0.6524064171122994,125.8,122.0,1.0,2890.0,864.0,2616.4,243.8,2372.6,183.6,1759.4
amazon,hgb_attributes,0.5,zero_exposure,stratified,8,0.04671376558449218,0.6778378378378378,131.8,125.4,1.0,2920.4,864.0,2637.6,222.0,2415.6,158.2,1784.8
amazon,hgb_attributes,0.5,zero_exposure,stratified,9,0.04762949190741007,0.5150537634408602,101.6,95.8,1.0,2923.0,864.0,2648.8,260.0,2388.8,196.0,1747.0
amazon,hgb_attributes,1.0,exposure_80,filtered_low,0,0.12672441690853936,0.8075675675675675,171.4,149.4,1.0,5831.0,864.0,5276.0,4504.8,771.2,1551.8,392.2
amazon,hgb_attributes,1.0,exposure_80,filtered_low,1,0.12250812796826034,0.8,167.0,146.4,1.0,5831.0,864.0,5283.0,4497.8,785.2,1560.4,383.6
amazon,hgb_attributes,1.0,exposure_80,filtered_low,2,0.1341925793886578,0.7825136612021858,165.4,143.2,1.0,5831.0,864.0,5282.0,4497.2,784.8,1566.2,377.8
amazon,hgb_attributes,1.0,exposure_80,filtered_low,3,0.1131321750072987,0.843010752688172,177.0,156.8,1.0,5831.0,864.0,5272.0,4514.2,757.8,1545.6,398.4
amazon,hgb_attributes,1.0,exposure_80,filtered_low,4,0.09949273029790337,0.7815217391304348,159.8,143.8,1.0,5831.0,864.0,5281.0,4495.8,785.2,1570.2,373.8
amazon,hgb_attributes,1.0,exposure_80,filtered_low,5,0.12252724282907283,0.810752688172043,172.0,150.8,1.0,5831.0,864.0,5275.0,4498.6,776.4,1560.6,383.4
amazon,hgb_attributes,1.0,exposure_80,filtered_low,6,0.10563579582810352,0.7723404255319148,162.4,145.2,1.0,5831.0,864.0,5268.0,4500.2,767.8,1556.4,387.6
amazon,hgb_attributes,1.0,exposure_80,filtered_low,7,0.1341673884492272,0.8149732620320856,176.2,152.4,1.0,5832.0,864.0,5270.0,4501.8,768.2,1557.8,385.2
amazon,hgb_attributes,1.0,exposure_80,filtered_low,8,0.11345382824510986,0.7827027027027027,163.4,144.8,1.0,5832.0,864.0,5276.0,4514.0,762.0,1549.0,394.0
amazon,hgb_attributes,1.0,exposure_80,filtered_low,9,0.11208588764303977,0.80752688172043,169.4,150.2,1.0,5832.0,864.0,5272.0,4501.4,770.6,1554.2,388.8
amazon,hgb_attributes,1.0,exposure_80,full_random,0,0.11250374184920606,0.787027027027027,164.4,145.6,1.0,5831.0,864.0,5276.0,4504.8,771.2,1551.8,392.2
amazon,hgb_attributes,1.0,exposure_80,full_random,1,0.09931795328407789,0.7814207650273224,159.0,143.0,1.0,5831.0,864.0,5283.0,4497.8,785.2,1560.4,383.6
amazon,hgb_attributes,1.0,exposure_80,full_random,2,0.11059351613636197,0.7704918032786885,158.6,141.0,1.0,5831.0,864.0,5282.0,4497.2,784.8,1566.2,377.8
amazon,hgb_attributes,1.0,exposure_80,full_random,3,0.08240237786341667,0.8301075268817204,168.6,154.4,1.0,5831.0,864.0,5272.0,4514.2,757.8,1545.6,398.4
amazon,hgb_attributes,1.0,exposure_80,full_random,4,0.07083341807211997,0.7586956521739131,150.4,139.6,1.0,5831.0,864.0,5281.0,4495.8,785.2,1570.2,373.8
amazon,hgb_attributes,1.0,exposure_80,full_random,5,0.0737982542485325,0.7655913978494624,153.8,142.4,1.0,5831.0,864.0,5275.0,4498.6,776.4,1560.6,383.4
amazon,hgb_attributes,1.0,exposure_80,full_random,6,0.07938719147939603,0.7585106382978724,155.0,142.6,1.0,5831.0,864.0,5268.0,4500.2,767.8,1556.4,387.6
amazon,hgb_attributes,1.0,exposure_80,full_random,7,0.1054060491019844,0.8021390374331551,167.8,150.0,1.0,5832.0,864.0,5270.0,4501.8,768.2,1557.8,385.2
amazon,hgb_attributes,1.0,exposure_80,full_random,8,0.10058896661076064,0.7794594594594594,160.4,144.2,1.0,5832.0,864.0,5276.0,4514.0,762.0,1549.0,394.0
amazon,hgb_attributes,1.0,exposure_80,full_random,9,0.08258235800936682,0.7978494623655914,162.0,148.4,1.0,5832.0,864.0,5272.0,4501.4,770.6,1554.2,388.8
amazon,hgb_attributes,1.0,exposure_80,stratified,0,0.03696811805929622,0.6443243243243243,123.8,119.2,1.0,5831.0,864.0,5276.0,4504.8,771.2,1551.8,392.2
amazon,hgb_attributes,1.0,exposure_80,stratified,1,0.0404876070030888,0.7060109289617487,134.8,129.2,1.0,5831.0,864.0,5283.0,4497.8,785.2,1560.4,383.6
amazon,hgb_attributes,1.0,exposure_80,stratified,2,0.057517529475627785,0.7213114754098361,140.2,132.0,1.0,5831.0,864.0,5282.0,4497.2,784.8,1566.2,377.8
amazon,hgb_attributes,1.0,exposure_80,stratified,3,0.03394963886502968,0.656989247311828,127.2,122.2,1.0,5831.0,864.0,5272.0,4514.2,757.8,1545.6,398.4
amazon,hgb_attributes,1.0,exposure_80,stratified,4,0.03593230092455254,0.6728260869565218,128.4,123.8,1.0,5831.0,864.0,5281.0,4495.8,785.2,1570.2,373.8
amazon,hgb_attributes,1.0,exposure_80,stratified,5,0.03724832394521099,0.6516129032258065,126.0,121.2,1.0,5831.0,864.0,5275.0,4498.6,776.4,1560.6,383.4
amazon,hgb_attributes,1.0,exposure_80,stratified,6,0.0310083020427848,0.6297872340425532,122.2,118.4,1.0,5831.0,864.0,5268.0,4500.2,767.8,1556.4,387.6
amazon,hgb_attributes,1.0,exposure_80,stratified,7,0.015980146288934054,0.6299465240641712,119.8,117.8,1.0,5832.0,864.0,5270.0,4501.8,768.2,1557.8,385.2
amazon,hgb_attributes,1.0,exposure_80,stratified,8,0.036234522678335664,0.6064864864864865,116.4,112.2,1.0,5832.0,864.0,5276.0,4514.0,762.0,1549.0,394.0
amazon,hgb_attributes,1.0,exposure_80,stratified,9,0.0511059010093449,0.4462365591397849,88.0,83.0,1.0,5832.0,864.0,5272.0,4501.4,770.6,1554.2,388.8
amazon,hgb_attributes,1.0,zero_exposure,filtered_low,0,0.20009566694611625,0.8151351351351351,196.6,150.8,1.0,5831.0,864.0,5276.0,221.2,5054.8,82.8,1861.2
amazon,hgb_attributes,1.0,zero_exposure,filtered_low,1,0.22638707007115233,0.794535519125683,195.8,145.4,1.0,5831.0,864.0,5283.0,214.4,5068.6,74.4,1869.6
amazon,hgb_attributes,1.0,zero_exposure,filtered_low,2,0.10940046617854218,0.766120218579235,157.8,140.2,1.0,5831.0,864.0,5282.0,195.6,5086.4,79.2,1864.8
amazon,hgb_attributes,1.0,zero_exposure,filtered_low,3,0.1288741874221366,0.8344086021505376,181.6,155.2,1.0,5831.0,864.0,5272.0,207.2,5064.8,75.8,1868.2
amazon,hgb_attributes,1.0,zero_exposure,filtered_low,4,0.2193906197548138,0.7934782608695652,193.8,146.0,1.0,5831.0,864.0,5281.0,212.2,5068.8,70.6,1873.4
amazon,hgb_attributes,1.0,zero_exposure,filtered_low,5,0.21456366474283536,0.6967741935483871,186.0,129.6,0.8,5831.0,864.0,5275.0,216.4,5058.6,82.6,1861.4
amazon,hgb_attributes,1.0,zero_exposure,filtered_low,6,0.18188046638761168,0.8095744680851065,187.6,152.2,1.0,5831.0,864.0,5268.0,227.2,5040.8,79.4,1864.6
amazon,hgb_attributes,1.0,zero_exposure,filtered_low,7,0.24474297496047984,0.8588235294117647,217.2,160.6,1.0,5832.0,864.0,5270.0,221.4,5048.6,75.0,1868.0
amazon,hgb_attributes,1.0,zero_exposure,filtered_low,8,0.36800602543590466,0.8983783783783783,269.8,166.2,1.0,5832.0,864.0,5276.0,220.4,5055.6,75.6,1867.4
amazon,hgb_attributes,1.0,zero_exposure,filtered_low,9,0.08756922749259338,0.8021505376344086,163.8,149.2,1.0,5832.0,864.0,5272.0,218.4,5053.6,83.2,1859.8
amazon,hgb_attributes,1.0,zero_exposure,full_random,0,0.11250374184920606,0.787027027027027,164.4,145.6,1.0,5831.0,864.0,5276.0,221.2,5054.8,82.8,1861.2
amazon,hgb_attributes,1.0,zero_exposure,full_random,1,0.09931795328407789,0.7814207650273224,159.0,143.0,1.0,5831.0,864.0,5283.0,214.4,5068.6,74.4,1869.6
amazon,hgb_attributes,1.0,zero_exposure,full_random,2,0.11059351613636197,0.7704918032786885,158.6,141.0,1.0,5831.0,864.0,5282.0,195.6,5086.4,79.2,1864.8
amazon,hgb_attributes,1.0,zero_exposure,full_random,3,0.08240237786341667,0.8301075268817204,168.6,154.4,1.0,5831.0,864.0,5272.0,207.2,5064.8,75.8,1868.2
amazon,hgb_attributes,1.0,zero_exposure,full_random,4,0.07083341807211997,0.7586956521739131,150.4,139.6,1.0,5831.0,864.0,5281.0,212.2,5068.8,70.6,1873.4
amazon,hgb_attributes,1.0,zero_exposure,full_random,5,0.0737982542485325,0.7655913978494624,153.8,142.4,1.0,5831.0,864.0,5275.0,216.4,5058.6,82.6,1861.4
amazon,hgb_attributes,1.0,zero_exposure,full_random,6,0.07938719147939603,0.7585106382978724,155.0,142.6,1.0,5831.0,864.0,5268.0,227.2,5040.8,79.4,1864.6
amazon,hgb_attributes,1.0,zero_exposure,full_random,7,0.1054060491019844,0.8021390374331551,167.8,150.0,1.0,5832.0,864.0,5270.0,221.4,5048.6,75.0,1868.0
amazon,hgb_attributes,1.0,zero_exposure,full_random,8,0.10058896661076064,0.7794594594594594,160.4,144.2,1.0,5832.0,864.0,5276.0,220.4,5055.6,75.6,1867.4
amazon,hgb_attributes,1.0,zero_exposure,full_random,9,0.08258235800936682,0.7978494623655914,162.0,148.4,1.0,5832.0,864.0,5272.0,218.4,5053.6,83.2,1859.8
amazon,hgb_attributes,1.0,zero_exposure,stratified,0,0.03962230094439408,0.6951351351351351,134.0,128.6,1.0,5831.0,864.0,5276.0,221.2,5054.8,82.8,1861.2
amazon,hgb_attributes,1.0,zero_exposure,stratified,1,0.04421062691437928,0.718032786885246,137.6,131.4,1.0,5831.0,864.0,5283.0,214.4,5068.6,74.4,1869.6
amazon,hgb_attributes,1.0,zero_exposure,stratified,2,0.0636228937323828,0.7147540983606557,139.8,130.8,1.0,5831.0,864.0,5282.0,195.6,5086.4,79.2,1864.8
amazon,hgb_attributes,1.0,zero_exposure,stratified,3,0.03997861021011175,0.7161290322580645,139.4,133.2,1.0,5831.0,864.0,5272.0,207.2,5064.8,75.8,1868.2
amazon,hgb_attributes,1.0,zero_exposure,stratified,4,0.044633518839366546,0.692391304347826,133.4,127.4,1.0,5831.0,864.0,5281.0,212.2,5068.8,70.6,1873.4
amazon,hgb_attributes,1.0,zero_exposure,stratified,5,0.04510580997764692,0.6720430107526882,131.0,125.0,1.0,5831.0,864.0,5275.0,216.4,5058.6,82.6,1861.4
amazon,hgb_attributes,1.0,zero_exposure,stratified,6,0.03280732922206406,0.6808510638297872,132.4,128.0,1.0,5831.0,864.0,5268.0,227.2,5040.8,79.4,1864.6
amazon,hgb_attributes,1.0,zero_exposure,stratified,7,0.03701255779770768,0.7026737967914438,136.6,131.4,1.0,5832.0,864.0,5270.0,221.4,5048.6,75.0,1868.0
amazon,hgb_attributes,1.0,zero_exposure,stratified,8,0.04797827044037531,0.6951351351351351,135.2,128.6,1.0,5832.0,864.0,5276.0,220.4,5055.6,75.6,1867.4
amazon,hgb_attributes,1.0,zero_exposure,stratified,9,0.043704697187323956,0.656989247311828,128.4,122.2,1.0,5832.0,864.0,5272.0,218.4,5053.6,83.2,1859.8
amazon,hgb_graph_features,0.25,exposure_80,filtered_low,0,0.16985001826206306,0.8432432432432433,188.0,156.0,1.0,1491.6,864.0,1347.2,1138.0,209.2,1551.6,392.4
amazon,hgb_graph_features,0.25,exposure_80,filtered_low,1,0.12518733114645686,0.8295081967213115,173.8,151.8,1.0,1448.6,864.0,1318.2,1110.8,207.4,1562.0,382.0
amazon,hgb_graph_features,0.25,exposure_80,filtered_low,2,0.1452740690758188,0.8010928961748635,171.8,146.6,1.0,1472.6,864.0,1333.6,1126.2,207.4,1560.4,383.6
amazon,hgb_graph_features,0.25,exposure_80,filtered_low,3,0.1029962370173815,0.8440860215053764,175.2,157.0,1.0,1500.0,864.0,1347.6,1138.4,209.2,1553.6,390.4
amazon,hgb_graph_features,0.25,exposure_80,filtered_low,4,0.1373653946234341,0.8032608695652174,171.6,147.8,1.0,1487.2,864.0,1352.6,1134.2,218.4,1580.4,363.6
amazon,hgb_graph_features,0.25,exposure_80,filtered_low,5,0.16428751679689052,0.8182795698924732,182.2,152.2,1.0,1468.2,864.0,1318.6,1115.6,203.0,1552.0,392.0
amazon,hgb_graph_features,0.25,exposure_80,filtered_low,6,0.09349918313397405,0.7829787234042553,162.8,147.2,1.0,1433.6,864.0,1299.6,1105.8,193.8,1555.4,388.6
amazon,hgb_graph_features,0.25,exposure_80,filtered_low,7,0.10642139393309195,0.8074866310160427,169.0,151.0,1.0,1443.0,864.0,1303.8,1105.8,198.0,1554.2,388.8
amazon,hgb_graph_features,0.25,exposure_80,filtered_low,8,0.13592647748695397,0.801081081081081,171.6,148.2,1.0,1461.8,864.0,1325.0,1125.4,199.6,1549.8,393.2
amazon,hgb_graph_features,0.25,exposure_80,filtered_low,9,0.092829121729799,0.8032258064516128,165.2,149.4,1.0,1462.0,864.0,1322.0,1117.2,204.8,1560.6,382.4
amazon,hgb_graph_features,0.25,exposure_80,full_random,0,0.12427671156920886,0.8108108108108109,171.8,150.0,1.0,1491.6,864.0,1347.2,1138.0,209.2,1551.6,392.4
amazon,hgb_graph_features,0.25,exposure_80,full_random,1,0.09201760429584976,0.8,161.6,146.4,1.0,1448.6,864.0,1318.2,1110.8,207.4,1562.0,382.0
amazon,hgb_graph_features,0.25,exposure_80,full_random,2,0.1283373985149564,0.7846994535519125,165.0,143.6,1.0,1472.6,864.0,1333.6,1126.2,207.4,1560.4,383.6
amazon,hgb_graph_features,0.25,exposure_80,full_random,3,0.04393691109036626,0.7645161290322581,149.4,142.2,1.0,1500.0,864.0,1347.6,1138.4,209.2,1553.6,390.4
amazon,hgb_graph_features,0.25,exposure_80,full_random,4,0.08873166058820067,0.7630434782608695,154.4,140.4,1.0,1487.2,864.0,1352.6,1134.2,218.4,1580.4,363.6
amazon,hgb_graph_features,0.25,exposure_80,full_random,5,0.08529435222420387,0.7623655913978494,155.2,141.8,1.0,1468.2,864.0,1318.6,1115.6,203.0,1552.0,392.0
amazon,hgb_graph_features,0.25,exposure_80,full_random,6,0.08163214425157071,0.774468085106383,159.0,145.6,1.0,1433.6,864.0,1299.6,1105.8,193.8,1555.4,388.6
amazon,hgb_graph_features,0.25,exposure_80,full_random,7,0.08320146019665957,0.7871657754010695,160.8,147.2,1.0,1443.0,864.0,1303.8,1105.8,198.0,1554.2,388.8
amazon,hgb_graph_features,0.25,exposure_80,full_random,8,0.09736329632275395,0.7556756756756757,155.2,139.8,1.0,1461.8,864.0,1325.0,1125.4,199.6,1549.8,393.2
amazon,hgb_graph_features,0.25,exposure_80,full_random,9,0.06623550120082063,0.7731182795698925,154.6,143.8,1.0,1462.0,864.0,1322.0,1117.2,204.8,1560.6,382.4
amazon,hgb_graph_features,0.25,exposure_80,stratified,0,0.035919548444625506,0.6097297297297297,117.4,112.8,1.0,1491.6,864.0,1347.2,1138.0,209.2,1551.6,392.4
amazon,hgb_graph_features,0.25,exposure_80,stratified,1,0.036931854900115725,0.6557377049180328,124.6,120.0,1.0,1448.6,864.0,1318.2,1110.8,207.4,1562.0,382.0
amazon,hgb_graph_features,0.25,exposure_80,stratified,2,0.05298463886674102,0.6404371584699453,123.8,117.2,1.0,1472.6,864.0,1333.6,1126.2,207.4,1560.4,383.6
amazon,hgb_graph_features,0.25,exposure_80,stratified,3,0.025579839429081173,0.4559139784946237,88.4,84.8,0.8,1500.0,864.0,1347.6,1138.4,209.2,1553.6,390.4
amazon,hgb_graph_features,0.25,exposure_80,stratified,4,0.05047616972165956,0.4793478260869565,91.8,88.2,1.0,1487.2,864.0,1352.6,1134.2,218.4,1580.4,363.6
amazon,hgb_graph_features,0.25,exposure_80,stratified,5,0.0210770150756932,0.33225806451612905,64.2,61.8,0.6,1468.2,864.0,1318.6,1115.6,203.0,1552.0,392.0
amazon,hgb_graph_features,0.25,exposure_80,stratified,6,0.03741096870617765,0.5191489361702127,101.4,97.6,1.0,1433.6,864.0,1299.6,1105.8,193.8,1555.4,388.6
amazon,hgb_graph_features,0.25,exposure_80,stratified,7,0.053032243376305535,0.44171122994652406,88.0,82.6,0.8,1443.0,864.0,1303.8,1105.8,198.0,1554.2,388.8
amazon,hgb_graph_features,0.25,exposure_80,stratified,8,0.03775856940979216,0.5156756756756756,99.4,95.4,1.0,1461.8,864.0,1325.0,1125.4,199.6,1549.8,393.2
amazon,hgb_graph_features,0.25,exposure_80,stratified,9,0.024454525023784986,0.435483870967742,83.8,81.0,0.8,1462.0,864.0,1322.0,1117.2,204.8,1560.6,382.4
amazon,hgb_graph_features,0.25,zero_exposure,filtered_low,0,0.0673751267844481,0.7264864864864865,146.2,134.4,1.0,1491.6,864.0,1347.2,208.2,1139.0,307.4,1636.6
amazon,hgb_graph_features,0.25,zero_exposure,filtered_low,1,0.09722008439759819,0.653551912568306,137.6,119.6,0.8,1448.6,864.0,1318.2,199.4,1118.8,306.6,1637.4
amazon,hgb_graph_features,0.25,zero_exposure,filtered_low,2,0.06557366895494417,0.5836065573770493,117.8,106.8,0.8,1472.6,864.0,1333.6,209.6,1124.0,288.2,1655.8
amazon,hgb_graph_features,0.25,zero_exposure,filtered_low,3,0.12900299577717206,0.7795698924731183,172.8,145.0,1.0,1500.0,864.0,1347.6,206.0,1141.6,291.2,1652.8
amazon,hgb_graph_features,0.25,zero_exposure,filtered_low,4,0.0821423860737037,0.7293478260869566,147.6,134.2,1.0,1487.2,864.0,1352.6,221.2,1131.4,313.2,1630.8
amazon,hgb_graph_features,0.25,zero_exposure,filtered_low,5,0.10058592173878447,0.621505376344086,133.4,115.6,0.8,1468.2,864.0,1318.6,180.2,1138.4,277.8,1666.2
amazon,hgb_graph_features,0.25,zero_exposure,filtered_low,6,0.03366552282470699,0.5851063829787234,114.8,110.0,0.8,1433.6,864.0,1299.6,226.0,1073.6,342.4,1601.6
amazon,hgb_graph_features,0.25,zero_exposure,filtered_low,7,0.05842058288605119,0.7336898395721925,146.0,137.2,1.0,1443.0,864.0,1303.8,205.4,1098.4,316.8,1626.2
amazon,hgb_graph_features,0.25,zero_exposure,filtered_low,8,0.1602281947261663,0.7491891891891893,172.2,138.6,1.0,1461.8,864.0,1325.0,198.4,1126.6,289.2,1653.8
amazon,hgb_graph_features,0.25,zero_exposure,filtered_low,9,0.056195747429715295,0.5838709677419355,117.8,108.6,0.8,1462.0,864.0,1322.0,218.8,1103.2,323.8,1619.2
amazon,hgb_graph_features,0.25,zero_exposure,full_random,0,0.12427671156920886,0.8108108108108109,171.8,150.0,1.0,1491.6,864.0,1347.2,208.2,1139.0,307.4,1636.6
amazon,hgb_graph_features,0.25,zero_exposure,full_random,1,0.09201760429584976,0.8,161.6,146.4,1.0,1448.6,864.0,1318.2,199.4,1118.8,306.6,1637.4
amazon,hgb_graph_features,0.25,zero_exposure,full_random,2,0.1283373985149564,0.7846994535519125,165.0,143.6,1.0,1472.6,864.0,1333.6,209.6,1124.0,288.2,1655.8
amazon,hgb_graph_features,0.25,zero_exposure,full_random,3,0.04393691109036626,0.7645161290322581,149.4,142.2,1.0,1500.0,864.0,1347.6,206.0,1141.6,291.2,1652.8
amazon,hgb_graph_features,0.25,zero_exposure,full_random,4,0.08873166058820067,0.7630434782608695,154.4,140.4,1.0,1487.2,864.0,1352.6,221.2,1131.4,313.2,1630.8
amazon,hgb_graph_features,0.25,zero_exposure,full_random,5,0.08529435222420387,0.7623655913978494,155.2,141.8,1.0,1468.2,864.0,1318.6,180.2,1138.4,277.8,1666.2
amazon,hgb_graph_features,0.25,zero_exposure,full_random,6,0.08163214425157071,0.774468085106383,159.0,145.6,1.0,1433.6,864.0,1299.6,226.0,1073.6,342.4,1601.6
amazon,hgb_graph_features,0.25,zero_exposure,full_random,7,0.08320146019665957,0.7871657754010695,160.8,147.2,1.0,1443.0,864.0,1303.8,205.4,1098.4,316.8,1626.2
amazon,hgb_graph_features,0.25,zero_exposure,full_random,8,0.09736329632275395,0.7556756756756757,155.2,139.8,1.0,1461.8,864.0,1325.0,198.4,1126.6,289.2,1653.8
amazon,hgb_graph_features,0.25,zero_exposure,full_random,9,0.06623550120082063,0.7731182795698925,154.6,143.8,1.0,1462.0,864.0,1322.0,218.8,1103.2,323.8,1619.2
amazon,hgb_graph_features,0.25,zero_exposure,stratified,0,0.07842494679882644,0.6183783783783785,125.2,114.4,1.0,1491.6,864.0,1347.2,208.2,1139.0,307.4,1636.6
amazon,hgb_graph_features,0.25,zero_exposure,stratified,1,0.043934878431146254,0.6644808743169399,127.2,121.6,1.0,1448.6,864.0,1318.2,199.4,1118.8,306.6,1637.4
amazon,hgb_graph_features,0.25,zero_exposure,stratified,2,0.05382727152192259,0.6404371584699453,124.0,117.2,1.0,1472.6,864.0,1333.6,209.6,1124.0,288.2,1655.8
amazon,hgb_graph_features,0.25,zero_exposure,stratified,3,0.03814930869621398,0.5,98.2,93.0,0.8,1500.0,864.0,1347.6,206.0,1141.6,291.2,1652.8
amazon,hgb_graph_features,0.25,zero_exposure,stratified,4,0.0686875283446712,0.5141304347826087,98.6,94.6,1.0,1487.2,864.0,1352.6,221.2,1131.4,313.2,1630.8
amazon,hgb_graph_features,0.25,zero_exposure,stratified,5,0.04323464064578588,0.543010752688172,105.6,101.0,1.0,1468.2,864.0,1318.6,180.2,1138.4,277.8,1666.2
amazon,hgb_graph_features,0.25,zero_exposure,stratified,6,0.047636309924262134,0.6085106382978724,120.2,114.4,1.0,1433.6,864.0,1299.6,226.0,1073.6,342.4,1601.6
amazon,hgb_graph_features,0.25,zero_exposure,stratified,7,0.04200464541162377,0.5475935828877005,108.2,102.4,0.8,1443.0,864.0,1303.8,205.4,1098.4,316.8,1626.2
amazon,hgb_graph_features,0.25,zero_exposure,stratified,8,0.031984789348225726,0.5437837837837838,104.2,100.6,1.0,1461.8,864.0,1325.0,198.4,1126.6,289.2,1653.8
amazon,hgb_graph_features,0.25,zero_exposure,stratified,9,0.02096161128167446,0.5419354838709678,103.2,100.8,1.0,1462.0,864.0,1322.0,218.8,1103.2,323.8,1619.2
amazon,hgb_graph_features,0.5,exposure_80,filtered_low,0,0.16869243487629496,0.8454054054054054,188.2,156.4,1.0,2942.4,864.0,2661.0,2257.6,403.4,1551.6,392.4
amazon,hgb_graph_features,0.5,exposure_80,filtered_low,1,0.11957973727678135,0.8174863387978142,170.6,149.6,1.0,2923.4,864.0,2653.2,2235.4,417.8,1560.8,383.2
amazon,hgb_graph_features,0.5,exposure_80,filtered_low,2,0.15686761250467862,0.8120218579234972,176.4,148.6,1.0,2898.0,864.0,2627.0,2217.0,410.0,1569.0,375.0
amazon,hgb_graph_features,0.5,exposure_80,filtered_low,3,0.12394158818875275,0.8494623655913978,180.4,158.0,1.0,2936.6,864.0,2648.0,2248.2,399.8,1549.6,394.4
amazon,hgb_graph_features,0.5,exposure_80,filtered_low,4,0.14137361239143897,0.7978260869565218,171.2,146.8,1.0,2938.6,864.0,2661.0,2255.0,406.0,1568.8,375.2
amazon,hgb_graph_features,0.5,exposure_80,filtered_low,5,0.14298873228221054,0.810752688172043,176.4,150.8,1.0,2944.0,864.0,2654.4,2249.4,405.0,1561.6,382.4
amazon,hgb_graph_features,0.5,exposure_80,filtered_low,6,0.11018745110799229,0.7925531914893618,167.6,149.0,1.0,2911.4,864.0,2632.4,2238.0,394.4,1558.0,386.0
amazon,hgb_graph_features,0.5,exposure_80,filtered_low,7,0.11123142563940236,0.8085561497326204,170.4,151.2,1.0,2890.0,864.0,2616.4,2218.6,397.8,1559.4,383.6
amazon,hgb_graph_features,0.5,exposure_80,filtered_low,8,0.14222971708844784,0.7967567567567568,172.2,147.4,1.0,2920.4,864.0,2637.6,2242.2,395.4,1547.4,395.6
amazon,hgb_graph_features,0.5,exposure_80,filtered_low,9,0.10089794951223177,0.8064516129032258,167.2,150.0,1.0,2923.0,864.0,2648.8,2258.0,390.8,1558.8,384.2
amazon,hgb_graph_features,0.5,exposure_80,full_random,0,0.11941176046787802,0.8151351351351351,171.4,150.8,1.0,2942.4,864.0,2661.0,2257.6,403.4,1551.6,392.4
amazon,hgb_graph_features,0.5,exposure_80,full_random,1,0.09781363496622204,0.8076502732240437,164.2,147.8,1.0,2923.4,864.0,2653.2,2235.4,417.8,1560.8,383.2
amazon,hgb_graph_features,0.5,exposure_80,full_random,2,0.12877781393256707,0.7956284153005464,167.2,145.6,1.0,2898.0,864.0,2627.0,2217.0,410.0,1569.0,375.0
amazon,hgb_graph_features,0.5,exposure_80,full_random,3,0.05319891149789202,0.8053763440860215,158.6,149.8,1.0,2936.6,864.0,2648.0,2248.2,399.8,1549.6,394.4
amazon,hgb_graph_features,0.5,exposure_80,full_random,4,0.07985776229961697,0.7597826086956522,152.0,139.8,1.0,2938.6,864.0,2661.0,2255.0,406.0,1568.8,375.2
amazon,hgb_graph_features,0.5,exposure_80,full_random,5,0.09165133294487629,0.7709677419354839,158.0,143.4,1.0,2944.0,864.0,2654.4,2249.4,405.0,1561.6,382.4
amazon,hgb_graph_features,0.5,exposure_80,full_random,6,0.07718209753973822,0.774468085106383,158.0,145.6,1.0,2911.4,864.0,2632.4,2238.0,394.4,1558.0,386.0
amazon,hgb_graph_features,0.5,exposure_80,full_random,7,0.08405089955146672,0.7914438502673796,161.8,148.0,1.0,2890.0,864.0,2616.4,2218.6,397.8,1559.4,383.6
amazon,hgb_graph_features,0.5,exposure_80,full_random,8,0.09697352736131284,0.7827027027027027,160.4,144.8,1.0,2920.4,864.0,2637.6,2242.2,395.4,1547.4,395.6
amazon,hgb_graph_features,0.5,exposure_80,full_random,9,0.07792666560866093,0.8021505376344086,162.2,149.2,1.0,2923.0,864.0,2648.8,2258.0,390.8,1558.8,384.2
amazon,hgb_graph_features,0.5,exposure_80,stratified,0,0.029510062881506732,0.6410810810810811,122.2,118.6,1.0,2942.4,864.0,2661.0,2257.6,403.4,1551.6,392.4
amazon,hgb_graph_features,0.5,exposure_80,stratified,1,0.06079597345467867,0.6469945355191257,126.2,118.4,1.0,2923.4,864.0,2653.2,2235.4,417.8,1560.8,383.2
amazon,hgb_graph_features,0.5,exposure_80,stratified,2,0.05225707545441891,0.6918032786885246,133.6,126.6,1.0,2898.0,864.0,2627.0,2217.0,410.0,1569.0,375.0
amazon,hgb_graph_features,0.5,exposure_80,stratified,3,0.03493116163089901,0.5451612903225806,105.6,101.4,1.0,2936.6,864.0,2648.0,2248.2,399.8,1549.6,394.4
amazon,hgb_graph_features,0.5,exposure_80,stratified,4,0.05077768491102859,0.5630434782608695,108.2,103.6,1.0,2938.6,864.0,2661.0,2255.0,406.0,1568.8,375.2
amazon,hgb_graph_features,0.5,exposure_80,stratified,5,0.0408438398854731,0.5817204301075269,112.8,108.2,1.0,2944.0,864.0,2654.4,2249.4,405.0,1561.6,382.4
amazon,hgb_graph_features,0.5,exposure_80,stratified,6,0.03270889053168492,0.6170212765957447,120.2,116.0,1.0,2911.4,864.0,2632.4,2238.0,394.4,1558.0,386.0
amazon,hgb_graph_features,0.5,exposure_80,stratified,7,0.053055034450069524,0.413903743315508,80.4,77.4,1.0,2890.0,864.0,2616.4,2218.6,397.8,1559.4,383.6
amazon,hgb_graph_features,0.5,exposure_80,stratified,8,0.023095092799259833,0.5362162162162163,101.6,99.2,1.0,2920.4,864.0,2637.6,2242.2,395.4,1547.4,395.6
amazon,hgb_graph_features,0.5,exposure_80,stratified,9,0.025742332731914445,0.556989247311828,106.6,103.6,1.0,2923.0,864.0,2648.8,2258.0,390.8,1558.8,384.2
amazon,hgb_graph_features,0.5,zero_exposure,filtered_low,0,0.18793056147491205,0.8454054054054054,198.6,156.4,1.0,2942.4,864.0,2661.0,231.8,2429.2,178.0,1766.0
amazon,hgb_graph_features,0.5,zero_exposure,filtered_low,1,0.06788359110924798,0.6557377049180328,131.4,120.0,1.0,2923.4,864.0,2653.2,239.6,2413.6,174.0,1770.0
amazon,hgb_graph_features,0.5,zero_exposure,filtered_low,2,0.1338876403210028,0.7770491803278688,166.4,142.2,1.0,2898.0,864.0,2627.0,235.0,2392.0,174.6,1769.4
amazon,hgb_graph_features,0.5,zero_exposure,filtered_low,3,0.13785916458699174,0.8397849462365592,182.6,156.2,1.0,2936.6,864.0,2648.0,228.2,2419.8,164.2,1779.8
amazon,hgb_graph_features,0.5,zero_exposure,filtered_low,4,0.09307265774624104,0.7423913043478261,152.0,136.6,1.0,2938.6,864.0,2661.0,237.4,2423.6,167.2,1776.8
amazon,hgb_graph_features,0.5,zero_exposure,filtered_low,5,0.09648873952484091,0.7376344086021506,155.8,137.2,1.0,2944.0,864.0,2654.4,230.6,2423.8,175.2,1768.8
amazon,hgb_graph_features,0.5,zero_exposure,filtered_low,6,0.05399220272086656,0.7457446808510638,148.4,140.2,1.0,2911.4,864.0,2632.4,261.2,2371.2,197.6,1746.4
amazon,hgb_graph_features,0.5,zero_exposure,filtered_low,7,0.05897361335781137,0.5946524064171123,120.6,111.2,0.8,2890.0,864.0,2616.4,243.8,2372.6,183.6,1759.4
amazon,hgb_graph_features,0.5,zero_exposure,filtered_low,8,0.25609528232772216,0.8594594594594595,214.8,159.0,1.0,2920.4,864.0,2637.6,222.0,2415.6,158.2,1784.8
amazon,hgb_graph_features,0.5,zero_exposure,filtered_low,9,0.0898934455935483,0.7666666666666666,157.4,142.6,1.0,2923.0,864.0,2648.8,260.0,2388.8,196.0,1747.0
amazon,hgb_graph_features,0.5,zero_exposure,full_random,0,0.11941176046787802,0.8151351351351351,171.4,150.8,1.0,2942.4,864.0,2661.0,231.8,2429.2,178.0,1766.0
amazon,hgb_graph_features,0.5,zero_exposure,full_random,1,0.09781363496622204,0.8076502732240437,164.2,147.8,1.0,2923.4,864.0,2653.2,239.6,2413.6,174.0,1770.0
amazon,hgb_graph_features,0.5,zero_exposure,full_random,2,0.12877781393256707,0.7956284153005464,167.2,145.6,1.0,2898.0,864.0,2627.0,235.0,2392.0,174.6,1769.4
amazon,hgb_graph_features,0.5,zero_exposure,full_random,3,0.05319891149789202,0.8053763440860215,158.6,149.8,1.0,2936.6,864.0,2648.0,228.2,2419.8,164.2,1779.8
amazon,hgb_graph_features,0.5,zero_exposure,full_random,4,0.07985776229961697,0.7597826086956522,152.0,139.8,1.0,2938.6,864.0,2661.0,237.4,2423.6,167.2,1776.8
amazon,hgb_graph_features,0.5,zero_exposure,full_random,5,0.09165133294487629,0.7709677419354839,158.0,143.4,1.0,2944.0,864.0,2654.4,230.6,2423.8,175.2,1768.8
amazon,hgb_graph_features,0.5,zero_exposure,full_random,6,0.07718209753973822,0.774468085106383,158.0,145.6,1.0,2911.4,864.0,2632.4,261.2,2371.2,197.6,1746.4
amazon,hgb_graph_features,0.5,zero_exposure,full_random,7,0.08405089955146672,0.7914438502673796,161.8,148.0,1.0,2890.0,864.0,2616.4,243.8,2372.6,183.6,1759.4
amazon,hgb_graph_features,0.5,zero_exposure,full_random,8,0.09697352736131284,0.7827027027027027,160.4,144.8,1.0,2920.4,864.0,2637.6,222.0,2415.6,158.2,1784.8
amazon,hgb_graph_features,0.5,zero_exposure,full_random,9,0.07792666560866093,0.8021505376344086,162.2,149.2,1.0,2923.0,864.0,2648.8,260.0,2388.8,196.0,1747.0
amazon,hgb_graph_features,0.5,zero_exposure,stratified,0,0.04019486078792754,0.6918918918918919,133.4,128.0,1.0,2942.4,864.0,2661.0,231.8,2429.2,178.0,1766.0
amazon,hgb_graph_features,0.5,zero_exposure,stratified,1,0.06560377942228046,0.7333333333333334,143.8,134.2,1.0,2923.4,864.0,2653.2,239.6,2413.6,174.0,1770.0
amazon,hgb_graph_features,0.5,zero_exposure,stratified,2,0.06314251648449687,0.6939890710382514,135.6,127.0,1.0,2898.0,864.0,2627.0,235.0,2392.0,174.6,1769.4
amazon,hgb_graph_features,0.5,zero_exposure,stratified,3,0.027588325652841784,0.6086021505376344,117.4,113.2,1.0,2936.6,864.0,2648.0,228.2,2419.8,164.2,1779.8
amazon,hgb_graph_features,0.5,zero_exposure,stratified,4,0.043206517609590094,0.682608695652174,131.4,125.6,1.0,2938.6,864.0,2661.0,237.4,2423.6,167.2,1776.8
amazon,hgb_graph_features,0.5,zero_exposure,stratified,5,0.050534396123212755,0.613978494623656,120.2,114.2,1.0,2944.0,864.0,2654.4,230.6,2423.8,175.2,1768.8
amazon,hgb_graph_features,0.5,zero_exposure,stratified,6,0.03620910788838819,0.6712765957446809,131.0,126.2,1.0,2911.4,864.0,2632.4,261.2,2371.2,197.6,1746.4
amazon,hgb_graph_features,0.5,zero_exposure,stratified,7,0.048840361645599205,0.6877005347593583,135.2,128.6,1.0,2890.0,864.0,2616.4,243.8,2372.6,183.6,1759.4
amazon,hgb_graph_features,0.5,zero_exposure,stratified,8,0.03977828738684882,0.6227027027027028,120.0,115.2,1.0,2920.4,864.0,2637.6,222.0,2415.6,158.2,1784.8
amazon,hgb_graph_features,0.5,zero_exposure,stratified,9,0.03177758891773287,0.6408602150537634,123.4,119.2,1.0,2923.0,864.0,2648.8,260.0,2388.8,196.0,1747.0
amazon,hgb_graph_features,1.0,exposure_80,filtered_low,0,0.16956856569142947,0.8464864864864865,188.6,156.6,1.0,5831.0,864.0,5276.0,4504.8,771.2,1551.8,392.2
amazon,hgb_graph_features,1.0,exposure_80,filtered_low,1,0.1306681340648659,0.8327868852459016,175.8,152.4,1.0,5831.0,864.0,5283.0,4497.8,785.2,1560.4,383.6
amazon,hgb_graph_features,1.0,exposure_80,filtered_low,2,0.17190044486301684,0.8163934426229508,180.6,149.4,1.0,5831.0,864.0,5282.0,4497.2,784.8,1566.2,377.8
amazon,hgb_graph_features,1.0,exposure_80,filtered_low,3,0.14059533443284217,0.8580645161290322,185.8,159.6,1.0,5831.0,864.0,5272.0,4514.2,757.8,1545.6,398.4
amazon,hgb_graph_features,1.0,exposure_80,filtered_low,4,0.14837168612952883,0.8032608695652174,173.8,147.8,1.0,5831.0,864.0,5281.0,4495.8,785.2,1570.2,373.8
amazon,hgb_graph_features,1.0,exposure_80,filtered_low,5,0.14490740764956497,0.8118279569892474,176.6,151.0,1.0,5831.0,864.0,5275.0,4498.6,776.4,1560.6,383.4
amazon,hgb_graph_features,1.0,exposure_80,filtered_low,6,0.10200361484101401,0.7936170212765957,166.2,149.2,1.0,5831.0,864.0,5268.0,4500.2,767.8,1556.4,387.6
amazon,hgb_graph_features,1.0,exposure_80,filtered_low,7,0.11640905739424276,0.8117647058823529,172.0,151.8,1.0,5832.0,864.0,5270.0,4501.8,768.2,1557.8,385.2
amazon,hgb_graph_features,1.0,exposure_80,filtered_low,8,0.1345630369034,0.7956756756756758,170.2,147.2,1.0,5832.0,864.0,5276.0,4514.0,762.0,1549.0,394.0
amazon,hgb_graph_features,1.0,exposure_80,filtered_low,9,0.13023659438454158,0.8086021505376344,173.0,150.4,1.0,5832.0,864.0,5272.0,4501.4,770.6,1554.2,388.8
amazon,hgb_graph_features,1.0,exposure_80,full_random,0,0.11718015243634912,0.8248648648648649,173.2,152.6,1.0,5831.0,864.0,5276.0,4504.8,771.2,1551.8,392.2
amazon,hgb_graph_features,1.0,exposure_80,full_random,1,0.0967665774904651,0.8076502732240437,164.0,147.8,1.0,5831.0,864.0,5283.0,4497.8,785.2,1560.4,383.6
amazon,hgb_graph_features,1.0,exposure_80,full_random,2,0.12355775815401307,0.7879781420765027,164.6,144.2,1.0,5831.0,864.0,5282.0,4497.2,784.8,1566.2,377.8
amazon,hgb_graph_features,1.0,exposure_80,full_random,3,0.06966243951029986,0.8236559139784946,164.8,153.2,1.0,5831.0,864.0,5272.0,4514.2,757.8,1545.6,398.4
amazon,hgb_graph_features,1.0,exposure_80,full_random,4,0.07724528702780645,0.7630434782608695,152.2,140.4,1.0,5831.0,864.0,5281.0,4495.8,785.2,1570.2,373.8
amazon,hgb_graph_features,1.0,exposure_80,full_random,5,0.08889213102479046,0.7709677419354838,157.6,143.4,1.0,5831.0,864.0,5275.0,4498.6,776.4,1560.6,383.4
amazon,hgb_graph_features,1.0,exposure_80,full_random,6,0.06427941738753178,0.7680851063829788,154.4,144.4,1.0,5831.0,864.0,5268.0,4500.2,767.8,1556.4,387.6
amazon,hgb_graph_features,1.0,exposure_80,full_random,7,0.08755013699821677,0.7925133689839572,162.6,148.2,1.0,5832.0,864.0,5270.0,4501.8,768.2,1557.8,385.2
amazon,hgb_graph_features,1.0,exposure_80,full_random,8,0.10496510084741413,0.7837837837837838,162.0,145.0,1.0,5832.0,864.0,5276.0,4514.0,762.0,1549.0,394.0
amazon,hgb_graph_features,1.0,exposure_80,full_random,9,0.08473721042801122,0.8053763440860215,164.0,149.8,1.0,5832.0,864.0,5272.0,4501.4,770.6,1554.2,388.8
amazon,hgb_graph_features,1.0,exposure_80,stratified,0,0.03915262471576285,0.6605405405405406,127.2,122.2,1.0,5831.0,864.0,5276.0,4504.8,771.2,1551.8,392.2
amazon,hgb_graph_features,1.0,exposure_80,stratified,1,0.044590364543780694,0.7333333333333333,140.6,134.2,1.0,5831.0,864.0,5283.0,4497.8,785.2,1560.4,383.6
amazon,hgb_graph_features,1.0,exposure_80,stratified,2,0.04216588396332237,0.687431693989071,131.4,125.8,1.0,5831.0,864.0,5282.0,4497.2,784.8,1566.2,377.8
amazon,hgb_graph_features,1.0,exposure_80,stratified,3,0.027311435523114352,0.621505376344086,119.4,115.6,1.0,5831.0,864.0,5272.0,4514.2,757.8,1545.6,398.4
amazon,hgb_graph_features,1.0,exposure_80,stratified,4,0.034878759137405,0.6630434782608695,126.6,122.0,1.0,5831.0,864.0,5281.0,4495.8,785.2,1570.2,373.8
amazon,hgb_graph_features,1.0,exposure_80,stratified,5,0.04118032901046504,0.5462365591397849,106.0,101.6,1.0,5831.0,864.0,5275.0,4498.6,776.4,1560.6,383.4
amazon,hgb_graph_features,1.0,exposure_80,stratified,6,0.025049134412171707,0.6372340425531915,122.8,119.8,1.0,5831.0,864.0,5268.0,4500.2,767.8,1556.4,387.6
amazon,hgb_graph_features,1.0,exposure_80,stratified,7,0.02843361064631163,0.6770053475935829,130.4,126.6,1.0,5832.0,864.0,5270.0,4501.8,768.2,1557.8,385.2
amazon,hgb_graph_features,1.0,exposure_80,stratified,8,0.03150091839412228,0.5556756756756757,106.2,102.8,1.0,5832.0,864.0,5276.0,4514.0,762.0,1549.0,394.0
amazon,hgb_graph_features,1.0,exposure_80,stratified,9,0.0254567756981936,0.6118279569892473,117.0,113.8,1.0,5832.0,864.0,5272.0,4501.4,770.6,1554.2,388.8
amazon,hgb_graph_features,1.0,zero_exposure,filtered_low,0,0.23487345025950676,0.8767567567567568,212.6,162.2,1.0,5831.0,864.0,5276.0,221.2,5054.8,82.8,1861.2
amazon,hgb_graph_features,1.0,zero_exposure,filtered_low,1,0.12665031472869231,0.7715846994535519,164.0,141.2,1.0,5831.0,864.0,5283.0,214.4,5068.6,74.4,1869.6
amazon,hgb_graph_features,1.0,zero_exposure,filtered_low,2,0.22056296397629183,0.8163934426229508,195.8,149.4,1.0,5831.0,864.0,5282.0,195.6,5086.4,79.2,1864.8
amazon,hgb_graph_features,1.0,zero_exposure,filtered_low,3,0.2599279454196729,0.8903225806451612,226.6,165.6,1.0,5831.0,864.0,5272.0,207.2,5064.8,75.8,1868.2
amazon,hgb_graph_features,1.0,zero_exposure,filtered_low,4,0.04726371773041303,0.7217391304347827,139.6,132.8,1.0,5831.0,864.0,5281.0,212.2,5068.8,70.6,1873.4
amazon,hgb_graph_features,1.0,zero_exposure,filtered_low,5,0.12266587115224088,0.6365591397849462,142.6,118.4,0.8,5831.0,864.0,5275.0,216.4,5058.6,82.6,1861.4
amazon,hgb_graph_features,1.0,zero_exposure,filtered_low,6,0.07657582657749035,0.7606382978723405,155.8,143.0,1.0,5831.0,864.0,5268.0,227.2,5040.8,79.4,1864.6
amazon,hgb_graph_features,1.0,zero_exposure,filtered_low,7,0.05650102620630273,0.7497326203208556,148.8,140.2,1.0,5832.0,864.0,5270.0,221.4,5048.6,75.0,1868.0
amazon,hgb_graph_features,1.0,zero_exposure,filtered_low,8,0.277094115601502,0.8767567567567568,224.8,162.2,1.0,5832.0,864.0,5276.0,220.4,5055.6,75.6,1867.4
amazon,hgb_graph_features,1.0,zero_exposure,filtered_low,9,0.13133841775146124,0.8118279569892473,174.2,151.0,1.0,5832.0,864.0,5272.0,218.4,5053.6,83.2,1859.8
amazon,hgb_graph_features,1.0,zero_exposure,full_random,0,0.11718015243634912,0.8248648648648649,173.2,152.6,1.0,5831.0,864.0,5276.0,221.2,5054.8,82.8,1861.2
amazon,hgb_graph_features,1.0,zero_exposure,full_random,1,0.0967665774904651,0.8076502732240437,164.0,147.8,1.0,5831.0,864.0,5283.0,214.4,5068.6,74.4,1869.6
amazon,hgb_graph_features,1.0,zero_exposure,full_random,2,0.12355775815401307,0.7879781420765027,164.6,144.2,1.0,5831.0,864.0,5282.0,195.6,5086.4,79.2,1864.8
amazon,hgb_graph_features,1.0,zero_exposure,full_random,3,0.06966243951029986,0.8236559139784946,164.8,153.2,1.0,5831.0,864.0,5272.0,207.2,5064.8,75.8,1868.2
amazon,hgb_graph_features,1.0,zero_exposure,full_random,4,0.07724528702780645,0.7630434782608695,152.2,140.4,1.0,5831.0,864.0,5281.0,212.2,5068.8,70.6,1873.4
amazon,hgb_graph_features,1.0,zero_exposure,full_random,5,0.08889213102479046,0.7709677419354838,157.6,143.4,1.0,5831.0,864.0,5275.0,216.4,5058.6,82.6,1861.4
amazon,hgb_graph_features,1.0,zero_exposure,full_random,6,0.06427941738753178,0.7680851063829788,154.4,144.4,1.0,5831.0,864.0,5268.0,227.2,5040.8,79.4,1864.6
amazon,hgb_graph_features,1.0,zero_exposure,full_random,7,0.08755013699821677,0.7925133689839572,162.6,148.2,1.0,5832.0,864.0,5270.0,221.4,5048.6,75.0,1868.0
amazon,hgb_graph_features,1.0,zero_exposure,full_random,8,0.10496510084741413,0.7837837837837838,162.0,145.0,1.0,5832.0,864.0,5276.0,220.4,5055.6,75.6,1867.4
amazon,hgb_graph_features,1.0,zero_exposure,full_random,9,0.08473721042801122,0.8053763440860215,164.0,149.8,1.0,5832.0,864.0,5272.0,218.4,5053.6,83.2,1859.8
amazon,hgb_graph_features,1.0,zero_exposure,stratified,0,0.04167925052811222,0.7232432432432432,139.6,133.8,1.0,5831.0,864.0,5276.0,221.2,5054.8,82.8,1861.2
amazon,hgb_graph_features,1.0,zero_exposure,stratified,1,0.055601505271422755,0.7431693989071039,144.2,136.0,1.0,5831.0,864.0,5283.0,214.4,5068.6,74.4,1869.6
amazon,hgb_graph_features,1.0,zero_exposure,stratified,2,0.054939989420042835,0.7038251366120218,136.4,128.8,1.0,5831.0,864.0,5282.0,195.6,5086.4,79.2,1864.8
amazon,hgb_graph_features,1.0,zero_exposure,stratified,3,0.03484740227327828,0.6763440860215054,131.0,125.8,1.0,5831.0,864.0,5272.0,207.2,5064.8,75.8,1868.2
amazon,hgb_graph_features,1.0,zero_exposure,stratified,4,0.043075321147038395,0.7206521739130435,138.6,132.6,1.0,5831.0,864.0,5281.0,212.2,5068.8,70.6,1873.4
amazon,hgb_graph_features,1.0,zero_exposure,stratified,5,0.05776823789271447,0.6634408602150538,131.2,123.4,1.0,5831.0,864.0,5275.0,216.4,5058.6,82.6,1861.4
amazon,hgb_graph_features,1.0,zero_exposure,stratified,6,0.03491294684419053,0.676595744680851,131.8,127.2,1.0,5831.0,864.0,5268.0,227.2,5040.8,79.4,1864.6
amazon,hgb_graph_features,1.0,zero_exposure,stratified,7,0.05946828969438722,0.7315508021390376,145.4,136.8,1.0,5832.0,864.0,5270.0,221.4,5048.6,75.0,1868.0
amazon,hgb_graph_features,1.0,zero_exposure,stratified,8,0.04312682976282318,0.6410810810810811,124.2,118.6,1.0,5832.0,864.0,5276.0,220.4,5055.6,75.6,1867.4
amazon,hgb_graph_features,1.0,zero_exposure,stratified,9,0.03822396847270741,0.6903225806451613,133.8,128.4,1.0,5832.0,864.0,5272.0,218.4,5053.6,83.2,1859.8
tolokers,hgb_attributes,0.25,exposure_80,filtered_low,0,0.0,0.0,0.0,0.0,0.0,1963.0,1176.0,1526.0,1252.2,273.8,2115.6,529.4
tolokers,hgb_attributes,0.25,exposure_80,filtered_low,1,0.0,0.0,0.0,0.0,0.0,2007.0,1176.0,1557.0,1289.2,267.8,2114.4,531.6
tolokers,hgb_attributes,0.25,exposure_80,filtered_low,2,0.0,0.0,0.0,0.0,0.0,1986.4,1176.0,1546.0,1266.0,280.0,2112.2,532.8
tolokers,hgb_attributes,0.25,exposure_80,filtered_low,3,0.0,0.0,0.0,0.0,0.0,1941.8,1176.0,1515.2,1249.6,265.6,2121.6,524.4
tolokers,hgb_attributes,0.25,exposure_80,filtered_low,4,0.0,0.0,0.0,0.0,0.0,2008.4,1176.0,1567.4,1300.6,266.8,2129.4,516.6
tolokers,hgb_attributes,0.25,exposure_80,filtered_low,5,0.0,0.0,0.0,0.0,0.0,1981.0,1176.0,1542.2,1265.2,277.0,2125.0,521.0
tolokers,hgb_attributes,0.25,exposure_80,filtered_low,6,0.0,0.0,0.0,0.0,0.0,1999.6,1176.0,1562.6,1284.4,278.2,2118.8,526.2
tolokers,hgb_attributes,0.25,exposure_80,filtered_low,7,0.0,0.0,0.0,0.0,0.0,2007.6,1176.0,1563.0,1294.8,268.2,2102.0,543.0
tolokers,hgb_attributes,0.25,exposure_80,filtered_low,8,0.0,0.0,0.0,0.0,0.0,1989.0,1176.0,1550.4,1274.6,275.8,2111.6,533.4
tolokers,hgb_attributes,0.25,exposure_80,filtered_low,9,0.0,0.0,0.0,0.0,0.0,1986.6,1176.0,1567.0,1289.0,278.0,2100.6,544.4
tolokers,hgb_attributes,0.25,exposure_80,full_random,0,0.0,0.0,0.0,0.0,0.0,1963.0,1176.0,1526.0,1252.2,273.8,2115.6,529.4
tolokers,hgb_attributes,0.25,exposure_80,full_random,1,0.0,0.0,0.0,0.0,0.0,2007.0,1176.0,1557.0,1289.2,267.8,2114.4,531.6
tolokers,hgb_attributes,0.25,exposure_80,full_random,2,0.0,0.0,0.0,0.0,0.0,1986.4,1176.0,1546.0,1266.0,280.0,2112.2,532.8
tolokers,hgb_attributes,0.25,exposure_80,full_random,3,0.0,0.0,0.0,0.0,0.0,1941.8,1176.0,1515.2,1249.6,265.6,2121.6,524.4
tolokers,hgb_attributes,0.25,exposure_80,full_random,4,0.0,0.0,0.0,0.0,0.0,2008.4,1176.0,1567.4,1300.6,266.8,2129.4,516.6
tolokers,hgb_attributes,0.25,exposure_80,full_random,5,0.0,0.0,0.0,0.0,0.0,1981.0,1176.0,1542.2,1265.2,277.0,2125.0,521.0
tolokers,hgb_attributes,0.25,exposure_80,full_random,6,0.0,0.0,0.0,0.0,0.0,1999.6,1176.0,1562.6,1284.4,278.2,2118.8,526.2
tolokers,hgb_attributes,0.25,exposure_80,full_random,7,0.0,0.0,0.0,0.0,0.0,2007.6,1176.0,1563.0,1294.8,268.2,2102.0,543.0
tolokers,hgb_attributes,0.25,exposure_80,full_random,8,0.09411764705882353,0.0031088082901554403,3.4,1.8,0.2,1989.0,1176.0,1550.4,1274.6,275.8,2111.6,533.4
tolokers,hgb_attributes,0.25,exposure_80,full_random,9,0.0,0.0,0.0,0.0,0.0,1986.6,1176.0,1567.0,1289.0,278.0,2100.6,544.4
tolokers,hgb_attributes,0.25,exposure_80,stratified,0,0.0,0.0,0.0,0.0,0.0,1963.0,1176.0,1526.0,1252.2,273.8,2115.6,529.4
tolokers,hgb_attributes,0.25,exposure_80,stratified,1,0.0,0.0,0.0,0.0,0.0,2007.0,1176.0,1557.0,1289.2,267.8,2114.4,531.6
tolokers,hgb_attributes,0.25,exposure_80,stratified,2,0.0,0.0,0.0,0.0,0.0,1986.4,1176.0,1546.0,1266.0,280.0,2112.2,532.8
tolokers,hgb_attributes,0.25,exposure_80,stratified,3,0.0,0.0,0.0,0.0,0.0,1941.8,1176.0,1515.2,1249.6,265.6,2121.6,524.4
tolokers,hgb_attributes,0.25,exposure_80,stratified,4,0.0,0.0,0.0,0.0,0.0,2008.4,1176.0,1567.4,1300.6,266.8,2129.4,516.6
tolokers,hgb_attributes,0.25,exposure_80,stratified,5,0.0,0.0,0.0,0.0,0.0,1981.0,1176.0,1542.2,1265.2,277.0,2125.0,521.0
tolokers,hgb_attributes,0.25,exposure_80,stratified,6,0.0,0.0,0.0,0.0,0.0,1999.6,1176.0,1562.6,1284.4,278.2,2118.8,526.2
tolokers,hgb_attributes,0.25,exposure_80,stratified,7,0.0,0.0,0.0,0.0,0.0,2007.6,1176.0,1563.0,1294.8,268.2,2102.0,543.0
tolokers,hgb_attributes,0.25,exposure_80,stratified,8,0.0,0.0,0.0,0.0,0.0,1989.0,1176.0,1550.4,1274.6,275.8,2111.6,533.4
tolokers,hgb_attributes,0.25,exposure_80,stratified,9,0.0,0.0,0.0,0.0,0.0,1986.6,1176.0,1567.0,1289.0,278.0,2100.6,544.4
tolokers,hgb_attributes,0.25,zero_exposure,filtered_low,0,0.0,0.0,0.0,0.0,0.0,1963.0,1176.0,1526.0,432.4,1093.6,668.8,1976.2
tolokers,hgb_attributes,0.25,zero_exposure,filtered_low,1,0.15789473684210525,0.005526770293609672,15.2,3.2,0.2,2007.0,1176.0,1557.0,443.4,1113.6,659.4,1986.6
tolokers,hgb_attributes,0.25,zero_exposure,filtered_low,2,0.0,0.0,0.0,0.0,0.0,1986.4,1176.0,1546.0,422.2,1123.8,666.0,1979.0
tolokers,hgb_attributes,0.25,zero_exposure,filtered_low,3,0.0,0.0,0.0,0.0,0.0,1941.8,1176.0,1515.2,425.8,1089.4,666.8,1979.2
tolokers,hgb_attributes,0.25,zero_exposure,filtered_low,4,0.0,0.0,0.0,0.0,0.0,2008.4,1176.0,1567.4,460.6,1106.8,684.0,1962.0
tolokers,hgb_attributes,0.25,zero_exposure,filtered_low,5,0.0,0.0,0.0,0.0,0.0,1981.0,1176.0,1542.2,434.8,1107.4,668.2,1977.8
tolokers,hgb_attributes,0.25,zero_exposure,filtered_low,6,0.0,0.0,0.0,0.0,0.0,1999.6,1176.0,1562.6,453.2,1109.4,696.4,1948.6
tolokers,hgb_attributes,0.25,zero_exposure,filtered_low,7,0.0,0.0,0.0,0.0,0.0,2007.6,1176.0,1563.0,462.4,1100.6,672.0,1973.0
tolokers,hgb_attributes,0.25,zero_exposure,filtered_low,8,0.12083333333333332,0.013126079447322973,19.2,7.6,0.2,1989.0,1176.0,1550.4,441.0,1109.4,681.0,1964.0
tolokers,hgb_attributes,0.25,zero_exposure,filtered_low,9,0.0,0.0,0.0,0.0,0.0,1986.6,1176.0,1567.0,451.8,1115.2,679.0,1966.0
tolokers,hgb_attributes,0.25,zero_exposure,full_random,0,0.0,0.0,0.0,0.0,0.0,1963.0,1176.0,1526.0,432.4,1093.6,668.8,1976.2
tolokers,hgb_attributes,0.25,zero_exposure,full_random,1,0.0,0.0,0.0,0.0,0.0,2007.0,1176.0,1557.0,443.4,1113.6,659.4,1986.6
tolokers,hgb_attributes,0.25,zero_exposure,full_random,2,0.0,0.0,0.0,0.0,0.0,1986.4,1176.0,1546.0,422.2,1123.8,666.0,1979.0
tolokers,hgb_attributes,0.25,zero_exposure,full_random,3,0.0,0.0,0.0,0.0,0.0,1941.8,1176.0,1515.2,425.8,1089.4,666.8,1979.2
tolokers,hgb_attributes,0.25,zero_exposure,full_random,4,0.0,0.0,0.0,0.0,0.0,2008.4,1176.0,1567.4,460.6,1106.8,684.0,1962.0
tolokers,hgb_attributes,0.25,zero_exposure,full_random,5,0.0,0.0,0.0,0.0,0.0,1981.0,1176.0,1542.2,434.8,1107.4,668.2,1977.8
tolokers,hgb_attributes,0.25,zero_exposure,full_random,6,0.0,0.0,0.0,0.0,0.0,1999.6,1176.0,1562.6,453.2,1109.4,696.4,1948.6
tolokers,hgb_attributes,0.25,zero_exposure,full_random,7,0.0,0.0,0.0,0.0,0.0,2007.6,1176.0,1563.0,462.4,1100.6,672.0,1973.0
tolokers,hgb_attributes,0.25,zero_exposure,full_random,8,0.09411764705882353,0.0031088082901554403,3.4,1.8,0.2,1989.0,1176.0,1550.4,441.0,1109.4,681.0,1964.0
tolokers,hgb_attributes,0.25,zero_exposure,full_random,9,0.0,0.0,0.0,0.0,0.0,1986.6,1176.0,1567.0,451.8,1115.2,679.0,1966.0
tolokers,hgb_attributes,0.25,zero_exposure,stratified,0,0.0,0.0,0.0,0.0,0.0,1963.0,1176.0,1526.0,432.4,1093.6,668.8,1976.2
tolokers,hgb_attributes,0.25,zero_exposure,stratified,1,0.0,0.0,0.0,0.0,0.0,2007.0,1176.0,1557.0,443.4,1113.6,659.4,1986.6
tolokers,hgb_attributes,0.25,zero_exposure,stratified,2,0.0,0.0,0.0,0.0,0.0,1986.4,1176.0,1546.0,422.2,1123.8,666.0,1979.0
tolokers,hgb_attributes,0.25,zero_exposure,stratified,3,0.0,0.0,0.0,0.0,0.0,1941.8,1176.0,1515.2,425.8,1089.4,666.8,1979.2
tolokers,hgb_attributes,0.25,zero_exposure,stratified,4,0.0,0.0,0.0,0.0,0.0,2008.4,1176.0,1567.4,460.6,1106.8,684.0,1962.0
tolokers,hgb_attributes,0.25,zero_exposure,stratified,5,0.0,0.0,0.0,0.0,0.0,1981.0,1176.0,1542.2,434.8,1107.4,668.2,1977.8
tolokers,hgb_attributes,0.25,zero_exposure,stratified,6,0.0,0.0,0.0,0.0,0.0,1999.6,1176.0,1562.6,453.2,1109.4,696.4,1948.6
tolokers,hgb_attributes,0.25,zero_exposure,stratified,7,0.0,0.0,0.0,0.0,0.0,2007.6,1176.0,1563.0,462.4,1100.6,672.0,1973.0
tolokers,hgb_attributes,0.25,zero_exposure,stratified,8,0.0,0.0,0.0,0.0,0.0,1989.0,1176.0,1550.4,441.0,1109.4,681.0,1964.0
tolokers,hgb_attributes,0.25,zero_exposure,stratified,9,0.0,0.0,0.0,0.0,0.0,1986.6,1176.0,1567.0,451.8,1115.2,679.0,1966.0
tolokers,hgb_attributes,0.5,exposure_80,filtered_low,0,0.0,0.0,0.0,0.0,0.0,3972.2,1176.0,3096.8,2558.2,538.6,2111.4,533.6
tolokers,hgb_attributes,0.5,exposure_80,filtered_low,1,0.0,0.0,0.0,0.0,0.0,3987.6,1176.0,3108.2,2575.8,532.4,2116.0,530.0
tolokers,hgb_attributes,0.5,exposure_80,filtered_low,2,0.0,0.0,0.0,0.0,0.0,3974.0,1176.0,3105.8,2571.6,534.2,2118.6,526.4
tolokers,hgb_attributes,0.5,exposure_80,filtered_low,3,0.0,0.0,0.0,0.0,0.0,3935.4,1176.0,3064.6,2543.6,521.0,2117.4,528.6
tolokers,hgb_attributes,0.5,exposure_80,filtered_low,4,0.0,0.0,0.0,0.0,0.0,4018.6,1176.0,3139.8,2587.0,552.8,2124.8,521.2
tolokers,hgb_attributes,0.5,exposure_80,filtered_low,5,0.0,0.0,0.0,0.0,0.0,3966.4,1176.0,3102.4,2555.8,546.6,2110.8,535.2
tolokers,hgb_attributes,0.5,exposure_80,filtered_low,6,0.0,0.0,0.0,0.0,0.0,4011.8,1176.0,3146.4,2592.8,553.6,2126.6,518.4
tolokers,hgb_attributes,0.5,exposure_80,filtered_low,7,0.0,0.0,0.0,0.0,0.0,3966.6,1176.0,3104.4,2570.0,534.4,2102.6,542.4
tolokers,hgb_attributes,0.5,exposure_80,filtered_low,8,0.0,0.0,0.0,0.0,0.0,3954.6,1176.0,3086.2,2553.0,533.2,2120.2,524.8
tolokers,hgb_attributes,0.5,exposure_80,filtered_low,9,0.0,0.0,0.0,0.0,0.0,3996.2,1176.0,3132.6,2597.8,534.8,2103.2,541.8
tolokers,hgb_attributes,0.5,exposure_80,full_random,0,0.0,0.0,0.0,0.0,0.0,3972.2,1176.0,3096.8,2558.2,538.6,2111.4,533.6
tolokers,hgb_attributes,0.5,exposure_80,full_random,1,0.0,0.0,0.0,0.0,0.0,3987.6,1176.0,3108.2,2575.8,532.4,2116.0,530.0
tolokers,hgb_attributes,0.5,exposure_80,full_random,2,0.0,0.0,0.0,0.0,0.0,3974.0,1176.0,3105.8,2571.6,534.2,2118.6,526.4
tolokers,hgb_attributes,0.5,exposure_80,full_random,3,0.0,0.0,0.0,0.0,0.0,3935.4,1176.0,3064.6,2543.6,521.0,2117.4,528.6
tolokers,hgb_attributes,0.5,exposure_80,full_random,4,0.0,0.0,0.0,0.0,0.0,4018.6,1176.0,3139.8,2587.0,552.8,2124.8,521.2
tolokers,hgb_attributes,0.5,exposure_80,full_random,5,0.0,0.0,0.0,0.0,0.0,3966.4,1176.0,3102.4,2555.8,546.6,2110.8,535.2
tolokers,hgb_attributes,0.5,exposure_80,full_random,6,0.0,0.0,0.0,0.0,0.0,4011.8,1176.0,3146.4,2592.8,553.6,2126.6,518.4
tolokers,hgb_attributes,0.5,exposure_80,full_random,7,0.0,0.0,0.0,0.0,0.0,3966.6,1176.0,3104.4,2570.0,534.4,2102.6,542.4
tolokers,hgb_attributes,0.5,exposure_80,full_random,8,0.0,0.0,0.0,0.0,0.0,3954.6,1176.0,3086.2,2553.0,533.2,2120.2,524.8
tolokers,hgb_attributes,0.5,exposure_80,full_random,9,0.0,0.0,0.0,0.0,0.0,3996.2,1176.0,3132.6,2597.8,534.8,2103.2,541.8
tolokers,hgb_attributes,0.5,exposure_80,stratified,0,0.0,0.0,0.0,0.0,0.0,3972.2,1176.0,3096.8,2558.2,538.6,2111.4,533.6
tolokers,hgb_attributes,0.5,exposure_80,stratified,1,0.0,0.0,0.0,0.0,0.0,3987.6,1176.0,3108.2,2575.8,532.4,2116.0,530.0
tolokers,hgb_attributes,0.5,exposure_80,stratified,2,0.0,0.0,0.0,0.0,0.0,3974.0,1176.0,3105.8,2571.6,534.2,2118.6,526.4
tolokers,hgb_attributes,0.5,exposure_80,stratified,3,0.0,0.0,0.0,0.0,0.0,3935.4,1176.0,3064.6,2543.6,521.0,2117.4,528.6
tolokers,hgb_attributes,0.5,exposure_80,stratified,4,0.0,0.0,0.0,0.0,0.0,4018.6,1176.0,3139.8,2587.0,552.8,2124.8,521.2
tolokers,hgb_attributes,0.5,exposure_80,stratified,5,0.0,0.0,0.0,0.0,0.0,3966.4,1176.0,3102.4,2555.8,546.6,2110.8,535.2
tolokers,hgb_attributes,0.5,exposure_80,stratified,6,0.0,0.0,0.0,0.0,0.0,4011.8,1176.0,3146.4,2592.8,553.6,2126.6,518.4
tolokers,hgb_attributes,0.5,exposure_80,stratified,7,0.0,0.0,0.0,0.0,0.0,3966.6,1176.0,3104.4,2570.0,534.4,2102.6,542.4
tolokers,hgb_attributes,0.5,exposure_80,stratified,8,0.0,0.0,0.0,0.0,0.0,3954.6,1176.0,3086.2,2553.0,533.2,2120.2,524.8
tolokers,hgb_attributes,0.5,exposure_80,stratified,9,0.0,0.0,0.0,0.0,0.0,3996.2,1176.0,3132.6,2597.8,534.8,2103.2,541.8
tolokers,hgb_attributes,0.5,zero_exposure,filtered_low,0,0.0,0.0,0.0,0.0,0.0,3972.2,1176.0,3096.8,613.8,2483.0,464.2,2180.8
tolokers,hgb_attributes,0.5,zero_exposure,filtered_low,1,0.2902303176275779,0.015889464594127805,32.8,9.2,0.4,3987.6,1176.0,3108.2,642.2,2466.0,474.8,2171.2
tolokers,hgb_attributes,0.5,zero_exposure,filtered_low,2,0.0,0.0,0.0,0.0,0.0,3974.0,1176.0,3105.8,631.8,2474.0,474.4,2170.6
tolokers,hgb_attributes,0.5,zero_exposure,filtered_low,3,0.1325,0.009310344827586208,16.0,5.4,0.2,3935.4,1176.0,3064.6,604.0,2460.6,445.2,2200.8
tolokers,hgb_attributes,0.5,zero_exposure,filtered_low,4,0.0,0.0,0.0,0.0,0.0,4018.6,1176.0,3139.8,662.8,2477.0,477.8,2168.2
tolokers,hgb_attributes,0.5,zero_exposure,filtered_low,5,0.0,0.0,0.0,0.0,0.0,3966.4,1176.0,3102.4,640.4,2462.0,483.6,2162.4
tolokers,hgb_attributes,0.5,zero_exposure,filtered_low,6,0.15,0.004506065857885615,10.4,2.6,0.2,4011.8,1176.0,3146.4,654.4,2492.0,489.8,2155.2
tolokers,hgb_attributes,0.5,zero_exposure,filtered_low,7,0.0,0.0,0.0,0.0,0.0,3966.6,1176.0,3104.4,670.4,2434.0,486.6,2158.4
tolokers,hgb_attributes,0.5,zero_exposure,filtered_low,8,0.0,0.0,0.0,0.0,0.0,3954.6,1176.0,3086.2,630.6,2455.6,481.2,2163.8
tolokers,hgb_attributes,0.5,zero_exposure,filtered_low,9,0.0,0.0,0.0,0.0,0.0,3996.2,1176.0,3132.6,651.2,2481.4,471.2,2173.8
tolokers,hgb_attributes,0.5,zero_exposure,full_random,0,0.0,0.0,0.0,0.0,0.0,3972.2,1176.0,3096.8,613.8,2483.0,464.2,2180.8
tolokers,hgb_attributes,0.5,zero_exposure,full_random,1,0.0,0.0,0.0,0.0,0.0,3987.6,1176.0,3108.2,642.2,2466.0,474.8,2171.2
tolokers,hgb_attributes,0.5,zero_exposure,full_random,2,0.0,0.0,0.0,0.0,0.0,3974.0,1176.0,3105.8,631.8,2474.0,474.4,2170.6
tolokers,hgb_attributes,0.5,zero_exposure,full_random,3,0.0,0.0,0.0,0.0,0.0,3935.4,1176.0,3064.6,604.0,2460.6,445.2,2200.8
tolokers,hgb_attributes,0.5,zero_exposure,full_random,4,0.0,0.0,0.0,0.0,0.0,4018.6,1176.0,3139.8,662.8,2477.0,477.8,2168.2
tolokers,hgb_attributes,0.5,zero_exposure,full_random,5,0.0,0.0,0.0,0.0,0.0,3966.4,1176.0,3102.4,640.4,2462.0,483.6,2162.4
tolokers,hgb_attributes,0.5,zero_exposure,full_random,6,0.0,0.0,0.0,0.0,0.0,4011.8,1176.0,3146.4,654.4,2492.0,489.8,2155.2
tolokers,hgb_attributes,0.5,zero_exposure,full_random,7,0.0,0.0,0.0,0.0,0.0,3966.6,1176.0,3104.4,670.4,2434.0,486.6,2158.4
tolokers,hgb_attributes,0.5,zero_exposure,full_random,8,0.0,0.0,0.0,0.0,0.0,3954.6,1176.0,3086.2,630.6,2455.6,481.2,2163.8
tolokers,hgb_attributes,0.5,zero_exposure,full_random,9,0.0,0.0,0.0,0.0,0.0,3996.2,1176.0,3132.6,651.2,2481.4,471.2,2173.8
tolokers,hgb_attributes,0.5,zero_exposure,stratified,0,0.0,0.0,0.0,0.0,0.0,3972.2,1176.0,3096.8,613.8,2483.0,464.2,2180.8
tolokers,hgb_attributes,0.5,zero_exposure,stratified,1,0.0,0.0,0.0,0.0,0.0,3987.6,1176.0,3108.2,642.2,2466.0,474.8,2171.2
tolokers,hgb_attributes,0.5,zero_exposure,stratified,2,0.0,0.0,0.0,0.0,0.0,3974.0,1176.0,3105.8,631.8,2474.0,474.4,2170.6
tolokers,hgb_attributes,0.5,zero_exposure,stratified,3,0.0,0.0,0.0,0.0,0.0,3935.4,1176.0,3064.6,604.0,2460.6,445.2,2200.8
tolokers,hgb_attributes,0.5,zero_exposure,stratified,4,0.0,0.0,0.0,0.0,0.0,4018.6,1176.0,3139.8,662.8,2477.0,477.8,2168.2
tolokers,hgb_attributes,0.5,zero_exposure,stratified,5,0.0,0.0,0.0,0.0,0.0,3966.4,1176.0,3102.4,640.4,2462.0,483.6,2162.4
tolokers,hgb_attributes,0.5,zero_exposure,stratified,6,0.0,0.0,0.0,0.0,0.0,4011.8,1176.0,3146.4,654.4,2492.0,489.8,2155.2
tolokers,hgb_attributes,0.5,zero_exposure,stratified,7,0.0,0.0,0.0,0.0,0.0,3966.6,1176.0,3104.4,670.4,2434.0,486.6,2158.4
tolokers,hgb_attributes,0.5,zero_exposure,stratified,8,0.0,0.0,0.0,0.0,0.0,3954.6,1176.0,3086.2,630.6,2455.6,481.2,2163.8
tolokers,hgb_attributes,0.5,zero_exposure,stratified,9,0.0,0.0,0.0,0.0,0.0,3996.2,1176.0,3132.6,651.2,2481.4,471.2,2173.8
tolokers,hgb_attributes,1.0,exposure_80,filtered_low,0,0.0,0.0,0.0,0.0,0.0,7937.0,1176.0,6208.0,5177.0,1031.0,2111.8,533.2
tolokers,hgb_attributes,1.0,exposure_80,filtered_low,1,0.0,0.0,0.0,0.0,0.0,7936.0,1176.0,6200.0,5166.0,1034.0,2117.4,528.6
tolokers,hgb_attributes,1.0,exposure_80,filtered_low,2,0.0,0.0,0.0,0.0,0.0,7937.0,1176.0,6205.0,5173.0,1032.0,2120.0,525.0
tolokers,hgb_attributes,1.0,exposure_80,filtered_low,3,0.0,0.0,0.0,0.0,0.0,7936.0,1176.0,6196.0,5177.6,1018.4,2112.8,533.2
tolokers,hgb_attributes,1.0,exposure_80,filtered_low,4,0.0,0.0,0.0,0.0,0.0,7936.0,1176.0,6198.0,5157.6,1040.4,2125.2,520.8
tolokers,hgb_attributes,1.0,exposure_80,filtered_low,5,0.0,0.0,0.0,0.0,0.0,7936.0,1176.0,6192.0,5165.6,1026.4,2116.0,530.0
tolokers,hgb_attributes,1.0,exposure_80,filtered_low,6,0.0,0.0,0.0,0.0,0.0,7937.0,1176.0,6206.0,5166.8,1039.2,2124.6,520.4
tolokers,hgb_attributes,1.0,exposure_80,filtered_low,7,0.0,0.0,0.0,0.0,0.0,7937.0,1176.0,6208.0,5180.2,1027.8,2109.2,535.8
tolokers,hgb_attributes,1.0,exposure_80,filtered_low,8,0.0,0.0,0.0,0.0,0.0,7937.0,1176.0,6200.0,5168.4,1031.6,2113.6,531.4
tolokers,hgb_attributes,1.0,exposure_80,filtered_low,9,0.0,0.0,0.0,0.0,0.0,7937.0,1176.0,6224.0,5187.2,1036.8,2108.0,537.0
tolokers,hgb_attributes,1.0,exposure_80,full_random,0,0.0,0.0,0.0,0.0,0.0,7937.0,1176.0,6208.0,5177.0,1031.0,2111.8,533.2
tolokers,hgb_attributes,1.0,exposure_80,full_random,1,0.0,0.0,0.0,0.0,0.0,7936.0,1176.0,6200.0,5166.0,1034.0,2117.4,528.6
tolokers,hgb_attributes,1.0,exposure_80,full_random,2,0.0,0.0,0.0,0.0,0.0,7937.0,1176.0,6205.0,5173.0,1032.0,2120.0,525.0
tolokers,hgb_attributes,1.0,exposure_80,full_random,3,0.0,0.0,0.0,0.0,0.0,7936.0,1176.0,6196.0,5177.6,1018.4,2112.8,533.2
tolokers,hgb_attributes,1.0,exposure_80,full_random,4,0.0,0.0,0.0,0.0,0.0,7936.0,1176.0,6198.0,5157.6,1040.4,2125.2,520.8
tolokers,hgb_attributes,1.0,exposure_80,full_random,5,0.0,0.0,0.0,0.0,0.0,7936.0,1176.0,6192.0,5165.6,1026.4,2116.0,530.0
tolokers,hgb_attributes,1.0,exposure_80,full_random,6,0.0,0.0,0.0,0.0,0.0,7937.0,1176.0,6206.0,5166.8,1039.2,2124.6,520.4
tolokers,hgb_attributes,1.0,exposure_80,full_random,7,0.0,0.0,0.0,0.0,0.0,7937.0,1176.0,6208.0,5180.2,1027.8,2109.2,535.8
tolokers,hgb_attributes,1.0,exposure_80,full_random,8,0.0,0.0,0.0,0.0,0.0,7937.0,1176.0,6200.0,5168.4,1031.6,2113.6,531.4
tolokers,hgb_attributes,1.0,exposure_80,full_random,9,0.0,0.0,0.0,0.0,0.0,7937.0,1176.0,6224.0,5187.2,1036.8,2108.0,537.0
tolokers,hgb_attributes,1.0,exposure_80,stratified,0,0.0,0.0,0.0,0.0,0.0,7937.0,1176.0,6208.0,5177.0,1031.0,2111.8,533.2
tolokers,hgb_attributes,1.0,exposure_80,stratified,1,0.0,0.0,0.0,0.0,0.0,7936.0,1176.0,6200.0,5166.0,1034.0,2117.4,528.6
tolokers,hgb_attributes,1.0,exposure_80,stratified,2,0.0,0.0,0.0,0.0,0.0,7937.0,1176.0,6205.0,5173.0,1032.0,2120.0,525.0
tolokers,hgb_attributes,1.0,exposure_80,stratified,3,0.0,0.0,0.0,0.0,0.0,7936.0,1176.0,6196.0,5177.6,1018.4,2112.8,533.2
tolokers,hgb_attributes,1.0,exposure_80,stratified,4,0.0,0.0,0.0,0.0,0.0,7936.0,1176.0,6198.0,5157.6,1040.4,2125.2,520.8
tolokers,hgb_attributes,1.0,exposure_80,stratified,5,0.0,0.0,0.0,0.0,0.0,7936.0,1176.0,6192.0,5165.6,1026.4,2116.0,530.0
tolokers,hgb_attributes,1.0,exposure_80,stratified,6,0.0,0.0,0.0,0.0,0.0,7937.0,1176.0,6206.0,5166.8,1039.2,2124.6,520.4
tolokers,hgb_attributes,1.0,exposure_80,stratified,7,0.0,0.0,0.0,0.0,0.0,7937.0,1176.0,6208.0,5180.2,1027.8,2109.2,535.8
tolokers,hgb_attributes,1.0,exposure_80,stratified,8,0.0,0.0,0.0,0.0,0.0,7937.0,1176.0,6200.0,5168.4,1031.6,2113.6,531.4
tolokers,hgb_attributes,1.0,exposure_80,stratified,9,0.0,0.0,0.0,0.0,0.0,7937.0,1176.0,6224.0,5187.2,1036.8,2108.0,537.0
tolokers,hgb_attributes,1.0,zero_exposure,filtered_low,0,0.12195121951219512,0.005555555555555555,8.2,3.2,0.2,7937.0,1176.0,6208.0,752.0,5456.0,271.8,2373.2
tolokers,hgb_attributes,1.0,zero_exposure,filtered_low,1,0.15616438356164383,0.005526770293609672,14.6,3.2,0.2,7936.0,1176.0,6200.0,746.8,5453.2,278.0,2368.0
tolokers,hgb_attributes,1.0,zero_exposure,filtered_low,2,0.0,0.0,0.0,0.0,0.0,7937.0,1176.0,6205.0,731.2,5473.8,276.0,2369.0
tolokers,hgb_attributes,1.0,zero_exposure,filtered_low,3,0.1325,0.009310344827586208,16.0,5.4,0.2,7936.0,1176.0,6196.0,744.0,5452.0,267.2,2378.8
tolokers,hgb_attributes,1.0,zero_exposure,filtered_low,4,0.0,0.0,0.0,0.0,0.0,7936.0,1176.0,6198.0,756.4,5441.6,278.0,2368.0
tolokers,hgb_attributes,1.0,zero_exposure,filtered_low,5,0.12972972972972974,0.004467353951890034,7.4,2.6,0.2,7936.0,1176.0,6192.0,763.8,5428.2,281.8,2364.2
tolokers,hgb_attributes,1.0,zero_exposure,filtered_low,6,0.0,0.0,0.0,0.0,0.0,7937.0,1176.0,6206.0,740.4,5465.6,272.6,2372.4
tolokers,hgb_attributes,1.0,zero_exposure,filtered_low,7,0.0,0.0,0.0,0.0,0.0,7937.0,1176.0,6208.0,773.6,5434.4,277.4,2367.6
tolokers,hgb_attributes,1.0,zero_exposure,filtered_low,8,0.0,0.0,0.0,0.0,0.0,7937.0,1176.0,6200.0,749.0,5451.0,270.4,2374.6
tolokers,hgb_attributes,1.0,zero_exposure,filtered_low,9,0.11320754716981132,0.008056042031523642,10.6,4.6,0.2,7937.0,1176.0,6224.0,737.2,5486.8,271.0,2374.0
tolokers,hgb_attributes,1.0,zero_exposure,full_random,0,0.0,0.0,0.0,0.0,0.0,7937.0,1176.0,6208.0,752.0,5456.0,271.8,2373.2
tolokers,hgb_attributes,1.0,zero_exposure,full_random,1,0.0,0.0,0.0,0.0,0.0,7936.0,1176.0,6200.0,746.8,5453.2,278.0,2368.0
tolokers,hgb_attributes,1.0,zero_exposure,full_random,2,0.0,0.0,0.0,0.0,0.0,7937.0,1176.0,6205.0,731.2,5473.8,276.0,2369.0
tolokers,hgb_attributes,1.0,zero_exposure,full_random,3,0.0,0.0,0.0,0.0,0.0,7936.0,1176.0,6196.0,744.0,5452.0,267.2,2378.8
tolokers,hgb_attributes,1.0,zero_exposure,full_random,4,0.0,0.0,0.0,0.0,0.0,7936.0,1176.0,6198.0,756.4,5441.6,278.0,2368.0
tolokers,hgb_attributes,1.0,zero_exposure,full_random,5,0.0,0.0,0.0,0.0,0.0,7936.0,1176.0,6192.0,763.8,5428.2,281.8,2364.2
tolokers,hgb_attributes,1.0,zero_exposure,full_random,6,0.0,0.0,0.0,0.0,0.0,7937.0,1176.0,6206.0,740.4,5465.6,272.6,2372.4
tolokers,hgb_attributes,1.0,zero_exposure,full_random,7,0.0,0.0,0.0,0.0,0.0,7937.0,1176.0,6208.0,773.6,5434.4,277.4,2367.6
tolokers,hgb_attributes,1.0,zero_exposure,full_random,8,0.0,0.0,0.0,0.0,0.0,7937.0,1176.0,6200.0,749.0,5451.0,270.4,2374.6
tolokers,hgb_attributes,1.0,zero_exposure,full_random,9,0.0,0.0,0.0,0.0,0.0,7937.0,1176.0,6224.0,737.2,5486.8,271.0,2374.0
tolokers,hgb_attributes,1.0,zero_exposure,stratified,0,0.0,0.0,0.0,0.0,0.0,7937.0,1176.0,6208.0,752.0,5456.0,271.8,2373.2
tolokers,hgb_attributes,1.0,zero_exposure,stratified,1,0.0,0.0,0.0,0.0,0.0,7936.0,1176.0,6200.0,746.8,5453.2,278.0,2368.0
tolokers,hgb_attributes,1.0,zero_exposure,stratified,2,0.0,0.0,0.0,0.0,0.0,7937.0,1176.0,6205.0,731.2,5473.8,276.0,2369.0
tolokers,hgb_attributes,1.0,zero_exposure,stratified,3,0.0,0.0,0.0,0.0,0.0,7936.0,1176.0,6196.0,744.0,5452.0,267.2,2378.8
tolokers,hgb_attributes,1.0,zero_exposure,stratified,4,0.0,0.0,0.0,0.0,0.0,7936.0,1176.0,6198.0,756.4,5441.6,278.0,2368.0
tolokers,hgb_attributes,1.0,zero_exposure,stratified,5,0.0,0.0,0.0,0.0,0.0,7936.0,1176.0,6192.0,763.8,5428.2,281.8,2364.2
tolokers,hgb_attributes,1.0,zero_exposure,stratified,6,0.0,0.0,0.0,0.0,0.0,7937.0,1176.0,6206.0,740.4,5465.6,272.6,2372.4
tolokers,hgb_attributes,1.0,zero_exposure,stratified,7,0.0,0.0,0.0,0.0,0.0,7937.0,1176.0,6208.0,773.6,5434.4,277.4,2367.6
tolokers,hgb_attributes,1.0,zero_exposure,stratified,8,0.0,0.0,0.0,0.0,0.0,7937.0,1176.0,6200.0,749.0,5451.0,270.4,2374.6
tolokers,hgb_attributes,1.0,zero_exposure,stratified,9,0.0,0.0,0.0,0.0,0.0,7937.0,1176.0,6224.0,737.2,5486.8,271.0,2374.0
tolokers,hgb_graph_features,0.25,exposure_80,filtered_low,0,0.0,0.0,0.0,0.0,0.0,1963.0,1176.0,1526.0,1252.2,273.8,2115.6,529.4
tolokers,hgb_graph_features,0.25,exposure_80,filtered_low,1,0.0,0.0,0.0,0.0,0.0,2007.0,1176.0,1557.0,1289.2,267.8,2114.4,531.6
tolokers,hgb_graph_features,0.25,exposure_80,filtered_low,2,0.0,0.0,0.0,0.0,0.0,1986.4,1176.0,1546.0,1266.0,280.0,2112.2,532.8
tolokers,hgb_graph_features,0.25,exposure_80,filtered_low,3,0.0,0.0,0.0,0.0,0.0,1941.8,1176.0,1515.2,1249.6,265.6,2121.6,524.4
tolokers,hgb_graph_features,0.25,exposure_80,filtered_low,4,0.0,0.0,0.0,0.0,0.0,2008.4,1176.0,1567.4,1300.6,266.8,2129.4,516.6
tolokers,hgb_graph_features,0.25,exposure_80,filtered_low,5,0.0,0.0,0.0,0.0,0.0,1981.0,1176.0,1542.2,1265.2,277.0,2125.0,521.0
tolokers,hgb_graph_features,0.25,exposure_80,filtered_low,6,0.0,0.0,0.0,0.0,0.0,1999.6,1176.0,1562.6,1284.4,278.2,2118.8,526.2
tolokers,hgb_graph_features,0.25,exposure_80,filtered_low,7,0.0,0.0,0.0,0.0,0.0,2007.6,1176.0,1563.0,1294.8,268.2,2102.0,543.0
tolokers,hgb_graph_features,0.25,exposure_80,filtered_low,8,0.05600000000000001,0.0062176165803108805,5.0,3.6,0.2,1989.0,1176.0,1550.4,1274.6,275.8,2111.6,533.4
tolokers,hgb_graph_features,0.25,exposure_80,filtered_low,9,0.0,0.0,0.0,0.0,0.0,1986.6,1176.0,1567.0,1289.0,278.0,2100.6,544.4
tolokers,hgb_graph_features,0.25,exposure_80,full_random,0,0.0,0.0,0.0,0.0,0.0,1963.0,1176.0,1526.0,1252.2,273.8,2115.6,529.4
tolokers,hgb_graph_features,0.25,exposure_80,full_random,1,0.0,0.0,0.0,0.0,0.0,2007.0,1176.0,1557.0,1289.2,267.8,2114.4,531.6
tolokers,hgb_graph_features,0.25,exposure_80,full_random,2,0.0,0.0,0.0,0.0,0.0,1986.4,1176.0,1546.0,1266.0,280.0,2112.2,532.8
tolokers,hgb_graph_features,0.25,exposure_80,full_random,3,0.0,0.0,0.0,0.0,0.0,1941.8,1176.0,1515.2,1249.6,265.6,2121.6,524.4
tolokers,hgb_graph_features,0.25,exposure_80,full_random,4,0.0,0.0,0.0,0.0,0.0,2008.4,1176.0,1567.4,1300.6,266.8,2129.4,516.6
tolokers,hgb_graph_features,0.25,exposure_80,full_random,5,0.047058823529411764,0.004467353951890034,3.4,2.6,0.2,1981.0,1176.0,1542.2,1265.2,277.0,2125.0,521.0
tolokers,hgb_graph_features,0.25,exposure_80,full_random,6,0.0,0.0,0.0,0.0,0.0,1999.6,1176.0,1562.6,1284.4,278.2,2118.8,526.2
tolokers,hgb_graph_features,0.25,exposure_80,full_random,7,0.0,0.0,0.0,0.0,0.0,2007.6,1176.0,1563.0,1294.8,268.2,2102.0,543.0
tolokers,hgb_graph_features,0.25,exposure_80,full_random,8,0.05600000000000001,0.0062176165803108805,5.0,3.6,0.2,1989.0,1176.0,1550.4,1274.6,275.8,2111.6,533.4
tolokers,hgb_graph_features,0.25,exposure_80,full_random,9,0.0,0.0,0.0,0.0,0.0,1986.6,1176.0,1567.0,1289.0,278.0,2100.6,544.4
tolokers,hgb_graph_features,0.25,exposure_80,stratified,0,0.0,0.0,0.0,0.0,0.0,1963.0,1176.0,1526.0,1252.2,273.8,2115.6,529.4
tolokers,hgb_graph_features,0.25,exposure_80,stratified,1,0.0,0.0,0.0,0.0,0.0,2007.0,1176.0,1557.0,1289.2,267.8,2114.4,531.6
tolokers,hgb_graph_features,0.25,exposure_80,stratified,2,0.0,0.0,0.0,0.0,0.0,1986.4,1176.0,1546.0,1266.0,280.0,2112.2,532.8
tolokers,hgb_graph_features,0.25,exposure_80,stratified,3,0.0,0.0,0.0,0.0,0.0,1941.8,1176.0,1515.2,1249.6,265.6,2121.6,524.4
tolokers,hgb_graph_features,0.25,exposure_80,stratified,4,0.0,0.0,0.0,0.0,0.0,2008.4,1176.0,1567.4,1300.6,266.8,2129.4,516.6
tolokers,hgb_graph_features,0.25,exposure_80,stratified,5,0.0,0.0,0.0,0.0,0.0,1981.0,1176.0,1542.2,1265.2,277.0,2125.0,521.0
tolokers,hgb_graph_features,0.25,exposure_80,stratified,6,0.0,0.0,0.0,0.0,0.0,1999.6,1176.0,1562.6,1284.4,278.2,2118.8,526.2
tolokers,hgb_graph_features,0.25,exposure_80,stratified,7,0.0,0.0,0.0,0.0,0.0,2007.6,1176.0,1563.0,1294.8,268.2,2102.0,543.0
tolokers,hgb_graph_features,0.25,exposure_80,stratified,8,0.0,0.0,0.0,0.0,0.0,1989.0,1176.0,1550.4,1274.6,275.8,2111.6,533.4
tolokers,hgb_graph_features,0.25,exposure_80,stratified,9,0.0,0.0,0.0,0.0,0.0,1986.6,1176.0,1567.0,1289.0,278.0,2100.6,544.4
tolokers,hgb_graph_features,0.25,zero_exposure,filtered_low,0,0.0,0.0,0.0,0.0,0.0,1963.0,1176.0,1526.0,432.4,1093.6,668.8,1976.2
tolokers,hgb_graph_features,0.25,zero_exposure,filtered_low,1,0.0,0.0,0.0,0.0,0.0,2007.0,1176.0,1557.0,443.4,1113.6,659.4,1986.6
tolokers,hgb_graph_features,0.25,zero_exposure,filtered_low,2,0.0,0.0,0.0,0.0,0.0,1986.4,1176.0,1546.0,422.2,1123.8,666.0,1979.0
tolokers,hgb_graph_features,0.25,zero_exposure,filtered_low,3,0.0,0.0,0.0,0.0,0.0,1941.8,1176.0,1515.2,425.8,1089.4,666.8,1979.2
tolokers,hgb_graph_features,0.25,zero_exposure,filtered_low,4,0.0,0.0,0.0,0.0,0.0,2008.4,1176.0,1567.4,460.6,1106.8,684.0,1962.0
tolokers,hgb_graph_features,0.25,zero_exposure,filtered_low,5,0.0,0.0,0.0,0.0,0.0,1981.0,1176.0,1542.2,434.8,1107.4,668.2,1977.8
tolokers,hgb_graph_features,0.25,zero_exposure,filtered_low,6,0.0,0.0,0.0,0.0,0.0,1999.6,1176.0,1562.6,453.2,1109.4,696.4,1948.6
tolokers,hgb_graph_features,0.25,zero_exposure,filtered_low,7,0.0,0.0,0.0,0.0,0.0,2007.6,1176.0,1563.0,462.4,1100.6,672.0,1973.0
tolokers,hgb_graph_features,0.25,zero_exposure,filtered_low,8,0.0,0.0,0.0,0.0,0.0,1989.0,1176.0,1550.4,441.0,1109.4,681.0,1964.0
tolokers,hgb_graph_features,0.25,zero_exposure,filtered_low,9,0.0,0.0,0.0,0.0,0.0,1986.6,1176.0,1567.0,451.8,1115.2,679.0,1966.0
tolokers,hgb_graph_features,0.25,zero_exposure,full_random,0,0.0,0.0,0.0,0.0,0.0,1963.0,1176.0,1526.0,432.4,1093.6,668.8,1976.2
tolokers,hgb_graph_features,0.25,zero_exposure,full_random,1,0.0,0.0,0.0,0.0,0.0,2007.0,1176.0,1557.0,443.4,1113.6,659.4,1986.6
tolokers,hgb_graph_features,0.25,zero_exposure,full_random,2,0.0,0.0,0.0,0.0,0.0,1986.4,1176.0,1546.0,422.2,1123.8,666.0,1979.0
tolokers,hgb_graph_features,0.25,zero_exposure,full_random,3,0.0,0.0,0.0,0.0,0.0,1941.8,1176.0,1515.2,425.8,1089.4,666.8,1979.2
tolokers,hgb_graph_features,0.25,zero_exposure,full_random,4,0.0,0.0,0.0,0.0,0.0,2008.4,1176.0,1567.4,460.6,1106.8,684.0,1962.0
tolokers,hgb_graph_features,0.25,zero_exposure,full_random,5,0.047058823529411764,0.004467353951890034,3.4,2.6,0.2,1981.0,1176.0,1542.2,434.8,1107.4,668.2,1977.8
tolokers,hgb_graph_features,0.25,zero_exposure,full_random,6,0.0,0.0,0.0,0.0,0.0,1999.6,1176.0,1562.6,453.2,1109.4,696.4,1948.6
tolokers,hgb_graph_features,0.25,zero_exposure,full_random,7,0.0,0.0,0.0,0.0,0.0,2007.6,1176.0,1563.0,462.4,1100.6,672.0,1973.0
tolokers,hgb_graph_features,0.25,zero_exposure,full_random,8,0.05600000000000001,0.0062176165803108805,5.0,3.6,0.2,1989.0,1176.0,1550.4,441.0,1109.4,681.0,1964.0
tolokers,hgb_graph_features,0.25,zero_exposure,full_random,9,0.0,0.0,0.0,0.0,0.0,1986.6,1176.0,1567.0,451.8,1115.2,679.0,1966.0
tolokers,hgb_graph_features,0.25,zero_exposure,stratified,0,0.0,0.0,0.0,0.0,0.0,1963.0,1176.0,1526.0,432.4,1093.6,668.8,1976.2
tolokers,hgb_graph_features,0.25,zero_exposure,stratified,1,0.0,0.0,0.0,0.0,0.0,2007.0,1176.0,1557.0,443.4,1113.6,659.4,1986.6
tolokers,hgb_graph_features,0.25,zero_exposure,stratified,2,0.0,0.0,0.0,0.0,0.0,1986.4,1176.0,1546.0,422.2,1123.8,666.0,1979.0
tolokers,hgb_graph_features,0.25,zero_exposure,stratified,3,0.0,0.0,0.0,0.0,0.0,1941.8,1176.0,1515.2,425.8,1089.4,666.8,1979.2
tolokers,hgb_graph_features,0.25,zero_exposure,stratified,4,0.0,0.0,0.0,0.0,0.0,2008.4,1176.0,1567.4,460.6,1106.8,684.0,1962.0
tolokers,hgb_graph_features,0.25,zero_exposure,stratified,5,0.0,0.0,0.0,0.0,0.0,1981.0,1176.0,1542.2,434.8,1107.4,668.2,1977.8
tolokers,hgb_graph_features,0.25,zero_exposure,stratified,6,0.0,0.0,0.0,0.0,0.0,1999.6,1176.0,1562.6,453.2,1109.4,696.4,1948.6
tolokers,hgb_graph_features,0.25,zero_exposure,stratified,7,0.0,0.0,0.0,0.0,0.0,2007.6,1176.0,1563.0,462.4,1100.6,672.0,1973.0
tolokers,hgb_graph_features,0.25,zero_exposure,stratified,8,0.0,0.0,0.0,0.0,0.0,1989.0,1176.0,1550.4,441.0,1109.4,681.0,1964.0
tolokers,hgb_graph_features,0.25,zero_exposure,stratified,9,0.0,0.0,0.0,0.0,0.0,1986.6,1176.0,1567.0,451.8,1115.2,679.0,1966.0
tolokers,hgb_graph_features,0.5,exposure_80,filtered_low,0,0.11666666666666667,0.0017361111111111112,2.4,1.0,0.2,3972.2,1176.0,3096.8,2558.2,538.6,2111.4,533.6
tolokers,hgb_graph_features,0.5,exposure_80,filtered_low,1,0.0,0.0,0.0,0.0,0.0,3987.6,1176.0,3108.2,2575.8,532.4,2116.0,530.0
tolokers,hgb_graph_features,0.5,exposure_80,filtered_low,2,0.0,0.0,0.0,0.0,0.0,3974.0,1176.0,3105.8,2571.6,534.2,2118.6,526.4
tolokers,hgb_graph_features,0.5,exposure_80,filtered_low,3,0.06666666666666667,0.005517241379310344,4.8,3.2,0.2,3935.4,1176.0,3064.6,2543.6,521.0,2117.4,528.6
tolokers,hgb_graph_features,0.5,exposure_80,filtered_low,4,0.0,0.0,0.0,0.0,0.0,4018.6,1176.0,3139.8,2587.0,552.8,2124.8,521.2
tolokers,hgb_graph_features,0.5,exposure_80,filtered_low,5,0.05,0.004123711340206186,3.2,2.4,0.2,3966.4,1176.0,3102.4,2555.8,546.6,2110.8,535.2
tolokers,hgb_graph_features,0.5,exposure_80,filtered_low,6,0.09,0.0038128249566724433,4.0,2.2,0.2,4011.8,1176.0,3146.4,2592.8,553.6,2126.6,518.4
tolokers,hgb_graph_features,0.5,exposure_80,filtered_low,7,0.0,0.0,0.0,0.0,0.0,3966.6,1176.0,3104.4,2570.0,534.4,2102.6,542.4
tolokers,hgb_graph_features,0.5,exposure_80,filtered_low,8,0.07272727272727272,0.0024179620034542318,2.2,1.4,0.2,3954.6,1176.0,3086.2,2553.0,533.2,2120.2,524.8
tolokers,hgb_graph_features,0.5,exposure_80,filtered_low,9,0.0,0.0,0.0,0.0,0.0,3996.2,1176.0,3132.6,2597.8,534.8,2103.2,541.8
tolokers,hgb_graph_features,0.5,exposure_80,full_random,0,0.09,0.0038194444444444448,4.0,2.2,0.2,3972.2,1176.0,3096.8,2558.2,538.6,2111.4,533.6
tolokers,hgb_graph_features,0.5,exposure_80,full_random,1,0.0,0.0,0.0,0.0,0.0,3987.6,1176.0,3108.2,2575.8,532.4,2116.0,530.0
tolokers,hgb_graph_features,0.5,exposure_80,full_random,2,0.0,0.0,0.0,0.0,0.0,3974.0,1176.0,3105.8,2571.6,534.2,2118.6,526.4
tolokers,hgb_graph_features,0.5,exposure_80,full_random,3,0.02222222222222222,0.002758620689655172,1.8,1.6,0.2,3935.4,1176.0,3064.6,2543.6,521.0,2117.4,528.6
tolokers,hgb_graph_features,0.5,exposure_80,full_random,4,0.0,0.0,0.0,0.0,0.0,4018.6,1176.0,3139.8,2587.0,552.8,2124.8,521.2
tolokers,hgb_graph_features,0.5,exposure_80,full_random,5,0.05,0.004123711340206186,3.2,2.4,0.2,3966.4,1176.0,3102.4,2555.8,546.6,2110.8,535.2
tolokers,hgb_graph_features,0.5,exposure_80,full_random,6,0.0,0.0,0.0,0.0,0.0,4011.8,1176.0,3146.4,2592.8,553.6,2126.6,518.4
tolokers,hgb_graph_features,0.5,exposure_80,full_random,7,0.0,0.0,0.0,0.0,0.0,3966.6,1176.0,3104.4,2570.0,534.4,2102.6,542.4
tolokers,hgb_graph_features,0.5,exposure_80,full_random,8,0.07272727272727272,0.0024179620034542318,2.2,1.4,0.2,3954.6,1176.0,3086.2,2553.0,533.2,2120.2,524.8
tolokers,hgb_graph_features,0.5,exposure_80,full_random,9,0.0,0.0,0.0,0.0,0.0,3996.2,1176.0,3132.6,2597.8,534.8,2103.2,541.8
tolokers,hgb_graph_features,0.5,exposure_80,stratified,0,0.0,0.0,0.0,0.0,0.0,3972.2,1176.0,3096.8,2558.2,538.6,2111.4,533.6
tolokers,hgb_graph_features,0.5,exposure_80,stratified,1,0.0,0.0,0.0,0.0,0.0,3987.6,1176.0,3108.2,2575.8,532.4,2116.0,530.0
tolokers,hgb_graph_features,0.5,exposure_80,stratified,2,0.0,0.0,0.0,0.0,0.0,3974.0,1176.0,3105.8,2571.6,534.2,2118.6,526.4
tolokers,hgb_graph_features,0.5,exposure_80,stratified,3,0.0,0.0,0.0,0.0,0.0,3935.4,1176.0,3064.6,2543.6,521.0,2117.4,528.6
tolokers,hgb_graph_features,0.5,exposure_80,stratified,4,0.0,0.0,0.0,0.0,0.0,4018.6,1176.0,3139.8,2587.0,552.8,2124.8,521.2
tolokers,hgb_graph_features,0.5,exposure_80,stratified,5,0.0,0.0,0.0,0.0,0.0,3966.4,1176.0,3102.4,2555.8,546.6,2110.8,535.2
tolokers,hgb_graph_features,0.5,exposure_80,stratified,6,0.0,0.0,0.0,0.0,0.0,4011.8,1176.0,3146.4,2592.8,553.6,2126.6,518.4
tolokers,hgb_graph_features,0.5,exposure_80,stratified,7,0.0,0.0,0.0,0.0,0.0,3966.6,1176.0,3104.4,2570.0,534.4,2102.6,542.4
tolokers,hgb_graph_features,0.5,exposure_80,stratified,8,0.0,0.0,0.0,0.0,0.0,3954.6,1176.0,3086.2,2553.0,533.2,2120.2,524.8
tolokers,hgb_graph_features,0.5,exposure_80,stratified,9,0.0,0.0,0.0,0.0,0.0,3996.2,1176.0,3132.6,2597.8,534.8,2103.2,541.8
tolokers,hgb_graph_features,0.5,zero_exposure,filtered_low,0,0.0,0.0,0.0,0.0,0.0,3972.2,1176.0,3096.8,613.8,2483.0,464.2,2180.8
tolokers,hgb_graph_features,0.5,zero_exposure,filtered_low,1,0.0,0.0,0.0,0.0,0.0,3987.6,1176.0,3108.2,642.2,2466.0,474.8,2171.2
tolokers,hgb_graph_features,0.5,zero_exposure,filtered_low,2,0.048888888888888885,0.011785095320623917,9.0,6.8,0.2,3974.0,1176.0,3105.8,631.8,2474.0,474.4,2170.6
tolokers,hgb_graph_features,0.5,zero_exposure,filtered_low,3,0.0,0.0,0.0,0.0,0.0,3935.4,1176.0,3064.6,604.0,2460.6,445.2,2200.8
tolokers,hgb_graph_features,0.5,zero_exposure,filtered_low,4,0.0,0.0,0.0,0.0,0.0,4018.6,1176.0,3139.8,662.8,2477.0,477.8,2168.2
tolokers,hgb_graph_features,0.5,zero_exposure,filtered_low,5,0.0,0.0,0.0,0.0,0.0,3966.4,1176.0,3102.4,640.4,2462.0,483.6,2162.4
tolokers,hgb_graph_features,0.5,zero_exposure,filtered_low,6,0.0,0.0,0.0,0.0,0.0,4011.8,1176.0,3146.4,654.4,2492.0,489.8,2155.2
tolokers,hgb_graph_features,0.5,zero_exposure,filtered_low,7,0.0,0.0,0.0,0.0,0.0,3966.6,1176.0,3104.4,670.4,2434.0,486.6,2158.4
tolokers,hgb_graph_features,0.5,zero_exposure,filtered_low,8,0.0,0.0,0.0,0.0,0.0,3954.6,1176.0,3086.2,630.6,2455.6,481.2,2163.8
tolokers,hgb_graph_features,0.5,zero_exposure,filtered_low,9,0.0,0.0,0.0,0.0,0.0,3996.2,1176.0,3132.6,651.2,2481.4,471.2,2173.8
tolokers,hgb_graph_features,0.5,zero_exposure,full_random,0,0.09,0.0038194444444444448,4.0,2.2,0.2,3972.2,1176.0,3096.8,613.8,2483.0,464.2,2180.8
tolokers,hgb_graph_features,0.5,zero_exposure,full_random,1,0.0,0.0,0.0,0.0,0.0,3987.6,1176.0,3108.2,642.2,2466.0,474.8,2171.2
tolokers,hgb_graph_features,0.5,zero_exposure,full_random,2,0.0,0.0,0.0,0.0,0.0,3974.0,1176.0,3105.8,631.8,2474.0,474.4,2170.6
tolokers,hgb_graph_features,0.5,zero_exposure,full_random,3,0.02222222222222222,0.002758620689655172,1.8,1.6,0.2,3935.4,1176.0,3064.6,604.0,2460.6,445.2,2200.8
tolokers,hgb_graph_features,0.5,zero_exposure,full_random,4,0.0,0.0,0.0,0.0,0.0,4018.6,1176.0,3139.8,662.8,2477.0,477.8,2168.2
tolokers,hgb_graph_features,0.5,zero_exposure,full_random,5,0.05,0.004123711340206186,3.2,2.4,0.2,3966.4,1176.0,3102.4,640.4,2462.0,483.6,2162.4
tolokers,hgb_graph_features,0.5,zero_exposure,full_random,6,0.0,0.0,0.0,0.0,0.0,4011.8,1176.0,3146.4,654.4,2492.0,489.8,2155.2
tolokers,hgb_graph_features,0.5,zero_exposure,full_random,7,0.0,0.0,0.0,0.0,0.0,3966.6,1176.0,3104.4,670.4,2434.0,486.6,2158.4
tolokers,hgb_graph_features,0.5,zero_exposure,full_random,8,0.07272727272727272,0.0024179620034542318,2.2,1.4,0.2,3954.6,1176.0,3086.2,630.6,2455.6,481.2,2163.8
tolokers,hgb_graph_features,0.5,zero_exposure,full_random,9,0.0,0.0,0.0,0.0,0.0,3996.2,1176.0,3132.6,651.2,2481.4,471.2,2173.8
tolokers,hgb_graph_features,0.5,zero_exposure,stratified,0,0.0,0.0,0.0,0.0,0.0,3972.2,1176.0,3096.8,613.8,2483.0,464.2,2180.8
tolokers,hgb_graph_features,0.5,zero_exposure,stratified,1,0.0,0.0,0.0,0.0,0.0,3987.6,1176.0,3108.2,642.2,2466.0,474.8,2171.2
tolokers,hgb_graph_features,0.5,zero_exposure,stratified,2,0.0,0.0,0.0,0.0,0.0,3974.0,1176.0,3105.8,631.8,2474.0,474.4,2170.6
tolokers,hgb_graph_features,0.5,zero_exposure,stratified,3,0.0,0.0,0.0,0.0,0.0,3935.4,1176.0,3064.6,604.0,2460.6,445.2,2200.8
tolokers,hgb_graph_features,0.5,zero_exposure,stratified,4,0.0,0.0,0.0,0.0,0.0,4018.6,1176.0,3139.8,662.8,2477.0,477.8,2168.2
tolokers,hgb_graph_features,0.5,zero_exposure,stratified,5,0.0,0.0,0.0,0.0,0.0,3966.4,1176.0,3102.4,640.4,2462.0,483.6,2162.4
tolokers,hgb_graph_features,0.5,zero_exposure,stratified,6,0.0,0.0,0.0,0.0,0.0,4011.8,1176.0,3146.4,654.4,2492.0,489.8,2155.2
tolokers,hgb_graph_features,0.5,zero_exposure,stratified,7,0.0,0.0,0.0,0.0,0.0,3966.6,1176.0,3104.4,670.4,2434.0,486.6,2158.4
tolokers,hgb_graph_features,0.5,zero_exposure,stratified,8,0.0,0.0,0.0,0.0,0.0,3954.6,1176.0,3086.2,630.6,2455.6,481.2,2163.8
tolokers,hgb_graph_features,0.5,zero_exposure,stratified,9,0.0,0.0,0.0,0.0,0.0,3996.2,1176.0,3132.6,651.2,2481.4,471.2,2173.8
tolokers,hgb_graph_features,1.0,exposure_80,filtered_low,0,0.08571428571428572,0.004166666666666667,4.2,2.4,0.2,7937.0,1176.0,6208.0,5177.0,1031.0,2111.8,533.2
tolokers,hgb_graph_features,1.0,exposure_80,filtered_low,1,0.0,0.0,0.0,0.0,0.0,7936.0,1176.0,6200.0,5166.0,1034.0,2117.4,528.6
tolokers,hgb_graph_features,1.0,exposure_80,filtered_low,2,0.0,0.0,0.0,0.0,0.0,7937.0,1176.0,6205.0,5173.0,1032.0,2120.0,525.0
tolokers,hgb_graph_features,1.0,exposure_80,filtered_low,3,0.0,0.0,0.0,0.0,0.0,7936.0,1176.0,6196.0,5177.6,1018.4,2112.8,533.2
tolokers,hgb_graph_features,1.0,exposure_80,filtered_low,4,0.0,0.0,0.0,0.0,0.0,7936.0,1176.0,6198.0,5157.6,1040.4,2125.2,520.8
tolokers,hgb_graph_features,1.0,exposure_80,filtered_low,5,0.08333333333333333,0.00584192439862543,4.4,3.4,0.4,7936.0,1176.0,6192.0,5165.6,1026.4,2116.0,530.0
tolokers,hgb_graph_features,1.0,exposure_80,filtered_low,6,0.05,0.0020797227036395147,1.6,1.2,0.2,7937.0,1176.0,6206.0,5166.8,1039.2,2124.6,520.4
tolokers,hgb_graph_features,1.0,exposure_80,filtered_low,7,0.11904761904761903,0.003125,2.6,1.8,0.4,7937.0,1176.0,6208.0,5180.2,1027.8,2109.2,535.8
tolokers,hgb_graph_features,1.0,exposure_80,filtered_low,8,0.1,0.0010362694300518134,1.2,0.6,0.2,7937.0,1176.0,6200.0,5168.4,1031.6,2113.6,531.4
tolokers,hgb_graph_features,1.0,exposure_80,filtered_low,9,0.0,0.0021015761821366026,1.2,1.2,0.2,7937.0,1176.0,6224.0,5187.2,1036.8,2108.0,537.0
tolokers,hgb_graph_features,1.0,exposure_80,full_random,0,0.0,0.0,0.0,0.0,0.0,7937.0,1176.0,6208.0,5177.0,1031.0,2111.8,533.2
tolokers,hgb_graph_features,1.0,exposure_80,full_random,1,0.0,0.0,0.0,0.0,0.0,7936.0,1176.0,6200.0,5166.0,1034.0,2117.4,528.6
tolokers,hgb_graph_features,1.0,exposure_80,full_random,2,0.0,0.0,0.0,0.0,0.0,7937.0,1176.0,6205.0,5173.0,1032.0,2120.0,525.0
tolokers,hgb_graph_features,1.0,exposure_80,full_random,3,0.08,0.0010344827586206897,1.0,0.6,0.2,7936.0,1176.0,6196.0,5177.6,1018.4,2112.8,533.2
tolokers,hgb_graph_features,1.0,exposure_80,full_random,4,0.0,0.0,0.0,0.0,0.0,7936.0,1176.0,6198.0,5157.6,1040.4,2125.2,520.8
tolokers,hgb_graph_features,1.0,exposure_80,full_random,5,0.08333333333333333,0.00584192439862543,4.4,3.4,0.4,7936.0,1176.0,6192.0,5165.6,1026.4,2116.0,530.0
tolokers,hgb_graph_features,1.0,exposure_80,full_random,6,0.0,0.0,0.0,0.0,0.0,7937.0,1176.0,6206.0,5166.8,1039.2,2124.6,520.4
tolokers,hgb_graph_features,1.0,exposure_80,full_random,7,0.0,0.0,0.0,0.0,0.0,7937.0,1176.0,6208.0,5180.2,1027.8,2109.2,535.8
tolokers,hgb_graph_features,1.0,exposure_80,full_random,8,0.1,0.0010362694300518134,1.2,0.6,0.2,7937.0,1176.0,6200.0,5168.4,1031.6,2113.6,531.4
tolokers,hgb_graph_features,1.0,exposure_80,full_random,9,0.0,0.0,0.0,0.0,0.0,7937.0,1176.0,6224.0,5187.2,1036.8,2108.0,537.0
tolokers,hgb_graph_features,1.0,exposure_80,stratified,0,0.0,0.0,0.0,0.0,0.0,7937.0,1176.0,6208.0,5177.0,1031.0,2111.8,533.2
tolokers,hgb_graph_features,1.0,exposure_80,stratified,1,0.0,0.0,0.0,0.0,0.0,7936.0,1176.0,6200.0,5166.0,1034.0,2117.4,528.6
tolokers,hgb_graph_features,1.0,exposure_80,stratified,2,0.0,0.0,0.0,0.0,0.0,7937.0,1176.0,6205.0,5173.0,1032.0,2120.0,525.0
tolokers,hgb_graph_features,1.0,exposure_80,stratified,3,0.0,0.0,0.0,0.0,0.0,7936.0,1176.0,6196.0,5177.6,1018.4,2112.8,533.2
tolokers,hgb_graph_features,1.0,exposure_80,stratified,4,0.0,0.0,0.0,0.0,0.0,7936.0,1176.0,6198.0,5157.6,1040.4,2125.2,520.8
tolokers,hgb_graph_features,1.0,exposure_80,stratified,5,0.0,0.0037800687285223364,2.2,2.2,0.2,7936.0,1176.0,6192.0,5165.6,1026.4,2116.0,530.0
tolokers,hgb_graph_features,1.0,exposure_80,stratified,6,0.0,0.0,0.0,0.0,0.0,7937.0,1176.0,6206.0,5166.8,1039.2,2124.6,520.4
tolokers,hgb_graph_features,1.0,exposure_80,stratified,7,0.0,0.0,0.0,0.0,0.0,7937.0,1176.0,6208.0,5180.2,1027.8,2109.2,535.8
tolokers,hgb_graph_features,1.0,exposure_80,stratified,8,0.0,0.0,0.0,0.0,0.0,7937.0,1176.0,6200.0,5168.4,1031.6,2113.6,531.4
tolokers,hgb_graph_features,1.0,exposure_80,stratified,9,0.0,0.0,0.0,0.0,0.0,7937.0,1176.0,6224.0,5187.2,1036.8,2108.0,537.0
tolokers,hgb_graph_features,1.0,zero_exposure,filtered_low,0,0.0,0.0,0.0,0.0,0.0,7937.0,1176.0,6208.0,752.0,5456.0,271.8,2373.2
tolokers,hgb_graph_features,1.0,zero_exposure,filtered_low,1,0.0,0.0,0.0,0.0,0.0,7936.0,1176.0,6200.0,746.8,5453.2,278.0,2368.0
tolokers,hgb_graph_features,1.0,zero_exposure,filtered_low,2,0.04583333333333333,0.012824956672443674,9.6,7.4,0.2,7937.0,1176.0,6205.0,731.2,5473.8,276.0,2369.0
tolokers,hgb_graph_features,1.0,zero_exposure,filtered_low,3,0.0,0.0,0.0,0.0,0.0,7936.0,1176.0,6196.0,744.0,5452.0,267.2,2378.8
tolokers,hgb_graph_features,1.0,zero_exposure,filtered_low,4,0.0,0.0,0.0,0.0,0.0,7936.0,1176.0,6198.0,756.4,5441.6,278.0,2368.0
tolokers,hgb_graph_features,1.0,zero_exposure,filtered_low,5,0.0,0.0,0.0,0.0,0.0,7936.0,1176.0,6192.0,763.8,5428.2,281.8,2364.2
tolokers,hgb_graph_features,1.0,zero_exposure,filtered_low,6,0.0,0.0,0.0,0.0,0.0,7937.0,1176.0,6206.0,740.4,5465.6,272.6,2372.4
tolokers,hgb_graph_features,1.0,zero_exposure,filtered_low,7,0.0,0.0,0.0,0.0,0.0,7937.0,1176.0,6208.0,773.6,5434.4,277.4,2367.6
tolokers,hgb_graph_features,1.0,zero_exposure,filtered_low,8,0.0,0.0,0.0,0.0,0.0,7937.0,1176.0,6200.0,749.0,5451.0,270.4,2374.6
tolokers,hgb_graph_features,1.0,zero_exposure,filtered_low,9,0.0,0.0,0.0,0.0,0.0,7937.0,1176.0,6224.0,737.2,5486.8,271.0,2374.0
tolokers,hgb_graph_features,1.0,zero_exposure,full_random,0,0.0,0.0,0.0,0.0,0.0,7937.0,1176.0,6208.0,752.0,5456.0,271.8,2373.2
tolokers,hgb_graph_features,1.0,zero_exposure,full_random,1,0.0,0.0,0.0,0.0,0.0,7936.0,1176.0,6200.0,746.8,5453.2,278.0,2368.0
tolokers,hgb_graph_features,1.0,zero_exposure,full_random,2,0.0,0.0,0.0,0.0,0.0,7937.0,1176.0,6205.0,731.2,5473.8,276.0,2369.0
tolokers,hgb_graph_features,1.0,zero_exposure,full_random,3,0.08,0.0010344827586206897,1.0,0.6,0.2,7936.0,1176.0,6196.0,744.0,5452.0,267.2,2378.8
tolokers,hgb_graph_features,1.0,zero_exposure,full_random,4,0.0,0.0,0.0,0.0,0.0,7936.0,1176.0,6198.0,756.4,5441.6,278.0,2368.0
tolokers,hgb_graph_features,1.0,zero_exposure,full_random,5,0.08333333333333333,0.00584192439862543,4.4,3.4,0.4,7936.0,1176.0,6192.0,763.8,5428.2,281.8,2364.2
tolokers,hgb_graph_features,1.0,zero_exposure,full_random,6,0.0,0.0,0.0,0.0,0.0,7937.0,1176.0,6206.0,740.4,5465.6,272.6,2372.4
tolokers,hgb_graph_features,1.0,zero_exposure,full_random,7,0.0,0.0,0.0,0.0,0.0,7937.0,1176.0,6208.0,773.6,5434.4,277.4,2367.6
tolokers,hgb_graph_features,1.0,zero_exposure,full_random,8,0.1,0.0010362694300518134,1.2,0.6,0.2,7937.0,1176.0,6200.0,749.0,5451.0,270.4,2374.6
tolokers,hgb_graph_features,1.0,zero_exposure,full_random,9,0.0,0.0,0.0,0.0,0.0,7937.0,1176.0,6224.0,737.2,5486.8,271.0,2374.0
tolokers,hgb_graph_features,1.0,zero_exposure,stratified,0,0.0,0.0,0.0,0.0,0.0,7937.0,1176.0,6208.0,752.0,5456.0,271.8,2373.2
tolokers,hgb_graph_features,1.0,zero_exposure,stratified,1,0.0,0.0,0.0,0.0,0.0,7936.0,1176.0,6200.0,746.8,5453.2,278.0,2368.0
tolokers,hgb_graph_features,1.0,zero_exposure,stratified,2,0.0,0.0,0.0,0.0,0.0,7937.0,1176.0,6205.0,731.2,5473.8,276.0,2369.0
tolokers,hgb_graph_features,1.0,zero_exposure,stratified,3,0.0,0.0,0.0,0.0,0.0,7936.0,1176.0,6196.0,744.0,5452.0,267.2,2378.8
tolokers,hgb_graph_features,1.0,zero_exposure,stratified,4,0.0,0.0,0.0,0.0,0.0,7936.0,1176.0,6198.0,756.4,5441.6,278.0,2368.0
tolokers,hgb_graph_features,1.0,zero_exposure,stratified,5,0.04,0.00274914089347079,2.0,1.6,0.2,7936.0,1176.0,6192.0,763.8,5428.2,281.8,2364.2
tolokers,hgb_graph_features,1.0,zero_exposure,stratified,6,0.0,0.0,0.0,0.0,0.0,7937.0,1176.0,6206.0,740.4,5465.6,272.6,2372.4
tolokers,hgb_graph_features,1.0,zero_exposure,stratified,7,0.0,0.0,0.0,0.0,0.0,7937.0,1176.0,6208.0,773.6,5434.4,277.4,2367.6
tolokers,hgb_graph_features,1.0,zero_exposure,stratified,8,0.0,0.0,0.0,0.0,0.0,7937.0,1176.0,6200.0,749.0,5451.0,270.4,2374.6
tolokers,hgb_graph_features,1.0,zero_exposure,stratified,9,0.0,0.0,0.0,0.0,0.0,7937.0,1176.0,6224.0,737.2,5486.8,271.0,2374.0
weibo,hgb_attributes,0.25,exposure_80,filtered_low,0,0.5316273841235357,0.28250000000000003,67.8,22.6,0.8,1413.6,840.0,1354.8,1128.8,226.0,1518.4,372.6
weibo,hgb_attributes,0.25,exposure_80,filtered_low,1,0.6238298093615251,0.1769230769230769,38.2,13.8,1.0,1422.0,840.0,1363.4,1136.6,226.8,1509.4,381.6
weibo,hgb_attributes,0.25,exposure_80,filtered_low,2,0.6901034980345325,0.3487179487179487,85.4,27.2,1.0,1431.8,840.0,1369.4,1138.4,231.0,1509.4,381.6
weibo,hgb_attributes,0.25,exposure_80,filtered_low,3,0.6347774919001334,0.28500000000000003,66.6,22.8,1.0,1440.4,840.0,1375.8,1143.4,232.4,1509.6,381.4
weibo,hgb_attributes,0.25,exposure_80,filtered_low,4,0.541910546910547,0.2753246753246753,66.8,21.2,0.8,1405.6,840.0,1342.4,1115.2,227.2,1519.8,371.2
weibo,hgb_attributes,0.25,exposure_80,filtered_low,5,0.643994121520746,0.3,69.4,24.0,1.0,1399.4,840.0,1337.8,1112.0,225.8,1514.4,377.6
weibo,hgb_attributes,0.25,exposure_80,filtered_low,6,0.47866313092638285,0.18717948717948718,40.8,14.6,0.8,1425.6,840.0,1366.8,1142.8,224.0,1501.8,390.2
weibo,hgb_attributes,0.25,exposure_80,filtered_low,7,0.5600649442690548,0.135,36.0,10.8,0.8,1406.8,840.0,1347.6,1109.4,238.2,1523.8,367.2
weibo,hgb_attributes,0.25,exposure_80,filtered_low,8,0.679532843417695,0.34285714285714286,82.4,26.4,1.0,1433.8,840.0,1375.8,1151.4,224.4,1505.8,385.2
weibo,hgb_attributes,0.25,exposure_80,filtered_low,9,0.5320334928229665,0.2846153846153846,66.4,22.2,0.8,1375.0,840.0,1317.6,1091.8,225.8,1516.6,375.4
weibo,hgb_attributes,0.25,exposure_80,full_random,0,0.0,0.0,0.0,0.0,0.0,1413.6,840.0,1354.8,1128.8,226.0,1518.4,372.6
weibo,hgb_attributes,0.25,exposure_80,full_random,1,0.0,0.0,0.0,0.0,0.0,1422.0,840.0,1363.4,1136.6,226.8,1509.4,381.6
weibo,hgb_attributes,0.25,exposure_80,full_random,2,0.0,0.0,0.0,0.0,0.0,1431.8,840.0,1369.4,1138.4,231.0,1509.4,381.6
weibo,hgb_attributes,0.25,exposure_80,full_random,3,0.0,0.0,0.0,0.0,0.0,1440.4,840.0,1375.8,1143.4,232.4,1509.6,381.4
weibo,hgb_attributes,0.25,exposure_80,full_random,4,0.0,0.0,0.0,0.0,0.0,1405.6,840.0,1342.4,1115.2,227.2,1519.8,371.2
weibo,hgb_attributes,0.25,exposure_80,full_random,5,0.0,0.0,0.0,0.0,0.0,1399.4,840.0,1337.8,1112.0,225.8,1514.4,377.6
weibo,hgb_attributes,0.25,exposure_80,full_random,6,0.0,0.0,0.0,0.0,0.0,1425.6,840.0,1366.8,1142.8,224.0,1501.8,390.2
weibo,hgb_attributes,0.25,exposure_80,full_random,7,0.0,0.0,0.0,0.0,0.0,1406.8,840.0,1347.6,1109.4,238.2,1523.8,367.2
weibo,hgb_attributes,0.25,exposure_80,full_random,8,0.0,0.0,0.0,0.0,0.0,1433.8,840.0,1375.8,1151.4,224.4,1505.8,385.2
weibo,hgb_attributes,0.25,exposure_80,full_random,9,0.0,0.0,0.0,0.0,0.0,1375.0,840.0,1317.6,1091.8,225.8,1516.6,375.4
weibo,hgb_attributes,0.25,exposure_80,stratified,0,0.0,0.0,0.0,0.0,0.0,1413.6,840.0,1354.8,1128.8,226.0,1518.4,372.6
weibo,hgb_attributes,0.25,exposure_80,stratified,1,0.0,0.0,0.0,0.0,0.0,1422.0,840.0,1363.4,1136.6,226.8,1509.4,381.6
weibo,hgb_attributes,0.25,exposure_80,stratified,2,0.0,0.0,0.0,0.0,0.0,1431.8,840.0,1369.4,1138.4,231.0,1509.4,381.6
weibo,hgb_attributes,0.25,exposure_80,stratified,3,0.0,0.0,0.0,0.0,0.0,1440.4,840.0,1375.8,1143.4,232.4,1509.6,381.4
weibo,hgb_attributes,0.25,exposure_80,stratified,4,0.0,0.0,0.0,0.0,0.0,1405.6,840.0,1342.4,1115.2,227.2,1519.8,371.2
weibo,hgb_attributes,0.25,exposure_80,stratified,5,0.0,0.0,0.0,0.0,0.0,1399.4,840.0,1337.8,1112.0,225.8,1514.4,377.6
weibo,hgb_attributes,0.25,exposure_80,stratified,6,0.0,0.0,0.0,0.0,0.0,1425.6,840.0,1366.8,1142.8,224.0,1501.8,390.2
weibo,hgb_attributes,0.25,exposure_80,stratified,7,0.0,0.0,0.0,0.0,0.0,1406.8,840.0,1347.6,1109.4,238.2,1523.8,367.2
weibo,hgb_attributes,0.25,exposure_80,stratified,8,0.0,0.0,0.0,0.0,0.0,1433.8,840.0,1375.8,1151.4,224.4,1505.8,385.2
weibo,hgb_attributes,0.25,exposure_80,stratified,9,0.0,0.0,0.0,0.0,0.0,1375.0,840.0,1317.6,1091.8,225.8,1516.6,375.4
weibo,hgb_attributes,0.25,zero_exposure,filtered_low,0,0.5119716543333752,0.2875,66.2,23.0,0.8,1413.6,840.0,1354.8,1174.8,180.0,1581.4,309.6
weibo,hgb_attributes,0.25,zero_exposure,filtered_low,1,0.6226533387732898,0.1769230769230769,38.0,13.8,1.0,1422.0,840.0,1363.4,1163.4,200.0,1549.2,341.8
weibo,hgb_attributes,0.25,zero_exposure,filtered_low,2,0.6877843885725659,0.31794871794871793,78.6,24.8,1.0,1431.8,840.0,1369.4,1139.0,230.4,1507.8,383.2
weibo,hgb_attributes,0.25,zero_exposure,filtered_low,3,0.6411106021187858,0.29500000000000004,70.8,23.6,1.0,1440.4,840.0,1375.8,1152.4,223.4,1512.6,378.4
weibo,hgb_attributes,0.25,zero_exposure,filtered_low,4,0.5430501480501481,0.27272727272727276,66.4,21.0,0.8,1405.6,840.0,1342.4,1072.2,270.2,1461.6,429.4
weibo,hgb_attributes,0.25,zero_exposure,filtered_low,5,0.6447499859404437,0.2975,69.0,23.8,1.0,1399.4,840.0,1337.8,1084.8,253.0,1474.8,417.2
weibo,hgb_attributes,0.25,zero_exposure,filtered_low,6,0.47882331399274436,0.18974358974358974,41.4,14.8,0.8,1425.6,840.0,1366.8,1178.8,188.0,1566.4,325.6
weibo,hgb_attributes,0.25,zero_exposure,filtered_low,7,0.5600649442690548,0.135,36.0,10.8,0.8,1406.8,840.0,1347.6,1148.4,199.2,1571.2,319.8
weibo,hgb_attributes,0.25,zero_exposure,filtered_low,8,0.6827561138579467,0.34545454545454546,84.4,26.6,1.0,1433.8,840.0,1375.8,1117.2,258.6,1451.4,439.6
weibo,hgb_attributes,0.25,zero_exposure,filtered_low,9,0.5320334928229665,0.2846153846153846,66.4,22.2,0.8,1375.0,840.0,1317.6,1124.4,193.2,1567.0,325.0
weibo,hgb_attributes,0.25,zero_exposure,full_random,0,0.0,0.0,0.0,0.0,0.0,1413.6,840.0,1354.8,1174.8,180.0,1581.4,309.6
weibo,hgb_attributes,0.25,zero_exposure,full_random,1,0.0,0.0,0.0,0.0,0.0,1422.0,840.0,1363.4,1163.4,200.0,1549.2,341.8
weibo,hgb_attributes,0.25,zero_exposure,full_random,2,0.0,0.0,0.0,0.0,0.0,1431.8,840.0,1369.4,1139.0,230.4,1507.8,383.2
weibo,hgb_attributes,0.25,zero_exposure,full_random,3,0.0,0.0,0.0,0.0,0.0,1440.4,840.0,1375.8,1152.4,223.4,1512.6,378.4
weibo,hgb_attributes,0.25,zero_exposure,full_random,4,0.0,0.0,0.0,0.0,0.0,1405.6,840.0,1342.4,1072.2,270.2,1461.6,429.4
weibo,hgb_attributes,0.25,zero_exposure,full_random,5,0.0,0.0,0.0,0.0,0.0,1399.4,840.0,1337.8,1084.8,253.0,1474.8,417.2
weibo,hgb_attributes,0.25,zero_exposure,full_random,6,0.0,0.0,0.0,0.0,0.0,1425.6,840.0,1366.8,1178.8,188.0,1566.4,325.6
weibo,hgb_attributes,0.25,zero_exposure,full_random,7,0.0,0.0,0.0,0.0,0.0,1406.8,840.0,1347.6,1148.4,199.2,1571.2,319.8
weibo,hgb_attributes,0.25,zero_exposure,full_random,8,0.0,0.0,0.0,0.0,0.0,1433.8,840.0,1375.8,1117.2,258.6,1451.4,439.6
weibo,hgb_attributes,0.25,zero_exposure,full_random,9,0.0,0.0,0.0,0.0,0.0,1375.0,840.0,1317.6,1124.4,193.2,1567.0,325.0
weibo,hgb_attributes,0.25,zero_exposure,stratified,0,0.0,0.0,0.0,0.0,0.0,1413.6,840.0,1354.8,1174.8,180.0,1581.4,309.6
weibo,hgb_attributes,0.25,zero_exposure,stratified,1,0.0,0.0,0.0,0.0,0.0,1422.0,840.0,1363.4,1163.4,200.0,1549.2,341.8
weibo,hgb_attributes,0.25,zero_exposure,stratified,2,0.0,0.0,0.0,0.0,0.0,1431.8,840.0,1369.4,1139.0,230.4,1507.8,383.2
weibo,hgb_attributes,0.25,zero_exposure,stratified,3,0.0,0.0,0.0,0.0,0.0,1440.4,840.0,1375.8,1152.4,223.4,1512.6,378.4
weibo,hgb_attributes,0.25,zero_exposure,stratified,4,0.0,0.0,0.0,0.0,0.0,1405.6,840.0,1342.4,1072.2,270.2,1461.6,429.4
weibo,hgb_attributes,0.25,zero_exposure,stratified,5,0.0,0.0,0.0,0.0,0.0,1399.4,840.0,1337.8,1084.8,253.0,1474.8,417.2
weibo,hgb_attributes,0.25,zero_exposure,stratified,6,0.0,0.0,0.0,0.0,0.0,1425.6,840.0,1366.8,1178.8,188.0,1566.4,325.6
weibo,hgb_attributes,0.25,zero_exposure,stratified,7,0.0,0.0,0.0,0.0,0.0,1406.8,840.0,1347.6,1148.4,199.2,1571.2,319.8
weibo,hgb_attributes,0.25,zero_exposure,stratified,8,0.0,0.0,0.0,0.0,0.0,1433.8,840.0,1375.8,1117.2,258.6,1451.4,439.6
weibo,hgb_attributes,0.25,zero_exposure,stratified,9,0.0,0.0,0.0,0.0,0.0,1375.0,840.0,1317.6,1124.4,193.2,1567.0,325.0
weibo,hgb_attributes,0.5,exposure_80,filtered_low,0,0.6674615024507601,0.3525,86.2,28.2,1.0,2866.0,840.0,2746.4,2292.0,454.4,1517.8,373.2
weibo,hgb_attributes,0.5,exposure_80,filtered_low,1,0.6387997516998885,0.18974358974358974,42.2,14.8,1.0,2854.4,840.0,2736.2,2284.2,452.0,1508.4,382.6
weibo,hgb_attributes,0.5,exposure_80,filtered_low,2,0.6840423964337008,0.4256410256410256,103.4,33.2,1.0,2876.4,840.0,2757.6,2306.4,451.2,1506.2,384.8
weibo,hgb_attributes,0.5,exposure_80,filtered_low,3,0.6543286909075764,0.425,97.4,34.0,1.0,2855.2,840.0,2733.8,2271.6,462.2,1500.0,391.0
weibo,hgb_attributes,0.5,exposure_80,filtered_low,4,0.6958119394024225,0.35844155844155845,91.2,27.6,1.0,2821.0,840.0,2699.4,2249.6,449.8,1517.4,373.6
weibo,hgb_attributes,0.5,exposure_80,filtered_low,5,0.6346029855318489,0.42000000000000004,92.6,33.6,1.0,2796.2,840.0,2676.8,2243.2,433.6,1513.8,378.2
weibo,hgb_attributes,0.5,exposure_80,filtered_low,6,0.5930848861283644,0.3051282051282051,61.8,23.8,1.0,2856.4,840.0,2738.2,2277.0,461.2,1514.4,377.6
weibo,hgb_attributes,0.5,exposure_80,filtered_low,7,0.6462037962037962,0.1775,42.4,14.2,1.0,2832.2,840.0,2711.2,2251.0,460.2,1521.2,369.8
weibo,hgb_attributes,0.5,exposure_80,filtered_low,8,0.6815784598065692,0.38181818181818183,91.8,29.4,1.0,2843.8,840.0,2728.6,2282.2,446.4,1505.6,385.4
weibo,hgb_attributes,0.5,exposure_80,filtered_low,9,0.665331238288285,0.37948717948717947,88.0,29.6,1.0,2800.0,840.0,2687.4,2235.2,452.2,1517.0,375.0
weibo,hgb_attributes,0.5,exposure_80,full_random,0,0.0,0.0,0.0,0.0,0.0,2866.0,840.0,2746.4,2292.0,454.4,1517.8,373.2
weibo,hgb_attributes,0.5,exposure_80,full_random,1,0.0,0.0,0.0,0.0,0.0,2854.4,840.0,2736.2,2284.2,452.0,1508.4,382.6
weibo,hgb_attributes,0.5,exposure_80,full_random,2,0.0,0.0,0.0,0.0,0.0,2876.4,840.0,2757.6,2306.4,451.2,1506.2,384.8
weibo,hgb_attributes,0.5,exposure_80,full_random,3,0.0,0.0,0.0,0.0,0.0,2855.2,840.0,2733.8,2271.6,462.2,1500.0,391.0
weibo,hgb_attributes,0.5,exposure_80,full_random,4,0.12727272727272726,0.01038961038961039,2.2,0.8,0.2,2821.0,840.0,2699.4,2249.6,449.8,1517.4,373.6
weibo,hgb_attributes,0.5,exposure_80,full_random,5,0.0,0.0,0.0,0.0,0.0,2796.2,840.0,2676.8,2243.2,433.6,1513.8,378.2
weibo,hgb_attributes,0.5,exposure_80,full_random,6,0.0,0.0,0.0,0.0,0.0,2856.4,840.0,2738.2,2277.0,461.2,1514.4,377.6
weibo,hgb_attributes,0.5,exposure_80,full_random,7,0.0,0.0,0.0,0.0,0.0,2832.2,840.0,2711.2,2251.0,460.2,1521.2,369.8
weibo,hgb_attributes,0.5,exposure_80,full_random,8,0.0,0.0,0.0,0.0,0.0,2843.8,840.0,2728.6,2282.2,446.4,1505.6,385.4
weibo,hgb_attributes,0.5,exposure_80,full_random,9,0.0,0.0,0.0,0.0,0.0,2800.0,840.0,2687.4,2235.2,452.2,1517.0,375.0
weibo,hgb_attributes,0.5,exposure_80,stratified,0,0.0,0.0,0.0,0.0,0.0,2866.0,840.0,2746.4,2292.0,454.4,1517.8,373.2
weibo,hgb_attributes,0.5,exposure_80,stratified,1,0.0,0.0,0.0,0.0,0.0,2854.4,840.0,2736.2,2284.2,452.0,1508.4,382.6
weibo,hgb_attributes,0.5,exposure_80,stratified,2,0.0,0.0,0.0,0.0,0.0,2876.4,840.0,2757.6,2306.4,451.2,1506.2,384.8
weibo,hgb_attributes,0.5,exposure_80,stratified,3,0.0,0.0,0.0,0.0,0.0,2855.2,840.0,2733.8,2271.6,462.2,1500.0,391.0
weibo,hgb_attributes,0.5,exposure_80,stratified,4,0.0,0.0,0.0,0.0,0.0,2821.0,840.0,2699.4,2249.6,449.8,1517.4,373.6
weibo,hgb_attributes,0.5,exposure_80,stratified,5,0.0,0.0,0.0,0.0,0.0,2796.2,840.0,2676.8,2243.2,433.6,1513.8,378.2
weibo,hgb_attributes,0.5,exposure_80,stratified,6,0.0,0.0,0.0,0.0,0.0,2856.4,840.0,2738.2,2277.0,461.2,1514.4,377.6
weibo,hgb_attributes,0.5,exposure_80,stratified,7,0.0,0.0,0.0,0.0,0.0,2832.2,840.0,2711.2,2251.0,460.2,1521.2,369.8
weibo,hgb_attributes,0.5,exposure_80,stratified,8,0.0,0.0,0.0,0.0,0.0,2843.8,840.0,2728.6,2282.2,446.4,1505.6,385.4
weibo,hgb_attributes,0.5,exposure_80,stratified,9,0.0,0.0,0.0,0.0,0.0,2800.0,840.0,2687.4,2235.2,452.2,1517.0,375.0
weibo,hgb_attributes,0.5,zero_exposure,filtered_low,0,0.6694650732678902,0.3675,89.8,29.4,1.0,2866.0,840.0,2746.4,2247.8,498.6,1490.2,400.8
weibo,hgb_attributes,0.5,zero_exposure,filtered_low,1,0.6376232811116532,0.18974358974358974,42.0,14.8,1.0,2854.4,840.0,2736.2,2166.2,570.0,1431.6,459.4
weibo,hgb_attributes,0.5,zero_exposure,filtered_low,2,0.6752320886557339,0.4025641025641026,96.6,31.4,1.0,2876.4,840.0,2757.6,2141.6,616.0,1399.4,491.6
weibo,hgb_attributes,0.5,zero_exposure,filtered_low,3,0.6555408121196977,0.4325,99.6,34.6,1.0,2855.2,840.0,2733.8,2157.0,576.8,1423.6,467.4
weibo,hgb_attributes,0.5,zero_exposure,filtered_low,4,0.6949165712109514,0.35844155844155845,90.8,27.6,1.0,2821.0,840.0,2699.4,2107.4,592.0,1421.0,470.0
weibo,hgb_attributes,0.5,zero_exposure,filtered_low,5,0.6353264997926937,0.41,90.8,32.8,1.0,2796.2,840.0,2676.8,2093.8,583.0,1410.8,481.2
weibo,hgb_attributes,0.5,zero_exposure,filtered_low,6,0.5940721102863202,0.30256410256410254,61.4,23.6,1.0,2856.4,840.0,2738.2,2222.8,515.4,1475.2,416.8
weibo,hgb_attributes,0.5,zero_exposure,filtered_low,7,0.6453275640022629,0.175,41.4,14.0,1.0,2832.2,840.0,2711.2,2174.6,536.6,1471.0,420.0
weibo,hgb_attributes,0.5,zero_exposure,filtered_low,8,0.6906783286138849,0.40779220779220776,101.0,31.4,1.0,2843.8,840.0,2728.6,2124.8,603.8,1393.2,497.8
weibo,hgb_attributes,0.5,zero_exposure,filtered_low,9,0.6659283079822876,0.3846153846153846,89.4,30.0,1.0,2800.0,840.0,2687.4,2181.8,505.6,1483.0,409.0
weibo,hgb_attributes,0.5,zero_exposure,full_random,0,0.0,0.0,0.0,0.0,0.0,2866.0,840.0,2746.4,2247.8,498.6,1490.2,400.8
weibo,hgb_attributes,0.5,zero_exposure,full_random,1,0.0,0.0,0.0,0.0,0.0,2854.4,840.0,2736.2,2166.2,570.0,1431.6,459.4
weibo,hgb_attributes,0.5,zero_exposure,full_random,2,0.0,0.0,0.0,0.0,0.0,2876.4,840.0,2757.6,2141.6,616.0,1399.4,491.6
weibo,hgb_attributes,0.5,zero_exposure,full_random,3,0.0,0.0,0.0,0.0,0.0,2855.2,840.0,2733.8,2157.0,576.8,1423.6,467.4
weibo,hgb_attributes,0.5,zero_exposure,full_random,4,0.12727272727272726,0.01038961038961039,2.2,0.8,0.2,2821.0,840.0,2699.4,2107.4,592.0,1421.0,470.0
weibo,hgb_attributes,0.5,zero_exposure,full_random,5,0.0,0.0,0.0,0.0,0.0,2796.2,840.0,2676.8,2093.8,583.0,1410.8,481.2
weibo,hgb_attributes,0.5,zero_exposure,full_random,6,0.0,0.0,0.0,0.0,0.0,2856.4,840.0,2738.2,2222.8,515.4,1475.2,416.8
weibo,hgb_attributes,0.5,zero_exposure,full_random,7,0.0,0.0,0.0,0.0,0.0,2832.2,840.0,2711.2,2174.6,536.6,1471.0,420.0
weibo,hgb_attributes,0.5,zero_exposure,full_random,8,0.0,0.0,0.0,0.0,0.0,2843.8,840.0,2728.6,2124.8,603.8,1393.2,497.8
weibo,hgb_attributes,0.5,zero_exposure,full_random,9,0.0,0.0,0.0,0.0,0.0,2800.0,840.0,2687.4,2181.8,505.6,1483.0,409.0
weibo,hgb_attributes,0.5,zero_exposure,stratified,0,0.0,0.0,0.0,0.0,0.0,2866.0,840.0,2746.4,2247.8,498.6,1490.2,400.8
weibo,hgb_attributes,0.5,zero_exposure,stratified,1,0.0,0.0,0.0,0.0,0.0,2854.4,840.0,2736.2,2166.2,570.0,1431.6,459.4
weibo,hgb_attributes,0.5,zero_exposure,stratified,2,0.0,0.0,0.0,0.0,0.0,2876.4,840.0,2757.6,2141.6,616.0,1399.4,491.6
weibo,hgb_attributes,0.5,zero_exposure,stratified,3,0.0,0.0,0.0,0.0,0.0,2855.2,840.0,2733.8,2157.0,576.8,1423.6,467.4
weibo,hgb_attributes,0.5,zero_exposure,stratified,4,0.0,0.0,0.0,0.0,0.0,2821.0,840.0,2699.4,2107.4,592.0,1421.0,470.0
weibo,hgb_attributes,0.5,zero_exposure,stratified,5,0.0,0.0,0.0,0.0,0.0,2796.2,840.0,2676.8,2093.8,583.0,1410.8,481.2
weibo,hgb_attributes,0.5,zero_exposure,stratified,6,0.0,0.0,0.0,0.0,0.0,2856.4,840.0,2738.2,2222.8,515.4,1475.2,416.8
weibo,hgb_attributes,0.5,zero_exposure,stratified,7,0.0,0.0,0.0,0.0,0.0,2832.2,840.0,2711.2,2174.6,536.6,1471.0,420.0
weibo,hgb_attributes,0.5,zero_exposure,stratified,8,0.0,0.0,0.0,0.0,0.0,2843.8,840.0,2728.6,2124.8,603.8,1393.2,497.8
weibo,hgb_attributes,0.5,zero_exposure,stratified,9,0.0,0.0,0.0,0.0,0.0,2800.0,840.0,2687.4,2181.8,505.6,1483.0,409.0
weibo,hgb_attributes,1.0,exposure_80,filtered_low,0,0.671689966201708,0.4575,111.8,36.6,1.0,5674.0,840.0,5433.0,4532.6,900.4,1516.2,374.8
weibo,hgb_attributes,1.0,exposure_80,filtered_low,1,0.68021314738573,0.2,50.2,15.6,1.0,5674.0,840.0,5440.0,4540.4,899.6,1507.2,383.8
weibo,hgb_attributes,1.0,exposure_80,filtered_low,2,0.6809470784027647,0.4333333333333333,106.0,33.8,1.0,5674.0,840.0,5440.0,4535.4,904.6,1511.8,379.2
weibo,hgb_attributes,1.0,exposure_80,filtered_low,3,0.6556876854818953,0.45,104.0,36.0,1.0,5674.0,840.0,5433.0,4546.6,886.4,1500.8,390.2
weibo,hgb_attributes,1.0,exposure_80,filtered_low,4,0.7077829153789899,0.41818181818181815,110.2,32.2,1.0,5674.0,840.0,5444.0,4529.6,914.4,1518.0,373.0
weibo,hgb_attributes,1.0,exposure_80,filtered_low,5,0.6570465745542406,0.43,100.4,34.4,1.0,5673.0,840.0,5434.0,4535.4,898.6,1513.0,379.0
weibo,hgb_attributes,1.0,exposure_80,filtered_low,6,0.6601188260114172,0.3487179487179487,81.0,27.2,1.0,5673.0,840.0,5440.0,4531.4,908.6,1517.0,375.0
weibo,hgb_attributes,1.0,exposure_80,filtered_low,7,0.6817750454956847,0.21000000000000002,53.6,16.8,1.0,5674.0,840.0,5433.0,4529.6,903.4,1519.4,371.6
weibo,hgb_attributes,1.0,exposure_80,filtered_low,8,0.6867982129567095,0.3948051948051948,97.0,30.4,1.0,5674.0,840.0,5444.0,4547.2,896.8,1501.4,389.6
weibo,hgb_attributes,1.0,exposure_80,filtered_low,9,0.673743717309577,0.39230769230769236,93.6,30.6,1.0,5673.0,840.0,5440.0,4535.8,904.2,1512.6,379.4
weibo,hgb_attributes,1.0,exposure_80,full_random,0,0.15,0.0025,0.8,0.2,0.2,5674.0,840.0,5433.0,4532.6,900.4,1516.2,374.8
weibo,hgb_attributes,1.0,exposure_80,full_random,1,0.0,0.0,0.0,0.0,0.0,5674.0,840.0,5440.0,4540.4,899.6,1507.2,383.8
weibo,hgb_attributes,1.0,exposure_80,full_random,2,0.0,0.0,0.0,0.0,0.0,5674.0,840.0,5440.0,4535.4,904.6,1511.8,379.2
weibo,hgb_attributes,1.0,exposure_80,full_random,3,0.0,0.0,0.0,0.0,0.0,5674.0,840.0,5433.0,4546.6,886.4,1500.8,390.2
weibo,hgb_attributes,1.0,exposure_80,full_random,4,0.0,0.0,0.0,0.0,0.0,5674.0,840.0,5444.0,4529.6,914.4,1518.0,373.0
weibo,hgb_attributes,1.0,exposure_80,full_random,5,0.0,0.0,0.0,0.0,0.0,5673.0,840.0,5434.0,4535.4,898.6,1513.0,379.0
weibo,hgb_attributes,1.0,exposure_80,full_random,6,0.0,0.0,0.0,0.0,0.0,5673.0,840.0,5440.0,4531.4,908.6,1517.0,375.0
weibo,hgb_attributes,1.0,exposure_80,full_random,7,0.0,0.0,0.0,0.0,0.0,5674.0,840.0,5433.0,4529.6,903.4,1519.4,371.6
weibo,hgb_attributes,1.0,exposure_80,full_random,8,0.0,0.0,0.0,0.0,0.0,5674.0,840.0,5444.0,4547.2,896.8,1501.4,389.6
weibo,hgb_attributes,1.0,exposure_80,full_random,9,0.0,0.0,0.0,0.0,0.0,5673.0,840.0,5440.0,4535.8,904.2,1512.6,379.4
weibo,hgb_attributes,1.0,exposure_80,stratified,0,0.0,0.0,0.0,0.0,0.0,5674.0,840.0,5433.0,4532.6,900.4,1516.2,374.8
weibo,hgb_attributes,1.0,exposure_80,stratified,1,0.0,0.0,0.0,0.0,0.0,5674.0,840.0,5440.0,4540.4,899.6,1507.2,383.8
weibo,hgb_attributes,1.0,exposure_80,stratified,2,0.0,0.0,0.0,0.0,0.0,5674.0,840.0,5440.0,4535.4,904.6,1511.8,379.2
weibo,hgb_attributes,1.0,exposure_80,stratified,3,0.0,0.0,0.0,0.0,0.0,5674.0,840.0,5433.0,4546.6,886.4,1500.8,390.2
weibo,hgb_attributes,1.0,exposure_80,stratified,4,0.0,0.0,0.0,0.0,0.0,5674.0,840.0,5444.0,4529.6,914.4,1518.0,373.0
weibo,hgb_attributes,1.0,exposure_80,stratified,5,0.0,0.0,0.0,0.0,0.0,5673.0,840.0,5434.0,4535.4,898.6,1513.0,379.0
weibo,hgb_attributes,1.0,exposure_80,stratified,6,0.0,0.0,0.0,0.0,0.0,5673.0,840.0,5440.0,4531.4,908.6,1517.0,375.0
weibo,hgb_attributes,1.0,exposure_80,stratified,7,0.0,0.0,0.0,0.0,0.0,5674.0,840.0,5433.0,4529.6,903.4,1519.4,371.6
weibo,hgb_attributes,1.0,exposure_80,stratified,8,0.0,0.0,0.0,0.0,0.0,5674.0,840.0,5444.0,4547.2,896.8,1501.4,389.6
weibo,hgb_attributes,1.0,exposure_80,stratified,9,0.0,0.0,0.0,0.0,0.0,5673.0,840.0,5440.0,4535.8,904.2,1512.6,379.4
weibo,hgb_attributes,1.0,zero_exposure,filtered_low,0,0.6741116820824143,0.42000000000000004,103.2,33.6,1.0,5674.0,840.0,5433.0,4085.2,1347.8,1375.0,516.0
weibo,hgb_attributes,1.0,zero_exposure,filtered_low,1,0.6759350725194199,0.2,49.4,15.6,1.0,5674.0,840.0,5440.0,3980.2,1459.8,1319.0,572.0
weibo,hgb_attributes,1.0,zero_exposure,filtered_low,2,0.6781397166823596,0.3948717948717949,96.0,30.8,1.0,5674.0,840.0,5440.0,3999.0,1441.0,1325.2,565.8
weibo,hgb_attributes,1.0,zero_exposure,filtered_low,3,0.6707575519569933,0.4625,112.4,37.0,1.0,5674.0,840.0,5433.0,3987.8,1445.2,1321.4,569.6
weibo,hgb_attributes,1.0,zero_exposure,filtered_low,4,0.7034799456147797,0.41558441558441556,107.8,32.0,1.0,5674.0,840.0,5444.0,4027.8,1416.2,1348.0,543.0
weibo,hgb_attributes,1.0,zero_exposure,filtered_low,5,0.6559388787412532,0.425,98.8,34.0,1.0,5673.0,840.0,5434.0,3940.2,1493.8,1319.4,572.6
weibo,hgb_attributes,1.0,zero_exposure,filtered_low,6,0.655420467748481,0.34615384615384615,79.2,27.0,1.0,5673.0,840.0,5440.0,4021.4,1418.6,1342.4,549.6
weibo,hgb_attributes,1.0,zero_exposure,filtered_low,7,0.6746821857368944,0.20249999999999999,50.8,16.2,1.0,5674.0,840.0,5433.0,3977.2,1455.8,1336.8,554.2
weibo,hgb_attributes,1.0,zero_exposure,filtered_low,8,0.6973732969121403,0.42597402597402595,107.8,32.8,1.0,5674.0,840.0,5444.0,3970.4,1473.6,1309.0,582.0
weibo,hgb_attributes,1.0,zero_exposure,filtered_low,9,0.6677486151840991,0.4153846153846154,97.4,32.4,1.0,5673.0,840.0,5440.0,4051.0,1389.0,1346.4,545.6
weibo,hgb_attributes,1.0,zero_exposure,full_random,0,0.15,0.0025,0.8,0.2,0.2,5674.0,840.0,5433.0,4085.2,1347.8,1375.0,516.0
weibo,hgb_attributes,1.0,zero_exposure,full_random,1,0.0,0.0,0.0,0.0,0.0,5674.0,840.0,5440.0,3980.2,1459.8,1319.0,572.0
weibo,hgb_attributes,1.0,zero_exposure,full_random,2,0.0,0.0,0.0,0.0,0.0,5674.0,840.0,5440.0,3999.0,1441.0,1325.2,565.8
weibo,hgb_attributes,1.0,zero_exposure,full_random,3,0.0,0.0,0.0,0.0,0.0,5674.0,840.0,5433.0,3987.8,1445.2,1321.4,569.6
weibo,hgb_attributes,1.0,zero_exposure,full_random,4,0.0,0.0,0.0,0.0,0.0,5674.0,840.0,5444.0,4027.8,1416.2,1348.0,543.0
weibo,hgb_attributes,1.0,zero_exposure,full_random,5,0.0,0.0,0.0,0.0,0.0,5673.0,840.0,5434.0,3940.2,1493.8,1319.4,572.6
weibo,hgb_attributes,1.0,zero_exposure,full_random,6,0.0,0.0,0.0,0.0,0.0,5673.0,840.0,5440.0,4021.4,1418.6,1342.4,549.6
weibo,hgb_attributes,1.0,zero_exposure,full_random,7,0.0,0.0,0.0,0.0,0.0,5674.0,840.0,5433.0,3977.2,1455.8,1336.8,554.2
weibo,hgb_attributes,1.0,zero_exposure,full_random,8,0.0,0.0,0.0,0.0,0.0,5674.0,840.0,5444.0,3970.4,1473.6,1309.0,582.0
weibo,hgb_attributes,1.0,zero_exposure,full_random,9,0.0,0.0,0.0,0.0,0.0,5673.0,840.0,5440.0,4051.0,1389.0,1346.4,545.6
weibo,hgb_attributes,1.0,zero_exposure,stratified,0,0.0,0.0,0.0,0.0,0.0,5674.0,840.0,5433.0,4085.2,1347.8,1375.0,516.0
weibo,hgb_attributes,1.0,zero_exposure,stratified,1,0.0,0.0,0.0,0.0,0.0,5674.0,840.0,5440.0,3980.2,1459.8,1319.0,572.0
weibo,hgb_attributes,1.0,zero_exposure,stratified,2,0.0,0.0,0.0,0.0,0.0,5674.0,840.0,5440.0,3999.0,1441.0,1325.2,565.8
weibo,hgb_attributes,1.0,zero_exposure,stratified,3,0.0,0.0,0.0,0.0,0.0,5674.0,840.0,5433.0,3987.8,1445.2,1321.4,569.6
weibo,hgb_attributes,1.0,zero_exposure,stratified,4,0.0,0.0,0.0,0.0,0.0,5674.0,840.0,5444.0,4027.8,1416.2,1348.0,543.0
weibo,hgb_attributes,1.0,zero_exposure,stratified,5,0.0,0.0,0.0,0.0,0.0,5673.0,840.0,5434.0,3940.2,1493.8,1319.4,572.6
weibo,hgb_attributes,1.0,zero_exposure,stratified,6,0.0,0.0,0.0,0.0,0.0,5673.0,840.0,5440.0,4021.4,1418.6,1342.4,549.6
weibo,hgb_attributes,1.0,zero_exposure,stratified,7,0.0,0.0,0.0,0.0,0.0,5674.0,840.0,5433.0,3977.2,1455.8,1336.8,554.2
weibo,hgb_attributes,1.0,zero_exposure,stratified,8,0.0,0.0,0.0,0.0,0.0,5674.0,840.0,5444.0,3970.4,1473.6,1309.0,582.0
weibo,hgb_attributes,1.0,zero_exposure,stratified,9,0.0,0.0,0.0,0.0,0.0,5673.0,840.0,5440.0,4051.0,1389.0,1346.4,545.6
weibo,hgb_graph_features,0.25,exposure_80,filtered_low,0,0.624240523439396,0.42000000000000004,89.6,33.6,1.0,1413.6,840.0,1354.8,1128.8,226.0,1518.4,372.6
weibo,hgb_graph_features,0.25,exposure_80,filtered_low,1,0.6747887202083778,0.517948717948718,124.8,40.4,1.0,1422.0,840.0,1363.4,1136.6,226.8,1509.4,381.6
weibo,hgb_graph_features,0.25,exposure_80,filtered_low,2,0.6887903964253302,0.8307692307692308,208.2,64.8,1.0,1431.8,840.0,1369.4,1138.4,231.0,1509.4,381.6
weibo,hgb_graph_features,0.25,exposure_80,filtered_low,3,0.662701402076995,0.5599999999999999,134.4,44.8,1.0,1440.4,840.0,1375.8,1143.4,232.4,1509.6,381.4
weibo,hgb_graph_features,0.25,exposure_80,filtered_low,4,0.6770278755229873,0.7428571428571429,177.4,57.2,1.0,1405.6,840.0,1342.4,1115.2,227.2,1519.8,371.2
weibo,hgb_graph_features,0.25,exposure_80,filtered_low,5,0.6514318811833666,0.595,138.2,47.6,1.0,1399.4,840.0,1337.8,1112.0,225.8,1514.4,377.6
weibo,hgb_graph_features,0.25,exposure_80,filtered_low,6,0.6702561967592434,0.7487179487179487,177.8,58.4,1.0,1425.6,840.0,1366.8,1142.8,224.0,1501.8,390.2
weibo,hgb_graph_features,0.25,exposure_80,filtered_low,7,0.6394535049781862,0.585,129.4,46.8,1.0,1406.8,840.0,1347.6,1109.4,238.2,1523.8,367.2
weibo,hgb_graph_features,0.25,exposure_80,filtered_low,8,0.7146244650626059,0.7454545454545454,201.6,57.4,1.0,1433.8,840.0,1375.8,1151.4,224.4,1505.8,385.2
weibo,hgb_graph_features,0.25,exposure_80,filtered_low,9,0.652272400653239,0.558974358974359,126.4,43.6,1.0,1375.0,840.0,1317.6,1091.8,225.8,1516.6,375.4
weibo,hgb_graph_features,0.25,exposure_80,full_random,0,0.0,0.0,0.0,0.0,0.0,1413.6,840.0,1354.8,1128.8,226.0,1518.4,372.6
weibo,hgb_graph_features,0.25,exposure_80,full_random,1,0.0,0.0,0.0,0.0,0.0,1422.0,840.0,1363.4,1136.6,226.8,1509.4,381.6
weibo,hgb_graph_features,0.25,exposure_80,full_random,2,0.0,0.0,0.0,0.0,0.0,1431.8,840.0,1369.4,1138.4,231.0,1509.4,381.6
weibo,hgb_graph_features,0.25,exposure_80,full_random,3,0.0,0.0,0.0,0.0,0.0,1440.4,840.0,1375.8,1143.4,232.4,1509.6,381.4
weibo,hgb_graph_features,0.25,exposure_80,full_random,4,0.0,0.0,0.0,0.0,0.0,1405.6,840.0,1342.4,1115.2,227.2,1519.8,371.2
weibo,hgb_graph_features,0.25,exposure_80,full_random,5,0.0,0.0,0.0,0.0,0.0,1399.4,840.0,1337.8,1112.0,225.8,1514.4,377.6
weibo,hgb_graph_features,0.25,exposure_80,full_random,6,0.0,0.0,0.0,0.0,0.0,1425.6,840.0,1366.8,1142.8,224.0,1501.8,390.2
weibo,hgb_graph_features,0.25,exposure_80,full_random,7,0.0,0.0,0.0,0.0,0.0,1406.8,840.0,1347.6,1109.4,238.2,1523.8,367.2
weibo,hgb_graph_features,0.25,exposure_80,full_random,8,0.0,0.0,0.0,0.0,0.0,1433.8,840.0,1375.8,1151.4,224.4,1505.8,385.2
weibo,hgb_graph_features,0.25,exposure_80,full_random,9,0.0,0.0,0.0,0.0,0.0,1375.0,840.0,1317.6,1091.8,225.8,1516.6,375.4
weibo,hgb_graph_features,0.25,exposure_80,stratified,0,0.0,0.0,0.0,0.0,0.0,1413.6,840.0,1354.8,1128.8,226.0,1518.4,372.6
weibo,hgb_graph_features,0.25,exposure_80,stratified,1,0.0,0.0,0.0,0.0,0.0,1422.0,840.0,1363.4,1136.6,226.8,1509.4,381.6
weibo,hgb_graph_features,0.25,exposure_80,stratified,2,0.0,0.0,0.0,0.0,0.0,1431.8,840.0,1369.4,1138.4,231.0,1509.4,381.6
weibo,hgb_graph_features,0.25,exposure_80,stratified,3,0.0,0.0,0.0,0.0,0.0,1440.4,840.0,1375.8,1143.4,232.4,1509.6,381.4
weibo,hgb_graph_features,0.25,exposure_80,stratified,4,0.0,0.0,0.0,0.0,0.0,1405.6,840.0,1342.4,1115.2,227.2,1519.8,371.2
weibo,hgb_graph_features,0.25,exposure_80,stratified,5,0.0,0.0,0.0,0.0,0.0,1399.4,840.0,1337.8,1112.0,225.8,1514.4,377.6
weibo,hgb_graph_features,0.25,exposure_80,stratified,6,0.0,0.0,0.0,0.0,0.0,1425.6,840.0,1366.8,1142.8,224.0,1501.8,390.2
weibo,hgb_graph_features,0.25,exposure_80,stratified,7,0.0,0.0,0.0,0.0,0.0,1406.8,840.0,1347.6,1109.4,238.2,1523.8,367.2
weibo,hgb_graph_features,0.25,exposure_80,stratified,8,0.0,0.0,0.0,0.0,0.0,1433.8,840.0,1375.8,1151.4,224.4,1505.8,385.2
weibo,hgb_graph_features,0.25,exposure_80,stratified,9,0.0,0.0,0.0,0.0,0.0,1375.0,840.0,1317.6,1091.8,225.8,1516.6,375.4
weibo,hgb_graph_features,0.25,zero_exposure,filtered_low,0,0.6267303193577634,0.41500000000000004,89.2,33.2,1.0,1413.6,840.0,1354.8,1174.8,180.0,1581.4,309.6
weibo,hgb_graph_features,0.25,zero_exposure,filtered_low,1,0.6720109424305999,0.5410256410256411,129.6,42.2,1.0,1422.0,840.0,1363.4,1163.4,200.0,1549.2,341.8
weibo,hgb_graph_features,0.25,zero_exposure,filtered_low,2,0.6876305687054977,0.8153846153846154,203.8,63.6,1.0,1431.8,840.0,1369.4,1139.0,230.4,1507.8,383.2
weibo,hgb_graph_features,0.25,zero_exposure,filtered_low,3,0.6656011551037053,0.5675,138.0,45.4,1.0,1440.4,840.0,1375.8,1152.4,223.4,1512.6,378.4
weibo,hgb_graph_features,0.25,zero_exposure,filtered_low,4,0.6764891553014584,0.7402597402597403,176.4,57.0,1.0,1405.6,840.0,1342.4,1072.2,270.2,1461.6,429.4
weibo,hgb_graph_features,0.25,zero_exposure,filtered_low,5,0.6538909237535451,0.5825,136.6,46.6,1.0,1399.4,840.0,1337.8,1084.8,253.0,1474.8,417.2
weibo,hgb_graph_features,0.25,zero_exposure,filtered_low,6,0.6720841682922207,0.7512820512820513,179.4,58.6,1.0,1425.6,840.0,1366.8,1178.8,188.0,1566.4,325.6
weibo,hgb_graph_features,0.25,zero_exposure,filtered_low,7,0.6394535049781862,0.585,129.4,46.8,1.0,1406.8,840.0,1347.6,1148.4,199.2,1571.2,319.8
weibo,hgb_graph_features,0.25,zero_exposure,filtered_low,8,0.7154062612009238,0.7454545454545454,202.4,57.4,1.0,1433.8,840.0,1375.8,1117.2,258.6,1451.4,439.6
weibo,hgb_graph_features,0.25,zero_exposure,filtered_low,9,0.6533947351089068,0.5512820512820513,125.0,43.0,1.0,1375.0,840.0,1317.6,1124.4,193.2,1567.0,325.0
weibo,hgb_graph_features,0.25,zero_exposure,full_random,0,0.0,0.0,0.0,0.0,0.0,1413.6,840.0,1354.8,1174.8,180.0,1581.4,309.6
weibo,hgb_graph_features,0.25,zero_exposure,full_random,1,0.0,0.0,0.0,0.0,0.0,1422.0,840.0,1363.4,1163.4,200.0,1549.2,341.8
weibo,hgb_graph_features,0.25,zero_exposure,full_random,2,0.0,0.0,0.0,0.0,0.0,1431.8,840.0,1369.4,1139.0,230.4,1507.8,383.2
weibo,hgb_graph_features,0.25,zero_exposure,full_random,3,0.0,0.0,0.0,0.0,0.0,1440.4,840.0,1375.8,1152.4,223.4,1512.6,378.4
weibo,hgb_graph_features,0.25,zero_exposure,full_random,4,0.0,0.0,0.0,0.0,0.0,1405.6,840.0,1342.4,1072.2,270.2,1461.6,429.4
weibo,hgb_graph_features,0.25,zero_exposure,full_random,5,0.0,0.0,0.0,0.0,0.0,1399.4,840.0,1337.8,1084.8,253.0,1474.8,417.2
weibo,hgb_graph_features,0.25,zero_exposure,full_random,6,0.0,0.0,0.0,0.0,0.0,1425.6,840.0,1366.8,1178.8,188.0,1566.4,325.6
weibo,hgb_graph_features,0.25,zero_exposure,full_random,7,0.0,0.0,0.0,0.0,0.0,1406.8,840.0,1347.6,1148.4,199.2,1571.2,319.8
weibo,hgb_graph_features,0.25,zero_exposure,full_random,8,0.0,0.0,0.0,0.0,0.0,1433.8,840.0,1375.8,1117.2,258.6,1451.4,439.6
weibo,hgb_graph_features,0.25,zero_exposure,full_random,9,0.0,0.0,0.0,0.0,0.0,1375.0,840.0,1317.6,1124.4,193.2,1567.0,325.0
weibo,hgb_graph_features,0.25,zero_exposure,stratified,0,0.0,0.0,0.0,0.0,0.0,1413.6,840.0,1354.8,1174.8,180.0,1581.4,309.6
weibo,hgb_graph_features,0.25,zero_exposure,stratified,1,0.0,0.0,0.0,0.0,0.0,1422.0,840.0,1363.4,1163.4,200.0,1549.2,341.8
weibo,hgb_graph_features,0.25,zero_exposure,stratified,2,0.0,0.0,0.0,0.0,0.0,1431.8,840.0,1369.4,1139.0,230.4,1507.8,383.2
weibo,hgb_graph_features,0.25,zero_exposure,stratified,3,0.0,0.0,0.0,0.0,0.0,1440.4,840.0,1375.8,1152.4,223.4,1512.6,378.4
weibo,hgb_graph_features,0.25,zero_exposure,stratified,4,0.0,0.0,0.0,0.0,0.0,1405.6,840.0,1342.4,1072.2,270.2,1461.6,429.4
weibo,hgb_graph_features,0.25,zero_exposure,stratified,5,0.0,0.0,0.0,0.0,0.0,1399.4,840.0,1337.8,1084.8,253.0,1474.8,417.2
weibo,hgb_graph_features,0.25,zero_exposure,stratified,6,0.0,0.0,0.0,0.0,0.0,1425.6,840.0,1366.8,1178.8,188.0,1566.4,325.6
weibo,hgb_graph_features,0.25,zero_exposure,stratified,7,0.0,0.0,0.0,0.0,0.0,1406.8,840.0,1347.6,1148.4,199.2,1571.2,319.8
weibo,hgb_graph_features,0.25,zero_exposure,stratified,8,0.0,0.0,0.0,0.0,0.0,1433.8,840.0,1375.8,1117.2,258.6,1451.4,439.6
weibo,hgb_graph_features,0.25,zero_exposure,stratified,9,0.0,0.0,0.0,0.0,0.0,1375.0,840.0,1317.6,1124.4,193.2,1567.0,325.0
weibo,hgb_graph_features,0.5,exposure_80,filtered_low,0,0.6714756154087915,0.6675,163.6,53.4,1.0,2866.0,840.0,2746.4,2292.0,454.4,1517.8,373.2
weibo,hgb_graph_features,0.5,exposure_80,filtered_low,1,0.6968488829818538,0.7230769230769231,186.6,56.4,1.0,2854.4,840.0,2736.2,2284.2,452.0,1508.4,382.6
weibo,hgb_graph_features,0.5,exposure_80,filtered_low,2,0.6910914635759837,0.8333333333333334,210.8,65.0,1.0,2876.4,840.0,2757.6,2306.4,451.2,1506.2,384.8
weibo,hgb_graph_features,0.5,exposure_80,filtered_low,3,0.7043024817387898,0.8125,220.0,65.0,1.0,2855.2,840.0,2733.8,2271.6,462.2,1500.0,391.0
weibo,hgb_graph_features,0.5,exposure_80,filtered_low,4,0.6798900667707375,0.8103896103896104,196.8,62.4,1.0,2821.0,840.0,2699.4,2249.6,449.8,1517.4,373.6
weibo,hgb_graph_features,0.5,exposure_80,filtered_low,5,0.6653307628183176,0.7175,171.8,57.4,1.0,2796.2,840.0,2676.8,2243.2,433.6,1513.8,378.2
weibo,hgb_graph_features,0.5,exposure_80,filtered_low,6,0.6844977455517944,0.8538461538461538,211.6,66.6,1.0,2856.4,840.0,2738.2,2277.0,461.2,1514.4,377.6
weibo,hgb_graph_features,0.5,exposure_80,filtered_low,7,0.6668545239773401,0.8175000000000001,197.0,65.4,1.0,2832.2,840.0,2711.2,2251.0,460.2,1521.2,369.8
weibo,hgb_graph_features,0.5,exposure_80,filtered_low,8,0.7101558122904967,0.8389610389610389,223.8,64.6,1.0,2843.8,840.0,2728.6,2282.2,446.4,1505.6,385.4
weibo,hgb_graph_features,0.5,exposure_80,filtered_low,9,0.6685461207264036,0.6666666666666666,157.0,52.0,1.0,2800.0,840.0,2687.4,2235.2,452.2,1517.0,375.0
weibo,hgb_graph_features,0.5,exposure_80,full_random,0,0.0,0.0,0.0,0.0,0.0,2866.0,840.0,2746.4,2292.0,454.4,1517.8,373.2
weibo,hgb_graph_features,0.5,exposure_80,full_random,1,0.0,0.0,0.0,0.0,0.0,2854.4,840.0,2736.2,2284.2,452.0,1508.4,382.6
weibo,hgb_graph_features,0.5,exposure_80,full_random,2,0.0,0.0,0.0,0.0,0.0,2876.4,840.0,2757.6,2306.4,451.2,1506.2,384.8
weibo,hgb_graph_features,0.5,exposure_80,full_random,3,0.0,0.0,0.0,0.0,0.0,2855.2,840.0,2733.8,2271.6,462.2,1500.0,391.0
weibo,hgb_graph_features,0.5,exposure_80,full_random,4,0.0,0.0,0.0,0.0,0.0,2821.0,840.0,2699.4,2249.6,449.8,1517.4,373.6
weibo,hgb_graph_features,0.5,exposure_80,full_random,5,0.0,0.0,0.0,0.0,0.0,2796.2,840.0,2676.8,2243.2,433.6,1513.8,378.2
weibo,hgb_graph_features,0.5,exposure_80,full_random,6,0.0,0.0,0.0,0.0,0.0,2856.4,840.0,2738.2,2277.0,461.2,1514.4,377.6
weibo,hgb_graph_features,0.5,exposure_80,full_random,7,0.0,0.0,0.0,0.0,0.0,2832.2,840.0,2711.2,2251.0,460.2,1521.2,369.8
weibo,hgb_graph_features,0.5,exposure_80,full_random,8,0.0,0.0,0.0,0.0,0.0,2843.8,840.0,2728.6,2282.2,446.4,1505.6,385.4
weibo,hgb_graph_features,0.5,exposure_80,full_random,9,0.0,0.0,0.0,0.0,0.0,2800.0,840.0,2687.4,2235.2,452.2,1517.0,375.0
weibo,hgb_graph_features,0.5,exposure_80,stratified,0,0.0,0.0,0.0,0.0,0.0,2866.0,840.0,2746.4,2292.0,454.4,1517.8,373.2
weibo,hgb_graph_features,0.5,exposure_80,stratified,1,0.0,0.0,0.0,0.0,0.0,2854.4,840.0,2736.2,2284.2,452.0,1508.4,382.6
weibo,hgb_graph_features,0.5,exposure_80,stratified,2,0.0,0.0,0.0,0.0,0.0,2876.4,840.0,2757.6,2306.4,451.2,1506.2,384.8
weibo,hgb_graph_features,0.5,exposure_80,stratified,3,0.0,0.0,0.0,0.0,0.0,2855.2,840.0,2733.8,2271.6,462.2,1500.0,391.0
weibo,hgb_graph_features,0.5,exposure_80,stratified,4,0.0,0.0,0.0,0.0,0.0,2821.0,840.0,2699.4,2249.6,449.8,1517.4,373.6
weibo,hgb_graph_features,0.5,exposure_80,stratified,5,0.0,0.0,0.0,0.0,0.0,2796.2,840.0,2676.8,2243.2,433.6,1513.8,378.2
weibo,hgb_graph_features,0.5,exposure_80,stratified,6,0.0,0.0,0.0,0.0,0.0,2856.4,840.0,2738.2,2277.0,461.2,1514.4,377.6
weibo,hgb_graph_features,0.5,exposure_80,stratified,7,0.0,0.0,0.0,0.0,0.0,2832.2,840.0,2711.2,2251.0,460.2,1521.2,369.8
weibo,hgb_graph_features,0.5,exposure_80,stratified,8,0.0,0.0,0.0,0.0,0.0,2843.8,840.0,2728.6,2282.2,446.4,1505.6,385.4
weibo,hgb_graph_features,0.5,exposure_80,stratified,9,0.0,0.0,0.0,0.0,0.0,2800.0,840.0,2687.4,2235.2,452.2,1517.0,375.0
weibo,hgb_graph_features,0.5,zero_exposure,filtered_low,0,0.6704667275875088,0.6675,163.0,53.4,1.0,2866.0,840.0,2746.4,2247.8,498.6,1490.2,400.8
weibo,hgb_graph_features,0.5,zero_exposure,filtered_low,1,0.6943231253907938,0.7230769230769231,185.2,56.4,1.0,2854.4,840.0,2736.2,2166.2,570.0,1431.6,459.4
weibo,hgb_graph_features,0.5,zero_exposure,filtered_low,2,0.6907988214355154,0.8333333333333334,210.6,65.0,1.0,2876.4,840.0,2757.6,2141.6,616.0,1399.4,491.6
weibo,hgb_graph_features,0.5,zero_exposure,filtered_low,3,0.70337949948056,0.8125,219.4,65.0,1.0,2855.2,840.0,2733.8,2157.0,576.8,1423.6,467.4
weibo,hgb_graph_features,0.5,zero_exposure,filtered_low,4,0.6803700346991974,0.7948051948051948,193.0,61.2,1.0,2821.0,840.0,2699.4,2107.4,592.0,1421.0,470.0
weibo,hgb_graph_features,0.5,zero_exposure,filtered_low,5,0.6627566868909296,0.6975,165.8,55.8,1.0,2796.2,840.0,2676.8,2093.8,583.0,1410.8,481.2
weibo,hgb_graph_features,0.5,zero_exposure,filtered_low,6,0.6840525171355227,0.8461538461538461,209.4,66.0,1.0,2856.4,840.0,2738.2,2222.8,515.4,1475.2,416.8
weibo,hgb_graph_features,0.5,zero_exposure,filtered_low,7,0.6654170452166703,0.8150000000000001,195.6,65.2,1.0,2832.2,840.0,2711.2,2174.6,536.6,1471.0,420.0
weibo,hgb_graph_features,0.5,zero_exposure,filtered_low,8,0.7120472860801409,0.8285714285714285,222.4,63.8,1.0,2843.8,840.0,2728.6,2124.8,603.8,1393.2,497.8
weibo,hgb_graph_features,0.5,zero_exposure,filtered_low,9,0.6656858275285175,0.6641025641025641,155.2,51.8,1.0,2800.0,840.0,2687.4,2181.8,505.6,1483.0,409.0
weibo,hgb_graph_features,0.5,zero_exposure,full_random,0,0.0,0.0,0.0,0.0,0.0,2866.0,840.0,2746.4,2247.8,498.6,1490.2,400.8
weibo,hgb_graph_features,0.5,zero_exposure,full_random,1,0.0,0.0,0.0,0.0,0.0,2854.4,840.0,2736.2,2166.2,570.0,1431.6,459.4
weibo,hgb_graph_features,0.5,zero_exposure,full_random,2,0.0,0.0,0.0,0.0,0.0,2876.4,840.0,2757.6,2141.6,616.0,1399.4,491.6
weibo,hgb_graph_features,0.5,zero_exposure,full_random,3,0.0,0.0,0.0,0.0,0.0,2855.2,840.0,2733.8,2157.0,576.8,1423.6,467.4
weibo,hgb_graph_features,0.5,zero_exposure,full_random,4,0.0,0.0,0.0,0.0,0.0,2821.0,840.0,2699.4,2107.4,592.0,1421.0,470.0
weibo,hgb_graph_features,0.5,zero_exposure,full_random,5,0.0,0.0,0.0,0.0,0.0,2796.2,840.0,2676.8,2093.8,583.0,1410.8,481.2
weibo,hgb_graph_features,0.5,zero_exposure,full_random,6,0.0,0.0,0.0,0.0,0.0,2856.4,840.0,2738.2,2222.8,515.4,1475.2,416.8
weibo,hgb_graph_features,0.5,zero_exposure,full_random,7,0.0,0.0,0.0,0.0,0.0,2832.2,840.0,2711.2,2174.6,536.6,1471.0,420.0
weibo,hgb_graph_features,0.5,zero_exposure,full_random,8,0.0,0.0,0.0,0.0,0.0,2843.8,840.0,2728.6,2124.8,603.8,1393.2,497.8
weibo,hgb_graph_features,0.5,zero_exposure,full_random,9,0.0,0.0,0.0,0.0,0.0,2800.0,840.0,2687.4,2181.8,505.6,1483.0,409.0
weibo,hgb_graph_features,0.5,zero_exposure,stratified,0,0.0,0.0,0.0,0.0,0.0,2866.0,840.0,2746.4,2247.8,498.6,1490.2,400.8
weibo,hgb_graph_features,0.5,zero_exposure,stratified,1,0.0,0.0,0.0,0.0,0.0,2854.4,840.0,2736.2,2166.2,570.0,1431.6,459.4
weibo,hgb_graph_features,0.5,zero_exposure,stratified,2,0.0,0.0,0.0,0.0,0.0,2876.4,840.0,2757.6,2141.6,616.0,1399.4,491.6
weibo,hgb_graph_features,0.5,zero_exposure,stratified,3,0.0,0.0,0.0,0.0,0.0,2855.2,840.0,2733.8,2157.0,576.8,1423.6,467.4
weibo,hgb_graph_features,0.5,zero_exposure,stratified,4,0.0,0.0,0.0,0.0,0.0,2821.0,840.0,2699.4,2107.4,592.0,1421.0,470.0
weibo,hgb_graph_features,0.5,zero_exposure,stratified,5,0.0,0.0,0.0,0.0,0.0,2796.2,840.0,2676.8,2093.8,583.0,1410.8,481.2
weibo,hgb_graph_features,0.5,zero_exposure,stratified,6,0.0,0.0,0.0,0.0,0.0,2856.4,840.0,2738.2,2222.8,515.4,1475.2,416.8
weibo,hgb_graph_features,0.5,zero_exposure,stratified,7,0.0,0.0,0.0,0.0,0.0,2832.2,840.0,2711.2,2174.6,536.6,1471.0,420.0
weibo,hgb_graph_features,0.5,zero_exposure,stratified,8,0.0,0.0,0.0,0.0,0.0,2843.8,840.0,2728.6,2124.8,603.8,1393.2,497.8
weibo,hgb_graph_features,0.5,zero_exposure,stratified,9,0.0,0.0,0.0,0.0,0.0,2800.0,840.0,2687.4,2181.8,505.6,1483.0,409.0
weibo,hgb_graph_features,1.0,exposure_80,filtered_low,0,0.6831478324315016,0.8074999999999999,204.6,64.6,1.0,5674.0,840.0,5433.0,4532.6,900.4,1516.2,374.8
weibo,hgb_graph_features,1.0,exposure_80,filtered_low,1,0.7038795288833007,0.8153846153846154,215.6,63.6,1.0,5674.0,840.0,5440.0,4540.4,899.6,1507.2,383.8
weibo,hgb_graph_features,1.0,exposure_80,filtered_low,2,0.6905566192212196,0.841025641025641,212.2,65.6,1.0,5674.0,840.0,5440.0,4535.4,904.6,1511.8,379.2
weibo,hgb_graph_features,1.0,exposure_80,filtered_low,3,0.7090348814995512,0.865,238.2,69.2,1.0,5674.0,840.0,5433.0,4546.6,886.4,1500.8,390.2
weibo,hgb_graph_features,1.0,exposure_80,filtered_low,4,0.7048534377650734,0.8831168831168832,232.0,68.0,1.0,5674.0,840.0,5444.0,4529.6,914.4,1518.0,373.0
weibo,hgb_graph_features,1.0,exposure_80,filtered_low,5,0.6753910046770051,0.7725,190.2,61.8,1.0,5673.0,840.0,5434.0,4535.4,898.6,1513.0,379.0
weibo,hgb_graph_features,1.0,exposure_80,filtered_low,6,0.7039511410045011,0.9102564102564102,240.4,71.0,1.0,5673.0,840.0,5440.0,4531.4,908.6,1517.0,375.0
weibo,hgb_graph_features,1.0,exposure_80,filtered_low,7,0.6855239166043645,0.8675,221.2,69.4,1.0,5674.0,840.0,5433.0,4529.6,903.4,1519.4,371.6
weibo,hgb_graph_features,1.0,exposure_80,filtered_low,8,0.7248703777901333,0.8805194805194805,246.8,67.8,1.0,5674.0,840.0,5444.0,4547.2,896.8,1501.4,389.6
weibo,hgb_graph_features,1.0,exposure_80,filtered_low,9,0.693339569807979,0.7897435897435898,201.8,61.6,1.0,5673.0,840.0,5440.0,4535.8,904.2,1512.6,379.4
weibo,hgb_graph_features,1.0,exposure_80,full_random,0,0.0,0.0,0.0,0.0,0.0,5674.0,840.0,5433.0,4532.6,900.4,1516.2,374.8
weibo,hgb_graph_features,1.0,exposure_80,full_random,1,0.0,0.0,0.0,0.0,0.0,5674.0,840.0,5440.0,4540.4,899.6,1507.2,383.8
weibo,hgb_graph_features,1.0,exposure_80,full_random,2,0.0,0.0,0.0,0.0,0.0,5674.0,840.0,5440.0,4535.4,904.6,1511.8,379.2
weibo,hgb_graph_features,1.0,exposure_80,full_random,3,0.0,0.0,0.0,0.0,0.0,5674.0,840.0,5433.0,4546.6,886.4,1500.8,390.2
weibo,hgb_graph_features,1.0,exposure_80,full_random,4,0.0,0.0,0.0,0.0,0.0,5674.0,840.0,5444.0,4529.6,914.4,1518.0,373.0
weibo,hgb_graph_features,1.0,exposure_80,full_random,5,0.0,0.0,0.0,0.0,0.0,5673.0,840.0,5434.0,4535.4,898.6,1513.0,379.0
weibo,hgb_graph_features,1.0,exposure_80,full_random,6,0.0,0.0,0.0,0.0,0.0,5673.0,840.0,5440.0,4531.4,908.6,1517.0,375.0
weibo,hgb_graph_features,1.0,exposure_80,full_random,7,0.0,0.0,0.0,0.0,0.0,5674.0,840.0,5433.0,4529.6,903.4,1519.4,371.6
weibo,hgb_graph_features,1.0,exposure_80,full_random,8,0.0,0.0,0.0,0.0,0.0,5674.0,840.0,5444.0,4547.2,896.8,1501.4,389.6
weibo,hgb_graph_features,1.0,exposure_80,full_random,9,0.0,0.0,0.0,0.0,0.0,5673.0,840.0,5440.0,4535.8,904.2,1512.6,379.4
weibo,hgb_graph_features,1.0,exposure_80,stratified,0,0.0,0.0,0.0,0.0,0.0,5674.0,840.0,5433.0,4532.6,900.4,1516.2,374.8
weibo,hgb_graph_features,1.0,exposure_80,stratified,1,0.0,0.0,0.0,0.0,0.0,5674.0,840.0,5440.0,4540.4,899.6,1507.2,383.8
weibo,hgb_graph_features,1.0,exposure_80,stratified,2,0.0,0.0,0.0,0.0,0.0,5674.0,840.0,5440.0,4535.4,904.6,1511.8,379.2
weibo,hgb_graph_features,1.0,exposure_80,stratified,3,0.0,0.0,0.0,0.0,0.0,5674.0,840.0,5433.0,4546.6,886.4,1500.8,390.2
weibo,hgb_graph_features,1.0,exposure_80,stratified,4,0.0,0.0,0.0,0.0,0.0,5674.0,840.0,5444.0,4529.6,914.4,1518.0,373.0
weibo,hgb_graph_features,1.0,exposure_80,stratified,5,0.0,0.0,0.0,0.0,0.0,5673.0,840.0,5434.0,4535.4,898.6,1513.0,379.0
weibo,hgb_graph_features,1.0,exposure_80,stratified,6,0.0,0.0,0.0,0.0,0.0,5673.0,840.0,5440.0,4531.4,908.6,1517.0,375.0
weibo,hgb_graph_features,1.0,exposure_80,stratified,7,0.0,0.0,0.0,0.0,0.0,5674.0,840.0,5433.0,4529.6,903.4,1519.4,371.6
weibo,hgb_graph_features,1.0,exposure_80,stratified,8,0.0,0.0,0.0,0.0,0.0,5674.0,840.0,5444.0,4547.2,896.8,1501.4,389.6
weibo,hgb_graph_features,1.0,exposure_80,stratified,9,0.0,0.0,0.0,0.0,0.0,5673.0,840.0,5440.0,4535.8,904.2,1512.6,379.4
weibo,hgb_graph_features,1.0,zero_exposure,filtered_low,0,0.6823047859271949,0.78,197.2,62.4,1.0,5674.0,840.0,5433.0,4085.2,1347.8,1375.0,516.0
weibo,hgb_graph_features,1.0,zero_exposure,filtered_low,1,0.6983759806473885,0.7846153846153847,204.4,61.2,1.0,5674.0,840.0,5440.0,3980.2,1459.8,1319.0,572.0
weibo,hgb_graph_features,1.0,zero_exposure,filtered_low,2,0.6904429347923494,0.823076923076923,207.8,64.2,1.0,5674.0,840.0,5440.0,3999.0,1441.0,1325.2,565.8
weibo,hgb_graph_features,1.0,zero_exposure,filtered_low,3,0.7136688770054203,0.8699999999999999,243.4,69.6,1.0,5674.0,840.0,5433.0,3987.8,1445.2,1321.4,569.6
weibo,hgb_graph_features,1.0,zero_exposure,filtered_low,4,0.6993639307209641,0.8701298701298701,224.6,67.0,1.0,5674.0,840.0,5444.0,4027.8,1416.2,1348.0,543.0
weibo,hgb_graph_features,1.0,zero_exposure,filtered_low,5,0.6710608758536113,0.735,178.8,58.8,1.0,5673.0,840.0,5434.0,3940.2,1493.8,1319.4,572.6
weibo,hgb_graph_features,1.0,zero_exposure,filtered_low,6,0.6968138138913259,0.8974358974358975,231.0,70.0,1.0,5673.0,840.0,5440.0,4021.4,1418.6,1342.4,549.6
weibo,hgb_graph_features,1.0,zero_exposure,filtered_low,7,0.6791095509726488,0.8550000000000001,214.0,68.4,1.0,5674.0,840.0,5433.0,3977.2,1455.8,1336.8,554.2
weibo,hgb_graph_features,1.0,zero_exposure,filtered_low,8,0.7246424289006991,0.8831168831168832,247.2,68.0,1.0,5674.0,840.0,5444.0,3970.4,1473.6,1309.0,582.0
weibo,hgb_graph_features,1.0,zero_exposure,filtered_low,9,0.6898697729757756,0.7589743589743589,192.0,59.2,1.0,5673.0,840.0,5440.0,4051.0,1389.0,1346.4,545.6
weibo,hgb_graph_features,1.0,zero_exposure,full_random,0,0.0,0.0,0.0,0.0,0.0,5674.0,840.0,5433.0,4085.2,1347.8,1375.0,516.0
weibo,hgb_graph_features,1.0,zero_exposure,full_random,1,0.0,0.0,0.0,0.0,0.0,5674.0,840.0,5440.0,3980.2,1459.8,1319.0,572.0
weibo,hgb_graph_features,1.0,zero_exposure,full_random,2,0.0,0.0,0.0,0.0,0.0,5674.0,840.0,5440.0,3999.0,1441.0,1325.2,565.8
weibo,hgb_graph_features,1.0,zero_exposure,full_random,3,0.0,0.0,0.0,0.0,0.0,5674.0,840.0,5433.0,3987.8,1445.2,1321.4,569.6
weibo,hgb_graph_features,1.0,zero_exposure,full_random,4,0.0,0.0,0.0,0.0,0.0,5674.0,840.0,5444.0,4027.8,1416.2,1348.0,543.0
weibo,hgb_graph_features,1.0,zero_exposure,full_random,5,0.0,0.0,0.0,0.0,0.0,5673.0,840.0,5434.0,3940.2,1493.8,1319.4,572.6
weibo,hgb_graph_features,1.0,zero_exposure,full_random,6,0.0,0.0,0.0,0.0,0.0,5673.0,840.0,5440.0,4021.4,1418.6,1342.4,549.6
weibo,hgb_graph_features,1.0,zero_exposure,full_random,7,0.0,0.0,0.0,0.0,0.0,5674.0,840.0,5433.0,3977.2,1455.8,1336.8,554.2
weibo,hgb_graph_features,1.0,zero_exposure,full_random,8,0.0,0.0,0.0,0.0,0.0,5674.0,840.0,5444.0,3970.4,1473.6,1309.0,582.0
weibo,hgb_graph_features,1.0,zero_exposure,full_random,9,0.0,0.0,0.0,0.0,0.0,5673.0,840.0,5440.0,4051.0,1389.0,1346.4,545.6
weibo,hgb_graph_features,1.0,zero_exposure,stratified,0,0.0,0.0,0.0,0.0,0.0,5674.0,840.0,5433.0,4085.2,1347.8,1375.0,516.0
weibo,hgb_graph_features,1.0,zero_exposure,stratified,1,0.0,0.0,0.0,0.0,0.0,5674.0,840.0,5440.0,3980.2,1459.8,1319.0,572.0
weibo,hgb_graph_features,1.0,zero_exposure,stratified,2,0.0,0.0,0.0,0.0,0.0,5674.0,840.0,5440.0,3999.0,1441.0,1325.2,565.8
weibo,hgb_graph_features,1.0,zero_exposure,stratified,3,0.0,0.0,0.0,0.0,0.0,5674.0,840.0,5433.0,3987.8,1445.2,1321.4,569.6
weibo,hgb_graph_features,1.0,zero_exposure,stratified,4,0.0,0.0,0.0,0.0,0.0,5674.0,840.0,5444.0,4027.8,1416.2,1348.0,543.0
weibo,hgb_graph_features,1.0,zero_exposure,stratified,5,0.0,0.0,0.0,0.0,0.0,5673.0,840.0,5434.0,3940.2,1493.8,1319.4,572.6
weibo,hgb_graph_features,1.0,zero_exposure,stratified,6,0.0,0.0,0.0,0.0,0.0,5673.0,840.0,5440.0,4021.4,1418.6,1342.4,549.6
weibo,hgb_graph_features,1.0,zero_exposure,stratified,7,0.0,0.0,0.0,0.0,0.0,5674.0,840.0,5433.0,3977.2,1455.8,1336.8,554.2
weibo,hgb_graph_features,1.0,zero_exposure,stratified,8,0.0,0.0,0.0,0.0,0.0,5674.0,840.0,5444.0,3970.4,1473.6,1309.0,582.0
weibo,hgb_graph_features,1.0,zero_exposure,stratified,9,0.0,0.0,0.0,0.0,0.0,5673.0,840.0,5440.0,4051.0,1389.0,1346.4,545.6
