dataset,model,label_fraction,removed,method,seed,fdp,power,discoveries,nonempty,n_calib,pool_size
tfinance,hgb_attributes,0.25,0.0,exposure,0,0.09060119537009907,0.6465346534653464,288.0,1.0,6307.8,6307.8
tfinance,hgb_attributes,0.25,0.0,exposure,1,0.07450537154381982,0.651980198019802,284.8,1.0,6346.2,6346.2
tfinance,hgb_attributes,0.25,0.0,exposure,2,0.10763505412261558,0.6563725490196078,300.4,1.0,6350.0,6350.0
tfinance,hgb_attributes,0.25,0.0,exposure,3,0.0846415632069848,0.6502487562189054,285.6,1.0,6367.2,6367.2
tfinance,hgb_attributes,0.25,0.0,exposure,4,0.09244878558374506,0.6330049261083743,283.8,1.0,6327.8,6327.8
tfinance,hgb_attributes,0.25,0.0,exposure,5,0.12509591944848805,0.6745679012345679,313.0,1.0,6334.8,6334.8
tfinance,hgb_attributes,0.25,0.0,exposure,6,0.0791982523344234,0.6412776412776413,283.6,1.0,6311.8,6311.8
tfinance,hgb_attributes,0.25,0.0,exposure,7,0.10552302019552788,0.6556650246305418,297.6,1.0,6370.8,6370.8
tfinance,hgb_attributes,0.25,0.0,exposure,8,0.08599006611334523,0.6410891089108912,283.6,1.0,6364.4,6364.4
tfinance,hgb_attributes,0.25,0.0,exposure,9,0.08429459779293509,0.6534313725490196,291.2,1.0,6351.4,6351.4
tfinance,hgb_attributes,0.25,0.0,random,0,0.09060119537009907,0.6465346534653464,288.0,1.0,6307.8,6307.8
tfinance,hgb_attributes,0.25,0.0,random,1,0.07450537154381982,0.651980198019802,284.8,1.0,6346.2,6346.2
tfinance,hgb_attributes,0.25,0.0,random,2,0.10763505412261558,0.6563725490196078,300.4,1.0,6350.0,6350.0
tfinance,hgb_attributes,0.25,0.0,random,3,0.0846415632069848,0.6502487562189054,285.6,1.0,6367.2,6367.2
tfinance,hgb_attributes,0.25,0.0,random,4,0.09244878558374506,0.6330049261083743,283.8,1.0,6327.8,6327.8
tfinance,hgb_attributes,0.25,0.0,random,5,0.12509591944848805,0.6745679012345679,313.0,1.0,6334.8,6334.8
tfinance,hgb_attributes,0.25,0.0,random,6,0.0791982523344234,0.6412776412776413,283.6,1.0,6311.8,6311.8
tfinance,hgb_attributes,0.25,0.0,random,7,0.10552302019552788,0.6556650246305418,297.6,1.0,6370.8,6370.8
tfinance,hgb_attributes,0.25,0.0,random,8,0.08599006611334523,0.6410891089108912,283.6,1.0,6364.4,6364.4
tfinance,hgb_attributes,0.25,0.0,random,9,0.08429459779293509,0.6534313725490196,291.2,1.0,6351.4,6351.4
tfinance,hgb_attributes,0.25,0.05,exposure,0,0.0921497912177249,0.6495049504950494,289.8,1.0,5992.8,6307.8
tfinance,hgb_attributes,0.25,0.05,exposure,1,0.10668370400539637,0.6603960396039604,299.6,1.0,6029.2,6346.2
tfinance,hgb_attributes,0.25,0.05,exposure,2,0.12199198195940866,0.663235294117647,308.4,1.0,6032.8,6350.0
tfinance,hgb_attributes,0.25,0.05,exposure,3,0.11366064722462288,0.6686567164179105,303.4,1.0,6049.6,6367.2
tfinance,hgb_attributes,0.25,0.05,exposure,4,0.11099816219302956,0.6487684729064039,297.4,1.0,6012.0,6327.8
tfinance,hgb_attributes,0.25,0.05,exposure,5,0.1291589102807383,0.6745679012345678,315.0,1.0,6018.6,6334.8
tfinance,hgb_attributes,0.25,0.05,exposure,6,0.10453422644044581,0.6501228501228502,295.6,1.0,5996.6,6311.8
tfinance,hgb_attributes,0.25,0.05,exposure,7,0.12521654394457485,0.6699507389162562,311.36,1.0,6052.8,6370.8
tfinance,hgb_attributes,0.25,0.05,exposure,8,0.11130133396231359,0.6594059405940594,300.4,1.0,6046.6,6364.4
tfinance,hgb_attributes,0.25,0.05,exposure,9,0.10999905760963143,0.6666666666666666,306.2,1.0,6034.0,6351.4
tfinance,hgb_attributes,0.25,0.05,random,0,0.08689115325032257,0.6442673267326733,285.71999999999997,1.0,5992.8,6307.8
tfinance,hgb_attributes,0.25,0.05,random,1,0.07289388167961006,0.649930693069307,283.404,1.0,6029.2,6346.2
tfinance,hgb_attributes,0.25,0.05,random,2,0.10864593162600404,0.6573921568627451,301.20799999999997,1.0,6032.8,6350.0
tfinance,hgb_attributes,0.25,0.05,random,3,0.08490576418879771,0.6494825870646765,285.356,1.0,6049.6,6367.2
tfinance,hgb_attributes,0.25,0.05,random,4,0.09256086760089437,0.6341871921182266,284.37199999999996,1.0,6012.0,6327.8
tfinance,hgb_attributes,0.25,0.05,random,5,0.12315315904150821,0.6735802469135802,311.956,1.0,6018.6,6334.8
tfinance,hgb_attributes,0.25,0.05,random,6,0.08011782550074197,0.6385356265356265,282.68,1.0,5996.6,6311.8
tfinance,hgb_attributes,0.25,0.05,random,7,0.10504054321583034,0.6563152709359606,297.79200000000003,1.0,6052.8,6370.8
tfinance,hgb_attributes,0.25,0.05,random,8,0.08602515305437426,0.6404653465346535,283.352,1.0,6046.6,6364.4
tfinance,hgb_attributes,0.25,0.05,random,9,0.08359441077929262,0.6524705882352941,290.56800000000004,1.0,6034.0,6351.4
tfinance,hgb_attributes,0.25,0.1,exposure,0,0.09711867468962218,0.6524752475247524,292.8,1.0,5677.4,6307.8
tfinance,hgb_attributes,0.25,0.1,exposure,1,0.1113288724123345,0.6623762376237624,302.0,1.0,5712.0,6346.2
tfinance,hgb_attributes,0.25,0.1,exposure,2,0.12341031468075395,0.6656862745098039,310.2,1.0,5715.4,6350.0
tfinance,hgb_attributes,0.25,0.1,exposure,3,0.11381542289908823,0.6686567164179105,303.4,1.0,5731.0,6367.2
tfinance,hgb_attributes,0.25,0.1,exposure,4,0.11565437465003996,0.6527093596059113,301.0,1.0,5695.4,6327.8
tfinance,hgb_attributes,0.25,0.1,exposure,5,0.1340453013171119,0.6775308641975307,318.2,1.0,5701.8,6334.8
tfinance,hgb_attributes,0.25,0.1,exposure,6,0.11578163682401695,0.652088452088452,300.4,1.0,5681.0,6311.8
tfinance,hgb_attributes,0.25,0.1,exposure,7,0.12366651845378582,0.6709359605911331,311.2,1.0,5734.2,6370.8
tfinance,hgb_attributes,0.25,0.1,exposure,8,0.12174051217265189,0.6628712871287129,305.6,1.0,5728.4,6364.4
tfinance,hgb_attributes,0.25,0.1,exposure,9,0.11089590087323435,0.6671568627450981,306.8,1.0,5716.6,6351.4
tfinance,hgb_attributes,0.25,0.1,random,0,0.08554038963602782,0.6433663366336633,284.884,1.0,5677.4,6307.8
tfinance,hgb_attributes,0.25,0.1,random,1,0.07344242642860767,0.6498415841584159,283.572,1.0,5712.0,6346.2
tfinance,hgb_attributes,0.25,0.1,random,2,0.1074986285539005,0.6566372549019607,300.508,1.0,5715.4,6350.0
tfinance,hgb_attributes,0.25,0.1,random,3,0.08316284460908112,0.6472537313432836,283.86,1.0,5731.0,6367.2
tfinance,hgb_attributes,0.25,0.1,random,4,0.0921776588288725,0.6339507389162562,284.24,1.0,5695.4,6327.8
tfinance,hgb_attributes,0.25,0.1,random,5,0.1232134119941373,0.6734024691358025,311.94,1.0,5701.8,6334.8
tfinance,hgb_attributes,0.25,0.1,random,6,0.08040900746796756,0.6381523341523341,282.61199999999997,1.0,5681.0,6311.8
tfinance,hgb_attributes,0.25,0.1,random,7,0.1037300827319561,0.6555467980295566,297.02799999999996,1.0,5734.2,6370.8
tfinance,hgb_attributes,0.25,0.1,random,8,0.08618672945209535,0.6405148514851485,283.448,1.0,5728.4,6364.4
tfinance,hgb_attributes,0.25,0.1,random,9,0.08371865892131046,0.6521274509803922,290.488,1.0,5716.6,6351.4
tfinance,hgb_attributes,0.25,0.2,exposure,0,0.09000809134907549,0.6485148514851485,288.6,1.0,5046.6,6307.8
tfinance,hgb_attributes,0.25,0.2,exposure,1,0.11697047253566524,0.662871287128713,304.4,1.0,5077.4,6346.2
tfinance,hgb_attributes,0.25,0.2,exposure,2,0.1261500587328787,0.6661764705882354,311.4,1.0,5080.4,6350.0
tfinance,hgb_attributes,0.25,0.2,exposure,3,0.09923921266902144,0.6606965174129353,295.2,1.0,5094.2,6367.2
tfinance,hgb_attributes,0.25,0.2,exposure,4,0.11685304953726142,0.6532019704433498,301.8,1.0,5062.6,6327.8
tfinance,hgb_attributes,0.25,0.2,exposure,5,0.12502677858089448,0.6750617283950617,314.2,1.0,5068.0,6334.8
tfinance,hgb_attributes,0.25,0.2,exposure,6,0.11464777836976736,0.654054054054054,301.0,1.0,5050.0,6311.8
tfinance,hgb_attributes,0.25,0.2,exposure,7,0.12168474838847718,0.6699507389162562,310.0,1.0,5097.0,6370.8
tfinance,hgb_attributes,0.25,0.2,exposure,8,0.12980537214658444,0.666831683168317,311.0,1.0,5092.2,6364.4
tfinance,hgb_attributes,0.25,0.2,exposure,9,0.10947697372360363,0.664607843137255,305.15999999999997,1.0,5081.6,6351.4
tfinance,hgb_attributes,0.25,0.2,random,0,0.08442334016524569,0.6422376237623763,284.024,1.0,5046.6,6307.8
tfinance,hgb_attributes,0.25,0.2,random,1,0.07309752433952613,0.6490495049504951,283.18,1.0,5077.4,6346.2
tfinance,hgb_attributes,0.25,0.2,random,2,0.10721273817741424,0.656264705882353,300.276,1.0,5080.4,6350.0
tfinance,hgb_attributes,0.25,0.2,random,3,0.08377168286927764,0.6472835820895522,284.128,1.0,5094.2,6367.2
tfinance,hgb_attributes,0.25,0.2,random,4,0.09088467267805955,0.632975369458128,283.43199999999996,1.0,5062.6,6327.8
tfinance,hgb_attributes,0.25,0.2,random,5,0.12050274917681744,0.6728790123456789,310.784,1.0,5068.0,6334.8
tfinance,hgb_attributes,0.25,0.2,random,6,0.08078958465063264,0.6370417690417691,282.26,1.0,5050.0,6311.8
tfinance,hgb_attributes,0.25,0.2,random,7,0.10228207840414005,0.6545615763546798,296.17199999999997,1.0,5097.0,6370.8
tfinance,hgb_attributes,0.25,0.2,random,8,0.08604221545753397,0.6402673267326733,283.304,1.0,5092.2,6364.4
tfinance,hgb_attributes,0.25,0.2,random,9,0.08199263777756967,0.6513725490196078,289.652,1.0,5081.6,6351.4
tfinance,hgb_attributes,0.25,0.4,exposure,0,0.06651920840602792,0.6311881188118813,273.4,1.0,3785.0,6307.8
tfinance,hgb_attributes,0.25,0.4,exposure,1,0.09564341884049445,0.6539603960396041,293.4,1.0,3808.2,6346.2
tfinance,hgb_attributes,0.25,0.4,exposure,2,0.09691478444283028,0.6495098039215687,293.6,1.0,3810.4,6350.0
tfinance,hgb_attributes,0.25,0.4,exposure,3,0.08071741441227806,0.6442786069651741,282.2,1.0,3820.8,6367.2
tfinance,hgb_attributes,0.25,0.4,exposure,4,0.10017828344940768,0.6413793103448275,290.4,1.0,3797.2,6327.8
tfinance,hgb_attributes,0.25,0.4,exposure,5,0.10991374710506266,0.6666666666666667,305.0,1.0,3801.2,6334.8
tfinance,hgb_attributes,0.25,0.4,exposure,6,0.10541145467966193,0.6442260442260442,294.4,1.0,3787.4,6311.8
tfinance,hgb_attributes,0.25,0.4,exposure,7,0.09658535401201099,0.6492610837438424,292.4,1.0,3823.0,6370.8
tfinance,hgb_attributes,0.25,0.4,exposure,8,0.08911789892520341,0.6430693069306931,285.8,1.0,3819.2,6364.4
tfinance,hgb_attributes,0.25,0.4,exposure,9,0.09633188222698971,0.6598039215686274,298.4,1.0,3811.4,6351.4
tfinance,hgb_attributes,0.25,0.4,random,0,0.08413732599028542,0.6411782178217822,283.576,1.0,3785.0,6307.8
tfinance,hgb_attributes,0.25,0.4,random,1,0.07383761878713524,0.6478910891089109,283.03599999999994,1.0,3808.2,6346.2
tfinance,hgb_attributes,0.25,0.4,random,2,0.10347668284490663,0.653607843137255,297.912,1.0,3810.4,6350.0
tfinance,hgb_attributes,0.25,0.4,random,3,0.08351755519965398,0.646905472636816,284.044,1.0,3820.8,6367.2
tfinance,hgb_attributes,0.25,0.4,random,4,0.09137129289014757,0.631832512315271,283.348,1.0,3797.2,6327.8
tfinance,hgb_attributes,0.25,0.4,random,5,0.11892244302598273,0.6719703703703702,309.896,1.0,3801.2,6334.8
tfinance,hgb_attributes,0.25,0.4,random,6,0.0811638557527214,0.635007371007371,281.624,1.0,3787.4,6311.8
tfinance,hgb_attributes,0.25,0.4,random,7,0.09874342805382379,0.6520788177339901,294.02,1.0,3823.0,6370.8
tfinance,hgb_attributes,0.25,0.4,random,8,0.08669331454314391,0.6407425742574258,283.808,1.0,3819.2,6364.4
tfinance,hgb_attributes,0.25,0.4,random,9,0.08397467757157524,0.651921568627451,290.712,1.0,3811.4,6351.4
tfinance,hgb_attributes,0.25,0.6,exposure,0,0.05087164613179975,0.6095247524752475,259.97200000000004,1.0,2523.4,6307.8
tfinance,hgb_attributes,0.25,0.6,exposure,1,0.050264355890156834,0.626950495049505,267.12,1.0,2538.8,6346.2
tfinance,hgb_attributes,0.25,0.6,exposure,2,0.07325955350420796,0.6350098039215687,279.776,1.0,2540.4,6350.0
tfinance,hgb_attributes,0.25,0.6,exposure,3,0.05216700518541888,0.6087860696517413,258.488,1.0,2547.4,6367.2
tfinance,hgb_attributes,0.25,0.6,exposure,4,0.06588581032052492,0.6021182266009852,262.044,1.0,2531.6,6327.8
tfinance,hgb_attributes,0.25,0.6,exposure,5,0.09005520919414838,0.6500543209876544,290.79200000000003,1.0,2534.2,6334.8
tfinance,hgb_attributes,0.25,0.6,exposure,6,0.08321366160835164,0.6288648648648648,280.524,1.0,2525.4,6311.8
tfinance,hgb_attributes,0.25,0.6,exposure,7,0.06539506320926505,0.6174187192118227,268.336,1.0,2548.8,6370.8
tfinance,hgb_attributes,0.25,0.6,exposure,8,0.07382909497710274,0.629970297029703,275.204,1.0,2546.2,6364.4
tfinance,hgb_attributes,0.25,0.6,exposure,9,0.0650543129138422,0.6413921568627451,280.20799999999997,1.0,2541.0,6351.4
tfinance,hgb_attributes,0.25,0.6,random,0,0.08077541997941864,0.6363960396039604,280.696,1.0,2523.4,6307.8
tfinance,hgb_attributes,0.25,0.6,random,1,0.07400936272524583,0.6450594059405941,282.156,1.0,2538.8,6346.2
tfinance,hgb_attributes,0.25,0.6,random,2,0.09894710969204673,0.650735294117647,295.26000000000005,1.0,2540.4,6350.0
tfinance,hgb_attributes,0.25,0.6,random,3,0.0854003191028765,0.6457910447761194,284.448,1.0,2547.4,6367.2
tfinance,hgb_attributes,0.25,0.6,random,4,0.09110229096674186,0.629231527093596,282.248,1.0,2531.6,6327.8
tfinance,hgb_attributes,0.25,0.6,random,5,0.11596601506862447,0.6696888888888888,307.892,1.0,2534.2,6334.8
tfinance,hgb_attributes,0.25,0.6,random,6,0.07894111764148487,0.6293759213759215,278.7,1.0,2525.4,6311.8
tfinance,hgb_attributes,0.25,0.6,random,7,0.09659054747985812,0.6481182266009853,291.88,1.0,2548.8,6370.8
tfinance,hgb_attributes,0.25,0.6,random,8,0.08915837960419634,0.6418217821782178,285.376,1.0,2546.2,6364.4
tfinance,hgb_attributes,0.25,0.6,random,9,0.08588756570232428,0.6509411764705881,291.296,1.0,2541.0,6351.4
tfinance,hgb_attributes,0.25,0.8,exposure,0,0.05052635237991663,0.6048613861386138,258.284,1.0,1261.8,6307.8
tfinance,hgb_attributes,0.25,0.8,exposure,1,0.05267107622433085,0.6131287128712872,262.672,1.0,1269.6,6346.2
tfinance,hgb_attributes,0.25,0.8,exposure,2,0.07177729229171917,0.6276764705882352,276.996,1.0,1270.4,6350.0
tfinance,hgb_attributes,0.25,0.8,exposure,3,0.05421022233365271,0.600686567164179,256.06399999999996,1.0,1274.0,6367.2
tfinance,hgb_attributes,0.25,0.8,exposure,4,0.06310143701196227,0.5866600985221675,255.56799999999998,1.0,1266.2,6327.8
tfinance,hgb_attributes,0.25,0.8,exposure,5,0.07905914071527839,0.6430913580246914,284.312,1.0,1267.4,6334.8
tfinance,hgb_attributes,0.25,0.8,exposure,6,0.07321487757603393,0.6185847665847666,273.14,1.0,1262.8,6311.8
tfinance,hgb_attributes,0.25,0.8,exposure,7,0.05916232235410292,0.605152709359606,262.096,1.0,1274.8,6370.8
tfinance,hgb_attributes,0.25,0.8,exposure,8,0.070837819276766,0.6225346534653464,271.692,1.0,1273.2,6364.4
tfinance,hgb_attributes,0.25,0.8,exposure,9,0.06287554373717902,0.6327450980392156,276.592,1.0,1270.8,6351.4
tfinance,hgb_attributes,0.25,0.8,random,0,0.07876382755409143,0.6299009900990098,277.776,1.0,1261.8,6307.8
tfinance,hgb_attributes,0.25,0.8,random,1,0.0721986109227792,0.6356534653465346,278.084,1.0,1269.6,6346.2
tfinance,hgb_attributes,0.25,0.8,random,2,0.09384450860108018,0.6439313725490197,291.15999999999997,1.0,1270.4,6350.0
tfinance,hgb_attributes,0.25,0.8,random,3,0.08635349656724875,0.6366467661691543,281.988,1.0,1274.0,6367.2
tfinance,hgb_attributes,0.25,0.8,random,4,0.08578273947227252,0.6153891625615764,275.288,1.0,1266.2,6327.8
tfinance,hgb_attributes,0.25,0.8,random,5,0.11744841603074214,0.6680493827160494,308.22799999999995,1.0,1267.4,6334.8
tfinance,hgb_attributes,0.25,0.8,random,6,0.07533255583371001,0.6185847665847666,273.84000000000003,1.0,1262.8,6311.8
tfinance,hgb_attributes,0.25,0.8,random,7,0.08815966557410605,0.6364433497536945,284.592,1.0,1274.8,6370.8
tfinance,hgb_attributes,0.25,0.8,random,8,0.08785571288293563,0.6364455445544555,283.256,1.0,1273.2,6364.4
tfinance,hgb_attributes,0.25,0.8,random,9,0.08042472127960866,0.6448921568627451,287.456,1.0,1270.8,6351.4
tfinance,hgb_attributes,0.25,0.9,exposure,0,0.04746634618576882,0.5685544554455445,243.44399999999996,0.9879999999999999,631.4,6307.8
tfinance,hgb_attributes,0.25,0.9,exposure,1,0.055223985919726146,0.5560099009900992,241.38400000000001,0.944,635.0,6346.2
tfinance,hgb_attributes,0.25,0.9,exposure,2,0.06249996050300608,0.5881666666666666,258.568,1.0,635.6,6350.0
tfinance,hgb_attributes,0.25,0.9,exposure,3,0.0474961664255665,0.5024577114427861,215.5,0.86,637.2,6367.2
tfinance,hgb_attributes,0.25,0.9,exposure,4,0.05332259906488292,0.5084926108374384,221.808,0.9,633.4,6327.8
tfinance,hgb_attributes,0.25,0.9,exposure,5,0.07750726482161578,0.5911111111111111,263.492,0.9279999999999999,634.0,6334.8
tfinance,hgb_attributes,0.25,0.9,exposure,6,0.068583462959636,0.5758329238329238,255.44,0.9640000000000001,631.8,6311.8
tfinance,hgb_attributes,0.25,0.9,exposure,7,0.05506854480306034,0.5146108374384237,225.26399999999998,0.86,637.6,6370.8
tfinance,hgb_attributes,0.25,0.9,exposure,8,0.05920687724791509,0.5494158415841583,239.23200000000003,0.916,637.0,6364.4
tfinance,hgb_attributes,0.25,0.9,exposure,9,0.056160032221943414,0.5769803921568627,252.58800000000002,0.9400000000000001,635.8,6351.4
tfinance,hgb_attributes,0.25,0.9,random,0,0.06783700200686413,0.5705049504950495,251.11599999999999,0.9480000000000001,631.4,6307.8
tfinance,hgb_attributes,0.25,0.9,random,1,0.07086045768288787,0.5768514851485149,254.98399999999998,0.952,635.0,6346.2
tfinance,hgb_attributes,0.25,0.9,random,2,0.08186819616489216,0.6189019607843138,277.648,1.0,635.6,6350.0
tfinance,hgb_attributes,0.25,0.9,random,3,0.08190685475631046,0.594318407960199,264.44,0.952,637.2,6367.2
tfinance,hgb_attributes,0.25,0.9,random,4,0.0667665114666218,0.5577536945812808,246.41199999999998,0.96,633.4,6327.8
tfinance,hgb_attributes,0.25,0.9,random,5,0.10558564062610958,0.6380740740740741,292.43999999999994,0.968,634.0,6334.8
tfinance,hgb_attributes,0.25,0.9,random,6,0.0655807415473651,0.5696609336609336,251.32399999999998,0.96,631.8,6311.8
tfinance,hgb_attributes,0.25,0.9,random,7,0.07961372346108625,0.5589261083743843,251.78000000000003,0.8879999999999999,637.6,6370.8
tfinance,hgb_attributes,0.25,0.9,random,8,0.08210480366111331,0.6108811881188119,271.98,0.984,637.0,6364.4
tfinance,hgb_attributes,0.25,0.9,random,9,0.07245059016515373,0.5952941176470589,265.224,0.9480000000000001,635.8,6351.4
tfinance,hgb_attributes,0.25,0.97,exposure,0,0.004795749980471246,0.009514851485148515,6.456,0.012,189.8,6307.8
tfinance,hgb_attributes,0.25,0.97,exposure,1,0.006728202369702288,0.012376237623762377,8.7,0.016,190.8,6346.2
tfinance,hgb_attributes,0.25,0.97,exposure,2,0.0018150087260034905,0.0030686274509803923,2.2920000000000003,0.004,191.2,6350.0
tfinance,hgb_attributes,0.25,0.97,exposure,3,0.00615294075559066,0.012338308457711443,8.075999999999999,0.016,191.6,6367.2
tfinance,hgb_attributes,0.25,0.97,exposure,4,0.004841996165282572,0.0089064039408867,6.064,0.012,190.4,6327.8
tfinance,hgb_attributes,0.25,0.97,exposure,5,0.010895450780177885,0.021441975308641975,14.284,0.028000000000000004,190.6,6334.8
tfinance,hgb_attributes,0.25,0.97,exposure,6,0.02073722469777669,0.036737100737100736,26.596000000000004,0.048,189.8,6311.8
tfinance,hgb_attributes,0.25,0.97,exposure,7,0.015447455124899154,0.030167487684729065,19.991999999999997,0.04,191.6,6370.8
tfinance,hgb_attributes,0.25,0.97,exposure,8,0.014151175366273435,0.027831683168316836,18.64,0.036,191.6,6364.4
tfinance,hgb_attributes,0.25,0.97,exposure,9,0.004126522485843418,0.009215686274509804,5.74,0.012,191.0,6351.4
tfinance,hgb_attributes,0.25,0.97,random,0,0.018133094018363015,0.037376237623762375,24.336000000000002,0.048,189.8,6307.8
tfinance,hgb_attributes,0.25,0.97,random,1,0.011136337616204278,0.021138613861386137,14.408000000000001,0.028000000000000004,190.8,6346.2
tfinance,hgb_attributes,0.25,0.97,random,2,0.0028204975272745347,0.0062352941176470585,3.94,0.008,191.2,6350.0
tfinance,hgb_attributes,0.25,0.97,random,3,0.007388572026249457,0.015393034825870646,9.824000000000002,0.02,191.6,6367.2
tfinance,hgb_attributes,0.25,0.97,random,4,0.0012810457516339868,0.0030738916256157637,1.8359999999999999,0.004,190.4,6327.8
tfinance,hgb_attributes,0.25,0.97,random,5,0.013886932945058869,0.027456790123456788,18.16,0.036,190.6,6334.8
tfinance,hgb_attributes,0.25,0.97,random,6,0.015730164856912036,0.030614250614250615,20.636000000000003,0.04,189.8,6311.8
tfinance,hgb_attributes,0.25,0.97,random,7,0.015282530397959663,0.031054187192118228,20.44,0.04,191.6,6370.8
tfinance,hgb_attributes,0.25,0.97,random,8,0.006733075906766172,0.012247524752475248,8.676,0.016,191.6,6364.4
tfinance,hgb_attributes,0.25,0.97,random,9,0.012768148486086695,0.027705882352941174,17.668,0.036,191.0,6351.4
tfinance,hgb_attributes,0.5,0.0,exposure,0,0.07880851244294099,0.6386138613861386,280.6,1.0,12618.4,12618.4
tfinance,hgb_attributes,0.5,0.0,exposure,1,0.07872032019858985,0.6534653465346535,287.0,1.0,12727.0,12727.0
tfinance,hgb_attributes,0.5,0.0,exposure,2,0.09578607872148512,0.6509803921568628,294.0,1.0,12687.8,12687.8
tfinance,hgb_attributes,0.5,0.0,exposure,3,0.09344569556788909,0.6537313432835822,290.2,1.0,12699.4,12699.4
tfinance,hgb_attributes,0.5,0.0,exposure,4,0.09683123128889107,0.6379310344827586,287.2,1.0,12677.6,12677.6
tfinance,hgb_attributes,0.5,0.0,exposure,5,0.11566484253442,0.6696296296296296,306.8,1.0,12651.0,12651.0
tfinance,hgb_attributes,0.5,0.0,exposure,6,0.08233652511528845,0.6393120393120393,283.6,1.0,12648.6,12648.6
tfinance,hgb_attributes,0.5,0.0,exposure,7,0.09319741384143436,0.6502463054187192,291.2,1.0,12696.8,12696.8
tfinance,hgb_attributes,0.5,0.0,exposure,8,0.10663504277732279,0.6544554455445545,296.4,1.0,12670.2,12670.2
tfinance,hgb_attributes,0.5,0.0,exposure,9,0.09135124925642049,0.657843137254902,295.4,1.0,12700.6,12700.6
tfinance,hgb_attributes,0.5,0.0,random,0,0.07880851244294099,0.6386138613861386,280.6,1.0,12618.4,12618.4
tfinance,hgb_attributes,0.5,0.0,random,1,0.07872032019858985,0.6534653465346535,287.0,1.0,12727.0,12727.0
tfinance,hgb_attributes,0.5,0.0,random,2,0.09578607872148512,0.6509803921568628,294.0,1.0,12687.8,12687.8
tfinance,hgb_attributes,0.5,0.0,random,3,0.09344569556788909,0.6537313432835822,290.2,1.0,12699.4,12699.4
tfinance,hgb_attributes,0.5,0.0,random,4,0.09683123128889107,0.6379310344827586,287.2,1.0,12677.6,12677.6
tfinance,hgb_attributes,0.5,0.0,random,5,0.11566484253442,0.6696296296296296,306.8,1.0,12651.0,12651.0
tfinance,hgb_attributes,0.5,0.0,random,6,0.08233652511528845,0.6393120393120393,283.6,1.0,12648.6,12648.6
tfinance,hgb_attributes,0.5,0.0,random,7,0.09319741384143436,0.6502463054187192,291.2,1.0,12696.8,12696.8
tfinance,hgb_attributes,0.5,0.0,random,8,0.10663504277732279,0.6544554455445545,296.4,1.0,12670.2,12670.2
tfinance,hgb_attributes,0.5,0.0,random,9,0.09135124925642049,0.657843137254902,295.4,1.0,12700.6,12700.6
tfinance,hgb_attributes,0.5,0.05,exposure,0,0.08768550996789774,0.6465346534653464,287.0,1.0,11988.0,12618.4
tfinance,hgb_attributes,0.5,0.05,exposure,1,0.10897426747454064,0.6653465346534653,302.0,1.0,12091.0,12727.0
tfinance,hgb_attributes,0.5,0.05,exposure,2,0.12001901820596157,0.6647058823529411,308.4,1.0,12053.8,12687.8
tfinance,hgb_attributes,0.5,0.05,exposure,3,0.11843665802850792,0.673134328358209,307.0,1.0,12064.8,12699.4
tfinance,hgb_attributes,0.5,0.05,exposure,4,0.11186351585780181,0.6532019704433497,299.4,1.0,12044.2,12677.6
tfinance,hgb_attributes,0.5,0.05,exposure,5,0.1297222432990111,0.6730864197530864,313.4,1.0,12018.8,12651.0
tfinance,hgb_attributes,0.5,0.05,exposure,6,0.10674878225555853,0.6491400491400492,295.8,1.0,12016.6,12648.6
tfinance,hgb_attributes,0.5,0.05,exposure,7,0.1177346584196487,0.6674876847290641,307.2,1.0,12062.4,12696.8
tfinance,hgb_attributes,0.5,0.05,exposure,8,0.13627289199931011,0.6717821782178219,315.0,1.0,12037.0,12670.2
tfinance,hgb_attributes,0.5,0.05,exposure,9,0.10879928186704704,0.6681372549019609,306.2,1.0,12066.0,12700.6
tfinance,hgb_attributes,0.5,0.05,random,0,0.07813636703061806,0.6382376237623762,280.256,1.0,11988.0,12618.4
tfinance,hgb_attributes,0.5,0.05,random,1,0.0787914017120396,0.6531881188118812,286.844,1.0,12091.0,12727.0
tfinance,hgb_attributes,0.5,0.05,random,2,0.09503411886395212,0.6506372549019608,293.588,1.0,12053.8,12687.8
tfinance,hgb_attributes,0.5,0.05,random,3,0.09168242723863042,0.6528258706467662,289.22799999999995,1.0,12064.8,12699.4
tfinance,hgb_attributes,0.5,0.05,random,4,0.09625628575395054,0.6378325123152708,287.028,1.0,12044.2,12677.6
tfinance,hgb_attributes,0.5,0.05,random,5,0.11689010152827602,0.6698962962962962,307.348,1.0,12018.8,12651.0
tfinance,hgb_attributes,0.5,0.05,random,6,0.08142984147516237,0.6388108108108108,283.1,1.0,12016.6,12648.6
tfinance,hgb_attributes,0.5,0.05,random,7,0.09560349292933744,0.6509556650246305,292.29200000000003,1.0,12062.4,12696.8
tfinance,hgb_attributes,0.5,0.05,random,8,0.10662007184246651,0.6548811881188119,296.648,1.0,12037.0,12670.2
tfinance,hgb_attributes,0.5,0.05,random,9,0.09036518110355238,0.6572843137254901,294.852,1.0,12066.0,12700.6
tfinance,hgb_attributes,0.5,0.1,exposure,0,0.10097291439705045,0.655940594059406,295.6,1.0,11357.0,12618.4
tfinance,hgb_attributes,0.5,0.1,exposure,1,0.11750729732549356,0.6683168316831682,306.2,1.0,11454.8,12727.0
tfinance,hgb_attributes,0.5,0.1,exposure,2,0.132746143171512,0.6715686274509804,316.2,1.0,11419.6,12687.8
tfinance,hgb_attributes,0.5,0.1,exposure,3,0.1177811948466321,0.6721393034825871,306.4,1.0,11430.0,12699.4
tfinance,hgb_attributes,0.5,0.1,exposure,4,0.12222972563349,0.6615763546798028,307.2,1.0,11410.2,12677.6
tfinance,hgb_attributes,0.5,0.1,exposure,5,0.13506088532922972,0.674074074074074,315.8,1.0,11386.2,12651.0
tfinance,hgb_attributes,0.5,0.1,exposure,6,0.12486580643843034,0.6560196560196561,305.2,1.0,11384.2,12648.6
tfinance,hgb_attributes,0.5,0.1,exposure,7,0.12087818135669712,0.6719211822660098,310.4,1.0,11427.6,12696.8
tfinance,hgb_attributes,0.5,0.1,exposure,8,0.1428476487704628,0.6747128712871288,318.76,1.0,11403.6,12670.2
tfinance,hgb_attributes,0.5,0.1,exposure,9,0.11971715990280347,0.6710784313725491,311.2,1.0,11431.0,12700.6
tfinance,hgb_attributes,0.5,0.1,random,0,0.07775422513922291,0.6381881188118812,280.144,1.0,11357.0,12618.4
tfinance,hgb_attributes,0.5,0.1,random,1,0.07872424737557099,0.6532079207920792,286.82399999999996,1.0,11454.8,12727.0
tfinance,hgb_attributes,0.5,0.1,random,2,0.09498187277965284,0.650578431372549,293.564,1.0,11419.6,12687.8
tfinance,hgb_attributes,0.5,0.1,random,3,0.09160220172580527,0.6524179104477612,289.028,1.0,11430.0,12699.4
tfinance,hgb_attributes,0.5,0.1,random,4,0.09626527802568159,0.6377931034482758,287.076,1.0,11410.2,12677.6
tfinance,hgb_attributes,0.5,0.1,random,5,0.11680550646648084,0.6701333333333334,307.43600000000004,1.0,11386.2,12651.0
tfinance,hgb_attributes,0.5,0.1,random,6,0.08135204814875319,0.6385061425061426,282.964,1.0,11384.2,12648.6
tfinance,hgb_attributes,0.5,0.1,random,7,0.09568556944497865,0.6511428571428572,292.404,1.0,11427.6,12696.8
tfinance,hgb_attributes,0.5,0.1,random,8,0.10616801405321637,0.6544752475247526,296.312,1.0,11403.6,12670.2
tfinance,hgb_attributes,0.5,0.1,random,9,0.09016682730701857,0.6574803921568628,294.87600000000003,1.0,11431.0,12700.6
tfinance,hgb_attributes,0.5,0.2,exposure,0,0.10689435505435066,0.6594059405940593,299.0,1.0,10095.2,12618.4
tfinance,hgb_attributes,0.5,0.2,exposure,1,0.12905208346469424,0.6722772277227723,312.2,1.0,10182.0,12727.0
tfinance,hgb_attributes,0.5,0.2,exposure,2,0.13478117581105242,0.6725490196078432,317.4,1.0,10150.6,12687.8
tfinance,hgb_attributes,0.5,0.2,exposure,3,0.11234076877042987,0.6675721393034826,302.56399999999996,1.0,10160.0,12699.4
tfinance,hgb_attributes,0.5,0.2,exposure,4,0.11458010588010484,0.6551724137931034,301.6,1.0,10142.6,12677.6
tfinance,hgb_attributes,0.5,0.2,exposure,5,0.13637418281937402,0.677037037037037,317.8,1.0,10121.0,12651.0
tfinance,hgb_attributes,0.5,0.2,exposure,6,0.12715980947379804,0.6555282555282556,305.8,1.0,10119.2,12648.6
tfinance,hgb_attributes,0.5,0.2,exposure,7,0.12262880688414542,0.6709359605911329,310.6,1.0,10157.8,12696.8
tfinance,hgb_attributes,0.5,0.2,exposure,8,0.1589874381122089,0.6797029702970298,327.2,1.0,10136.4,12670.2
tfinance,hgb_attributes,0.5,0.2,exposure,9,0.12237698096227315,0.6720588235294118,312.8,1.0,10161.0,12700.6
tfinance,hgb_attributes,0.5,0.2,random,0,0.07679708849965454,0.6375940594059406,279.592,1.0,10095.2,12618.4
tfinance,hgb_attributes,0.5,0.2,random,1,0.07808168383176244,0.6525247524752475,286.312,1.0,10182.0,12727.0
tfinance,hgb_attributes,0.5,0.2,random,2,0.09603966814128781,0.650735294117647,293.98,1.0,10150.6,12687.8
tfinance,hgb_attributes,0.5,0.2,random,3,0.09107497596908945,0.6522189054726368,288.756,1.0,10160.0,12699.4
tfinance,hgb_attributes,0.5,0.2,random,4,0.09615088492067256,0.6376453201970443,287.052,1.0,10142.6,12677.6
tfinance,hgb_attributes,0.5,0.2,random,5,0.11728883620342065,0.6701037037037036,307.616,1.0,10121.0,12651.0
tfinance,hgb_attributes,0.5,0.2,random,6,0.08178772301166201,0.6385454545454545,283.136,1.0,10119.2,12648.6
tfinance,hgb_attributes,0.5,0.2,random,7,0.09569425148472462,0.6509458128078818,292.36800000000005,1.0,10157.8,12696.8
tfinance,hgb_attributes,0.5,0.2,random,8,0.10536807325977193,0.6541782178217821,295.94,1.0,10136.4,12670.2
tfinance,hgb_attributes,0.5,0.2,random,9,0.0895177723641791,0.6566862745098039,294.348,1.0,10161.0,12700.6
tfinance,hgb_attributes,0.5,0.4,exposure,0,0.08333330077653534,0.6405940594059405,283.0,1.0,7571.4,12618.4
tfinance,hgb_attributes,0.5,0.4,exposure,1,0.10367841966322373,0.6643564356435644,300.2,1.0,7636.6,12727.0
tfinance,hgb_attributes,0.5,0.4,exposure,2,0.10969257016860723,0.657843137254902,301.6,1.0,7613.2,12687.8
tfinance,hgb_attributes,0.5,0.4,exposure,3,0.08809082352099794,0.6527363184079602,288.2,1.0,7620.2,12699.4
tfinance,hgb_attributes,0.5,0.4,exposure,4,0.10400746410788894,0.6433497536945814,292.6,1.0,7606.8,12677.6
tfinance,hgb_attributes,0.5,0.4,exposure,5,0.12138693596068953,0.671604938271605,310.0,1.0,7590.8,12651.0
tfinance,hgb_attributes,0.5,0.4,exposure,6,0.12136701838102963,0.654054054054054,303.2,1.0,7589.6,12648.6
tfinance,hgb_attributes,0.5,0.4,exposure,7,0.10251774601367784,0.6536945812807882,296.0,1.0,7618.6,12696.8
tfinance,hgb_attributes,0.5,0.4,exposure,8,0.1444989874818185,0.6757425742574258,319.8,1.0,7602.4,12670.2
tfinance,hgb_attributes,0.5,0.4,exposure,9,0.10552966009270286,0.6676470588235294,304.6,1.0,7620.6,12700.6
tfinance,hgb_attributes,0.5,0.4,random,0,0.07704328123295295,0.6369009900990099,279.44,1.0,7571.4,12618.4
tfinance,hgb_attributes,0.5,0.4,random,1,0.07871806467974873,0.651970297029703,286.308,1.0,7636.6,12727.0
tfinance,hgb_attributes,0.5,0.4,random,2,0.09564393461566209,0.6498137254901961,293.46799999999996,1.0,7613.2,12687.8
tfinance,hgb_attributes,0.5,0.4,random,3,0.09171247897254134,0.6527064676616915,289.188,1.0,7620.2,12699.4
tfinance,hgb_attributes,0.5,0.4,random,4,0.09482923052885801,0.6364729064039409,286.236,1.0,7606.8,12677.6
tfinance,hgb_attributes,0.5,0.4,random,5,0.11711341029206321,0.6701925925925926,307.64399999999995,1.0,7590.8,12651.0
tfinance,hgb_attributes,0.5,0.4,random,6,0.08302795129014479,0.6377886977886977,283.26800000000003,1.0,7589.6,12648.6
tfinance,hgb_attributes,0.5,0.4,random,7,0.09437956953506736,0.6500886699507389,291.62399999999997,1.0,7618.6,12696.8
tfinance,hgb_attributes,0.5,0.4,random,8,0.10575484842272523,0.654029702970297,296.04,1.0,7602.4,12670.2
tfinance,hgb_attributes,0.5,0.4,random,9,0.09009800467893656,0.6566372549019608,294.556,1.0,7620.6,12700.6
tfinance,hgb_attributes,0.5,0.6,exposure,0,0.05005408040957373,0.6138613861386139,261.6,1.0,5048.0,12618.4
tfinance,hgb_attributes,0.5,0.6,exposure,1,0.05484729197495771,0.6346534653465347,271.6,1.0,5091.2,12727.0
tfinance,hgb_attributes,0.5,0.6,exposure,2,0.07015621832452199,0.6313725490196078,277.0,1.0,5075.6,12687.8
tfinance,hgb_attributes,0.5,0.6,exposure,3,0.058036034704942605,0.6114427860696517,261.4,1.0,5080.2,12699.4
tfinance,hgb_attributes,0.5,0.6,exposure,4,0.07131463561142345,0.6064039408866996,265.8,1.0,5071.6,12677.6
tfinance,hgb_attributes,0.5,0.6,exposure,5,0.07371039920627791,0.649995061728395,284.48,1.0,5060.8,12651.0
tfinance,hgb_attributes,0.5,0.6,exposure,6,0.07324434139509947,0.6245700245700245,274.6,1.0,5059.8,12648.6
tfinance,hgb_attributes,0.5,0.6,exposure,7,0.060708372424442755,0.6152709359605912,266.2,1.0,5079.2,12696.8
tfinance,hgb_attributes,0.5,0.6,exposure,8,0.09650889139308536,0.6485148514851486,290.4,1.0,5068.4,12670.2
tfinance,hgb_attributes,0.5,0.6,exposure,9,0.07687925363597137,0.6495098039215687,287.0,1.0,5080.8,12700.6
tfinance,hgb_attributes,0.5,0.6,random,0,0.07594526556572756,0.6354653465346535,278.608,1.0,5048.0,12618.4
tfinance,hgb_attributes,0.5,0.6,random,1,0.07868010324595517,0.651,285.952,1.0,5091.2,12727.0
tfinance,hgb_attributes,0.5,0.6,random,2,0.09648793775532802,0.6495686274509803,293.784,1.0,5075.6,12687.8
tfinance,hgb_attributes,0.5,0.6,random,3,0.09183167761772867,0.6520298507462687,289.02,1.0,5080.2,12699.4
tfinance,hgb_attributes,0.5,0.6,random,4,0.09211197051141781,0.6337241379310345,284.23199999999997,1.0,5071.6,12677.6
tfinance,hgb_attributes,0.5,0.6,random,5,0.1155229793102072,0.6694024691358024,306.884,1.0,5060.8,12651.0
tfinance,hgb_attributes,0.5,0.6,random,6,0.08437713175139958,0.6365503685503686,283.252,1.0,5059.8,12648.6
tfinance,hgb_attributes,0.5,0.6,random,7,0.09419853622869792,0.6492610837438424,291.27200000000005,1.0,5079.2,12696.8
tfinance,hgb_attributes,0.5,0.6,random,8,0.10441148190625034,0.6533564356435644,295.432,1.0,5068.4,12670.2
tfinance,hgb_attributes,0.5,0.6,random,9,0.0909418706895803,0.6565294117647058,294.93600000000004,1.0,5080.8,12700.6
tfinance,hgb_attributes,0.5,0.8,exposure,0,0.05052788482977884,0.6054059405940594,258.304,1.0,2524.2,12618.4
tfinance,hgb_attributes,0.5,0.8,exposure,1,0.058622155130262955,0.6322871287128713,271.928,1.0,2545.8,12727.0
tfinance,hgb_attributes,0.5,0.8,exposure,2,0.06721248777908408,0.6272352941176471,274.64,1.0,2538.2,12687.8
tfinance,hgb_attributes,0.5,0.8,exposure,3,0.057677648597510345,0.6097114427860697,260.67600000000004,1.0,2540.4,12699.4
tfinance,hgb_attributes,0.5,0.8,exposure,4,0.06784425678597011,0.5981182266009852,261.344,1.0,2535.8,12677.6
tfinance,hgb_attributes,0.5,0.8,exposure,5,0.0744195306246361,0.6486814814814814,284.368,1.0,2530.6,12651.0
tfinance,hgb_attributes,0.5,0.8,exposure,6,0.06741929097280494,0.618958230958231,270.808,1.0,2530.2,12648.6
tfinance,hgb_attributes,0.5,0.8,exposure,7,0.05850344093160026,0.6059113300492611,261.844,1.0,2540.0,12696.8
tfinance,hgb_attributes,0.5,0.8,exposure,8,0.092482983347569,0.6442970297029703,287.62399999999997,1.0,2534.4,12670.2
tfinance,hgb_attributes,0.5,0.8,exposure,9,0.07272305259723483,0.6455098039215686,284.12,1.0,2540.4,12700.6
tfinance,hgb_attributes,0.5,0.8,random,0,0.07523013615391964,0.6319603960396039,277.16400000000004,1.0,2524.2,12618.4
tfinance,hgb_attributes,0.5,0.8,random,1,0.07881318529294909,0.6477029702970297,284.808,1.0,2545.8,12727.0
tfinance,hgb_attributes,0.5,0.8,random,2,0.09130883049043884,0.6444705882352941,290.12,1.0,2538.2,12687.8
tfinance,hgb_attributes,0.5,0.8,random,3,0.09091712819081371,0.648955223880597,287.74,1.0,2540.4,12699.4
tfinance,hgb_attributes,0.5,0.8,random,4,0.090015418433364,0.6255270935960591,280.452,1.0,2535.8,12677.6
tfinance,hgb_attributes,0.5,0.8,random,5,0.11335146125104142,0.6685827160493827,306.008,1.0,2530.6,12651.0
tfinance,hgb_attributes,0.5,0.8,random,6,0.08581487980944806,0.6332579852579853,282.71999999999997,1.0,2530.2,12648.6
tfinance,hgb_attributes,0.5,0.8,random,7,0.09173955415445621,0.6448669950738916,288.87600000000003,1.0,2540.0,12696.8
tfinance,hgb_attributes,0.5,0.8,random,8,0.1065721372326354,0.6535049504950494,296.512,1.0,2534.4,12670.2
tfinance,hgb_attributes,0.5,0.8,random,9,0.08761304527281111,0.6534509803921569,292.852,1.0,2540.4,12700.6
tfinance,hgb_attributes,0.5,0.9,exposure,0,0.047516628594615015,0.5928712871287128,252.56400000000002,1.0,1262.4,12618.4
tfinance,hgb_attributes,0.5,0.9,exposure,1,0.05886721895319651,0.6193960396039604,267.14,1.0,1273.2,12727.0
tfinance,hgb_attributes,0.5,0.9,exposure,2,0.0654919511313555,0.6180392156862744,270.912,1.0,1269.2,12687.8
tfinance,hgb_attributes,0.5,0.9,exposure,3,0.056254574962651516,0.6005373134328359,256.784,1.0,1270.4,12699.4
tfinance,hgb_attributes,0.5,0.9,exposure,4,0.06251291760592152,0.5848374384236453,254.748,1.0,1268.2,12677.6
tfinance,hgb_attributes,0.5,0.9,exposure,5,0.07186431545392596,0.6427851851851851,281.44,1.0,1265.6,12651.0
tfinance,hgb_attributes,0.5,0.9,exposure,6,0.06523220735369947,0.6109189189189189,267.29200000000003,1.0,1265.4,12648.6
tfinance,hgb_attributes,0.5,0.9,exposure,7,0.053673701713423394,0.592088669950739,255.18400000000003,0.992,1270.2,12696.8
tfinance,hgb_attributes,0.5,0.9,exposure,8,0.08822070761858163,0.6347029702970297,283.012,1.0,1267.4,12670.2
tfinance,hgb_attributes,0.5,0.9,exposure,9,0.07345480348434841,0.6427450980392158,283.7,1.0,1270.6,12700.6
tfinance,hgb_attributes,0.5,0.9,random,0,0.07104795123533549,0.6198118811881188,271.276,1.0,1262.4,12618.4
tfinance,hgb_attributes,0.5,0.9,random,1,0.07825869419255926,0.6405742574257426,282.044,1.0,1273.2,12727.0
tfinance,hgb_attributes,0.5,0.9,random,2,0.08631835882663794,0.6364215686274509,285.56,1.0,1269.2,12687.8
tfinance,hgb_attributes,0.5,0.9,random,3,0.09145078325789498,0.6422487562189054,285.816,1.0,1270.4,12699.4
tfinance,hgb_attributes,0.5,0.9,random,4,0.08575262393728814,0.6130541871921182,274.4,1.0,1268.2,12677.6
tfinance,hgb_attributes,0.5,0.9,random,5,0.10480207556116417,0.6625283950617284,300.976,1.0,1265.6,12651.0
tfinance,hgb_attributes,0.5,0.9,random,6,0.08079821299718229,0.6204520884520884,276.264,1.0,1265.4,12648.6
tfinance,hgb_attributes,0.5,0.9,random,7,0.0822934757331624,0.6299901477832511,279.944,1.0,1270.2,12696.8
tfinance,hgb_attributes,0.5,0.9,random,8,0.10219288395443198,0.6476435643564356,292.84000000000003,1.0,1267.4,12670.2
tfinance,hgb_attributes,0.5,0.9,random,9,0.08508311572159036,0.6474803921568628,290.008,1.0,1270.6,12700.6
tfinance,hgb_attributes,0.5,0.97,exposure,0,0.04260300435560591,0.3529108910891089,155.55599999999998,0.5599999999999999,379.0,12618.4
tfinance,hgb_attributes,0.5,0.97,exposure,1,0.05399456266752249,0.4645148514851485,204.13600000000002,0.736,382.4,12727.0
tfinance,hgb_attributes,0.5,0.97,exposure,2,0.054299748504843225,0.4476078431372549,199.04000000000002,0.712,381.0,12687.8
tfinance,hgb_attributes,0.5,0.97,exposure,3,0.05342026832734255,0.4329751243781095,189.712,0.696,381.6,12699.4
tfinance,hgb_attributes,0.5,0.97,exposure,4,0.05103035782030245,0.3544137931034483,159.34,0.572,380.8,12677.6
tfinance,hgb_attributes,0.5,0.97,exposure,5,0.060251157582098536,0.552483950617284,241.888,0.868,380.0,12651.0
tfinance,hgb_attributes,0.5,0.97,exposure,6,0.055937056237948105,0.4178673218673218,187.8,0.6679999999999999,380.0,12648.6
tfinance,hgb_attributes,0.5,0.97,exposure,7,0.04917568756512404,0.3919507389162561,174.168,0.628,381.4,12696.8
tfinance,hgb_attributes,0.5,0.97,exposure,8,0.07892889057814009,0.489,222.888,0.76,380.6,12670.2
tfinance,hgb_attributes,0.5,0.97,exposure,9,0.058299768945631894,0.5733431372549019,250.98000000000002,0.9119999999999999,381.6,12700.6
tfinance,hgb_attributes,0.5,0.97,random,0,0.06261845441387537,0.43111881188118806,194.28,0.6719999999999999,379.0,12618.4
tfinance,hgb_attributes,0.5,0.97,random,1,0.07110383723467043,0.5437821782178218,241.968,0.852,382.4,12727.0
tfinance,hgb_attributes,0.5,0.97,random,2,0.07267543495727014,0.5492156862745098,246.484,0.8640000000000001,381.0,12687.8
tfinance,hgb_attributes,0.5,0.97,random,3,0.07715161905166759,0.5235522388059701,234.56,0.8160000000000001,381.6,12699.4
tfinance,hgb_attributes,0.5,0.97,random,4,0.06450610241886127,0.40103448275862064,183.044,0.636,380.8,12677.6
tfinance,hgb_attributes,0.5,0.97,random,5,0.08785362816779269,0.609283950617284,274.70799999999997,0.9359999999999999,380.0,12651.0
tfinance,hgb_attributes,0.5,0.97,random,6,0.07126965666518623,0.46528746928746934,211.708,0.732,380.0,12648.6
tfinance,hgb_attributes,0.5,0.97,random,7,0.0644915373280683,0.4658423645320197,209.276,0.736,381.4,12696.8
tfinance,hgb_attributes,0.5,0.97,random,8,0.08690434678586752,0.573069306930693,259.456,0.8960000000000001,380.6,12670.2
tfinance,hgb_attributes,0.5,0.97,random,9,0.07130432625928532,0.5491666666666667,247.34,0.8560000000000001,381.6,12700.6
tfinance,hgb_attributes,1.0,0.0,exposure,0,0.07070303038009743,0.6361386138613861,276.8,1.0,25354.0,25354.0
tfinance,hgb_attributes,1.0,0.0,exposure,1,0.0777357453507747,0.6549504950495051,287.2,1.0,25354.0,25354.0
tfinance,hgb_attributes,1.0,0.0,exposure,2,0.10055112855525931,0.6519607843137254,296.0,1.0,25342.0,25342.0
tfinance,hgb_attributes,1.0,0.0,exposure,3,0.0913090685364894,0.6507462686567165,288.0,1.0,25359.0,25359.0
tfinance,hgb_attributes,1.0,0.0,exposure,4,0.10168697626847656,0.6467980295566502,292.6,1.0,25348.0,25348.0
tfinance,hgb_attributes,1.0,0.0,exposure,5,0.11199348946275993,0.6701234567901235,305.8,1.0,25351.0,25351.0
tfinance,hgb_attributes,1.0,0.0,exposure,6,0.08971784472544561,0.6422604422604422,287.2,1.0,25345.0,25345.0
tfinance,hgb_attributes,1.0,0.0,exposure,7,0.10253861178786124,0.654679802955665,296.2,1.0,25346.0,25346.0
tfinance,hgb_attributes,1.0,0.0,exposure,8,0.10336177297163034,0.651980198019802,294.0,1.0,25354.0,25354.0
tfinance,hgb_attributes,1.0,0.0,exposure,9,0.0964704627791255,0.6617647058823529,298.8,1.0,25343.0,25343.0
tfinance,hgb_attributes,1.0,0.0,random,0,0.07070303038009743,0.6361386138613861,276.8,1.0,25354.0,25354.0
tfinance,hgb_attributes,1.0,0.0,random,1,0.0777357453507747,0.6549504950495051,287.2,1.0,25354.0,25354.0
tfinance,hgb_attributes,1.0,0.0,random,2,0.10055112855525931,0.6519607843137254,296.0,1.0,25342.0,25342.0
tfinance,hgb_attributes,1.0,0.0,random,3,0.0913090685364894,0.6507462686567165,288.0,1.0,25359.0,25359.0
tfinance,hgb_attributes,1.0,0.0,random,4,0.10168697626847656,0.6467980295566502,292.6,1.0,25348.0,25348.0
tfinance,hgb_attributes,1.0,0.0,random,5,0.11199348946275993,0.6701234567901235,305.8,1.0,25351.0,25351.0
tfinance,hgb_attributes,1.0,0.0,random,6,0.08971784472544561,0.6422604422604422,287.2,1.0,25345.0,25345.0
tfinance,hgb_attributes,1.0,0.0,random,7,0.10253861178786124,0.654679802955665,296.2,1.0,25346.0,25346.0
tfinance,hgb_attributes,1.0,0.0,random,8,0.10336177297163034,0.651980198019802,294.0,1.0,25354.0,25354.0
tfinance,hgb_attributes,1.0,0.0,random,9,0.0964704627791255,0.6617647058823529,298.8,1.0,25343.0,25343.0
tfinance,hgb_attributes,1.0,0.05,exposure,0,0.10183537171374937,0.652970297029703,294.0,1.0,24087.0,25354.0
tfinance,hgb_attributes,1.0,0.05,exposure,1,0.11089659871633388,0.6673267326732673,303.4,1.0,24087.0,25354.0
tfinance,hgb_attributes,1.0,0.05,exposure,2,0.1253735804609028,0.6656862745098039,310.8,1.0,24075.0,25342.0
tfinance,hgb_attributes,1.0,0.05,exposure,3,0.12062378157641121,0.67363184079602,308.0,1.0,24092.0,25359.0
tfinance,hgb_attributes,1.0,0.05,exposure,4,0.13480060208503825,0.6665024630541871,313.2,1.0,24081.0,25348.0
tfinance,hgb_attributes,1.0,0.05,exposure,5,0.12757759220014792,0.6725925925925925,312.4,1.0,24084.0,25351.0
tfinance,hgb_attributes,1.0,0.05,exposure,6,0.12436590553497347,0.6545454545454545,304.4,1.0,24078.0,25345.0
tfinance,hgb_attributes,1.0,0.05,exposure,7,0.1273344445181926,0.6748768472906403,314.0,1.0,24079.0,25346.0
tfinance,hgb_attributes,1.0,0.05,exposure,8,0.1358800333514433,0.6732673267326732,315.2,1.0,24087.0,25354.0
tfinance,hgb_attributes,1.0,0.05,exposure,9,0.11674507338404314,0.6720588235294118,310.6,1.0,24076.0,25343.0
tfinance,hgb_attributes,1.0,0.05,random,0,0.07277184893370987,0.6365445544554456,277.65999999999997,1.0,24087.0,25354.0
tfinance,hgb_attributes,1.0,0.05,random,1,0.07869598152426999,0.6541188118811881,287.14,1.0,24087.0,25354.0
tfinance,hgb_attributes,1.0,0.05,random,2,0.09996383381971673,0.651892156862745,295.788,1.0,24075.0,25342.0
tfinance,hgb_attributes,1.0,0.05,random,3,0.09241171211276493,0.6512437810945274,288.6,1.0,24092.0,25359.0
tfinance,hgb_attributes,1.0,0.05,random,4,0.10143705508081764,0.6463054187192118,292.296,1.0,24081.0,25348.0
tfinance,hgb_attributes,1.0,0.05,random,5,0.11254782037363124,0.6698172839506173,305.84000000000003,1.0,24084.0,25351.0
tfinance,hgb_attributes,1.0,0.05,random,6,0.08997036564944798,0.6425061425061426,287.392,1.0,24078.0,25345.0
tfinance,hgb_attributes,1.0,0.05,random,7,0.10187361722169401,0.6539901477832513,295.664,1.0,24079.0,25346.0
tfinance,hgb_attributes,1.0,0.05,random,8,0.10489589119285245,0.6519999999999999,294.53200000000004,1.0,24087.0,25354.0
tfinance,hgb_attributes,1.0,0.05,random,9,0.0968030338751861,0.6620588235294117,299.052,1.0,24076.0,25343.0
tfinance,hgb_attributes,1.0,0.1,exposure,0,0.1130855394444771,0.6638613861386139,302.6,1.0,22819.0,25354.0
tfinance,hgb_attributes,1.0,0.1,exposure,1,0.12708870973509662,0.6698019801980198,310.2,1.0,22819.0,25354.0
tfinance,hgb_attributes,1.0,0.1,exposure,2,0.13600026726552472,0.675,319.2,1.0,22808.0,25342.0
tfinance,hgb_attributes,1.0,0.1,exposure,3,0.13029069202201093,0.6805970149253732,314.6,1.0,22824.0,25359.0
tfinance,hgb_attributes,1.0,0.1,exposure,4,0.15116943850810208,0.6784039408866995,324.832,1.0,22814.0,25348.0
tfinance,hgb_attributes,1.0,0.1,exposure,5,0.13605548913969837,0.6765432098765432,317.4,1.0,22816.0,25351.0
tfinance,hgb_attributes,1.0,0.1,exposure,6,0.1332269915031048,0.6638820638820639,311.8,1.0,22811.0,25345.0
tfinance,hgb_attributes,1.0,0.1,exposure,7,0.1342339126607631,0.6798029556650247,318.8,1.0,22812.0,25346.0
tfinance,hgb_attributes,1.0,0.1,exposure,8,0.15505430050580551,0.6801980198019801,325.6,1.0,22819.0,25354.0
tfinance,hgb_attributes,1.0,0.1,exposure,9,0.12497683362342057,0.6735294117647059,314.2,1.0,22809.0,25343.0
tfinance,hgb_attributes,1.0,0.1,random,0,0.07331534538050918,0.6366534653465348,277.87600000000003,1.0,22819.0,25354.0
tfinance,hgb_attributes,1.0,0.1,random,1,0.07865305148156818,0.6538712871287129,287.012,1.0,22819.0,25354.0
tfinance,hgb_attributes,1.0,0.1,random,2,0.09979237443813613,0.6516274509803921,295.608,1.0,22808.0,25342.0
tfinance,hgb_attributes,1.0,0.1,random,3,0.0920514133361387,0.6511144278606965,288.44,1.0,22824.0,25359.0
tfinance,hgb_attributes,1.0,0.1,random,4,0.10160877508867627,0.6463645320197045,292.396,1.0,22814.0,25348.0
tfinance,hgb_attributes,1.0,0.1,random,5,0.11231432734985392,0.6697283950617284,305.73199999999997,1.0,22816.0,25351.0
tfinance,hgb_attributes,1.0,0.1,random,6,0.09013894653537638,0.6424864864864865,287.444,1.0,22811.0,25345.0
tfinance,hgb_attributes,1.0,0.1,random,7,0.10149350410643468,0.6536748768472906,295.392,1.0,22812.0,25346.0
tfinance,hgb_attributes,1.0,0.1,random,8,0.10491562036655007,0.6521782178217822,294.63199999999995,1.0,22819.0,25354.0
tfinance,hgb_attributes,1.0,0.1,random,9,0.09631995907938469,0.6620686274509804,298.9,1.0,22809.0,25343.0
tfinance,hgb_attributes,1.0,0.2,exposure,0,0.12202273274747186,0.6688118811881189,308.0,1.0,20284.0,25354.0
tfinance,hgb_attributes,1.0,0.2,exposure,1,0.13798665100835383,0.6727722772277228,315.6,1.0,20284.0,25354.0
tfinance,hgb_attributes,1.0,0.2,exposure,2,0.14470180657331494,0.6769607843137255,323.6,1.0,20274.0,25342.0
tfinance,hgb_attributes,1.0,0.2,exposure,3,0.1292386217294343,0.6800995024875621,314.0,1.0,20288.0,25359.0
tfinance,hgb_attributes,1.0,0.2,exposure,4,0.1523930241507497,0.6783251231527094,325.4,1.0,20279.0,25348.0
tfinance,hgb_attributes,1.0,0.2,exposure,5,0.14059790237846034,0.6780246913580246,319.8,1.0,20281.0,25351.0
tfinance,hgb_attributes,1.0,0.2,exposure,6,0.14460928704627823,0.666830466830467,317.4,1.0,20276.0,25345.0
tfinance,hgb_attributes,1.0,0.2,exposure,7,0.1360487710942915,0.6812807881773398,320.2,1.0,20277.0,25346.0
tfinance,hgb_attributes,1.0,0.2,exposure,8,0.16057742888027587,0.6826732673267327,329.0,1.0,20284.0,25354.0
tfinance,hgb_attributes,1.0,0.2,exposure,9,0.13305925639056554,0.676470588235294,318.8,1.0,20275.0,25343.0
tfinance,hgb_attributes,1.0,0.2,random,0,0.07297926448420786,0.6369009900990099,277.88,1.0,20284.0,25354.0
tfinance,hgb_attributes,1.0,0.2,random,1,0.07907435742510019,0.6537326732673268,287.092,1.0,20284.0,25354.0
tfinance,hgb_attributes,1.0,0.2,random,2,0.10013826966834705,0.6514411764705882,295.656,1.0,20274.0,25342.0
tfinance,hgb_attributes,1.0,0.2,random,3,0.09168319673890578,0.6509154228855721,288.24,1.0,20288.0,25359.0
tfinance,hgb_attributes,1.0,0.2,random,4,0.10220248110708999,0.6464532019704434,292.676,1.0,20279.0,25348.0
tfinance,hgb_attributes,1.0,0.2,random,5,0.11234694097438651,0.6699358024691359,305.84000000000003,1.0,20281.0,25351.0
tfinance,hgb_attributes,1.0,0.2,random,6,0.09132096041501532,0.6428796068796069,288.01599999999996,1.0,20276.0,25345.0
tfinance,hgb_attributes,1.0,0.2,random,7,0.10143300245670843,0.6540295566502463,295.548,1.0,20277.0,25346.0
tfinance,hgb_attributes,1.0,0.2,random,8,0.10402342744209743,0.652029702970297,294.29200000000003,1.0,20284.0,25354.0
tfinance,hgb_attributes,1.0,0.2,random,9,0.09596181856720051,0.6617941176470588,298.672,1.0,20275.0,25343.0
tfinance,hgb_attributes,1.0,0.4,exposure,0,0.11613617855768195,0.6663366336633663,304.8,1.0,15213.0,25354.0
tfinance,hgb_attributes,1.0,0.4,exposure,1,0.12928224413023542,0.6732673267326732,312.6,1.0,15213.0,25354.0
tfinance,hgb_attributes,1.0,0.4,exposure,2,0.13750885618779232,0.6759803921568628,320.6,1.0,15206.0,25342.0
tfinance,hgb_attributes,1.0,0.4,exposure,3,0.11457057758072535,0.6686567164179105,303.8,1.0,15216.0,25359.0
tfinance,hgb_attributes,1.0,0.4,exposure,4,0.13674960101335595,0.6684729064039409,315.0,1.0,15209.0,25348.0
tfinance,hgb_attributes,1.0,0.4,exposure,5,0.1321916782217235,0.6750617283950617,315.4,1.0,15211.0,25351.0
tfinance,hgb_attributes,1.0,0.4,exposure,6,0.16274846779303967,0.6712530712530713,326.8,1.0,15207.0,25345.0
tfinance,hgb_attributes,1.0,0.4,exposure,7,0.1220228190447025,0.6709359605911331,310.4,1.0,15208.0,25346.0
tfinance,hgb_attributes,1.0,0.4,exposure,8,0.16235314597679754,0.6836633663366336,330.2,1.0,15213.0,25354.0
tfinance,hgb_attributes,1.0,0.4,exposure,9,0.11789848823959928,0.6720588235294118,311.0,1.0,15206.0,25343.0
tfinance,hgb_attributes,1.0,0.4,random,0,0.07339011499429618,0.6357623762376237,277.536,1.0,15213.0,25354.0
tfinance,hgb_attributes,1.0,0.4,random,1,0.07885926545021546,0.6530693069306931,286.756,1.0,15213.0,25354.0
tfinance,hgb_attributes,1.0,0.4,random,2,0.09976442365523183,0.6511960784313725,295.436,1.0,15206.0,25342.0
tfinance,hgb_attributes,1.0,0.4,random,3,0.0924120096399971,0.6515721393034826,288.79200000000003,1.0,15216.0,25359.0
tfinance,hgb_attributes,1.0,0.4,random,4,0.10205098638997097,0.6458029556650245,292.424,1.0,15209.0,25348.0
tfinance,hgb_attributes,1.0,0.4,random,5,0.11211670969586998,0.6694716049382716,305.584,1.0,15211.0,25351.0
tfinance,hgb_attributes,1.0,0.4,random,6,0.09272498231473521,0.6435577395577395,288.808,1.0,15207.0,25345.0
tfinance,hgb_attributes,1.0,0.4,random,7,0.10157644566747666,0.6541576354679803,295.692,1.0,15208.0,25346.0
tfinance,hgb_attributes,1.0,0.4,random,8,0.10387312759782327,0.6524455445544555,294.476,1.0,15213.0,25354.0
tfinance,hgb_attributes,1.0,0.4,random,9,0.09532770508061005,0.6609607843137255,298.108,1.0,15206.0,25343.0
tfinance,hgb_attributes,1.0,0.6,exposure,0,0.0754901245703153,0.6376237623762376,278.8,1.0,10142.0,25354.0
tfinance,hgb_attributes,1.0,0.6,exposure,1,0.06918220161330368,0.6495049504950495,282.0,1.0,10142.0,25354.0
tfinance,hgb_attributes,1.0,0.6,exposure,2,0.0899507594217245,0.6441176470588236,289.0,1.0,10137.0,25342.0
tfinance,hgb_attributes,1.0,0.6,exposure,3,0.07785311033861457,0.6398009950248756,279.0,1.0,10144.0,25359.0
tfinance,hgb_attributes,1.0,0.6,exposure,4,0.08801983330522582,0.6334975369458128,282.2,1.0,10140.0,25348.0
tfinance,hgb_attributes,1.0,0.6,exposure,5,0.08590288706189975,0.6592592592592592,292.4,1.0,10141.0,25351.0
tfinance,hgb_attributes,1.0,0.6,exposure,6,0.10914716307003555,0.6486486486486487,296.4,1.0,10138.0,25345.0
tfinance,hgb_attributes,1.0,0.6,exposure,7,0.07750498641954895,0.638423645320197,281.0,1.0,10139.0,25346.0
tfinance,hgb_attributes,1.0,0.6,exposure,8,0.12359522625276079,0.6638613861386139,306.2,1.0,10142.0,25354.0
tfinance,hgb_attributes,1.0,0.6,exposure,9,0.08785758665172377,0.6568627450980392,293.8,1.0,10138.0,25343.0
tfinance,hgb_attributes,1.0,0.6,random,0,0.07340287302089955,0.6352574257425743,277.43600000000004,1.0,10142.0,25354.0
tfinance,hgb_attributes,1.0,0.6,random,1,0.07774719497959344,0.6519207920792078,285.924,1.0,10142.0,25354.0
tfinance,hgb_attributes,1.0,0.6,random,2,0.0975923594562302,0.6495882352941177,294.06,1.0,10137.0,25342.0
tfinance,hgb_attributes,1.0,0.6,random,3,0.0935871423215125,0.6526766169154229,289.70799999999997,1.0,10144.0,25359.0
tfinance,hgb_attributes,1.0,0.6,random,4,0.10110329114408065,0.6449655172413793,291.82399999999996,1.0,10140.0,25348.0
tfinance,hgb_attributes,1.0,0.6,random,5,0.1095449456940943,0.6687308641975308,304.464,1.0,10141.0,25351.0
tfinance,hgb_attributes,1.0,0.6,random,6,0.09354715816647279,0.6436363636363637,289.188,1.0,10138.0,25345.0
tfinance,hgb_attributes,1.0,0.6,random,7,0.09999718097818192,0.6535369458128079,294.928,1.0,10139.0,25346.0
tfinance,hgb_attributes,1.0,0.6,random,8,0.10511401506153546,0.6532970297029703,295.38800000000003,1.0,10142.0,25354.0
tfinance,hgb_attributes,1.0,0.6,random,9,0.09585702481194824,0.6604313725490195,298.1,1.0,10138.0,25343.0
tfinance,hgb_attributes,1.0,0.8,exposure,0,0.06402486323646735,0.6265247524752475,270.788,1.0,5071.0,25354.0
tfinance,hgb_attributes,1.0,0.8,exposure,1,0.05518442933167746,0.6354059405940593,271.904,1.0,5071.0,25354.0
tfinance,hgb_attributes,1.0,0.8,exposure,2,0.07133627052605966,0.6316764705882353,277.66400000000004,1.0,5069.0,25342.0
tfinance,hgb_attributes,1.0,0.8,exposure,3,0.054189001443008825,0.6095721393034826,259.312,1.0,5072.0,25359.0
tfinance,hgb_attributes,1.0,0.8,exposure,4,0.07170663146005371,0.6151822660098522,269.17999999999995,1.0,5070.0,25348.0
tfinance,hgb_attributes,1.0,0.8,exposure,5,0.07031721124176746,0.6470024691358025,282.244,1.0,5071.0,25351.0
tfinance,hgb_attributes,1.0,0.8,exposure,6,0.08247712607062635,0.6314004914004914,280.528,1.0,5069.0,25345.0
tfinance,hgb_attributes,1.0,0.8,exposure,7,0.06359263772890851,0.6140886699507389,266.37600000000003,1.0,5070.0,25346.0
tfinance,hgb_attributes,1.0,0.8,exposure,8,0.09853503573377392,0.6474554455445545,290.504,1.0,5071.0,25354.0
tfinance,hgb_attributes,1.0,0.8,exposure,9,0.07651867848786366,0.6483529411764706,286.42400000000004,1.0,5069.0,25343.0
tfinance,hgb_attributes,1.0,0.8,random,0,0.07301670953381484,0.6325841584158416,276.28000000000003,1.0,5071.0,25354.0
tfinance,hgb_attributes,1.0,0.8,random,1,0.07695383576204642,0.6495247524752477,284.768,1.0,5071.0,25354.0
tfinance,hgb_attributes,1.0,0.8,random,2,0.09790439490976562,0.6490588235294117,294.104,1.0,5069.0,25342.0
tfinance,hgb_attributes,1.0,0.8,random,3,0.09400462487454941,0.6531741293532338,290.212,1.0,5072.0,25359.0
tfinance,hgb_attributes,1.0,0.8,random,4,0.09886708385800494,0.6408078817733991,289.48400000000004,1.0,5070.0,25348.0
tfinance,hgb_attributes,1.0,0.8,random,5,0.10899612297814962,0.667832098765432,304.02,1.0,5071.0,25351.0
tfinance,hgb_attributes,1.0,0.8,random,6,0.09270866415195429,0.6421916461916461,288.48400000000004,1.0,5069.0,25345.0
tfinance,hgb_attributes,1.0,0.8,random,7,0.10038107439986703,0.6532906403940888,295.172,1.0,5070.0,25346.0
tfinance,hgb_attributes,1.0,0.8,random,8,0.10297367490036553,0.6512772277227723,293.94399999999996,1.0,5071.0,25354.0
tfinance,hgb_attributes,1.0,0.8,random,9,0.09471373325285724,0.6591568627450981,297.308,1.0,5069.0,25343.0
tfinance,hgb_attributes,1.0,0.9,exposure,0,0.061738229594341054,0.621009900990099,267.988,1.0,2536.0,25354.0
tfinance,hgb_attributes,1.0,0.9,exposure,1,0.057301305950880586,0.6298415841584158,270.444,1.0,2536.0,25354.0
tfinance,hgb_attributes,1.0,0.9,exposure,2,0.072388202500712,0.6297549019607842,277.56800000000004,1.0,2535.0,25342.0
tfinance,hgb_attributes,1.0,0.9,exposure,3,0.053938936202597085,0.6034328358208956,256.79200000000003,1.0,2536.0,25359.0
tfinance,hgb_attributes,1.0,0.9,exposure,4,0.07262792713713176,0.6128669950738916,268.628,1.0,2535.0,25348.0
tfinance,hgb_attributes,1.0,0.9,exposure,5,0.06773061891291372,0.6433382716049383,280.024,1.0,2536.0,25351.0
tfinance,hgb_attributes,1.0,0.9,exposure,6,0.07893735813669364,0.6246977886977888,276.896,1.0,2535.0,25345.0
tfinance,hgb_attributes,1.0,0.9,exposure,7,0.06083797202368609,0.6078423645320197,263.2,1.0,2535.0,25346.0
tfinance,hgb_attributes,1.0,0.9,exposure,8,0.09684479375433405,0.6444059405940594,289.21999999999997,1.0,2536.0,25354.0
tfinance,hgb_attributes,1.0,0.9,exposure,9,0.07408582077981159,0.6458137254901961,284.688,1.0,2535.0,25343.0
tfinance,hgb_attributes,1.0,0.9,random,0,0.07225602392568267,0.6295643564356436,275.196,1.0,2536.0,25354.0
tfinance,hgb_attributes,1.0,0.9,random,1,0.07500784491131476,0.6445049504950495,282.232,1.0,2536.0,25354.0
tfinance,hgb_attributes,1.0,0.9,random,2,0.09544094480982306,0.6471960784313725,292.828,1.0,2535.0,25342.0
tfinance,hgb_attributes,1.0,0.9,random,3,0.09246617669552831,0.648587064676617,288.096,1.0,2536.0,25359.0
tfinance,hgb_attributes,1.0,0.9,random,4,0.10071072174281326,0.6379901477832512,289.428,1.0,2535.0,25348.0
tfinance,hgb_attributes,1.0,0.9,random,5,0.10675220510607752,0.6658765432098764,302.764,1.0,2536.0,25351.0
tfinance,hgb_attributes,1.0,0.9,random,6,0.0929598686154666,0.6384176904176904,287.296,1.0,2535.0,25345.0
tfinance,hgb_attributes,1.0,0.9,random,7,0.0995514057936607,0.6503645320197045,293.928,1.0,2535.0,25346.0
tfinance,hgb_attributes,1.0,0.9,random,8,0.10270865472432136,0.6498712871287129,293.61199999999997,1.0,2536.0,25354.0
tfinance,hgb_attributes,1.0,0.9,random,9,0.0898248405971406,0.6552941176470588,294.17600000000004,1.0,2535.0,25343.0
tfinance,hgb_attributes,1.0,0.97,exposure,0,0.06551755266628997,0.6119504950495049,266.26800000000003,1.0,761.0,25354.0
tfinance,hgb_attributes,1.0,0.97,exposure,1,0.057520685771465366,0.5919108910891089,256.236,0.96,761.0,25354.0
tfinance,hgb_attributes,1.0,0.97,exposure,2,0.06566456230364347,0.6068725490196079,266.86,1.0,761.0,25342.0
tfinance,hgb_attributes,1.0,0.97,exposure,3,0.04651541219804027,0.5219601990049751,222.496,0.8879999999999999,761.0,25359.0
tfinance,hgb_attributes,1.0,0.97,exposure,4,0.06872012790645074,0.5889556650246306,258.464,1.0,761.0,25348.0
tfinance,hgb_attributes,1.0,0.97,exposure,5,0.06162247554307261,0.6285135802469136,272.632,0.9960000000000001,761.0,25351.0
tfinance,hgb_attributes,1.0,0.97,exposure,6,0.06628164100877472,0.5948599508599509,261.7,1.0,761.0,25345.0
tfinance,hgb_attributes,1.0,0.97,exposure,7,0.05642727803760328,0.5467487684729064,237.872,0.924,761.0,25346.0
tfinance,hgb_attributes,1.0,0.97,exposure,8,0.08086071668504066,0.5975445544554455,266.784,0.992,761.0,25354.0
tfinance,hgb_attributes,1.0,0.97,exposure,9,0.06249630680822869,0.6255686274509804,273.332,1.0,761.0,25343.0
tfinance,hgb_attributes,1.0,0.97,random,0,0.06520143475175443,0.6029603960396039,262.72799999999995,0.992,761.0,25354.0
tfinance,hgb_attributes,1.0,0.97,random,1,0.06393167937204754,0.6163564356435642,267.768,0.984,761.0,25354.0
tfinance,hgb_attributes,1.0,0.97,random,2,0.0837207189486485,0.628578431372549,282.22799999999995,1.0,761.0,25342.0
tfinance,hgb_attributes,1.0,0.97,random,3,0.08334262428886738,0.6154228855721392,272.56800000000004,0.9719999999999999,761.0,25359.0
tfinance,hgb_attributes,1.0,0.97,random,4,0.08714356026981569,0.6059802955665025,272.616,0.992,761.0,25348.0
tfinance,hgb_attributes,1.0,0.97,random,5,0.09599755340633874,0.6545876543209876,295.552,0.9960000000000001,761.0,25351.0
tfinance,hgb_attributes,1.0,0.97,random,6,0.08260341919765396,0.6119312039312039,274.12,0.992,761.0,25345.0
tfinance,hgb_attributes,1.0,0.97,random,7,0.0901891033512908,0.6142955665024631,277.188,0.968,761.0,25346.0
tfinance,hgb_attributes,1.0,0.97,random,8,0.09241166008375934,0.6297821782178218,283.044,0.992,761.0,25354.0
tfinance,hgb_attributes,1.0,0.97,random,9,0.08234597061102915,0.6349117647058824,284.604,0.992,761.0,25343.0
tfinance,hgb_graph_features,0.25,0.0,exposure,0,0.09296143350120786,0.7905940594059405,352.6,1.0,6307.8,6307.8
tfinance,hgb_graph_features,0.25,0.0,exposure,1,0.07911360345046532,0.7891089108910891,346.4,1.0,6346.2,6346.2
tfinance,hgb_graph_features,0.25,0.0,exposure,2,0.10096029344153823,0.782843137254902,355.4,1.0,6350.0,6350.0
tfinance,hgb_graph_features,0.25,0.0,exposure,3,0.09818460761558027,0.7805970149253731,348.2,1.0,6367.2,6367.2
tfinance,hgb_graph_features,0.25,0.0,exposure,4,0.1120214962156042,0.787192118226601,360.4,1.0,6327.8,6327.8
tfinance,hgb_graph_features,0.25,0.0,exposure,5,0.09667686580053078,0.7995061728395062,358.6,1.0,6334.8,6334.8
tfinance,hgb_graph_features,0.25,0.0,exposure,6,0.0846625509524151,0.769041769041769,342.2,1.0,6311.8,6311.8
tfinance,hgb_graph_features,0.25,0.0,exposure,7,0.09075516412908964,0.7827586206896553,349.8,1.0,6370.8,6370.8
tfinance,hgb_graph_features,0.25,0.0,exposure,8,0.08572889569548206,0.8,353.8,1.0,6364.4,6364.4
tfinance,hgb_graph_features,0.25,0.0,exposure,9,0.0810104705138886,0.7882352941176471,350.8,1.0,6351.4,6351.4
tfinance,hgb_graph_features,0.25,0.0,random,0,0.09296143350120786,0.7905940594059405,352.6,1.0,6307.8,6307.8
tfinance,hgb_graph_features,0.25,0.0,random,1,0.07911360345046532,0.7891089108910891,346.4,1.0,6346.2,6346.2
tfinance,hgb_graph_features,0.25,0.0,random,2,0.10096029344153823,0.782843137254902,355.4,1.0,6350.0,6350.0
tfinance,hgb_graph_features,0.25,0.0,random,3,0.09818460761558027,0.7805970149253731,348.2,1.0,6367.2,6367.2
tfinance,hgb_graph_features,0.25,0.0,random,4,0.1120214962156042,0.787192118226601,360.4,1.0,6327.8,6327.8
tfinance,hgb_graph_features,0.25,0.0,random,5,0.09667686580053078,0.7995061728395062,358.6,1.0,6334.8,6334.8
tfinance,hgb_graph_features,0.25,0.0,random,6,0.0846625509524151,0.769041769041769,342.2,1.0,6311.8,6311.8
tfinance,hgb_graph_features,0.25,0.0,random,7,0.09075516412908964,0.7827586206896553,349.8,1.0,6370.8,6370.8
tfinance,hgb_graph_features,0.25,0.0,random,8,0.08572889569548206,0.8,353.8,1.0,6364.4,6364.4
tfinance,hgb_graph_features,0.25,0.0,random,9,0.0810104705138886,0.7882352941176471,350.8,1.0,6351.4,6351.4
tfinance,hgb_graph_features,0.25,0.05,exposure,0,0.14841287401633435,0.807920792079208,383.6,1.0,5992.8,6307.8
tfinance,hgb_graph_features,0.25,0.05,exposure,1,0.17850457867644098,0.831188118811881,409.8,1.0,6029.2,6346.2
tfinance,hgb_graph_features,0.25,0.05,exposure,2,0.15472313155457865,0.8063725490196079,389.4,1.0,6032.8,6350.0
tfinance,hgb_graph_features,0.25,0.05,exposure,3,0.1796705449646224,0.8189054726368159,401.8,1.0,6049.6,6367.2
tfinance,hgb_graph_features,0.25,0.05,exposure,4,0.20898067384887348,0.8374384236453201,430.6,1.0,6012.0,6327.8
tfinance,hgb_graph_features,0.25,0.05,exposure,5,0.18145323267685565,0.8340740740740742,414.0,1.0,6018.6,6334.8
tfinance,hgb_graph_features,0.25,0.05,exposure,6,0.154408072997484,0.8073710073710074,389.6,1.0,5996.6,6311.8
tfinance,hgb_graph_features,0.25,0.05,exposure,7,0.19389663371089932,0.8292610837438424,419.16,1.0,6052.8,6370.8
tfinance,hgb_graph_features,0.25,0.05,exposure,8,0.18400890204132253,0.8430693069306932,417.6,1.0,6046.6,6364.4
tfinance,hgb_graph_features,0.25,0.05,exposure,9,0.18148869596303546,0.8372549019607843,418.2,1.0,6034.0,6351.4
tfinance,hgb_graph_features,0.25,0.05,random,0,0.09150058673100565,0.7892673267326733,351.38,1.0,5992.8,6307.8
tfinance,hgb_graph_features,0.25,0.05,random,1,0.07998897398489117,0.7903762376237624,347.324,1.0,6029.2,6346.2
tfinance,hgb_graph_features,0.25,0.05,random,2,0.09942128937573363,0.7802843137254903,353.648,1.0,6032.8,6350.0
tfinance,hgb_graph_features,0.25,0.05,random,3,0.0983830994412431,0.7799900497512438,348.04,1.0,6049.6,6367.2
tfinance,hgb_graph_features,0.25,0.05,random,4,0.11257656587406988,0.7886600985221676,361.308,1.0,6012.0,6327.8
tfinance,hgb_graph_features,0.25,0.05,random,5,0.09619086753638316,0.799130864197531,358.268,1.0,6018.6,6334.8
tfinance,hgb_graph_features,0.25,0.05,random,6,0.08515443011727988,0.7693071253071253,342.496,1.0,5996.6,6311.8
tfinance,hgb_graph_features,0.25,0.05,random,7,0.09288991751248196,0.7826305418719212,350.56399999999996,1.0,6052.8,6370.8
tfinance,hgb_graph_features,0.25,0.05,random,8,0.08570809837910635,0.7995445544554456,353.648,1.0,6046.6,6364.4
tfinance,hgb_graph_features,0.25,0.05,random,9,0.08263438107902563,0.7885,351.552,1.0,6034.0,6351.4
tfinance,hgb_graph_features,0.25,0.1,exposure,0,0.15455414752904745,0.8113861386138614,388.0,1.0,5677.4,6307.8
tfinance,hgb_graph_features,0.25,0.1,exposure,1,0.20143587497341203,0.8361386138613861,423.4,1.0,5712.0,6346.2
tfinance,hgb_graph_features,0.25,0.1,exposure,2,0.15460733304278546,0.8068627450980392,389.6,1.0,5715.4,6350.0
tfinance,hgb_graph_features,0.25,0.1,exposure,3,0.19105531901554224,0.8238805970149252,409.8,1.0,5731.0,6367.2
tfinance,hgb_graph_features,0.25,0.1,exposure,4,0.2128386070703489,0.8374384236453201,432.6,1.0,5695.4,6327.8
tfinance,hgb_graph_features,0.25,0.1,exposure,5,0.18906481816852355,0.837037037037037,419.0,1.0,5701.8,6334.8
tfinance,hgb_graph_features,0.25,0.1,exposure,6,0.1670402364858094,0.8137592137592138,398.8,1.0,5681.0,6311.8
tfinance,hgb_graph_features,0.25,0.1,exposure,7,0.2001114545376061,0.8305418719211823,422.8,1.0,5734.2,6370.8
tfinance,hgb_graph_features,0.25,0.1,exposure,8,0.2032326012154036,0.8485148514851485,430.6,1.0,5728.4,6364.4
tfinance,hgb_graph_features,0.25,0.1,exposure,9,0.1918991738145495,0.8401960784313726,425.2,1.0,5716.6,6351.4
tfinance,hgb_graph_features,0.25,0.1,random,0,0.091811364506757,0.7887722772277227,351.3,1.0,5677.4,6307.8
tfinance,hgb_graph_features,0.25,0.1,random,1,0.08038810934000637,0.7907722772277228,347.664,1.0,5712.0,6346.2
tfinance,hgb_graph_features,0.25,0.1,random,2,0.0993195739315828,0.7807941176470589,353.844,1.0,5715.4,6350.0
tfinance,hgb_graph_features,0.25,0.1,random,3,0.09812293230516196,0.7795124378109453,347.752,1.0,5731.0,6367.2
tfinance,hgb_graph_features,0.25,0.1,random,4,0.11113957055780754,0.7880197044334977,360.46,1.0,5695.4,6327.8
tfinance,hgb_graph_features,0.25,0.1,random,5,0.09511824939668867,0.7988148148148149,357.732,1.0,5701.8,6334.8
tfinance,hgb_graph_features,0.25,0.1,random,6,0.08513945695219395,0.769071253071253,342.392,1.0,5681.0,6311.8
tfinance,hgb_graph_features,0.25,0.1,random,7,0.09323597952306631,0.7820295566502463,350.448,1.0,5734.2,6370.8
tfinance,hgb_graph_features,0.25,0.1,random,8,0.08573667821786944,0.7993960396039603,353.62399999999997,1.0,5728.4,6364.4
tfinance,hgb_graph_features,0.25,0.1,random,9,0.0829581032682741,0.7887941176470589,351.82,1.0,5716.6,6351.4
tfinance,hgb_graph_features,0.25,0.2,exposure,0,0.13976221754793366,0.806930693069307,379.2,1.0,5046.6,6307.8
tfinance,hgb_graph_features,0.25,0.2,exposure,1,0.21827706191883908,0.8450495049504949,437.6,1.0,5077.4,6346.2
tfinance,hgb_graph_features,0.25,0.2,exposure,2,0.13899563119010044,0.8014705882352942,380.2,1.0,5080.4,6350.0
tfinance,hgb_graph_features,0.25,0.2,exposure,3,0.18870546411036213,0.8223880597014924,407.8,1.0,5094.2,6367.2
tfinance,hgb_graph_features,0.25,0.2,exposure,4,0.21245746712595598,0.8374384236453201,432.4,1.0,5062.6,6327.8
tfinance,hgb_graph_features,0.25,0.2,exposure,5,0.17255563916676853,0.8306172839506173,407.6,1.0,5068.0,6334.8
tfinance,hgb_graph_features,0.25,0.2,exposure,6,0.15680372500740786,0.8108108108108109,392.2,1.0,5050.0,6311.8
tfinance,hgb_graph_features,0.25,0.2,exposure,7,0.17306885702622798,0.8211822660098523,405.2,1.0,5097.0,6370.8
tfinance,hgb_graph_features,0.25,0.2,exposure,8,0.2007453681774761,0.8490099009900989,429.6,1.0,5092.2,6364.4
tfinance,hgb_graph_features,0.25,0.2,exposure,9,0.1884509287734276,0.8387254901960783,423.28000000000003,1.0,5081.6,6351.4
tfinance,hgb_graph_features,0.25,0.2,random,0,0.09158115153385166,0.7884752475247525,351.084,1.0,5046.6,6307.8
tfinance,hgb_graph_features,0.25,0.2,random,1,0.07993478597913507,0.7903069306930692,347.332,1.0,5077.4,6346.2
tfinance,hgb_graph_features,0.25,0.2,random,2,0.09906889357883986,0.7804705882352942,353.644,1.0,5080.4,6350.0
tfinance,hgb_graph_features,0.25,0.2,random,3,0.09809989690711632,0.7790646766169155,347.592,1.0,5094.2,6367.2
tfinance,hgb_graph_features,0.25,0.2,random,4,0.10886953700264193,0.7865320197044335,358.952,1.0,5062.6,6327.8
tfinance,hgb_graph_features,0.25,0.2,random,5,0.09454838013360214,0.7979654320987655,357.216,1.0,5068.0,6334.8
tfinance,hgb_graph_features,0.25,0.2,random,6,0.0863269536166111,0.7695233415233413,343.068,1.0,5050.0,6311.8
tfinance,hgb_graph_features,0.25,0.2,random,7,0.0943421413286526,0.7823152709359606,351.068,1.0,5097.0,6370.8
tfinance,hgb_graph_features,0.25,0.2,random,8,0.08593703037510818,0.7995544554455446,353.812,1.0,5092.2,6364.4
tfinance,hgb_graph_features,0.25,0.2,random,9,0.08237329301460249,0.7873137254901961,350.976,1.0,5081.6,6351.4
tfinance,hgb_graph_features,0.25,0.4,exposure,0,0.12836776293939908,0.801980198019802,372.4,1.0,3785.0,6307.8
tfinance,hgb_graph_features,0.25,0.4,exposure,1,0.18969122041968028,0.8336633663366337,418.0,1.0,3808.2,6346.2
tfinance,hgb_graph_features,0.25,0.4,exposure,2,0.10581968077224672,0.7862745098039217,359.0,1.0,3810.4,6350.0
tfinance,hgb_graph_features,0.25,0.4,exposure,3,0.17373543514171003,0.8159203980099502,398.0,1.0,3820.8,6367.2
tfinance,hgb_graph_features,0.25,0.4,exposure,4,0.16761760670930648,0.8231527093596058,402.0,1.0,3797.2,6327.8
tfinance,hgb_graph_features,0.25,0.4,exposure,5,0.13455628846430417,0.8182716049382716,383.6,1.0,3801.2,6334.8
tfinance,hgb_graph_features,0.25,0.4,exposure,6,0.13574971431525906,0.8004914004914004,378.0,1.0,3787.4,6311.8
tfinance,hgb_graph_features,0.25,0.4,exposure,7,0.12429653622494227,0.796551724137931,371.0,1.0,3823.0,6370.8
tfinance,hgb_graph_features,0.25,0.4,exposure,8,0.15823880147526892,0.837128712871287,403.0,1.0,3819.2,6364.4
tfinance,hgb_graph_features,0.25,0.4,exposure,9,0.1607246516486944,0.8303921568627451,405.2,1.0,3811.4,6351.4
tfinance,hgb_graph_features,0.25,0.4,random,0,0.08981954539382771,0.7870198019801979,349.812,1.0,3785.0,6307.8
tfinance,hgb_graph_features,0.25,0.4,random,1,0.07982751817892174,0.7896336633663367,347.132,1.0,3808.2,6346.2
tfinance,hgb_graph_features,0.25,0.4,random,2,0.09734779517287535,0.7791862745098038,352.496,1.0,3810.4,6350.0
tfinance,hgb_graph_features,0.25,0.4,random,3,0.0953735353741867,0.7772238805970149,345.856,1.0,3820.8,6367.2
tfinance,hgb_graph_features,0.25,0.4,random,4,0.10794207707782584,0.7861477832512315,358.53599999999994,1.0,3797.2,6327.8
tfinance,hgb_graph_features,0.25,0.4,random,5,0.09329878393661861,0.7970864197530865,356.51599999999996,1.0,3801.2,6334.8
tfinance,hgb_graph_features,0.25,0.4,random,6,0.08662535955615448,0.7693464373464375,343.192,1.0,3787.4,6311.8
tfinance,hgb_graph_features,0.25,0.4,random,7,0.09327103089955732,0.7803645320197045,349.908,1.0,3823.0,6370.8
tfinance,hgb_graph_features,0.25,0.4,random,8,0.0879644875169809,0.7997623762376238,354.784,1.0,3819.2,6364.4
tfinance,hgb_graph_features,0.25,0.4,random,9,0.08452263579451139,0.7868333333333334,351.79200000000003,1.0,3811.4,6351.4
tfinance,hgb_graph_features,0.25,0.6,exposure,0,0.10191913881470478,0.7886138613861386,355.2,1.0,2523.4,6307.8
tfinance,hgb_graph_features,0.25,0.6,exposure,1,0.1476652146573073,0.8217623762376238,391.688,1.0,2538.8,6346.2
tfinance,hgb_graph_features,0.25,0.6,exposure,2,0.08705493407604876,0.7708333333333334,344.76,1.0,2540.4,6350.0
tfinance,hgb_graph_features,0.25,0.6,exposure,3,0.14278157099090671,0.8058009950248757,378.54,1.0,2547.4,6367.2
tfinance,hgb_graph_features,0.25,0.6,exposure,4,0.14171668691592562,0.8107093596059114,384.384,1.0,2531.6,6327.8
tfinance,hgb_graph_features,0.25,0.6,exposure,5,0.11897466572952062,0.8113283950617284,373.88,1.0,2534.2,6334.8
tfinance,hgb_graph_features,0.25,0.6,exposure,6,0.101598989840608,0.7827813267813268,355.36,1.0,2525.4,6311.8
tfinance,hgb_graph_features,0.25,0.6,exposure,7,0.08389240295973784,0.7720295566502464,342.688,1.0,2548.8,6370.8
tfinance,hgb_graph_features,0.25,0.6,exposure,8,0.14119285609587867,0.829029702970297,391.616,1.0,2546.2,6364.4
tfinance,hgb_graph_features,0.25,0.6,exposure,9,0.14553563860334912,0.8201176470588235,393.04,1.0,2541.0,6351.4
tfinance,hgb_graph_features,0.25,0.6,random,0,0.08703731632648591,0.784059405940594,347.6,1.0,2523.4,6307.8
tfinance,hgb_graph_features,0.25,0.6,random,1,0.07920864363868571,0.788049504950495,346.316,1.0,2538.8,6346.2
tfinance,hgb_graph_features,0.25,0.6,random,2,0.09524149750528761,0.7767941176470587,350.79200000000003,1.0,2540.4,6350.0
tfinance,hgb_graph_features,0.25,0.6,random,3,0.09195747501615244,0.774228855721393,343.456,1.0,2547.4,6367.2
tfinance,hgb_graph_features,0.25,0.6,random,4,0.10588081458976602,0.7828866995073891,356.52,1.0,2531.6,6327.8
tfinance,hgb_graph_features,0.25,0.6,random,5,0.09118439365703065,0.7949135802469136,354.868,1.0,2534.2,6334.8
tfinance,hgb_graph_features,0.25,0.6,random,6,0.08691681943115029,0.7678132678132679,342.872,1.0,2525.4,6311.8
tfinance,hgb_graph_features,0.25,0.6,random,7,0.09527742819014648,0.778935960591133,350.38,1.0,2548.8,6370.8
tfinance,hgb_graph_features,0.25,0.6,random,8,0.08728237828596323,0.798029702970297,353.896,1.0,2546.2,6364.4
tfinance,hgb_graph_features,0.25,0.6,random,9,0.08670931053983025,0.7848627450980392,352.104,1.0,2541.0,6351.4
tfinance,hgb_graph_features,0.25,0.8,exposure,0,0.0944999955644695,0.7856336633663367,351.584,1.0,1261.8,6307.8
tfinance,hgb_graph_features,0.25,0.8,exposure,1,0.14343577514415945,0.8161881188118812,388.22400000000005,1.0,1269.6,6346.2
tfinance,hgb_graph_features,0.25,0.8,exposure,2,0.08378357348926246,0.7621078431372549,340.56800000000004,1.0,1270.4,6350.0
tfinance,hgb_graph_features,0.25,0.8,exposure,3,0.13788557805290563,0.8009054726368159,374.74,1.0,1274.0,6367.2
tfinance,hgb_graph_features,0.25,0.8,exposure,4,0.13022613820826384,0.7982167487684728,374.86800000000005,1.0,1266.2,6327.8
tfinance,hgb_graph_features,0.25,0.8,exposure,5,0.11466242561639058,0.8083358024691357,371.144,1.0,1267.4,6334.8
tfinance,hgb_graph_features,0.25,0.8,exposure,6,0.10606753922251053,0.7796167076167075,356.956,1.0,1262.8,6311.8
tfinance,hgb_graph_features,0.25,0.8,exposure,7,0.08761176357100045,0.7652610837438424,342.776,1.0,1274.8,6370.8
tfinance,hgb_graph_features,0.25,0.8,exposure,8,0.13630491920396345,0.8276633663366336,389.088,1.0,1273.2,6364.4
tfinance,hgb_graph_features,0.25,0.8,exposure,9,0.14065292671317167,0.818529411764706,390.46,1.0,1270.8,6351.4
tfinance,hgb_graph_features,0.25,0.8,random,0,0.08037169991733979,0.7754950495049505,341.736,1.0,1261.8,6307.8
tfinance,hgb_graph_features,0.25,0.8,random,1,0.07779370602144045,0.7798514851485148,342.956,1.0,1269.6,6346.2
tfinance,hgb_graph_features,0.25,0.8,random,2,0.09159177038150523,0.7707254901960785,347.352,1.0,1270.4,6350.0
tfinance,hgb_graph_features,0.25,0.8,random,3,0.08813858379575203,0.7656716417910449,339.268,1.0,1274.0,6367.2
tfinance,hgb_graph_features,0.25,0.8,random,4,0.09827375026651583,0.772896551724138,349.808,1.0,1266.2,6327.8
tfinance,hgb_graph_features,0.25,0.8,random,5,0.09241440319095504,0.7915654320987654,354.488,1.0,1267.4,6334.8
tfinance,hgb_graph_features,0.25,0.8,random,6,0.08281604385472652,0.7615233415233416,339.096,1.0,1262.8,6311.8
tfinance,hgb_graph_features,0.25,0.8,random,7,0.09044383167436292,0.770935960591133,345.572,1.0,1274.8,6370.8
tfinance,hgb_graph_features,0.25,0.8,random,8,0.08710882825999731,0.7921386138613861,351.912,1.0,1273.2,6364.4
tfinance,hgb_graph_features,0.25,0.8,random,9,0.07680105347306879,0.772450980392157,343.196,1.0,1270.8,6351.4
tfinance,hgb_graph_features,0.25,0.9,exposure,0,0.08497850852129049,0.7774059405940594,344.964,1.0,631.4,6307.8
tfinance,hgb_graph_features,0.25,0.9,exposure,1,0.12425388369158359,0.799980198019802,374.11199999999997,1.0,635.0,6346.2
tfinance,hgb_graph_features,0.25,0.9,exposure,2,0.08269843048191601,0.749,335.632,1.0,635.6,6350.0
tfinance,hgb_graph_features,0.25,0.9,exposure,3,0.11676253827463559,0.7821393034825871,359.356,1.0,637.2,6367.2
tfinance,hgb_graph_features,0.25,0.9,exposure,4,0.10692907193290646,0.7709162561576355,354.692,1.0,633.4,6327.8
tfinance,hgb_graph_features,0.25,0.9,exposure,5,0.10861245936981179,0.7972641975308641,365.18,1.0,634.0,6334.8
tfinance,hgb_graph_features,0.25,0.9,exposure,6,0.10126415309684356,0.7685503685503686,352.01599999999996,1.0,631.8,6311.8
tfinance,hgb_graph_features,0.25,0.9,exposure,7,0.08071926716077579,0.739103448275862,330.476,1.0,637.6,6370.8
tfinance,hgb_graph_features,0.25,0.9,exposure,8,0.12801323039893586,0.819029702970297,383.148,1.0,637.0,6364.4
tfinance,hgb_graph_features,0.25,0.9,exposure,9,0.13148298007950304,0.8108921568627452,384.24,1.0,635.8,6351.4
tfinance,hgb_graph_features,0.25,0.9,random,0,0.07176540741333166,0.7578613861386139,331.86,1.0,631.4,6307.8
tfinance,hgb_graph_features,0.25,0.9,random,1,0.06976897837599531,0.7609207920792078,332.744,1.0,635.0,6346.2
tfinance,hgb_graph_features,0.25,0.9,random,2,0.08010208845633031,0.7528921568627451,335.79200000000003,1.0,635.6,6350.0
tfinance,hgb_graph_features,0.25,0.9,random,3,0.08122541571879056,0.7520696517412936,331.356,1.0,637.2,6367.2
tfinance,hgb_graph_features,0.25,0.9,random,4,0.08057654586470889,0.7494384236453202,333.616,1.0,633.4,6327.8
tfinance,hgb_graph_features,0.25,0.9,random,5,0.08257492345563969,0.7742617283950617,344.328,1.0,634.0,6334.8
tfinance,hgb_graph_features,0.25,0.9,random,6,0.07232954049378836,0.7493366093366094,330.22400000000005,1.0,631.8,6311.8
tfinance,hgb_graph_features,0.25,0.9,random,7,0.08126461938193916,0.7484137931034482,333.86400000000003,1.0,637.6,6370.8
tfinance,hgb_graph_features,0.25,0.9,random,8,0.07576336962017222,0.7697227722772277,338.864,1.0,637.0,6364.4
tfinance,hgb_graph_features,0.25,0.9,random,9,0.06659729147700351,0.7449019607843137,328.44,1.0,635.8,6351.4
tfinance,hgb_graph_features,0.25,0.97,exposure,0,0.01997419127561996,0.05476237623762377,32.556,0.064,189.8,6307.8
tfinance,hgb_graph_features,0.25,0.97,exposure,1,0.0595211447657672,0.16555445544554453,97.572,0.192,190.8,6346.2
tfinance,hgb_graph_features,0.25,0.97,exposure,2,0.0132667792049331,0.03642156862745098,21.3,0.044,191.2,6350.0
tfinance,hgb_graph_features,0.25,0.97,exposure,3,0.03459399149281975,0.09916417910447761,56.968,0.11599999999999999,191.6,6367.2
tfinance,hgb_graph_features,0.25,0.97,exposure,4,0.03744365994589584,0.09992118226600985,60.46,0.11600000000000002,190.4,6327.8
tfinance,hgb_graph_features,0.25,0.97,exposure,5,0.03564224806444603,0.10427654320987653,60.38399999999999,0.12000000000000002,190.6,6334.8
tfinance,hgb_graph_features,0.25,0.97,exposure,6,0.03009110110210924,0.07164619164619165,46.528,0.084,189.8,6311.8
tfinance,hgb_graph_features,0.25,0.97,exposure,7,0.03649469145422455,0.09276847290640396,57.712,0.10800000000000001,191.6,6370.8
tfinance,hgb_graph_features,0.25,0.97,exposure,8,0.060990097944033185,0.16809900990099008,100.604,0.192,191.6,6364.4
tfinance,hgb_graph_features,0.25,0.97,exposure,9,0.04411975437466813,0.1280392156862745,74.80799999999999,0.148,191.0,6351.4
tfinance,hgb_graph_features,0.25,0.97,random,0,0.024333582874926533,0.06514851485148515,38.992000000000004,0.076,189.8,6307.8
tfinance,hgb_graph_features,0.25,0.97,random,1,0.015362808335878242,0.04476237623762376,25.784000000000002,0.052000000000000005,190.8,6346.2
tfinance,hgb_graph_features,0.25,0.97,random,2,0.017055056575434692,0.043313725490196076,26.363999999999997,0.052000000000000005,191.2,6350.0
tfinance,hgb_graph_features,0.25,0.97,random,3,0.01907856105167669,0.05476616915422885,31.448,0.064,191.6,6367.2
tfinance,hgb_graph_features,0.25,0.97,random,4,0.02144152690049148,0.06532019704433498,37.012,0.076,190.4,6327.8
tfinance,hgb_graph_features,0.25,0.97,random,5,0.02380085517990767,0.06600493827160495,39.284000000000006,0.076,190.6,6334.8
tfinance,hgb_graph_features,0.25,0.97,random,6,0.029945466031353517,0.07836855036855037,47.596000000000004,0.092,189.8,6311.8
tfinance,hgb_graph_features,0.25,0.97,random,7,0.024019775921616658,0.06836453201970442,40.008,0.08,191.6,6370.8
tfinance,hgb_graph_features,0.25,0.97,random,8,0.019394866649886534,0.05550495049504951,32.284,0.064,191.6,6364.4
tfinance,hgb_graph_features,0.25,0.97,random,9,0.02416994242103574,0.07220588235294118,41.54,0.08399999999999999,191.0,6351.4
tfinance,hgb_graph_features,0.5,0.0,exposure,0,0.08760428671753033,0.7876237623762375,349.0,1.0,12618.4,12618.4
tfinance,hgb_graph_features,0.5,0.0,exposure,1,0.0871020786588487,0.7950495049504951,352.2,1.0,12727.0,12727.0
tfinance,hgb_graph_features,0.5,0.0,exposure,2,0.09739062296688135,0.778921568627451,352.2,1.0,12687.8,12687.8
tfinance,hgb_graph_features,0.5,0.0,exposure,3,0.09122653465538831,0.7781094527363184,344.6,1.0,12699.4,12699.4
tfinance,hgb_graph_features,0.5,0.0,exposure,4,0.1119704284347314,0.7876847290640393,360.6,1.0,12677.6,12677.6
tfinance,hgb_graph_features,0.5,0.0,exposure,5,0.10131530245665725,0.8044444444444444,362.6,1.0,12651.0,12651.0
tfinance,hgb_graph_features,0.5,0.0,exposure,6,0.08824993899161472,0.7705159705159705,344.2,1.0,12648.6,12648.6
tfinance,hgb_graph_features,0.5,0.0,exposure,7,0.08804646553661578,0.7793103448275863,347.0,1.0,12696.8,12696.8
tfinance,hgb_graph_features,0.5,0.0,exposure,8,0.0977823204199964,0.805940594059406,361.0,1.0,12670.2,12670.2
tfinance,hgb_graph_features,0.5,0.0,exposure,9,0.09964957179549198,0.8019607843137255,363.8,1.0,12700.6,12700.6
tfinance,hgb_graph_features,0.5,0.0,random,0,0.08760428671753033,0.7876237623762375,349.0,1.0,12618.4,12618.4
tfinance,hgb_graph_features,0.5,0.0,random,1,0.0871020786588487,0.7950495049504951,352.2,1.0,12727.0,12727.0
tfinance,hgb_graph_features,0.5,0.0,random,2,0.09739062296688135,0.778921568627451,352.2,1.0,12687.8,12687.8
tfinance,hgb_graph_features,0.5,0.0,random,3,0.09122653465538831,0.7781094527363184,344.6,1.0,12699.4,12699.4
tfinance,hgb_graph_features,0.5,0.0,random,4,0.1119704284347314,0.7876847290640393,360.6,1.0,12677.6,12677.6
tfinance,hgb_graph_features,0.5,0.0,random,5,0.10131530245665725,0.8044444444444444,362.6,1.0,12651.0,12651.0
tfinance,hgb_graph_features,0.5,0.0,random,6,0.08824993899161472,0.7705159705159705,344.2,1.0,12648.6,12648.6
tfinance,hgb_graph_features,0.5,0.0,random,7,0.08804646553661578,0.7793103448275863,347.0,1.0,12696.8,12696.8
tfinance,hgb_graph_features,0.5,0.0,random,8,0.0977823204199964,0.805940594059406,361.0,1.0,12670.2,12670.2
tfinance,hgb_graph_features,0.5,0.0,random,9,0.09964957179549198,0.8019607843137255,363.8,1.0,12700.6,12700.6
tfinance,hgb_graph_features,0.5,0.05,exposure,0,0.1605936484216783,0.8158415841584159,393.2,1.0,11988.0,12618.4
tfinance,hgb_graph_features,0.5,0.05,exposure,1,0.19440191216327996,0.8336633663366335,418.2,1.0,12091.0,12727.0
tfinance,hgb_graph_features,0.5,0.05,exposure,2,0.1558864756946485,0.8068627450980392,390.2,1.0,12053.8,12687.8
tfinance,hgb_graph_features,0.5,0.05,exposure,3,0.1867418598133043,0.8223880597014925,406.8,1.0,12064.8,12699.4
tfinance,hgb_graph_features,0.5,0.05,exposure,4,0.21461862017643857,0.8379310344827585,433.8,1.0,12044.2,12677.6
tfinance,hgb_graph_features,0.5,0.05,exposure,5,0.18207027541147405,0.8350617283950618,414.0,1.0,12018.8,12651.0
tfinance,hgb_graph_features,0.5,0.05,exposure,6,0.13661604732793478,0.806879606879607,380.52,1.0,12016.6,12648.6
tfinance,hgb_graph_features,0.5,0.05,exposure,7,0.17900679591922639,0.8211822660098521,406.2,1.0,12062.4,12696.8
tfinance,hgb_graph_features,0.5,0.05,exposure,8,0.20068450293380544,0.8490099009900991,429.2,1.0,12037.0,12670.2
tfinance,hgb_graph_features,0.5,0.05,exposure,9,0.1780425923359193,0.8372549019607843,416.4,1.0,12066.0,12700.6
tfinance,hgb_graph_features,0.5,0.05,random,0,0.08741493162159568,0.7876732673267327,348.96799999999996,1.0,11988.0,12618.4
tfinance,hgb_graph_features,0.5,0.05,random,1,0.08790990692667267,0.7955841584158416,352.76,1.0,12091.0,12727.0
tfinance,hgb_graph_features,0.5,0.05,random,2,0.0986724790644825,0.7794411764705882,352.96,1.0,12053.8,12687.8
tfinance,hgb_graph_features,0.5,0.05,random,3,0.09273211201599904,0.7777810945273632,345.056,1.0,12064.8,12699.4
tfinance,hgb_graph_features,0.5,0.05,random,4,0.11046899084174808,0.7875270935960591,359.852,1.0,12044.2,12677.6
tfinance,hgb_graph_features,0.5,0.05,random,5,0.1005251443950661,0.803525925925926,361.848,1.0,12018.8,12651.0
tfinance,hgb_graph_features,0.5,0.05,random,6,0.08612292834150269,0.7702407862407863,343.24,1.0,12016.6,12648.6
tfinance,hgb_graph_features,0.5,0.05,random,7,0.08904206642884718,0.7794187192118227,347.44,1.0,12062.4,12696.8
tfinance,hgb_graph_features,0.5,0.05,random,8,0.0965111906456684,0.8048019801980197,360.012,1.0,12037.0,12670.2
tfinance,hgb_graph_features,0.5,0.05,random,9,0.10072340343604176,0.8023039215686275,364.37600000000003,1.0,12066.0,12700.6
tfinance,hgb_graph_features,0.5,0.1,exposure,0,0.16805038090168103,0.8193069306930691,398.4,1.0,11357.0,12618.4
tfinance,hgb_graph_features,0.5,0.1,exposure,1,0.21227453704693336,0.837128712871287,429.4,1.0,11454.8,12727.0
tfinance,hgb_graph_features,0.5,0.1,exposure,2,0.158330041947128,0.8063725490196078,391.2,1.0,11419.6,12687.8
tfinance,hgb_graph_features,0.5,0.1,exposure,3,0.20277662118849582,0.827363184079602,417.6,1.0,11430.0,12699.4
tfinance,hgb_graph_features,0.5,0.1,exposure,4,0.21775193922932443,0.8394088669950739,436.4,1.0,11410.2,12677.6
tfinance,hgb_graph_features,0.5,0.1,exposure,5,0.19082658615096046,0.8380246913580247,419.8,1.0,11386.2,12651.0
tfinance,hgb_graph_features,0.5,0.1,exposure,6,0.16059243003663845,0.8152334152334152,396.0,1.0,11384.2,12648.6
tfinance,hgb_graph_features,0.5,0.1,exposure,7,0.1949574128205417,0.8275862068965518,417.6,1.0,11427.6,12696.8
tfinance,hgb_graph_features,0.5,0.1,exposure,8,0.21013526538766397,0.851980198019802,435.8,1.0,11403.6,12670.2
tfinance,hgb_graph_features,0.5,0.1,exposure,9,0.18593565055983388,0.8387254901960786,420.8,1.0,11431.0,12700.6
tfinance,hgb_graph_features,0.5,0.1,random,0,0.08723440200487846,0.7873762376237623,348.776,1.0,11357.0,12618.4
tfinance,hgb_graph_features,0.5,0.1,random,1,0.08844529726926902,0.7957029702970297,353.02,1.0,11454.8,12727.0
tfinance,hgb_graph_features,0.5,0.1,random,2,0.09869630901974259,0.7794901960784314,353.0,1.0,11419.6,12687.8
tfinance,hgb_graph_features,0.5,0.1,random,3,0.09299453375774121,0.7780298507462686,345.268,1.0,11430.0,12699.4
tfinance,hgb_graph_features,0.5,0.1,random,4,0.11043249962376693,0.7879507389162562,360.004,1.0,11410.2,12677.6
tfinance,hgb_graph_features,0.5,0.1,random,5,0.10025081376893588,0.8036444444444444,361.796,1.0,11386.2,12651.0
tfinance,hgb_graph_features,0.5,0.1,random,6,0.08572507116681811,0.769916461916462,342.948,1.0,11384.2,12648.6
tfinance,hgb_graph_features,0.5,0.1,random,7,0.08928917581535381,0.7794384236453202,347.564,1.0,11427.6,12696.8
tfinance,hgb_graph_features,0.5,0.1,random,8,0.09674696683803785,0.804920792079208,360.172,1.0,11403.6,12670.2
tfinance,hgb_graph_features,0.5,0.1,random,9,0.10107127667626092,0.8025098039215687,364.616,1.0,11431.0,12700.6
tfinance,hgb_graph_features,0.5,0.2,exposure,0,0.16473147984658806,0.8178217821782179,396.2,1.0,10095.2,12618.4
tfinance,hgb_graph_features,0.5,0.2,exposure,1,0.23803319806094514,0.8475247524752476,449.4,1.0,10182.0,12727.0
tfinance,hgb_graph_features,0.5,0.2,exposure,2,0.15084969192645128,0.803921568627451,386.6,1.0,10150.6,12687.8
tfinance,hgb_graph_features,0.5,0.2,exposure,3,0.19898757466533393,0.82636815920398,415.0,1.0,10160.0,12699.4
tfinance,hgb_graph_features,0.5,0.2,exposure,4,0.21753285468282996,0.8394088669950739,436.2,1.0,10142.6,12677.6
tfinance,hgb_graph_features,0.5,0.2,exposure,5,0.18022885878273076,0.8316049382716049,411.2,1.0,10121.0,12651.0
tfinance,hgb_graph_features,0.5,0.2,exposure,6,0.16929216278954837,0.8152334152334152,400.2,1.0,10119.2,12648.6
tfinance,hgb_graph_features,0.5,0.2,exposure,7,0.19569268978626933,0.8266009852216749,417.4,1.0,10157.8,12696.8
tfinance,hgb_graph_features,0.5,0.2,exposure,8,0.215101597199102,0.8524752475247525,438.8,1.0,10136.4,12670.2
tfinance,hgb_graph_features,0.5,0.2,exposure,9,0.18229266972045707,0.8382352941176471,419.0,1.0,10161.0,12700.6
tfinance,hgb_graph_features,0.5,0.2,random,0,0.08673092316285032,0.787019801980198,348.444,1.0,10095.2,12618.4
tfinance,hgb_graph_features,0.5,0.2,random,1,0.08857904809553328,0.7955544554455446,353.004,1.0,10182.0,12727.0
tfinance,hgb_graph_features,0.5,0.2,random,2,0.09876613570963136,0.7794607843137255,353.056,1.0,10150.6,12687.8
tfinance,hgb_graph_features,0.5,0.2,random,3,0.09233144719009363,0.7772636815920398,344.716,1.0,10160.0,12699.4
tfinance,hgb_graph_features,0.5,0.2,random,4,0.1092271360587268,0.7873891625615764,359.296,1.0,10142.6,12677.6
tfinance,hgb_graph_features,0.5,0.2,random,5,0.10023951577492421,0.8034172839506173,361.716,1.0,10121.0,12651.0
tfinance,hgb_graph_features,0.5,0.2,random,6,0.08602662278156684,0.7696117936117935,342.928,1.0,10119.2,12648.6
tfinance,hgb_graph_features,0.5,0.2,random,7,0.09006132557726318,0.7796256157635468,347.96400000000006,1.0,10157.8,12696.8
tfinance,hgb_graph_features,0.5,0.2,random,8,0.09678608426286629,0.804940594059406,360.232,1.0,10136.4,12670.2
tfinance,hgb_graph_features,0.5,0.2,random,9,0.09933154167379918,0.8018235294117648,363.62399999999997,1.0,10161.0,12700.6
tfinance,hgb_graph_features,0.5,0.4,exposure,0,0.1482187051901844,0.8133663366336634,387.0,1.0,7571.4,12618.4
tfinance,hgb_graph_features,0.5,0.4,exposure,1,0.2284581288927611,0.8435643564356434,441.8,1.0,7636.6,12727.0
tfinance,hgb_graph_features,0.5,0.4,exposure,2,0.12264245310933315,0.7931372549019609,369.0,1.0,7613.2,12687.8
tfinance,hgb_graph_features,0.5,0.4,exposure,3,0.1872648727751226,0.8223880597014924,407.0,1.0,7620.2,12699.4
tfinance,hgb_graph_features,0.5,0.4,exposure,4,0.18310893068857362,0.8300492610837438,413.6,1.0,7606.8,12677.6
tfinance,hgb_graph_features,0.5,0.4,exposure,5,0.14629685975248455,0.8241975308641976,391.2,1.0,7590.8,12651.0
tfinance,hgb_graph_features,0.5,0.4,exposure,6,0.15706108833181548,0.8127764127764128,392.8,1.0,7589.6,12648.6
tfinance,hgb_graph_features,0.5,0.4,exposure,7,0.1401386558230216,0.8083743842364532,382.0,1.0,7618.6,12696.8
tfinance,hgb_graph_features,0.5,0.4,exposure,8,0.19250972022310867,0.846039603960396,423.4,1.0,7602.4,12670.2
tfinance,hgb_graph_features,0.5,0.4,exposure,9,0.1677407490408423,0.8323529411764706,408.8,1.0,7620.6,12700.6
tfinance,hgb_graph_features,0.5,0.4,random,0,0.08553762398273682,0.7852772277227723,347.312,1.0,7571.4,12618.4
tfinance,hgb_graph_features,0.5,0.4,random,1,0.08890675941206837,0.7955247524752476,353.14,1.0,7636.6,12727.0
tfinance,hgb_graph_features,0.5,0.4,random,2,0.09736342721805878,0.7788431372549021,352.272,1.0,7613.2,12687.8
tfinance,hgb_graph_features,0.5,0.4,random,3,0.09347964076721736,0.7772935323383084,345.252,1.0,7620.2,12699.4
tfinance,hgb_graph_features,0.5,0.4,random,4,0.10788692146918591,0.7856256157635468,358.04,1.0,7606.8,12677.6
tfinance,hgb_graph_features,0.5,0.4,random,5,0.10019458970545506,0.8031604938271606,361.656,1.0,7590.8,12651.0
tfinance,hgb_graph_features,0.5,0.4,random,6,0.08778336287700579,0.7704570024570024,344.044,1.0,7589.6,12648.6
tfinance,hgb_graph_features,0.5,0.4,random,7,0.08952440912446877,0.7790049261083744,347.512,1.0,7618.6,12696.8
tfinance,hgb_graph_features,0.5,0.4,random,8,0.0973266495195203,0.8057821782178218,360.88,1.0,7602.4,12670.2
tfinance,hgb_graph_features,0.5,0.4,random,9,0.09851525864198198,0.8010392156862747,363.056,1.0,7620.6,12700.6
tfinance,hgb_graph_features,0.5,0.6,exposure,0,0.10965846590829922,0.7905940594059405,359.6,1.0,5048.0,12618.4
tfinance,hgb_graph_features,0.5,0.6,exposure,1,0.14865099234589638,0.8247623762376237,392.604,1.0,5091.2,12727.0
tfinance,hgb_graph_features,0.5,0.6,exposure,2,0.08523979030318043,0.7740196078431373,345.2,1.0,5075.6,12687.8
tfinance,hgb_graph_features,0.5,0.6,exposure,3,0.14635321371809254,0.808457711442786,381.4,1.0,5080.2,12699.4
tfinance,hgb_graph_features,0.5,0.6,exposure,4,0.140080364187956,0.8083743842364532,383.0,1.0,5071.6,12677.6
tfinance,hgb_graph_features,0.5,0.6,exposure,5,0.11537167354610242,0.8094320987654321,371.048,1.0,5060.8,12651.0
tfinance,hgb_graph_features,0.5,0.6,exposure,6,0.10889441060843627,0.7847665847665848,359.0,1.0,5059.8,12648.6
tfinance,hgb_graph_features,0.5,0.6,exposure,7,0.08222362189204356,0.7714285714285716,341.4,1.0,5079.2,12696.8
tfinance,hgb_graph_features,0.5,0.6,exposure,8,0.15494431473708917,0.84009900990099,401.8,1.0,5068.4,12670.2
tfinance,hgb_graph_features,0.5,0.6,exposure,9,0.14916087015208784,0.8215686274509805,394.6,1.0,5080.8,12700.6
tfinance,hgb_graph_features,0.5,0.6,random,0,0.0853808723468146,0.783950495049505,346.828,1.0,5048.0,12618.4
tfinance,hgb_graph_features,0.5,0.6,random,1,0.08896473444553746,0.794960396039604,352.93600000000004,1.0,5091.2,12727.0
tfinance,hgb_graph_features,0.5,0.6,random,2,0.09774194084659091,0.7792254901960785,352.684,1.0,5075.6,12687.8
tfinance,hgb_graph_features,0.5,0.6,random,3,0.09253852631050198,0.7760696517412935,344.54,1.0,5080.2,12699.4
tfinance,hgb_graph_features,0.5,0.6,random,4,0.10602984654854472,0.784216748768473,356.736,1.0,5071.6,12677.6
tfinance,hgb_graph_features,0.5,0.6,random,5,0.09877191060385168,0.8005629629629629,360.1,1.0,5060.8,12651.0
tfinance,hgb_graph_features,0.5,0.6,random,6,0.08661307883487666,0.7686093366093367,342.884,1.0,5059.8,12648.6
tfinance,hgb_graph_features,0.5,0.6,random,7,0.09009289081165375,0.7785221674876847,347.636,1.0,5079.2,12696.8
tfinance,hgb_graph_features,0.5,0.6,random,8,0.09726711983433642,0.8054356435643564,360.804,1.0,5068.4,12670.2
tfinance,hgb_graph_features,0.5,0.6,random,9,0.09719972390189205,0.7996960784313726,362.08000000000004,1.0,5080.8,12700.6
tfinance,hgb_graph_features,0.5,0.8,exposure,0,0.09772580533030774,0.7872871287128712,353.48,1.0,2524.2,12618.4
tfinance,hgb_graph_features,0.5,0.8,exposure,1,0.14717328619183828,0.8206831683168317,390.784,1.0,2545.8,12727.0
tfinance,hgb_graph_features,0.5,0.8,exposure,2,0.08540154364517949,0.7720196078431373,344.528,1.0,2538.2,12687.8
tfinance,hgb_graph_features,0.5,0.8,exposure,3,0.1432975778319682,0.8053134328358208,378.832,1.0,2540.4,12699.4
tfinance,hgb_graph_features,0.5,0.8,exposure,4,0.12478258579020311,0.795487684729064,371.248,1.0,2535.8,12677.6
tfinance,hgb_graph_features,0.5,0.8,exposure,5,0.11357333150563875,0.8088888888888889,370.156,1.0,2530.6,12651.0
tfinance,hgb_graph_features,0.5,0.8,exposure,6,0.10015950529315894,0.7772776412776412,352.904,1.0,2530.2,12648.6
tfinance,hgb_graph_features,0.5,0.8,exposure,7,0.07833460470241041,0.7634088669950739,337.08000000000004,1.0,2540.0,12696.8
tfinance,hgb_graph_features,0.5,0.8,exposure,8,0.15083230668816697,0.8349108910891088,397.808,1.0,2534.4,12670.2
tfinance,hgb_graph_features,0.5,0.8,exposure,9,0.1448695552481675,0.8205784313725492,392.38,1.0,2540.4,12700.6
tfinance,hgb_graph_features,0.5,0.8,random,0,0.08434757221144379,0.7798019801980198,344.93600000000004,1.0,2524.2,12618.4
tfinance,hgb_graph_features,0.5,0.8,random,1,0.08647116648945605,0.790871287128713,350.592,1.0,2545.8,12727.0
tfinance,hgb_graph_features,0.5,0.8,random,2,0.0951548175989599,0.7760686274509804,350.588,1.0,2538.2,12687.8
tfinance,hgb_graph_features,0.5,0.8,random,3,0.09085613168447182,0.7717114427860696,342.392,1.0,2540.4,12699.4
tfinance,hgb_graph_features,0.5,0.8,random,4,0.10394674704982239,0.7818226600985222,355.236,1.0,2535.8,12677.6
tfinance,hgb_graph_features,0.5,0.8,random,5,0.09798796794370938,0.7981432098765432,359.104,1.0,2530.6,12651.0
tfinance,hgb_graph_features,0.5,0.8,random,6,0.08492260483435236,0.765051597051597,341.028,1.0,2530.2,12648.6
tfinance,hgb_graph_features,0.5,0.8,random,7,0.09043736858431144,0.7751428571428571,346.764,1.0,2540.0,12696.8
tfinance,hgb_graph_features,0.5,0.8,random,8,0.10038287301236411,0.8062079207920793,362.808,1.0,2534.4,12670.2
tfinance,hgb_graph_features,0.5,0.8,random,9,0.09529811387922457,0.7943529411764707,359.496,1.0,2540.4,12700.6
tfinance,hgb_graph_features,0.5,0.9,exposure,0,0.09279166794109125,0.7819801980198019,349.788,1.0,1262.4,12618.4
tfinance,hgb_graph_features,0.5,0.9,exposure,1,0.13903626266005728,0.8134950495049506,384.788,1.0,1273.2,12727.0
tfinance,hgb_graph_features,0.5,0.9,exposure,2,0.07999041072077194,0.7652843137254901,340.024,1.0,1269.2,12687.8
tfinance,hgb_graph_features,0.5,0.9,exposure,3,0.1373796173196645,0.800228855721393,374.4,1.0,1270.4,12699.4
tfinance,hgb_graph_features,0.5,0.9,exposure,4,0.1206307144251562,0.7858522167487684,366.52,1.0,1268.2,12677.6
tfinance,hgb_graph_features,0.5,0.9,exposure,5,0.11112327625727729,0.8055111111111112,368.11199999999997,1.0,1265.6,12651.0
tfinance,hgb_graph_features,0.5,0.9,exposure,6,0.09920092461744004,0.7731302211302212,351.44,1.0,1265.4,12648.6
tfinance,hgb_graph_features,0.5,0.9,exposure,7,0.07886583901237525,0.7528177339901477,333.88800000000003,1.0,1270.2,12696.8
tfinance,hgb_graph_features,0.5,0.9,exposure,8,0.14325517337537055,0.8285940594059404,392.228,1.0,1267.4,12670.2
tfinance,hgb_graph_features,0.5,0.9,exposure,9,0.14123072540655174,0.8200784313725491,390.852,1.0,1270.6,12700.6
tfinance,hgb_graph_features,0.5,0.9,random,0,0.07698780124483431,0.7689999999999999,338.06000000000006,1.0,1262.4,12618.4
tfinance,hgb_graph_features,0.5,0.9,random,1,0.08250867084162804,0.7796930693069306,345.02,1.0,1273.2,12727.0
tfinance,hgb_graph_features,0.5,0.9,random,2,0.0900107234592725,0.7691372549019608,346.188,1.0,1269.2,12687.8
tfinance,hgb_graph_features,0.5,0.9,random,3,0.08675563920800057,0.7653333333333333,338.556,1.0,1270.4,12699.4
tfinance,hgb_graph_features,0.5,0.9,random,4,0.09964842368039399,0.77528078817734,351.512,1.0,1268.2,12677.6
tfinance,hgb_graph_features,0.5,0.9,random,5,0.09284423706447478,0.7915753086419753,354.556,1.0,1265.6,12651.0
tfinance,hgb_graph_features,0.5,0.9,random,6,0.0834915996817287,0.7592530712530712,338.776,1.0,1265.4,12648.6
tfinance,hgb_graph_features,0.5,0.9,random,7,0.08316091285934717,0.7610147783251232,338.596,1.0,1270.2,12696.8
tfinance,hgb_graph_features,0.5,0.9,random,8,0.09646149285360064,0.7996831683168316,359.052,1.0,1267.4,12670.2
tfinance,hgb_graph_features,0.5,0.9,random,9,0.09030424956192104,0.7860686274509805,354.436,1.0,1270.6,12700.6
tfinance,hgb_graph_features,0.5,0.97,exposure,0,0.06623951929588379,0.7433564356435645,324.908,1.0,379.0,12618.4
tfinance,hgb_graph_features,0.5,0.97,exposure,1,0.0999257028437596,0.7711386138613862,353.144,1.0,382.4,12727.0
tfinance,hgb_graph_features,0.5,0.97,exposure,2,0.06121807188453325,0.6785784313725489,298.564,0.916,381.0,12687.8
tfinance,hgb_graph_features,0.5,0.97,exposure,3,0.0989884958971685,0.7606467661691543,344.236,1.0,381.6,12699.4
tfinance,hgb_graph_features,0.5,0.97,exposure,4,0.0907117050397212,0.7359408866995073,335.72799999999995,0.984,380.8,12677.6
tfinance,hgb_graph_features,0.5,0.97,exposure,5,0.08720194768894153,0.7748345679012345,347.26800000000003,1.0,380.0,12651.0
tfinance,hgb_graph_features,0.5,0.97,exposure,6,0.08182798312380507,0.7415429975429976,334.948,1.0,380.0,12648.6
tfinance,hgb_graph_features,0.5,0.97,exposure,7,0.06084619366859521,0.645615763546798,284.48,0.884,381.4,12696.8
tfinance,hgb_graph_features,0.5,0.97,exposure,8,0.11088568431146091,0.7964455445544554,366.716,1.0,380.6,12670.2
tfinance,hgb_graph_features,0.5,0.97,exposure,9,0.10194031228811229,0.793186274509804,363.56,1.0,381.6,12700.6
tfinance,hgb_graph_features,0.5,0.97,random,0,0.06241068021188727,0.6734752475247525,295.70799999999997,0.908,379.0,12618.4
tfinance,hgb_graph_features,0.5,0.97,random,1,0.05271160916485675,0.7184653465346533,309.38,0.9800000000000001,382.4,12727.0
tfinance,hgb_graph_features,0.5,0.97,random,2,0.07092209669971275,0.7033627450980392,312.852,0.944,381.0,12687.8
tfinance,hgb_graph_features,0.5,0.97,random,3,0.06411374047690714,0.6862786069651741,298.904,0.932,381.6,12699.4
tfinance,hgb_graph_features,0.5,0.97,random,4,0.06613385723594165,0.6991330049261084,307.76800000000003,0.9480000000000001,380.8,12677.6
tfinance,hgb_graph_features,0.5,0.97,random,5,0.06380573973248876,0.7248296296296296,316.604,0.9559999999999998,380.0,12651.0
tfinance,hgb_graph_features,0.5,0.97,random,6,0.06208645003945464,0.6702506142506143,295.58000000000004,0.9119999999999999,380.0,12648.6
tfinance,hgb_graph_features,0.5,0.97,random,7,0.0666941271086782,0.6631231527093596,294.76800000000003,0.9039999999999999,381.4,12696.8
tfinance,hgb_graph_features,0.5,0.97,random,8,0.07214504663510449,0.7407128712871287,327.48,0.976,380.6,12670.2
tfinance,hgb_graph_features,0.5,0.97,random,9,0.05939078226605925,0.6999117647058825,307.664,0.944,381.6,12700.6
tfinance,hgb_graph_features,1.0,0.0,exposure,0,0.08706796139084064,0.7886138613861386,349.2,1.0,25354.0,25354.0
tfinance,hgb_graph_features,1.0,0.0,exposure,1,0.09385500074968312,0.7960396039603961,355.0,1.0,25354.0,25354.0
tfinance,hgb_graph_features,1.0,0.0,exposure,2,0.09550778826521696,0.7794117647058824,351.6,1.0,25342.0,25342.0
tfinance,hgb_graph_features,1.0,0.0,exposure,3,0.0985279701174702,0.780597014925373,348.4,1.0,25359.0,25359.0
tfinance,hgb_graph_features,1.0,0.0,exposure,4,0.11583132867673343,0.7935960591133004,364.6,1.0,25348.0,25348.0
tfinance,hgb_graph_features,1.0,0.0,exposure,5,0.09843392861861652,0.8039506172839506,361.2,1.0,25351.0,25351.0
tfinance,hgb_graph_features,1.0,0.0,exposure,6,0.09614533087851647,0.7783783783783783,350.8,1.0,25345.0,25345.0
tfinance,hgb_graph_features,1.0,0.0,exposure,7,0.0963899392473541,0.7847290640394088,352.6,1.0,25346.0,25346.0
tfinance,hgb_graph_features,1.0,0.0,exposure,8,0.10368944408926213,0.8103960396039603,365.6,1.0,25354.0,25354.0
tfinance,hgb_graph_features,1.0,0.0,exposure,9,0.10029779007007875,0.8,363.4,1.0,25343.0,25343.0
tfinance,hgb_graph_features,1.0,0.0,random,0,0.08706796139084064,0.7886138613861386,349.2,1.0,25354.0,25354.0
tfinance,hgb_graph_features,1.0,0.0,random,1,0.09385500074968312,0.7960396039603961,355.0,1.0,25354.0,25354.0
tfinance,hgb_graph_features,1.0,0.0,random,2,0.09550778826521696,0.7794117647058824,351.6,1.0,25342.0,25342.0
tfinance,hgb_graph_features,1.0,0.0,random,3,0.0985279701174702,0.780597014925373,348.4,1.0,25359.0,25359.0
tfinance,hgb_graph_features,1.0,0.0,random,4,0.11583132867673343,0.7935960591133004,364.6,1.0,25348.0,25348.0
tfinance,hgb_graph_features,1.0,0.0,random,5,0.09843392861861652,0.8039506172839506,361.2,1.0,25351.0,25351.0
tfinance,hgb_graph_features,1.0,0.0,random,6,0.09614533087851647,0.7783783783783783,350.8,1.0,25345.0,25345.0
tfinance,hgb_graph_features,1.0,0.0,random,7,0.0963899392473541,0.7847290640394088,352.6,1.0,25346.0,25346.0
tfinance,hgb_graph_features,1.0,0.0,random,8,0.10368944408926213,0.8103960396039603,365.6,1.0,25354.0,25354.0
tfinance,hgb_graph_features,1.0,0.0,random,9,0.10029779007007875,0.8,363.4,1.0,25343.0,25343.0
tfinance,hgb_graph_features,1.0,0.05,exposure,0,0.166656002718686,0.8183168316831683,397.2,1.0,24087.0,25354.0
tfinance,hgb_graph_features,1.0,0.05,exposure,1,0.1977866947149893,0.833168316831683,419.8,1.0,24087.0,25354.0
tfinance,hgb_graph_features,1.0,0.05,exposure,2,0.16519787435122918,0.8073529411764706,394.8,1.0,24075.0,25342.0
tfinance,hgb_graph_features,1.0,0.05,exposure,3,0.19308630405420807,0.8248756218905472,411.2,1.0,24092.0,25359.0
tfinance,hgb_graph_features,1.0,0.05,exposure,4,0.21938471420057049,0.8374384236453201,435.8,1.0,24081.0,25348.0
tfinance,hgb_graph_features,1.0,0.05,exposure,5,0.190810588371503,0.8390123456790123,420.2,1.0,24084.0,25351.0
tfinance,hgb_graph_features,1.0,0.05,exposure,6,0.15118401506404483,0.8122850122850125,390.2,1.0,24078.0,25345.0
tfinance,hgb_graph_features,1.0,0.05,exposure,7,0.19406776493731998,0.8261083743842365,416.45200000000006,1.0,24079.0,25346.0
tfinance,hgb_graph_features,1.0,0.05,exposure,8,0.2055434908940396,0.8504950495049505,432.6,1.0,24087.0,25354.0
tfinance,hgb_graph_features,1.0,0.05,exposure,9,0.18991011604263305,0.842156862745098,424.8,1.0,24076.0,25343.0
tfinance,hgb_graph_features,1.0,0.05,random,0,0.08688916618660394,0.7887524752475248,349.192,1.0,24087.0,25354.0
tfinance,hgb_graph_features,1.0,0.05,random,1,0.0931522977465365,0.7963861386138614,354.904,1.0,24087.0,25354.0
tfinance,hgb_graph_features,1.0,0.05,random,2,0.09628307137384713,0.7801470588235294,352.236,1.0,24075.0,25342.0
tfinance,hgb_graph_features,1.0,0.05,random,3,0.09898444864236895,0.7804676616915422,348.51599999999996,1.0,24092.0,25359.0
tfinance,hgb_graph_features,1.0,0.05,random,4,0.11563415106308898,0.793960591133005,364.7,1.0,24081.0,25348.0
tfinance,hgb_graph_features,1.0,0.05,random,5,0.09778346768360276,0.8036148148148147,360.8,1.0,24084.0,25351.0
tfinance,hgb_graph_features,1.0,0.05,random,6,0.09582314688175894,0.778083538083538,350.584,1.0,24078.0,25345.0
tfinance,hgb_graph_features,1.0,0.05,random,7,0.09588112171799297,0.7844433497536946,352.28000000000003,1.0,24079.0,25346.0
tfinance,hgb_graph_features,1.0,0.05,random,8,0.10406469614336493,0.8108514851485149,365.948,1.0,24087.0,25354.0
tfinance,hgb_graph_features,1.0,0.05,random,9,0.09967028062248713,0.8000392156862745,363.188,1.0,24076.0,25343.0
tfinance,hgb_graph_features,1.0,0.1,exposure,0,0.17128050458964936,0.8212871287128714,400.8,1.0,22819.0,25354.0
tfinance,hgb_graph_features,1.0,0.1,exposure,1,0.21449706160122264,0.837128712871287,430.8,1.0,22819.0,25354.0
tfinance,hgb_graph_features,1.0,0.1,exposure,2,0.1664500686645182,0.8073529411764706,395.4,1.0,22808.0,25342.0
tfinance,hgb_graph_features,1.0,0.1,exposure,3,0.20210670445157314,0.8283582089552238,417.6,1.0,22824.0,25359.0
tfinance,hgb_graph_features,1.0,0.1,exposure,4,0.22765971164871468,0.8399014778325122,441.8,1.0,22814.0,25348.0
tfinance,hgb_graph_features,1.0,0.1,exposure,5,0.19937707557965037,0.841679012345679,426.23999999999995,1.0,22816.0,25351.0
tfinance,hgb_graph_features,1.0,0.1,exposure,6,0.16343586897402168,0.8152334152334152,397.4,1.0,22811.0,25345.0
tfinance,hgb_graph_features,1.0,0.1,exposure,7,0.21555197498956424,0.8339901477832512,431.8,1.0,22812.0,25346.0
tfinance,hgb_graph_features,1.0,0.1,exposure,8,0.2158731187755544,0.8534653465346536,439.8,1.0,22819.0,25354.0
tfinance,hgb_graph_features,1.0,0.1,exposure,9,0.19041819744841,0.842156862745098,425.08000000000004,1.0,22809.0,25343.0
tfinance,hgb_graph_features,1.0,0.1,random,0,0.0867397900784734,0.7887524752475248,349.13199999999995,1.0,22819.0,25354.0
tfinance,hgb_graph_features,1.0,0.1,random,1,0.09238877493556544,0.7964950495049505,354.65999999999997,1.0,22819.0,25354.0
tfinance,hgb_graph_features,1.0,0.1,random,2,0.0963415324667004,0.7802941176470588,352.328,1.0,22808.0,25342.0
tfinance,hgb_graph_features,1.0,0.1,random,3,0.09914686399857886,0.7804079601990049,348.56000000000006,1.0,22824.0,25359.0
tfinance,hgb_graph_features,1.0,0.1,random,4,0.1150087927686082,0.7937241379310345,364.332,1.0,22814.0,25348.0
tfinance,hgb_graph_features,1.0,0.1,random,5,0.09733429826231502,0.8036345679012346,360.644,1.0,22816.0,25351.0
tfinance,hgb_graph_features,1.0,0.1,random,6,0.09555780221286472,0.7780049140049139,350.468,1.0,22811.0,25345.0
tfinance,hgb_graph_features,1.0,0.1,random,7,0.0960642448652013,0.7846896551724137,352.47200000000004,1.0,22812.0,25346.0
tfinance,hgb_graph_features,1.0,0.1,random,8,0.10367363081515073,0.8106039603960398,365.688,1.0,22819.0,25354.0
tfinance,hgb_graph_features,1.0,0.1,random,9,0.09960458722084031,0.8001078431372548,363.188,1.0,22809.0,25343.0
tfinance,hgb_graph_features,1.0,0.2,exposure,0,0.1739839979801548,0.8212871287128714,402.2,1.0,20284.0,25354.0
tfinance,hgb_graph_features,1.0,0.2,exposure,1,0.23759367969741169,0.846039603960396,448.6,1.0,20284.0,25354.0
tfinance,hgb_graph_features,1.0,0.2,exposure,2,0.1625587662490799,0.8068627450980392,393.4,1.0,20274.0,25342.0
tfinance,hgb_graph_features,1.0,0.2,exposure,3,0.2035616995731103,0.827363184079602,417.8,1.0,20288.0,25359.0
tfinance,hgb_graph_features,1.0,0.2,exposure,4,0.2296609688429938,0.8403940886699507,443.2,1.0,20279.0,25348.0
tfinance,hgb_graph_features,1.0,0.2,exposure,5,0.21053620330935502,0.8449382716049383,433.8,1.0,20281.0,25351.0
tfinance,hgb_graph_features,1.0,0.2,exposure,6,0.17402194787169045,0.8167076167076168,403.2,1.0,20276.0,25345.0
tfinance,hgb_graph_features,1.0,0.2,exposure,7,0.2178480247717467,0.835960591133005,434.0,1.0,20277.0,25346.0
tfinance,hgb_graph_features,1.0,0.2,exposure,8,0.22408210878499543,0.8549504950495048,445.2,1.0,20284.0,25354.0
tfinance,hgb_graph_features,1.0,0.2,exposure,9,0.19137644533832615,0.842156862745098,425.6,1.0,20275.0,25343.0
tfinance,hgb_graph_features,1.0,0.2,random,0,0.0866839089288867,0.7887623762376238,349.11600000000004,1.0,20284.0,25354.0
tfinance,hgb_graph_features,1.0,0.2,random,1,0.09235205530834704,0.7964554455445545,354.63199999999995,1.0,20284.0,25354.0
tfinance,hgb_graph_features,1.0,0.2,random,2,0.09644687997809455,0.7803431372549019,352.396,1.0,20274.0,25342.0
tfinance,hgb_graph_features,1.0,0.2,random,3,0.09889343394026397,0.7804278606965175,348.476,1.0,20288.0,25359.0
tfinance,hgb_graph_features,1.0,0.2,random,4,0.11401649263745747,0.793231527093596,363.712,1.0,20279.0,25348.0
tfinance,hgb_graph_features,1.0,0.2,random,5,0.09750097350864875,0.8033679012345678,360.608,1.0,20281.0,25351.0
tfinance,hgb_graph_features,1.0,0.2,random,6,0.09541131323894723,0.77797542997543,350.416,1.0,20276.0,25345.0
tfinance,hgb_graph_features,1.0,0.2,random,7,0.09680469270399714,0.7849950738916256,352.928,1.0,20277.0,25346.0
tfinance,hgb_graph_features,1.0,0.2,random,8,0.10316830335935093,0.8105742574257426,365.48400000000004,1.0,20284.0,25354.0
tfinance,hgb_graph_features,1.0,0.2,random,9,0.09857254245713054,0.7998921568627451,362.68,1.0,20275.0,25343.0
tfinance,hgb_graph_features,1.0,0.4,exposure,0,0.17033254654979352,0.8198019801980199,399.8,1.0,15213.0,25354.0
tfinance,hgb_graph_features,1.0,0.4,exposure,1,0.24192994528243444,0.848019801980198,452.0,1.0,15213.0,25354.0
tfinance,hgb_graph_features,1.0,0.4,exposure,2,0.1296639233476979,0.7990196078431372,374.8,1.0,15206.0,25342.0
tfinance,hgb_graph_features,1.0,0.4,exposure,3,0.19656999861610214,0.8258706467661691,413.4,1.0,15216.0,25359.0
tfinance,hgb_graph_features,1.0,0.4,exposure,4,0.21492400387483318,0.8354679802955663,432.2,1.0,15209.0,25348.0
tfinance,hgb_graph_features,1.0,0.4,exposure,5,0.17962867810910976,0.834074074074074,412.0,1.0,15211.0,25351.0
tfinance,hgb_graph_features,1.0,0.4,exposure,6,0.18721315424947202,0.8216216216216216,411.8,1.0,15207.0,25345.0
tfinance,hgb_graph_features,1.0,0.4,exposure,7,0.18004282654480827,0.8221674876847291,407.2,1.0,15208.0,25346.0
tfinance,hgb_graph_features,1.0,0.4,exposure,8,0.20649010622063585,0.851980198019802,433.8,1.0,15213.0,25354.0
tfinance,hgb_graph_features,1.0,0.4,exposure,9,0.18025802821251585,0.8377450980392158,417.6,1.0,15206.0,25343.0
tfinance,hgb_graph_features,1.0,0.4,random,0,0.08635903440285661,0.7880792079207921,348.70799999999997,1.0,15213.0,25354.0
tfinance,hgb_graph_features,1.0,0.4,random,1,0.09180124088444866,0.7970198019801981,354.696,1.0,15213.0,25354.0
tfinance,hgb_graph_features,1.0,0.4,random,2,0.09687832829460644,0.7805294117647058,352.672,1.0,15206.0,25342.0
tfinance,hgb_graph_features,1.0,0.4,random,3,0.09787886627182456,0.7797512437810946,347.82800000000003,1.0,15216.0,25359.0
tfinance,hgb_graph_features,1.0,0.4,random,4,0.11405382029075821,0.7932216748768472,363.748,1.0,15209.0,25348.0
tfinance,hgb_graph_features,1.0,0.4,random,5,0.09689180616217741,0.8022814814814815,359.924,1.0,15211.0,25351.0
tfinance,hgb_graph_features,1.0,0.4,random,6,0.09537238144787391,0.7772874692874693,350.12,1.0,15207.0,25345.0
tfinance,hgb_graph_features,1.0,0.4,random,7,0.09709189830055054,0.78464039408867,352.928,1.0,15208.0,25346.0
tfinance,hgb_graph_features,1.0,0.4,random,8,0.10256451426435773,0.8106138613861387,365.308,1.0,15213.0,25354.0
tfinance,hgb_graph_features,1.0,0.4,random,9,0.0986657667338724,0.7993431372549019,362.48,1.0,15206.0,25343.0
tfinance,hgb_graph_features,1.0,0.6,exposure,0,0.1291463200002355,0.8014851485148515,372.4,1.0,10142.0,25354.0
tfinance,hgb_graph_features,1.0,0.6,exposure,1,0.1706812127540446,0.8321782178217821,405.6,1.0,10142.0,25354.0
tfinance,hgb_graph_features,1.0,0.6,exposure,2,0.09171407811815223,0.7769607843137255,349.0,1.0,10137.0,25342.0
tfinance,hgb_graph_features,1.0,0.6,exposure,3,0.16493846338559676,0.817412935323383,393.6,1.0,10144.0,25359.0
tfinance,hgb_graph_features,1.0,0.6,exposure,4,0.17240494329064343,0.8246305418719212,404.8,1.0,10140.0,25348.0
tfinance,hgb_graph_features,1.0,0.6,exposure,5,0.13797628488062802,0.8197530864197532,385.4,1.0,10141.0,25351.0
tfinance,hgb_graph_features,1.0,0.6,exposure,6,0.14389651755810856,0.808845208845209,385.2,1.0,10138.0,25345.0
tfinance,hgb_graph_features,1.0,0.6,exposure,7,0.12306134637001591,0.8024630541871922,371.6,1.0,10139.0,25346.0
tfinance,hgb_graph_features,1.0,0.6,exposure,8,0.17366886236902382,0.842079207920792,411.704,1.0,10142.0,25354.0
tfinance,hgb_graph_features,1.0,0.6,exposure,9,0.16332184920278264,0.8284313725490196,404.6,1.0,10138.0,25343.0
tfinance,hgb_graph_features,1.0,0.6,random,0,0.08697880716806919,0.7877722772277227,348.864,1.0,10142.0,25354.0
tfinance,hgb_graph_features,1.0,0.6,random,1,0.09106254830199287,0.7967920792079208,354.336,1.0,10142.0,25354.0
tfinance,hgb_graph_features,1.0,0.6,random,2,0.09725851236696612,0.7799117647058824,352.632,1.0,10137.0,25342.0
tfinance,hgb_graph_features,1.0,0.6,random,3,0.09794717229033997,0.7793532338308458,347.732,1.0,10144.0,25359.0
tfinance,hgb_graph_features,1.0,0.6,random,4,0.11384216565704568,0.7923743842364532,363.308,1.0,10140.0,25348.0
tfinance,hgb_graph_features,1.0,0.6,random,5,0.09562131506021501,0.7997135802469135,358.348,1.0,10141.0,25351.0
tfinance,hgb_graph_features,1.0,0.6,random,6,0.09494115720432654,0.7761670761670761,349.488,1.0,10138.0,25345.0
tfinance,hgb_graph_features,1.0,0.6,random,7,0.09614684293606496,0.7840689655172414,352.368,1.0,10139.0,25346.0
tfinance,hgb_graph_features,1.0,0.6,random,8,0.10341769559293361,0.8106534653465346,365.7,1.0,10142.0,25354.0
tfinance,hgb_graph_features,1.0,0.6,random,9,0.0978833065805201,0.7988921568627451,362.008,1.0,10138.0,25343.0
tfinance,hgb_graph_features,1.0,0.8,exposure,0,0.09867927027372851,0.7911188118811882,355.188,1.0,5071.0,25354.0
tfinance,hgb_graph_features,1.0,0.8,exposure,1,0.13840951994990633,0.8204851485148514,385.336,1.0,5071.0,25354.0
tfinance,hgb_graph_features,1.0,0.8,exposure,2,0.07988892297268835,0.7678529411764706,340.568,1.0,5069.0,25342.0
tfinance,hgb_graph_features,1.0,0.8,exposure,3,0.146900084111105,0.8087960199004975,381.512,1.0,5072.0,25359.0
tfinance,hgb_graph_features,1.0,0.8,exposure,4,0.1387353575597883,0.8088374384236454,381.76,1.0,5070.0,25348.0
tfinance,hgb_graph_features,1.0,0.8,exposure,5,0.109112109589017,0.8082567901234569,367.748,1.0,5071.0,25351.0
tfinance,hgb_graph_features,1.0,0.8,exposure,6,0.12199194912898528,0.7956953316953317,369.492,1.0,5069.0,25345.0
tfinance,hgb_graph_features,1.0,0.8,exposure,7,0.08446681686503568,0.7740394088669952,343.64,1.0,5070.0,25346.0
tfinance,hgb_graph_features,1.0,0.8,exposure,8,0.15387910926268844,0.8376633663366336,400.17999999999995,1.0,5071.0,25354.0
tfinance,hgb_graph_features,1.0,0.8,exposure,9,0.14178187873681783,0.8201274509803922,390.412,1.0,5069.0,25343.0
tfinance,hgb_graph_features,1.0,0.8,random,0,0.08695111551336128,0.7857227722772278,348.136,1.0,5071.0,25354.0
tfinance,hgb_graph_features,1.0,0.8,random,1,0.09053470879636549,0.7964257425742576,354.056,1.0,5071.0,25354.0
tfinance,hgb_graph_features,1.0,0.8,random,2,0.0971361823051615,0.7786176470588236,352.172,1.0,5069.0,25342.0
tfinance,hgb_graph_features,1.0,0.8,random,3,0.09627544199042405,0.7783980099502488,346.812,1.0,5072.0,25359.0
tfinance,hgb_graph_features,1.0,0.8,random,4,0.10882752042345967,0.7876157635467981,359.336,1.0,5070.0,25348.0
tfinance,hgb_graph_features,1.0,0.8,random,5,0.09554668272568517,0.7982222222222222,357.84000000000003,1.0,5071.0,25351.0
tfinance,hgb_graph_features,1.0,0.8,random,6,0.09195180740400115,0.771970515970516,346.588,1.0,5069.0,25345.0
tfinance,hgb_graph_features,1.0,0.8,random,7,0.09515184597830456,0.7817142857142858,351.148,1.0,5070.0,25346.0
tfinance,hgb_graph_features,1.0,0.8,random,8,0.10077702570595073,0.809019801980198,364.056,1.0,5071.0,25354.0
tfinance,hgb_graph_features,1.0,0.8,random,9,0.09538585226440625,0.7963627450980393,360.08000000000004,1.0,5069.0,25343.0
tfinance,hgb_graph_features,1.0,0.9,exposure,0,0.09690159663735931,0.7886237623762377,353.684,1.0,2536.0,25354.0
tfinance,hgb_graph_features,1.0,0.9,exposure,1,0.1338258153121918,0.8154950495049504,381.9,1.0,2536.0,25354.0
tfinance,hgb_graph_features,1.0,0.9,exposure,2,0.07922988686483175,0.7664411764705882,339.808,1.0,2535.0,25342.0
tfinance,hgb_graph_features,1.0,0.9,exposure,3,0.14296569482381044,0.8053034825870646,378.412,1.0,2536.0,25359.0
tfinance,hgb_graph_features,1.0,0.9,exposure,4,0.1312902686579048,0.8010738916256157,375.636,1.0,2535.0,25348.0
tfinance,hgb_graph_features,1.0,0.9,exposure,5,0.10759272868878025,0.8058567901234568,366.344,1.0,2536.0,25351.0
tfinance,hgb_graph_features,1.0,0.9,exposure,6,0.12172495024324262,0.7912727272727272,368.1,1.0,2535.0,25345.0
tfinance,hgb_graph_features,1.0,0.9,exposure,7,0.08635284237013577,0.7724433497536946,344.144,1.0,2535.0,25346.0
tfinance,hgb_graph_features,1.0,0.9,exposure,8,0.14853323260359963,0.8335544554455444,396.108,1.0,2536.0,25354.0
tfinance,hgb_graph_features,1.0,0.9,exposure,9,0.13892720276036025,0.8191274509803922,388.84000000000003,1.0,2535.0,25343.0
tfinance,hgb_graph_features,1.0,0.9,random,0,0.08371633996578534,0.7812673267326733,345.196,1.0,2536.0,25354.0
tfinance,hgb_graph_features,1.0,0.9,random,1,0.09020351696968645,0.7942673267326732,353.296,1.0,2536.0,25354.0
tfinance,hgb_graph_features,1.0,0.9,random,2,0.09467998017553599,0.7756666666666667,350.204,1.0,2535.0,25342.0
tfinance,hgb_graph_features,1.0,0.9,random,3,0.09458781507390243,0.7746965174129354,344.9,1.0,2536.0,25359.0
tfinance,hgb_graph_features,1.0,0.9,random,4,0.10392802693445527,0.7827586206896553,355.56800000000004,1.0,2535.0,25348.0
tfinance,hgb_graph_features,1.0,0.9,random,5,0.09271520551926012,0.7943703703703704,355.38800000000003,1.0,2536.0,25351.0
tfinance,hgb_graph_features,1.0,0.9,random,6,0.0909870961690777,0.7696511056511057,345.51599999999996,1.0,2535.0,25345.0
tfinance,hgb_graph_features,1.0,0.9,random,7,0.09235462696344682,0.7772118226600986,348.568,1.0,2535.0,25346.0
tfinance,hgb_graph_features,1.0,0.9,random,8,0.09809490003712161,0.8054455445544553,361.716,1.0,2536.0,25354.0
tfinance,hgb_graph_features,1.0,0.9,random,9,0.09024180416892803,0.7911470588235294,355.94,1.0,2535.0,25343.0
tfinance,hgb_graph_features,1.0,0.97,exposure,0,0.09197010217936867,0.7757722772277227,347.29200000000003,1.0,761.0,25354.0
tfinance,hgb_graph_features,1.0,0.97,exposure,1,0.11913232729890091,0.7984653465346534,369.704,1.0,761.0,25354.0
tfinance,hgb_graph_features,1.0,0.97,exposure,2,0.06981792926076583,0.7486176470588235,329.7,1.0,761.0,25342.0
tfinance,hgb_graph_features,1.0,0.97,exposure,3,0.12304977552966083,0.7877910447761194,363.52,1.0,761.0,25359.0
tfinance,hgb_graph_features,1.0,0.97,exposure,4,0.11178387015195465,0.7781083743842365,358.98400000000004,1.0,761.0,25348.0
tfinance,hgb_graph_features,1.0,0.97,exposure,5,0.10215436407629712,0.793679012345679,359.936,1.0,761.0,25351.0
tfinance,hgb_graph_features,1.0,0.97,exposure,6,0.1105446007464741,0.774977886977887,358.48,1.0,761.0,25345.0
tfinance,hgb_graph_features,1.0,0.97,exposure,7,0.07978384632044488,0.7404236453201971,330.032,1.0,761.0,25346.0
tfinance,hgb_graph_features,1.0,0.97,exposure,8,0.132341060534804,0.8191782178217821,383.86,1.0,761.0,25354.0
tfinance,hgb_graph_features,1.0,0.97,exposure,9,0.12586569447265644,0.8118333333333334,380.38800000000003,1.0,761.0,25343.0
tfinance,hgb_graph_features,1.0,0.97,random,0,0.07672985246299355,0.7596930693069307,334.796,1.0,761.0,25354.0
tfinance,hgb_graph_features,1.0,0.97,random,1,0.07420440669510861,0.763990099009901,335.62399999999997,1.0,761.0,25354.0
tfinance,hgb_graph_features,1.0,0.97,random,2,0.0834700167121393,0.7586372549019608,339.62,1.0,761.0,25342.0
tfinance,hgb_graph_features,1.0,0.97,random,3,0.0851256672418768,0.7513233830845771,333.232,1.0,761.0,25359.0
tfinance,hgb_graph_features,1.0,0.97,random,4,0.09371621094946575,0.7655566502463054,345.572,1.0,761.0,25348.0
tfinance,hgb_graph_features,1.0,0.97,random,5,0.0866735548153179,0.7756839506172839,346.17199999999997,1.0,761.0,25351.0
tfinance,hgb_graph_features,1.0,0.97,random,6,0.08413432068987542,0.7543980343980344,337.768,1.0,761.0,25345.0
tfinance,hgb_graph_features,1.0,0.97,random,7,0.0858226324411731,0.7514088669950739,336.816,1.0,761.0,25346.0
tfinance,hgb_graph_features,1.0,0.97,random,8,0.09055309286407202,0.7847722772277228,351.496,1.0,761.0,25354.0
tfinance,hgb_graph_features,1.0,0.97,random,9,0.08618610856442904,0.7737254901960784,348.156,1.0,761.0,25343.0
