dataset,model,scenario,method,seed,fdp,power,discoveries,n_reference,n_train_new,train_anomalies,auroc,bound
amazon,hgb_attributes,moderate,pooled_reference,0,0.10735475555696021,0.8064864864864865,167.33333333333334,1135.0666666666666,1222.0666666666666,157.8,0.9689147703701427,0.0904835390946502
amazon,hgb_attributes,moderate,pooled_reference,1,0.09848735011681899,0.8098360655737705,164.73333333333332,1147.6666666666667,1230.0666666666666,168.0,0.9736940532008536,0.09058641975308643
amazon,hgb_attributes,moderate,pooled_reference,2,0.11212894961648195,0.7843351548269581,162.2,1142.7333333333333,1229.4666666666667,174.33333333333334,0.9706320613908516,0.09058641975308643
amazon,hgb_attributes,moderate,pooled_reference,3,0.10076682172036179,0.8372759856630824,173.46666666666667,1134.6666666666667,1229.0666666666666,161.53333333333333,0.9755537410139414,0.09043209876543211
amazon,hgb_attributes,moderate,pooled_reference,4,0.09445465072068991,0.8032608695652175,163.6,1142.1333333333334,1235.0,167.53333333333333,0.973632555171278,0.09053497942386832
amazon,hgb_attributes,moderate,pooled_reference,5,0.0807772222973764,0.8014336917562724,162.53333333333333,1145.4666666666667,1217.3333333333333,159.4,0.9761099286008457,0.09043209876543211
amazon,hgb_attributes,moderate,pooled_reference,6,0.08673541091519096,0.7882978723404256,162.66666666666666,1139.5333333333333,1222.7333333333333,153.8,0.9702665834666149,0.0903292181069959
amazon,hgb_attributes,moderate,pooled_reference,7,0.10598956738696191,0.8092691622103386,170.13333333333333,1141.4,1211.4,160.2,0.9749440675006801,0.0903757076685538
amazon,hgb_attributes,moderate,pooled_reference,8,0.09971879977192258,0.7787387387387388,160.33333333333334,1146.9333333333334,1222.3333333333333,157.0,0.9726777972511761,0.09047864127637674
amazon,hgb_attributes,moderate,pooled_reference,9,0.09513660896485156,0.8068100358422938,166.4,1156.6666666666667,1203.8,158.93333333333334,0.9695447600279884,0.09042717447246527
amazon,hgb_attributes,moderate,wcs_homogeneous,0,0.10481618496446267,0.7124324324324325,149.0,1135.0666666666666,1222.0666666666666,157.8,0.9689147703701427,0.0904835390946502
amazon,hgb_attributes,moderate,wcs_homogeneous,1,0.08700608140891981,0.7140255009107468,144.2,1147.6666666666667,1230.0666666666666,168.0,0.9736940532008536,0.09058641975308643
amazon,hgb_attributes,moderate,wcs_homogeneous,2,0.08538053687058828,0.5941712204007286,120.46666666666667,1142.7333333333333,1229.4666666666667,174.33333333333334,0.9706320613908516,0.09058641975308643
amazon,hgb_attributes,moderate,wcs_homogeneous,3,0.09730218874678817,0.7129032258064516,148.66666666666666,1134.6666666666667,1229.0666666666666,161.53333333333333,0.9755537410139414,0.09043209876543211
amazon,hgb_attributes,moderate,wcs_homogeneous,4,0.07622962629484184,0.6666666666666666,134.86666666666667,1142.1333333333334,1235.0,167.53333333333333,0.973632555171278,0.09053497942386832
amazon,hgb_attributes,moderate,wcs_homogeneous,5,0.06603137757860467,0.6329749103942652,128.73333333333332,1145.4666666666667,1217.3333333333333,159.4,0.9761099286008457,0.09043209876543211
amazon,hgb_attributes,moderate,wcs_homogeneous,6,0.035647302719323794,0.33794326241134753,68.53333333333333,1139.5333333333333,1222.7333333333333,153.8,0.9702665834666149,0.0903292181069959
amazon,hgb_attributes,moderate,wcs_homogeneous,7,0.0968964045093602,0.562210338680927,120.6,1141.4,1211.4,160.2,0.9749440675006801,0.0903757076685538
amazon,hgb_attributes,moderate,wcs_homogeneous,8,0.07765035402756552,0.6414414414414414,130.73333333333332,1146.9333333333334,1222.3333333333333,157.0,0.9726777972511761,0.09047864127637674
amazon,hgb_attributes,moderate,wcs_homogeneous,9,0.07427326382850681,0.6043010752688172,123.4,1156.6666666666667,1203.8,158.93333333333334,0.9695447600279884,0.09042717447246527
amazon,hgb_attributes,moderate,wcs_rand_homogeneous,0,0.1192389614941344,0.7650450450450451,161.2,1135.0666666666666,1222.0666666666666,157.8,0.9689147703701427,0.0904835390946502
amazon,hgb_attributes,moderate,wcs_rand_homogeneous,1,0.09301289760811228,0.7366120218579234,149.4,1147.6666666666667,1230.0666666666666,168.0,0.9736940532008536,0.09058641975308643
amazon,hgb_attributes,moderate,wcs_rand_homogeneous,2,0.08648863250075596,0.6703096539162113,135.66666666666666,1142.7333333333333,1229.4666666666667,174.33333333333334,0.9706320613908516,0.09058641975308643
amazon,hgb_attributes,moderate,wcs_rand_homogeneous,3,0.09967603146118108,0.7921146953405018,164.33333333333334,1134.6666666666667,1229.0666666666666,161.53333333333333,0.9755537410139414,0.09043209876543211
amazon,hgb_attributes,moderate,wcs_rand_homogeneous,4,0.08481390379692526,0.7347826086956523,149.06666666666666,1142.1333333333334,1235.0,167.53333333333333,0.973632555171278,0.09053497942386832
amazon,hgb_attributes,moderate,wcs_rand_homogeneous,5,0.07647119077564882,0.6763440860215053,138.46666666666667,1145.4666666666667,1217.3333333333333,159.4,0.9761099286008457,0.09043209876543211
amazon,hgb_attributes,moderate,wcs_rand_homogeneous,6,0.0515125043698507,0.45886524822695035,93.6,1139.5333333333333,1222.7333333333333,153.8,0.9702665834666149,0.0903292181069959
amazon,hgb_attributes,moderate,wcs_rand_homogeneous,7,0.09855771679814113,0.5839572192513369,125.6,1141.4,1211.4,160.2,0.9749440675006801,0.0903757076685538
amazon,hgb_attributes,moderate,wcs_rand_homogeneous,8,0.09345682925324765,0.7214414414414415,148.13333333333333,1146.9333333333334,1222.3333333333333,157.0,0.9726777972511761,0.09047864127637674
amazon,hgb_attributes,moderate,wcs_rand_homogeneous,9,0.07573544589580003,0.6304659498207885,129.33333333333334,1156.6666666666667,1203.8,158.93333333333334,0.9695447600279884,0.09042717447246527
amazon,hgb_attributes,moderate,weighted_bh,0,0.0955506740221623,0.7279279279279279,150.86666666666667,1135.0666666666666,1222.0666666666666,157.8,0.9689147703701427,0.0904835390946502
amazon,hgb_attributes,moderate,weighted_bh,1,0.07985360011309153,0.6943533697632058,139.86666666666667,1147.6666666666667,1230.0666666666666,168.0,0.9736940532008536,0.09058641975308643
amazon,hgb_attributes,moderate,weighted_bh,2,0.07380734008945249,0.6717668488160291,134.2,1142.7333333333333,1229.4666666666667,174.33333333333334,0.9706320613908516,0.09058641975308643
amazon,hgb_attributes,moderate,weighted_bh,3,0.0897469629351831,0.7415770609318997,153.33333333333334,1134.6666666666667,1229.0666666666666,161.53333333333333,0.9755537410139414,0.09043209876543211
amazon,hgb_attributes,moderate,weighted_bh,4,0.08036020880863314,0.7210144927536232,145.6,1142.1333333333334,1235.0,167.53333333333333,0.973632555171278,0.09053497942386832
amazon,hgb_attributes,moderate,weighted_bh,5,0.07004076104114514,0.6913978494623656,140.2,1145.4666666666667,1217.3333333333333,159.4,0.9761099286008457,0.09043209876543211
amazon,hgb_attributes,moderate,weighted_bh,6,0.04374628817800988,0.48333333333333334,97.46666666666667,1139.5333333333333,1222.7333333333333,153.8,0.9702665834666149,0.0903292181069959
amazon,hgb_attributes,moderate,weighted_bh,7,0.08235461028674937,0.5914438502673797,125.06666666666666,1141.4,1211.4,160.2,0.9749440675006801,0.0903757076685538
amazon,hgb_attributes,moderate,weighted_bh,8,0.08938872045433725,0.7001801801801801,142.93333333333334,1146.9333333333334,1222.3333333333333,157.0,0.9726777972511761,0.09047864127637674
amazon,hgb_attributes,moderate,weighted_bh,9,0.06382420256776003,0.5860215053763441,119.6,1156.6666666666667,1203.8,158.93333333333334,0.9695447600279884,0.09042717447246527
amazon,hgb_attributes,severe,pooled_reference,0,0.1267355327611757,0.8075675675675675,171.86666666666667,1107.4666666666667,1174.4666666666667,148.13333333333333,0.9681894401507819,0.0904835390946502
amazon,hgb_attributes,severe,pooled_reference,1,0.11685191975346226,0.8134790528233151,168.93333333333334,1111.7333333333333,1184.4666666666667,157.93333333333334,0.9734551179212837,0.09058641975308643
amazon,hgb_attributes,severe,pooled_reference,2,0.1207900762830511,0.7883424408014572,164.6,1111.7333333333333,1179.6666666666667,162.06666666666666,0.9700144498954787,0.09058641975308643
amazon,hgb_attributes,severe,pooled_reference,3,0.11414516783569925,0.8433691756272401,177.33333333333334,1100.2666666666667,1181.7333333333333,148.26666666666668,0.9758627227910505,0.09043209876543211
amazon,hgb_attributes,severe,pooled_reference,4,0.10076121142841972,0.7963768115942028,163.06666666666666,1116.4,1183.0666666666666,155.73333333333332,0.9736434659090908,0.09053497942386832
amazon,hgb_attributes,severe,pooled_reference,5,0.09575728710061561,0.8118279569892474,167.26666666666668,1107.0,1178.6666666666667,148.8,0.9756551718513625,0.09043209876543211
amazon,hgb_attributes,severe,pooled_reference,6,0.08338029954126254,0.7822695035460993,160.6,1104.1333333333334,1182.5333333333333,146.4,0.9689582020711158,0.0903292181069959
amazon,hgb_attributes,severe,pooled_reference,7,0.10846951350667404,0.8128342245989305,171.0,1099.2,1177.0,150.0,0.9763396391896995,0.0903757076685538
amazon,hgb_attributes,severe,pooled_reference,8,0.11148940284212813,0.7924324324324324,165.46666666666667,1107.7333333333333,1189.0,149.4,0.9701889944552061,0.09047864127637674
amazon,hgb_attributes,severe,pooled_reference,9,0.10349164483319638,0.8136200716845878,169.2,1108.2,1171.6,146.73333333333332,0.9696000432473894,0.09042717447246527
amazon,hgb_attributes,severe,wcs_homogeneous,0,0.11614926980909672,0.20216216216216218,48.2,1107.4666666666667,1174.4666666666667,148.13333333333333,0.9681894401507819,0.0904835390946502
amazon,hgb_attributes,severe,wcs_homogeneous,1,0.11654322948699385,0.20072859744990892,45.2,1111.7333333333333,1184.4666666666667,157.93333333333334,0.9734551179212837,0.09058641975308643
amazon,hgb_attributes,severe,wcs_homogeneous,2,0.11088266816187281,0.1435336976320583,34.666666666666664,1111.7333333333333,1179.6666666666667,162.06666666666666,0.9700144498954787,0.09058641975308643
amazon,hgb_attributes,severe,wcs_homogeneous,3,0.07368279730467595,0.18494623655913978,41.13333333333333,1100.2666666666667,1181.7333333333333,148.26666666666668,0.9758627227910505,0.09043209876543211
amazon,hgb_attributes,severe,wcs_homogeneous,4,0.04192032370629915,0.10652173913043478,22.933333333333334,1116.4,1183.0666666666666,155.73333333333332,0.9736434659090908,0.09053497942386832
amazon,hgb_attributes,severe,wcs_homogeneous,5,0.0936322500490424,0.2017921146953405,44.666666666666664,1107.0,1178.6666666666667,148.8,0.9756551718513625,0.09043209876543211
amazon,hgb_attributes,severe,wcs_homogeneous,6,0.05819955196642426,0.15886524822695033,35.0,1104.1333333333334,1182.5333333333333,146.4,0.9689582020711158,0.0903292181069959
amazon,hgb_attributes,severe,wcs_homogeneous,7,0.09613258303016568,0.21497326203208555,49.46666666666667,1099.2,1177.0,150.0,0.9763396391896995,0.0903757076685538
amazon,hgb_attributes,severe,wcs_homogeneous,8,0.07807360940954479,0.13333333333333333,31.533333333333335,1107.7333333333333,1189.0,149.4,0.9701889944552061,0.09047864127637674
amazon,hgb_attributes,severe,wcs_homogeneous,9,0.0650446483308382,0.17204301075268816,37.53333333333333,1108.2,1171.6,146.73333333333332,0.9696000432473894,0.09042717447246527
amazon,hgb_attributes,severe,wcs_rand_homogeneous,0,0.12141439237902378,0.2778378378378379,64.8,1107.4666666666667,1174.4666666666667,148.13333333333333,0.9681894401507819,0.0904835390946502
amazon,hgb_attributes,severe,wcs_rand_homogeneous,1,0.11758217501007052,0.30127504553734064,66.4,1111.7333333333333,1184.4666666666667,157.93333333333334,0.9734551179212837,0.09058641975308643
amazon,hgb_attributes,severe,wcs_rand_homogeneous,2,0.10450685228142127,0.22586520947176686,51.733333333333334,1111.7333333333333,1179.6666666666667,162.06666666666666,0.9700144498954787,0.09058641975308643
amazon,hgb_attributes,severe,wcs_rand_homogeneous,3,0.08307979825679791,0.26415770609318995,58.666666666666664,1100.2666666666667,1181.7333333333333,148.26666666666668,0.9758627227910505,0.09043209876543211
amazon,hgb_attributes,severe,wcs_rand_homogeneous,4,0.03908071578145821,0.12971014492753624,27.666666666666668,1116.4,1183.0666666666666,155.73333333333332,0.9736434659090908,0.09053497942386832
amazon,hgb_attributes,severe,wcs_rand_homogeneous,5,0.11267551450117318,0.3218637992831541,71.13333333333334,1107.0,1178.6666666666667,148.8,0.9756551718513625,0.09043209876543211
amazon,hgb_attributes,severe,wcs_rand_homogeneous,6,0.05783536656373018,0.21914893617021275,47.13333333333333,1104.1333333333334,1182.5333333333333,146.4,0.9689582020711158,0.0903292181069959
amazon,hgb_attributes,severe,wcs_rand_homogeneous,7,0.08626205913458965,0.2623885918003565,58.93333333333333,1099.2,1177.0,150.0,0.9763396391896995,0.0903757076685538
amazon,hgb_attributes,severe,wcs_rand_homogeneous,8,0.12828152114678157,0.27675675675675676,64.33333333333333,1107.7333333333333,1189.0,149.4,0.9701889944552061,0.09047864127637674
amazon,hgb_attributes,severe,wcs_rand_homogeneous,9,0.07717024522030602,0.24731182795698928,54.333333333333336,1108.2,1171.6,146.73333333333332,0.9696000432473894,0.09042717447246527
amazon,hgb_attributes,severe,weighted_bh,0,0.0897062914418958,0.3214414414414415,66.6,1107.4666666666667,1174.4666666666667,148.13333333333333,0.9681894401507819,0.0904835390946502
amazon,hgb_attributes,severe,weighted_bh,1,0.06195099236246362,0.2437158469945355,47.86666666666667,1111.7333333333333,1184.4666666666667,157.93333333333334,0.9734551179212837,0.09058641975308643
amazon,hgb_attributes,severe,weighted_bh,2,0.07208413866460171,0.2546448087431694,50.6,1111.7333333333333,1179.6666666666667,162.06666666666666,0.9700144498954787,0.09058641975308643
amazon,hgb_attributes,severe,weighted_bh,3,0.08776097269633362,0.36200716845878134,74.13333333333334,1100.2666666666667,1181.7333333333333,148.26666666666668,0.9758627227910505,0.09043209876543211
amazon,hgb_attributes,severe,weighted_bh,4,0.06582795680965069,0.2778985507246377,55.53333333333333,1116.4,1183.0666666666666,155.73333333333332,0.9736434659090908,0.09053497942386832
amazon,hgb_attributes,severe,weighted_bh,5,0.0698411810837806,0.26057347670250897,52.86666666666667,1107.0,1178.6666666666667,148.8,0.9756551718513625,0.09043209876543211
amazon,hgb_attributes,severe,weighted_bh,6,0.05245651305731102,0.3453900709219858,68.8,1104.1333333333334,1182.5333333333333,146.4,0.9689582020711158,0.0903292181069959
amazon,hgb_attributes,severe,weighted_bh,7,0.07162373748098937,0.3037433155080214,62.733333333333334,1099.2,1177.0,150.0,0.9763396391896995,0.0903757076685538
amazon,hgb_attributes,severe,weighted_bh,8,0.08429606869332978,0.2518918918918919,52.13333333333333,1107.7333333333333,1189.0,149.4,0.9701889944552061,0.09047864127637674
amazon,hgb_attributes,severe,weighted_bh,9,0.07312423751102795,0.3028673835125448,61.93333333333333,1108.2,1171.6,146.73333333333332,0.9696000432473894,0.09042717447246527
amazon,hgb_attributes,smooth,pooled_reference,0,0.09311268235910096,0.7877477477477478,161.0,712.9333333333333,771.8,144.06666666666666,0.9693532873407803,0.0904835390946502
amazon,hgb_attributes,smooth,pooled_reference,1,0.08923169987321608,0.7814207650273224,157.53333333333333,675.7333333333333,736.4,147.33333333333334,0.9733342021888954,0.09058641975308643
amazon,hgb_attributes,smooth,pooled_reference,2,0.10493170495668899,0.7555555555555556,155.46666666666667,737.8,790.4666666666667,157.13333333333333,0.9721843132265675,0.09058641975308643
amazon,hgb_attributes,smooth,pooled_reference,3,0.08287241192957577,0.8132616487455198,165.26666666666668,723.0,783.1333333333333,142.26666666666668,0.9743317797595019,0.09043209876543211
amazon,hgb_attributes,smooth,pooled_reference,4,0.09337042698686428,0.7797101449275362,158.6,728.8666666666667,801.0,147.6,0.9710863389328064,0.09053497942386832
amazon,hgb_attributes,smooth,pooled_reference,5,0.07816706566031849,0.7681003584229391,155.8,701.9333333333333,749.5333333333333,139.06666666666666,0.9760457060605691,0.09043209876543211
amazon,hgb_attributes,smooth,pooled_reference,6,0.07271566450040155,0.7595744680851063,154.53333333333333,799.1333333333333,864.4,144.0,0.9684549629234721,0.0903292181069959
amazon,hgb_attributes,smooth,pooled_reference,7,0.08969671016916395,0.7860962566844919,162.13333333333333,664.2,738.4666666666667,138.2,0.9734847469739605,0.0903757076685538
amazon,hgb_attributes,smooth,pooled_reference,8,0.09056486176699977,0.7650450450450451,156.0,703.4666666666667,768.6,144.13333333333333,0.9697606821838904,0.09047864127637674
amazon,hgb_attributes,smooth,pooled_reference,9,0.10110704950961238,0.7566308243727599,158.4,736.9333333333333,788.1333333333333,141.0,0.9683877903644,0.09042717447246527
amazon,hgb_attributes,smooth,wcs_homogeneous,0,0.08483132442916824,0.5502702702702702,114.46666666666667,712.9333333333333,771.8,144.06666666666666,0.9693532873407803,0.0904835390946502
amazon,hgb_attributes,smooth,wcs_homogeneous,1,0.07503896248922252,0.4910746812386157,99.86666666666666,675.7333333333333,736.4,147.33333333333334,0.9733342021888954,0.09058641975308643
amazon,hgb_attributes,smooth,wcs_homogeneous,2,0.1036880248483139,0.556648451730419,116.13333333333334,737.8,790.4666666666667,157.13333333333333,0.9721843132265675,0.09058641975308643
amazon,hgb_attributes,smooth,wcs_homogeneous,3,0.06701768164348494,0.5523297491039426,112.8,723.0,783.1333333333333,142.26666666666668,0.9743317797595019,0.09043209876543211
amazon,hgb_attributes,smooth,wcs_homogeneous,4,0.07237401979589457,0.5311594202898551,108.06666666666666,728.8666666666667,801.0,147.6,0.9710863389328064,0.09053497942386832
amazon,hgb_attributes,smooth,wcs_homogeneous,5,0.06041470372718357,0.44086021505376344,90.13333333333334,701.9333333333333,749.5333333333333,139.06666666666666,0.9760457060605691,0.09043209876543211
amazon,hgb_attributes,smooth,wcs_homogeneous,6,0.06364104025859996,0.49858156028368794,103.26666666666667,799.1333333333333,864.4,144.0,0.9684549629234721,0.0903292181069959
amazon,hgb_attributes,smooth,wcs_homogeneous,7,0.08912936041211575,0.5661319073083779,118.8,664.2,738.4666666666667,138.2,0.9734847469739605,0.0903757076685538
amazon,hgb_attributes,smooth,wcs_homogeneous,8,0.07371118002147972,0.532972972972973,109.46666666666667,703.4666666666667,768.6,144.13333333333333,0.9697606821838904,0.09047864127637674
amazon,hgb_attributes,smooth,wcs_homogeneous,9,0.08753340984230482,0.5978494623655914,124.8,736.9333333333333,788.1333333333333,141.0,0.9683877903644,0.09042717447246527
amazon,hgb_attributes,smooth,wcs_rand_homogeneous,0,0.0983862962891229,0.6356756756756757,133.26666666666668,712.9333333333333,771.8,144.06666666666666,0.9693532873407803,0.0904835390946502
amazon,hgb_attributes,smooth,wcs_rand_homogeneous,1,0.09386493623710171,0.6185792349726776,126.73333333333333,675.7333333333333,736.4,147.33333333333334,0.9733342021888954,0.09058641975308643
amazon,hgb_attributes,smooth,wcs_rand_homogeneous,2,0.12580786938695682,0.6506375227686704,138.2,737.8,790.4666666666667,157.13333333333333,0.9721843132265675,0.09058641975308643
amazon,hgb_attributes,smooth,wcs_rand_homogeneous,3,0.07437525734843785,0.621505376344086,127.13333333333334,723.0,783.1333333333333,142.26666666666668,0.9743317797595019,0.09043209876543211
amazon,hgb_attributes,smooth,wcs_rand_homogeneous,4,0.0839244700530976,0.610144927536232,125.0,728.8666666666667,801.0,147.6,0.9710863389328064,0.09053497942386832
amazon,hgb_attributes,smooth,wcs_rand_homogeneous,5,0.0776352387147857,0.5612903225806452,116.0,701.9333333333333,749.5333333333333,139.06666666666666,0.9760457060605691,0.09043209876543211
amazon,hgb_attributes,smooth,wcs_rand_homogeneous,6,0.07620750775334889,0.577304964539007,120.46666666666667,799.1333333333333,864.4,144.0,0.9684549629234721,0.0903292181069959
amazon,hgb_attributes,smooth,wcs_rand_homogeneous,7,0.10564767042981753,0.6477718360071302,137.53333333333333,664.2,738.4666666666667,138.2,0.9734847469739605,0.0903757076685538
amazon,hgb_attributes,smooth,wcs_rand_homogeneous,8,0.08342199386150949,0.6061261261261262,124.93333333333334,703.4666666666667,768.6,144.13333333333333,0.9697606821838904,0.09047864127637674
amazon,hgb_attributes,smooth,wcs_rand_homogeneous,9,0.09287317350335145,0.6315412186379928,132.73333333333332,736.9333333333333,788.1333333333333,141.0,0.9683877903644,0.09042717447246527
amazon,hgb_attributes,smooth,weighted_bh,0,0.07626981796885637,0.585945945945946,119.6,712.9333333333333,771.8,144.06666666666666,0.9693532873407803,0.0904835390946502
amazon,hgb_attributes,smooth,weighted_bh,1,0.06378669517804923,0.5438979963570127,108.0,675.7333333333333,736.4,147.33333333333334,0.9733342021888954,0.09058641975308643
amazon,hgb_attributes,smooth,weighted_bh,2,0.08425104807921616,0.5967213114754099,120.33333333333333,737.8,790.4666666666667,157.13333333333333,0.9721843132265675,0.09058641975308643
amazon,hgb_attributes,smooth,weighted_bh,3,0.07052776509027667,0.6433691756272402,130.06666666666666,723.0,783.1333333333333,142.26666666666668,0.9743317797595019,0.09043209876543211
amazon,hgb_attributes,smooth,weighted_bh,4,0.07210992295392535,0.6057971014492753,122.4,728.8666666666667,801.0,147.6,0.9710863389328064,0.09053497942386832
amazon,hgb_attributes,smooth,weighted_bh,5,0.059735079556440716,0.49318996415770605,101.46666666666667,701.9333333333333,749.5333333333333,139.06666666666666,0.9760457060605691,0.09043209876543211
amazon,hgb_attributes,smooth,weighted_bh,6,0.06489114723584592,0.5336879432624113,110.46666666666667,799.1333333333333,864.4,144.0,0.9684549629234721,0.0903292181069959
amazon,hgb_attributes,smooth,weighted_bh,7,0.06311824776230776,0.4909090909090909,100.93333333333334,664.2,738.4666666666667,138.2,0.9734847469739605,0.0903757076685538
amazon,hgb_attributes,smooth,weighted_bh,8,0.07534656598640854,0.6248648648648648,127.33333333333333,703.4666666666667,768.6,144.13333333333333,0.9697606821838904,0.09047864127637674
amazon,hgb_attributes,smooth,weighted_bh,9,0.07927222806229937,0.6444444444444444,132.6,736.9333333333333,788.1333333333333,141.0,0.9683877903644,0.09042717447246527
amazon,hgb_graph_features,moderate,pooled_reference,0,0.12944057079032312,0.8263063063063064,175.8,1135.0666666666666,1222.0666666666666,157.8,0.9753485037055248,0.0904835390946502
amazon,hgb_graph_features,moderate,pooled_reference,1,0.10597777533462477,0.8240437158469945,169.13333333333333,1147.6666666666667,1230.0666666666666,168.0,0.9758076477907796,0.09058641975308643
amazon,hgb_graph_features,moderate,pooled_reference,2,0.13206816407397629,0.8025500910746811,170.2,1142.7333333333333,1229.4666666666667,174.33333333333334,0.9743240769185417,0.09058641975308643
amazon,hgb_graph_features,moderate,pooled_reference,3,0.10482098455833076,0.8433691756272401,175.46666666666667,1134.6666666666667,1229.0666666666666,161.53333333333333,0.9803988729453884,0.09043209876543211
amazon,hgb_graph_features,moderate,pooled_reference,4,0.1099257627751011,0.8054347826086957,166.8,1142.1333333333334,1235.0,167.53333333333333,0.9749695322793149,0.09053497942386832
amazon,hgb_graph_features,moderate,pooled_reference,5,0.09552042517909186,0.8093189964157707,167.06666666666666,1145.4666666666667,1217.3333333333333,159.4,0.979245721555531,0.09043209876543211
amazon,hgb_graph_features,moderate,pooled_reference,6,0.09339243611150723,0.8017730496453901,166.8,1139.5333333333333,1222.7333333333333,153.8,0.9777835667781385,0.0903292181069959
amazon,hgb_graph_features,moderate,pooled_reference,7,0.1085961891549815,0.8160427807486631,171.66666666666666,1141.4,1211.4,160.2,0.9796072746762817,0.0903757076685538
amazon,hgb_graph_features,moderate,pooled_reference,8,0.1079837632247463,0.8018018018018018,166.6,1146.9333333333334,1222.3333333333333,157.0,0.9756418534575532,0.09047864127637674
amazon,hgb_graph_features,moderate,pooled_reference,9,0.09627069498792264,0.8193548387096775,169.26666666666668,1156.6666666666667,1203.8,158.93333333333334,0.9748728587952338,0.09042717447246527
amazon,hgb_graph_features,moderate,wcs_homogeneous,0,0.10464218279217202,0.7023423423423424,147.93333333333334,1135.0666666666666,1222.0666666666666,157.8,0.9753485037055248,0.0904835390946502
amazon,hgb_graph_features,moderate,wcs_homogeneous,1,0.0763980833350803,0.7169398907103824,143.2,1147.6666666666667,1230.0666666666666,168.0,0.9758076477907796,0.09058641975308643
amazon,hgb_graph_features,moderate,wcs_homogeneous,2,0.07676276784207749,0.6080145719489981,123.2,1142.7333333333333,1229.4666666666667,174.33333333333334,0.9743240769185417,0.09058641975308643
amazon,hgb_graph_features,moderate,wcs_homogeneous,3,0.0926152878413223,0.7817204301075269,160.73333333333332,1134.6666666666667,1229.0666666666666,161.53333333333333,0.9803988729453884,0.09043209876543211
amazon,hgb_graph_features,moderate,wcs_homogeneous,4,0.08146324023003194,0.722463768115942,146.06666666666666,1142.1333333333334,1235.0,167.53333333333333,0.9749695322793149,0.09053497942386832
amazon,hgb_graph_features,moderate,wcs_homogeneous,5,0.0844095053332616,0.6369175627240143,131.86666666666667,1145.4666666666667,1217.3333333333333,159.4,0.979245721555531,0.09043209876543211
amazon,hgb_graph_features,moderate,wcs_homogeneous,6,0.07011169434452814,0.548581560283688,112.53333333333333,1139.5333333333333,1222.7333333333333,153.8,0.9777835667781385,0.0903292181069959
amazon,hgb_graph_features,moderate,wcs_homogeneous,7,0.08563279531984629,0.7065953654188949,145.93333333333334,1141.4,1211.4,160.2,0.9796072746762817,0.0903757076685538
amazon,hgb_graph_features,moderate,wcs_homogeneous,8,0.08448204196144582,0.70990990990991,145.0,1146.9333333333334,1222.3333333333333,157.0,0.9756418534575532,0.09047864127637674
amazon,hgb_graph_features,moderate,wcs_homogeneous,9,0.06059263563942207,0.5842293906810035,118.93333333333334,1156.6666666666667,1203.8,158.93333333333334,0.9748728587952338,0.09042717447246527
amazon,hgb_graph_features,moderate,wcs_rand_homogeneous,0,0.10860909498690617,0.7127927927927928,150.86666666666667,1135.0666666666666,1222.0666666666666,157.8,0.9753485037055248,0.0904835390946502
amazon,hgb_graph_features,moderate,wcs_rand_homogeneous,1,0.08229372194789612,0.7387978142076503,148.46666666666667,1147.6666666666667,1230.0666666666666,168.0,0.9758076477907796,0.09058641975308643
amazon,hgb_graph_features,moderate,wcs_rand_homogeneous,2,0.08075105445563,0.6262295081967213,127.66666666666667,1142.7333333333333,1229.4666666666667,174.33333333333334,0.9743240769185417,0.09058641975308643
amazon,hgb_graph_features,moderate,wcs_rand_homogeneous,3,0.09542715706350768,0.7974910394265233,164.53333333333333,1134.6666666666667,1229.0666666666666,161.53333333333333,0.9803988729453884,0.09043209876543211
amazon,hgb_graph_features,moderate,wcs_rand_homogeneous,4,0.09030413993718947,0.7891304347826087,160.0,1142.1333333333334,1235.0,167.53333333333333,0.9749695322793149,0.09053497942386832
amazon,hgb_graph_features,moderate,wcs_rand_homogeneous,5,0.08725562879159736,0.6616487455197133,137.93333333333334,1145.4666666666667,1217.3333333333333,159.4,0.979245721555531,0.09043209876543211
amazon,hgb_graph_features,moderate,wcs_rand_homogeneous,6,0.07289000130959049,0.6187943262411347,126.73333333333333,1139.5333333333333,1222.7333333333333,153.8,0.9777835667781385,0.0903292181069959
amazon,hgb_graph_features,moderate,wcs_rand_homogeneous,7,0.09105924269350356,0.7201426024955437,149.73333333333332,1141.4,1211.4,160.2,0.9796072746762817,0.0903757076685538
amazon,hgb_graph_features,moderate,wcs_rand_homogeneous,8,0.08984838162493662,0.7221621621621621,148.46666666666667,1146.9333333333334,1222.3333333333333,157.0,0.9756418534575532,0.09047864127637674
amazon,hgb_graph_features,moderate,wcs_rand_homogeneous,9,0.07485696215986139,0.6942652329749104,141.26666666666668,1156.6666666666667,1203.8,158.93333333333334,0.9748728587952338,0.09042717447246527
amazon,hgb_graph_features,moderate,weighted_bh,0,0.10839187266647449,0.7560360360360361,158.53333333333333,1135.0666666666666,1222.0666666666666,157.8,0.9753485037055248,0.0904835390946502
amazon,hgb_graph_features,moderate,weighted_bh,1,0.07263467490009974,0.6976320582877961,139.66666666666666,1147.6666666666667,1230.0666666666666,168.0,0.9758076477907796,0.09058641975308643
amazon,hgb_graph_features,moderate,weighted_bh,2,0.08652422918260151,0.659016393442623,134.33333333333334,1142.7333333333333,1229.4666666666667,174.33333333333334,0.9743240769185417,0.09058641975308643
amazon,hgb_graph_features,moderate,weighted_bh,3,0.08019288797628915,0.7616487455197133,155.33333333333334,1134.6666666666667,1229.0666666666666,161.53333333333333,0.9803988729453884,0.09043209876543211
amazon,hgb_graph_features,moderate,weighted_bh,4,0.08633507245541258,0.7829710144927536,158.06666666666666,1142.1333333333334,1235.0,167.53333333333333,0.9749695322793149,0.09053497942386832
amazon,hgb_graph_features,moderate,weighted_bh,5,0.07382339195874166,0.6394265232974911,132.0,1145.4666666666667,1217.3333333333333,159.4,0.979245721555531,0.09043209876543211
amazon,hgb_graph_features,moderate,weighted_bh,6,0.05298855373967053,0.5432624113475177,110.8,1139.5333333333333,1222.7333333333333,153.8,0.9777835667781385,0.0903292181069959
amazon,hgb_graph_features,moderate,weighted_bh,7,0.07874822962909,0.7311942959001783,150.0,1141.4,1211.4,160.2,0.9796072746762817,0.0903757076685538
amazon,hgb_graph_features,moderate,weighted_bh,8,0.08660258283908587,0.7556756756756757,153.73333333333332,1146.9333333333334,1222.3333333333333,157.0,0.9756418534575532,0.09047864127637674
amazon,hgb_graph_features,moderate,weighted_bh,9,0.06888796261973723,0.6770609318996416,136.8,1156.6666666666667,1203.8,158.93333333333334,0.9748728587952338,0.09042717447246527
amazon,hgb_graph_features,severe,pooled_reference,0,0.12901554372393867,0.825945945945946,175.8,1107.4666666666667,1174.4666666666667,148.13333333333333,0.9744006883517969,0.0904835390946502
amazon,hgb_graph_features,severe,pooled_reference,1,0.12257915362390974,0.8247723132969035,172.66666666666666,1111.7333333333333,1184.4666666666667,157.93333333333334,0.9776093852950333,0.09058641975308643
amazon,hgb_graph_features,severe,pooled_reference,2,0.12855022015399387,0.8010928961748633,168.8,1111.7333333333333,1179.6666666666667,162.06666666666666,0.9734829419863072,0.09058641975308643
amazon,hgb_graph_features,severe,pooled_reference,3,0.12406275151890453,0.8491039426523297,180.8,1100.2666666666667,1181.7333333333333,148.26666666666668,0.979920465990597,0.09043209876543211
amazon,hgb_graph_features,severe,pooled_reference,4,0.10248969744384365,0.8036231884057972,164.86666666666667,1116.4,1183.0666666666666,155.73333333333332,0.9738321393280632,0.09053497942386832
amazon,hgb_graph_features,severe,pooled_reference,5,0.11889341561238011,0.8297491039426522,175.86666666666667,1107.0,1178.6666666666667,148.8,0.9799476841148096,0.09043209876543211
amazon,hgb_graph_features,severe,pooled_reference,6,0.08805310913998385,0.79822695035461,164.93333333333334,1104.1333333333334,1182.5333333333333,146.4,0.9747059726328373,0.0903292181069959
amazon,hgb_graph_features,severe,pooled_reference,7,0.10631166596048287,0.8174688057040999,171.53333333333333,1099.2,1177.0,150.0,0.9792251876936321,0.0903757076685538
amazon,hgb_graph_features,severe,pooled_reference,8,0.11811875253899616,0.8079279279279279,170.0,1107.7333333333333,1189.0,149.4,0.9733794545398641,0.09047864127637674
amazon,hgb_graph_features,severe,pooled_reference,9,0.11192407540307772,0.8250896057347671,173.53333333333333,1108.2,1171.6,146.73333333333332,0.9742013002776401,0.09042717447246527
amazon,hgb_graph_features,severe,wcs_homogeneous,0,0.12880215235273634,0.21081081081081082,51.6,1107.4666666666667,1174.4666666666667,148.13333333333333,0.9744006883517969,0.0904835390946502
amazon,hgb_graph_features,severe,wcs_homogeneous,1,0.08442810702734635,0.13406193078324227,31.466666666666665,1111.7333333333333,1184.4666666666667,157.93333333333334,0.9776093852950333,0.09058641975308643
amazon,hgb_graph_features,severe,wcs_homogeneous,2,0.05646982775579796,0.12167577413479053,26.466666666666665,1111.7333333333333,1179.6666666666667,162.06666666666666,0.9734829419863072,0.09058641975308643
amazon,hgb_graph_features,severe,wcs_homogeneous,3,0.08496156872712239,0.1878136200716846,43.06666666666667,1100.2666666666667,1181.7333333333333,148.26666666666668,0.979920465990597,0.09043209876543211
amazon,hgb_graph_features,severe,wcs_homogeneous,4,0.05566429423268544,0.15471014492753624,33.06666666666667,1116.4,1183.0666666666666,155.73333333333332,0.9738321393280632,0.09053497942386832
amazon,hgb_graph_features,severe,wcs_homogeneous,5,0.08925688983974389,0.14587813620071682,35.06666666666667,1107.0,1178.6666666666667,148.8,0.9799476841148096,0.09043209876543211
amazon,hgb_graph_features,severe,wcs_homogeneous,6,0.06660462335001256,0.23971631205673757,51.13333333333333,1104.1333333333334,1182.5333333333333,146.4,0.9747059726328373,0.0903292181069959
amazon,hgb_graph_features,severe,wcs_homogeneous,7,0.08051835276404445,0.21033868092691624,46.46666666666667,1099.2,1177.0,150.0,0.9792251876936321,0.0903757076685538
amazon,hgb_graph_features,severe,wcs_homogeneous,8,0.0631638209822684,0.10990990990990991,25.533333333333335,1107.7333333333333,1189.0,149.4,0.9733794545398641,0.09047864127637674
amazon,hgb_graph_features,severe,wcs_homogeneous,9,0.07619411282301579,0.17096774193548386,39.266666666666666,1108.2,1171.6,146.73333333333332,0.9742013002776401,0.09042717447246527
amazon,hgb_graph_features,severe,wcs_rand_homogeneous,0,0.16007784354522145,0.3610810810810811,85.73333333333333,1107.4666666666667,1174.4666666666667,148.13333333333333,0.9744006883517969,0.0904835390946502
amazon,hgb_graph_features,severe,wcs_rand_homogeneous,1,0.0765885610591493,0.18579234972677597,42.333333333333336,1111.7333333333333,1184.4666666666667,157.93333333333334,0.9776093852950333,0.09058641975308643
amazon,hgb_graph_features,severe,wcs_rand_homogeneous,2,0.08175614120022064,0.2174863387978142,47.666666666666664,1111.7333333333333,1179.6666666666667,162.06666666666666,0.9734829419863072,0.09058641975308643
amazon,hgb_graph_features,severe,wcs_rand_homogeneous,3,0.07865888605929192,0.23835125448028674,53.8,1100.2666666666667,1181.7333333333333,148.26666666666668,0.979920465990597,0.09043209876543211
amazon,hgb_graph_features,severe,wcs_rand_homogeneous,4,0.05377795946399752,0.18804347826086956,40.0,1116.4,1183.0666666666666,155.73333333333332,0.9738321393280632,0.09053497942386832
amazon,hgb_graph_features,severe,wcs_rand_homogeneous,5,0.10076603914059784,0.2186379928315412,52.13333333333333,1107.0,1178.6666666666667,148.8,0.9799476841148096,0.09043209876543211
amazon,hgb_graph_features,severe,wcs_rand_homogeneous,6,0.06536901294823041,0.2968085106382979,63.06666666666667,1104.1333333333334,1182.5333333333333,146.4,0.9747059726328373,0.0903292181069959
amazon,hgb_graph_features,severe,wcs_rand_homogeneous,7,0.09114223608767215,0.2880570409982175,63.666666666666664,1099.2,1177.0,150.0,0.9792251876936321,0.0903757076685538
amazon,hgb_graph_features,severe,wcs_rand_homogeneous,8,0.09932128265281322,0.25981981981981983,58.06666666666667,1107.7333333333333,1189.0,149.4,0.9733794545398641,0.09047864127637674
amazon,hgb_graph_features,severe,wcs_rand_homogeneous,9,0.08418637869221085,0.2827956989247312,62.13333333333333,1108.2,1171.6,146.73333333333332,0.9742013002776401,0.09042717447246527
amazon,hgb_graph_features,severe,weighted_bh,0,0.10698382063717099,0.32576576576576577,68.86666666666666,1107.4666666666667,1174.4666666666667,148.13333333333333,0.9744006883517969,0.0904835390946502
amazon,hgb_graph_features,severe,weighted_bh,1,0.05320821250407345,0.24116575591985429,47.06666666666667,1111.7333333333333,1184.4666666666667,157.93333333333334,0.9776093852950333,0.09058641975308643
amazon,hgb_graph_features,severe,weighted_bh,2,0.08339802112510182,0.248816029143898,50.2,1111.7333333333333,1179.6666666666667,162.06666666666666,0.9734829419863072,0.09058641975308643
amazon,hgb_graph_features,severe,weighted_bh,3,0.08678303973403614,0.34229390681003585,70.8,1100.2666666666667,1181.7333333333333,148.26666666666668,0.979920465990597,0.09043209876543211
amazon,hgb_graph_features,severe,weighted_bh,4,0.05091050472752616,0.291304347826087,57.13333333333333,1116.4,1183.0666666666666,155.73333333333332,0.9738321393280632,0.09053497942386832
amazon,hgb_graph_features,severe,weighted_bh,5,0.07802967672110475,0.25412186379928314,52.733333333333334,1107.0,1178.6666666666667,148.8,0.9799476841148096,0.09043209876543211
amazon,hgb_graph_features,severe,weighted_bh,6,0.05804027925668149,0.35815602836879434,72.0,1104.1333333333334,1182.5333333333333,146.4,0.9747059726328373,0.0903292181069959
amazon,hgb_graph_features,severe,weighted_bh,7,0.07048461115374034,0.3229946524064171,66.26666666666667,1099.2,1177.0,150.0,0.9792251876936321,0.0903757076685538
amazon,hgb_graph_features,severe,weighted_bh,8,0.10149335051911566,0.2886486486486487,60.2,1107.7333333333333,1189.0,149.4,0.9733794545398641,0.09047864127637674
amazon,hgb_graph_features,severe,weighted_bh,9,0.05898026843694948,0.28100358422939065,57.13333333333333,1108.2,1171.6,146.73333333333332,0.9742013002776401,0.09042717447246527
amazon,hgb_graph_features,smooth,pooled_reference,0,0.11337121089089301,0.818018018018018,171.2,712.9333333333333,771.8,144.06666666666666,0.9738243985884691,0.0904835390946502
amazon,hgb_graph_features,smooth,pooled_reference,1,0.09053703063021185,0.7956284153005464,161.06666666666666,675.7333333333333,736.4,147.33333333333334,0.9760385151258444,0.09058641975308643
amazon,hgb_graph_features,smooth,pooled_reference,2,0.10043682764340418,0.7617486338797814,156.33333333333334,737.8,790.4666666666667,157.13333333333333,0.9734349480600213,0.09058641975308643
amazon,hgb_graph_features,smooth,pooled_reference,3,0.07987418531831864,0.8050179211469535,163.33333333333334,723.0,783.1333333333333,142.26666666666668,0.9800109891902251,0.09043209876543211
amazon,hgb_graph_features,smooth,pooled_reference,4,0.09924824160901237,0.7884057971014492,162.0,728.8666666666667,801.0,147.6,0.9706684370882741,0.09053497942386832
amazon,hgb_graph_features,smooth,pooled_reference,5,0.07984944707746092,0.7896057347670251,160.13333333333333,701.9333333333333,749.5333333333333,139.06666666666666,0.9777984717074226,0.09043209876543211
amazon,hgb_graph_features,smooth,pooled_reference,6,0.06738209145145899,0.7755319148936171,156.53333333333333,799.1333333333333,864.4,144.0,0.976505072779851,0.0903292181069959
amazon,hgb_graph_features,smooth,pooled_reference,7,0.09351078198496077,0.7971479500891265,164.86666666666667,664.2,738.4666666666667,138.2,0.9779962968828037,0.0903757076685538
amazon,hgb_graph_features,smooth,pooled_reference,8,0.07723504232085654,0.7675675675675676,154.46666666666667,703.4666666666667,768.6,144.13333333333333,0.9756092611382713,0.09047864127637674
amazon,hgb_graph_features,smooth,pooled_reference,9,0.08042436855894194,0.7878136200716845,159.93333333333334,736.9333333333333,788.1333333333333,141.0,0.9725282179015633,0.09042717447246527
amazon,hgb_graph_features,smooth,wcs_homogeneous,0,0.09606180230920248,0.5679279279279279,120.13333333333334,712.9333333333333,771.8,144.06666666666666,0.9738243985884691,0.0904835390946502
amazon,hgb_graph_features,smooth,wcs_homogeneous,1,0.09338959640851985,0.6167577413479053,126.93333333333334,675.7333333333333,736.4,147.33333333333334,0.9760385151258444,0.09058641975308643
amazon,hgb_graph_features,smooth,wcs_homogeneous,2,0.11946541434132456,0.5544626593806922,119.66666666666667,737.8,790.4666666666667,157.13333333333333,0.9734349480600213,0.09058641975308643
amazon,hgb_graph_features,smooth,wcs_homogeneous,3,0.07985483154630645,0.6989247311827957,141.86666666666667,723.0,783.1333333333333,142.26666666666668,0.9800109891902251,0.09043209876543211
amazon,hgb_graph_features,smooth,wcs_homogeneous,4,0.08229281293470654,0.5634057971014492,116.13333333333334,728.8666666666667,801.0,147.6,0.9706684370882741,0.09053497942386832
amazon,hgb_graph_features,smooth,wcs_homogeneous,5,0.07576887745049339,0.4272401433691756,90.6,701.9333333333333,749.5333333333333,139.06666666666666,0.9777984717074226,0.09043209876543211
amazon,hgb_graph_features,smooth,wcs_homogeneous,6,0.057922962987274146,0.5304964539007092,108.6,799.1333333333333,864.4,144.0,0.976505072779851,0.0903292181069959
amazon,hgb_graph_features,smooth,wcs_homogeneous,7,0.08431336576969513,0.5497326203208556,115.2,664.2,738.4666666666667,138.2,0.9779962968828037,0.0903757076685538
amazon,hgb_graph_features,smooth,wcs_homogeneous,8,0.09322132070663988,0.6187387387387387,128.13333333333333,703.4666666666667,768.6,144.13333333333333,0.9756092611382713,0.09047864127637674
amazon,hgb_graph_features,smooth,wcs_homogeneous,9,0.07290489473563691,0.6114695340501792,124.93333333333334,736.9333333333333,788.1333333333333,141.0,0.9725282179015633,0.09042717447246527
amazon,hgb_graph_features,smooth,wcs_rand_homogeneous,0,0.10315487155502887,0.6457657657657658,136.4,712.9333333333333,771.8,144.06666666666666,0.9738243985884691,0.0904835390946502
amazon,hgb_graph_features,smooth,wcs_rand_homogeneous,1,0.09768747325093398,0.644808743169399,133.4,675.7333333333333,736.4,147.33333333333334,0.9760385151258444,0.09058641975308643
amazon,hgb_graph_features,smooth,wcs_rand_homogeneous,2,0.12690817066910137,0.5956284153005466,129.6,737.8,790.4666666666667,157.13333333333333,0.9734349480600213,0.09058641975308643
amazon,hgb_graph_features,smooth,wcs_rand_homogeneous,3,0.0830393384041279,0.7250896057347671,147.73333333333332,723.0,783.1333333333333,142.26666666666668,0.9800109891902251,0.09043209876543211
amazon,hgb_graph_features,smooth,wcs_rand_homogeneous,4,0.09191106128053161,0.6561594202898551,135.53333333333333,728.8666666666667,801.0,147.6,0.9706684370882741,0.09053497942386832
amazon,hgb_graph_features,smooth,wcs_rand_homogeneous,5,0.09777753990200293,0.5498207885304659,117.26666666666667,701.9333333333333,749.5333333333333,139.06666666666666,0.9777984717074226,0.09043209876543211
amazon,hgb_graph_features,smooth,wcs_rand_homogeneous,6,0.05858836461522881,0.5560283687943263,113.93333333333334,799.1333333333333,864.4,144.0,0.976505072779851,0.0903292181069959
amazon,hgb_graph_features,smooth,wcs_rand_homogeneous,7,0.09795741691314962,0.5768270944741533,123.13333333333334,664.2,738.4666666666667,138.2,0.9779962968828037,0.0903757076685538
amazon,hgb_graph_features,smooth,wcs_rand_homogeneous,8,0.0943831936673357,0.6587387387387388,136.46666666666667,703.4666666666667,768.6,144.13333333333333,0.9756092611382713,0.09047864127637674
amazon,hgb_graph_features,smooth,wcs_rand_homogeneous,9,0.07698723053247362,0.6469534050179212,132.86666666666667,736.9333333333333,788.1333333333333,141.0,0.9725282179015633,0.09042717447246527
amazon,hgb_graph_features,smooth,weighted_bh,0,0.08774699894644405,0.6544144144144144,134.73333333333332,712.9333333333333,771.8,144.06666666666666,0.9738243985884691,0.0904835390946502
amazon,hgb_graph_features,smooth,weighted_bh,1,0.07623853302790479,0.5690346083788707,115.26666666666667,675.7333333333333,736.4,147.33333333333334,0.9760385151258444,0.09058641975308643
amazon,hgb_graph_features,smooth,weighted_bh,2,0.10702662799039458,0.6171220400728598,129.0,737.8,790.4666666666667,157.13333333333333,0.9734349480600213,0.09058641975308643
amazon,hgb_graph_features,smooth,weighted_bh,3,0.05522001709874037,0.6301075268817204,125.33333333333333,723.0,783.1333333333333,142.26666666666668,0.9800109891902251,0.09043209876543211
amazon,hgb_graph_features,smooth,weighted_bh,4,0.07568965988806203,0.6144927536231884,125.13333333333334,728.8666666666667,801.0,147.6,0.9706684370882741,0.09053497942386832
amazon,hgb_graph_features,smooth,weighted_bh,5,0.07099598851825141,0.5025089605734767,105.33333333333333,701.9333333333333,749.5333333333333,139.06666666666666,0.9777984717074226,0.09043209876543211
amazon,hgb_graph_features,smooth,weighted_bh,6,0.056460749012205,0.6113475177304964,123.93333333333334,799.1333333333333,864.4,144.0,0.976505072779851,0.0903292181069959
amazon,hgb_graph_features,smooth,weighted_bh,7,0.07348416096404915,0.5215686274509804,108.0,664.2,738.4666666666667,138.2,0.9779962968828037,0.0903757076685538
amazon,hgb_graph_features,smooth,weighted_bh,8,0.07725546634086516,0.6407207207207207,130.33333333333334,703.4666666666667,768.6,144.13333333333333,0.9756092611382713,0.09047864127637674
amazon,hgb_graph_features,smooth,weighted_bh,9,0.07468826917481179,0.703584229390681,142.46666666666667,736.9333333333333,788.1333333333333,141.0,0.9725282179015633,0.09042717447246527
tfinance,hgb_attributes,moderate,pooled_reference,0,0.09463512417121363,0.6508250825082508,291.0,5484.733333333334,5597.066666666667,282.0,0.9445376355548476,0.09543812104787715
tfinance,hgb_attributes,moderate,pooled_reference,1,0.09454262123360367,0.6462046204620463,288.73333333333335,5478.2,5602.6,277.8,0.9429688540384035,0.09543760587238849
tfinance,hgb_attributes,moderate,pooled_reference,2,0.10449487355600785,0.6656862745098039,303.6,5470.333333333333,5577.6,257.53333333333336,0.9387880486632916,0.09539243365330323
tfinance,hgb_attributes,moderate,pooled_reference,3,0.10298881459063766,0.660530679933665,296.46666666666664,5446.466666666666,5574.6,285.4,0.9402003155090904,0.09546019198193112
tfinance,hgb_attributes,moderate,pooled_reference,4,0.11232964675747485,0.6604269293924466,302.6666666666667,5501.533333333334,5572.266666666666,273.93333333333334,0.9405962773647584,0.09541501976284586
tfinance,hgb_attributes,moderate,pooled_reference,5,0.10811049292519036,0.6720987654320988,305.73333333333335,5456.2,5597.466666666666,272.4,0.9390292351523121,0.09542631281761717
tfinance,hgb_attributes,moderate,pooled_reference,6,0.1099439245380469,0.644881244881245,295.46666666666664,5489.333333333333,5585.2,262.3333333333333,0.9408193963591691,0.09540372670807454
tfinance,hgb_attributes,moderate,pooled_reference,7,0.11623499178510131,0.6591133004926107,303.06666666666666,5493.8,5555.266666666666,270.6,0.9412977041229313,0.09541501976284586
tfinance,hgb_attributes,moderate,pooled_reference,8,0.13274336800716144,0.668976897689769,312.2,5489.133333333333,5554.466666666666,279.6666666666667,0.9392045505580022,0.09543760587238849
tfinance,hgb_attributes,moderate,pooled_reference,9,0.11259475013234264,0.6700980392156862,308.73333333333335,5464.2,5592.666666666667,266.26666666666665,0.9460261894372649,0.09539295392953931
tfinance,hgb_attributes,moderate,wcs_homogeneous,0,0.07140646071825549,0.5872937293729373,257.73333333333335,5484.733333333334,5597.066666666667,282.0,0.9445376355548476,0.09543812104787715
tfinance,hgb_attributes,moderate,wcs_homogeneous,1,0.07632619953347022,0.5457095709570957,242.2,5478.2,5602.6,277.8,0.9429688540384035,0.09543760587238849
tfinance,hgb_attributes,moderate,wcs_homogeneous,2,0.09168467053842859,0.6485294117647059,292.0,5470.333333333333,5577.6,257.53333333333336,0.9387880486632916,0.09539243365330323
tfinance,hgb_attributes,moderate,wcs_homogeneous,3,0.08652906949039817,0.600995024875622,267.06666666666666,5446.466666666666,5574.6,285.4,0.9402003155090904,0.09546019198193112
tfinance,hgb_attributes,moderate,wcs_homogeneous,4,0.10036377766941436,0.647454844006568,293.0,5501.533333333334,5572.266666666666,273.93333333333334,0.9405962773647584,0.09541501976284586
tfinance,hgb_attributes,moderate,wcs_homogeneous,5,0.09437778624963324,0.6174485596707819,278.8,5456.2,5597.466666666666,272.4,0.9390292351523121,0.09542631281761717
tfinance,hgb_attributes,moderate,wcs_homogeneous,6,0.08816365620049518,0.6226044226044226,278.6,5489.333333333333,5585.2,262.3333333333333,0.9408193963591691,0.09540372670807454
tfinance,hgb_attributes,moderate,wcs_homogeneous,7,0.09638226361590996,0.6008210180623974,272.26666666666665,5493.8,5555.266666666666,270.6,0.9412977041229313,0.09541501976284586
tfinance,hgb_attributes,moderate,wcs_homogeneous,8,0.11841046755771224,0.6561056105610561,301.4,5489.133333333333,5554.466666666666,279.6666666666667,0.9392045505580022,0.09543760587238849
tfinance,hgb_attributes,moderate,wcs_homogeneous,9,0.09766452224216363,0.6142156862745097,280.6666666666667,5464.2,5592.666666666667,266.26666666666665,0.9460261894372649,0.09539295392953931
tfinance,hgb_attributes,moderate,wcs_rand_homogeneous,0,0.08072206552234727,0.6384488448844884,281.4,5484.733333333334,5597.066666666667,282.0,0.9445376355548476,0.09543812104787715
tfinance,hgb_attributes,moderate,wcs_rand_homogeneous,1,0.08193155065841834,0.551980198019802,246.73333333333332,5478.2,5602.6,277.8,0.9429688540384035,0.09543760587238849
tfinance,hgb_attributes,moderate,wcs_rand_homogeneous,2,0.09461467774274442,0.6527777777777778,294.8666666666667,5470.333333333333,5577.6,257.53333333333336,0.9387880486632916,0.09539243365330323
tfinance,hgb_attributes,moderate,wcs_rand_homogeneous,3,0.09023718303393503,0.6051409618573798,270.2,5446.466666666666,5574.6,285.4,0.9402003155090904,0.09546019198193112
tfinance,hgb_attributes,moderate,wcs_rand_homogeneous,4,0.10337921383615213,0.6520525451559934,296.06666666666666,5501.533333333334,5572.266666666666,273.93333333333334,0.9405962773647584,0.09541501976284586
tfinance,hgb_attributes,moderate,wcs_rand_homogeneous,5,0.10618432572443483,0.6661728395061728,302.6,5456.2,5597.466666666666,272.4,0.9390292351523121,0.09542631281761717
tfinance,hgb_attributes,moderate,wcs_rand_homogeneous,6,0.09281082597349592,0.6307944307944309,283.73333333333335,5489.333333333333,5585.2,262.3333333333333,0.9408193963591691,0.09540372670807454
tfinance,hgb_attributes,moderate,wcs_rand_homogeneous,7,0.10758995264572482,0.6513957307060756,296.6,5493.8,5555.266666666666,270.6,0.9412977041229313,0.09541501976284586
tfinance,hgb_attributes,moderate,wcs_rand_homogeneous,8,0.12048419050190465,0.6612211221122112,304.53333333333336,5489.133333333333,5554.466666666666,279.6666666666667,0.9392045505580022,0.09543760587238849
tfinance,hgb_attributes,moderate,wcs_rand_homogeneous,9,0.10063536532748563,0.6173202614379085,283.06666666666666,5464.2,5592.666666666667,266.26666666666665,0.9460261894372649,0.09539295392953931
tfinance,hgb_attributes,moderate,weighted_bh,0,0.07667971820264824,0.6298679867986798,276.53333333333336,5484.733333333334,5597.066666666667,282.0,0.9445376355548476,0.09543812104787715
tfinance,hgb_attributes,moderate,weighted_bh,1,0.08415381845224057,0.6318481848184818,279.2,5478.2,5602.6,277.8,0.9429688540384035,0.09543760587238849
tfinance,hgb_attributes,moderate,weighted_bh,2,0.09057869174030334,0.6485294117647059,291.6666666666667,5470.333333333333,5577.6,257.53333333333336,0.9387880486632916,0.09539243365330323
tfinance,hgb_attributes,moderate,weighted_bh,3,0.08884294603196091,0.6447761194029851,285.26666666666665,5446.466666666666,5574.6,285.4,0.9402003155090904,0.09546019198193112
tfinance,hgb_attributes,moderate,weighted_bh,4,0.10038375345124308,0.647454844006568,293.0,5501.533333333334,5572.266666666666,273.93333333333334,0.9405962773647584,0.09541501976284586
tfinance,hgb_attributes,moderate,weighted_bh,5,0.10009921556893157,0.6617283950617284,298.4,5456.2,5597.466666666666,272.4,0.9390292351523121,0.09542631281761717
tfinance,hgb_attributes,moderate,weighted_bh,6,0.08678002295222952,0.6239148239148239,278.8666666666667,5489.333333333333,5585.2,262.3333333333333,0.9408193963591691,0.09540372670807454
tfinance,hgb_attributes,moderate,weighted_bh,7,0.10268014372284039,0.6443349753694582,291.8,5493.8,5555.266666666666,270.6,0.9412977041229313,0.09541501976284586
tfinance,hgb_attributes,moderate,weighted_bh,8,0.11671867017807067,0.6564356435643564,301.0,5489.133333333333,5554.466666666666,279.6666666666667,0.9392045505580022,0.09543760587238849
tfinance,hgb_attributes,moderate,weighted_bh,9,0.10596061235973998,0.6624183006535949,303.1333333333333,5464.2,5592.666666666667,266.26666666666665,0.9460261894372649,0.09539295392953931
tfinance,hgb_attributes,severe,pooled_reference,0,0.08614591134290636,0.6384488448844884,283.2,5307.666666666667,5416.533333333334,241.33333333333334,0.9450109646553865,0.09543812104787715
tfinance,hgb_attributes,severe,pooled_reference,1,0.105659321249684,0.6592409240924092,298.3333333333333,5340.133333333333,5385.2,236.26666666666668,0.9403508792483792,0.09543760587238849
tfinance,hgb_attributes,severe,pooled_reference,2,0.1263967743525086,0.6772875816993464,316.6,5310.933333333333,5378.2,218.6,0.9382575397074105,0.09539243365330323
tfinance,hgb_attributes,severe,pooled_reference,3,0.10880065038082533,0.6524046434494195,294.8,5309.266666666666,5352.6,242.6,0.938572546000625,0.09546019198193112
tfinance,hgb_attributes,severe,pooled_reference,4,0.12152403014269471,0.6592775041050902,305.46666666666664,5325.533333333334,5382.466666666666,234.4,0.9389566705749809,0.09541501976284586
tfinance,hgb_attributes,severe,pooled_reference,5,0.1179656501193968,0.6745679012345679,310.53333333333336,5312.666666666667,5385.466666666666,232.06666666666666,0.9368070129300899,0.09542631281761717
tfinance,hgb_attributes,severe,pooled_reference,6,0.11199172933465149,0.6493038493038493,298.0,5339.533333333334,5373.333333333333,222.66666666666666,0.9384142019085201,0.09540372670807454
tfinance,hgb_attributes,severe,pooled_reference,7,0.11738629565832817,0.6574712643678161,303.3333333333333,5316.266666666666,5367.333333333333,225.4,0.9394515066832949,0.09541501976284586
tfinance,hgb_attributes,severe,pooled_reference,8,0.11430978864022752,0.6618811881188119,302.26666666666665,5333.4,5353.066666666667,237.2,0.9353098018357037,0.09543760587238849
tfinance,hgb_attributes,severe,pooled_reference,9,0.11914731949454441,0.6630718954248366,307.46666666666664,5304.066666666667,5389.733333333334,225.66666666666666,0.9425459017255893,0.09539295392953931
tfinance,hgb_attributes,severe,wcs_homogeneous,0,0.21647451963241435,0.019636963696369636,17.6,5307.666666666667,5416.533333333334,241.33333333333334,0.9450109646553865,0.09543812104787715
tfinance,hgb_attributes,severe,wcs_homogeneous,1,0.043243243243243246,0.0021452145214521452,2.466666666666667,5340.133333333333,5385.2,236.26666666666668,0.9403508792483792,0.09543760587238849
tfinance,hgb_attributes,severe,wcs_homogeneous,2,0.1361637925659921,0.00849673202614379,11.066666666666666,5310.933333333333,5378.2,218.6,0.9382575397074105,0.09539243365330323
tfinance,hgb_attributes,severe,wcs_homogeneous,3,0.0746031746031746,0.004809286898839138,4.666666666666667,5309.266666666666,5352.6,242.6,0.938572546000625,0.09546019198193112
tfinance,hgb_attributes,severe,wcs_homogeneous,4,0.1530933458002182,0.015599343185550084,14.866666666666667,5325.533333333334,5382.466666666666,234.4,0.9389566705749809,0.09541501976284586
tfinance,hgb_attributes,severe,wcs_homogeneous,5,0.09957485300768883,0.0049382716049382715,8.133333333333333,5312.666666666667,5385.466666666666,232.06666666666666,0.9368070129300899,0.09542631281761717
tfinance,hgb_attributes,severe,wcs_homogeneous,6,0.08840579710144929,0.005077805077805077,6.133333333333334,5339.533333333334,5373.333333333333,222.66666666666666,0.9384142019085201,0.09540372670807454
tfinance,hgb_attributes,severe,wcs_homogeneous,7,0.04971751412429379,0.0024630541871921183,3.933333333333333,5316.266666666666,5367.333333333333,225.4,0.9394515066832949,0.09541501976284586
tfinance,hgb_attributes,severe,wcs_homogeneous,8,0.052173913043478265,0.0024752475247524753,4.6,5333.4,5353.066666666667,237.2,0.9353098018357037,0.09543760587238849
tfinance,hgb_attributes,severe,wcs_homogeneous,9,0.0,0.0,0.0,5304.066666666667,5389.733333333334,225.66666666666666,0.9425459017255893,0.09539295392953931
tfinance,hgb_attributes,severe,wcs_rand_homogeneous,0,0.12639241142789412,0.1801980198019802,90.26666666666667,5307.666666666667,5416.533333333334,241.33333333333334,0.9450109646553865,0.09543812104787715
tfinance,hgb_attributes,severe,wcs_rand_homogeneous,1,0.05670104210373061,0.09653465346534655,47.0,5340.133333333333,5385.2,236.26666666666668,0.9403508792483792,0.09543760587238849
tfinance,hgb_attributes,severe,wcs_rand_homogeneous,2,0.10454675344735366,0.18104575163398692,92.2,5310.933333333333,5378.2,218.6,0.9382575397074105,0.09539243365330323
tfinance,hgb_attributes,severe,wcs_rand_homogeneous,3,0.049191716562704095,0.10016583747927031,47.6,5309.266666666666,5352.6,242.6,0.938572546000625,0.09546019198193112
tfinance,hgb_attributes,severe,wcs_rand_homogeneous,4,0.11542048524014335,0.16354679802955666,84.73333333333333,5325.533333333334,5382.466666666666,234.4,0.9389566705749809,0.09541501976284586
tfinance,hgb_attributes,severe,wcs_rand_homogeneous,5,0.10562276869724306,0.13975308641975306,74.13333333333334,5312.666666666667,5385.466666666666,232.06666666666666,0.9368070129300899,0.09542631281761717
tfinance,hgb_attributes,severe,wcs_rand_homogeneous,6,0.08436718006131085,0.12547092547092548,64.8,5339.533333333334,5373.333333333333,222.66666666666666,0.9384142019085201,0.09540372670807454
tfinance,hgb_attributes,severe,wcs_rand_homogeneous,7,0.09406951426066068,0.1328407224958949,68.06666666666666,5316.266666666666,5367.333333333333,225.4,0.9394515066832949,0.09541501976284586
tfinance,hgb_attributes,severe,wcs_rand_homogeneous,8,0.08849142230421934,0.10924092409240925,57.53333333333333,5333.4,5353.066666666667,237.2,0.9353098018357037,0.09543760587238849
tfinance,hgb_attributes,severe,wcs_rand_homogeneous,9,0.09936853585273218,0.14901960784313725,76.2,5304.066666666667,5389.733333333334,225.66666666666666,0.9425459017255893,0.09539295392953931
tfinance,hgb_attributes,severe,weighted_bh,0,0.010804597701149424,0.0400990099009901,19.333333333333332,5307.666666666667,5416.533333333334,241.33333333333334,0.9450109646553865,0.09543812104787715
tfinance,hgb_attributes,severe,weighted_bh,1,0.0,0.0,0.0,5340.133333333333,5385.2,236.26666666666668,0.9403508792483792,0.09543760587238849
tfinance,hgb_attributes,severe,weighted_bh,2,0.11770388115398907,0.05604575163398693,27.8,5310.933333333333,5378.2,218.6,0.9382575397074105,0.09539243365330323
tfinance,hgb_attributes,severe,weighted_bh,3,0.027450980392156862,0.001658374792703151,1.1333333333333333,5309.266666666666,5352.6,242.6,0.938572546000625,0.09546019198193112
tfinance,hgb_attributes,severe,weighted_bh,4,0.0633194096351991,0.05517241379310345,26.266666666666666,5325.533333333334,5382.466666666666,234.4,0.9389566705749809,0.09541501976284586
tfinance,hgb_attributes,severe,weighted_bh,5,0.022677322677322677,0.04296296296296296,20.0,5312.666666666667,5385.466666666666,232.06666666666666,0.9368070129300899,0.09542631281761717
tfinance,hgb_attributes,severe,weighted_bh,6,0.0,0.0,0.0,5339.533333333334,5373.333333333333,222.66666666666666,0.9384142019085201,0.09540372670807454
tfinance,hgb_attributes,severe,weighted_bh,7,0.03754698318496538,0.047783251231527095,23.466666666666665,5316.266666666666,5367.333333333333,225.4,0.9394515066832949,0.09541501976284586
tfinance,hgb_attributes,severe,weighted_bh,8,0.009240924092409241,0.04306930693069307,20.2,5333.4,5353.066666666667,237.2,0.9353098018357037,0.09543760587238849
tfinance,hgb_attributes,severe,weighted_bh,9,0.01221264367816092,0.044117647058823525,20.4,5304.066666666667,5389.733333333334,225.66666666666666,0.9425459017255893,0.09539295392953931
tfinance,hgb_attributes,smooth,pooled_reference,0,0.09450310108025445,0.6483498349834984,289.6666666666667,4366.2,4433.333333333333,229.93333333333334,0.945406305301614,0.09543812104787715
tfinance,hgb_attributes,smooth,pooled_reference,1,0.08091710387313819,0.6397689768976897,281.8666666666667,4152.0,4208.4,228.0,0.9386251963854533,0.09543760587238849
tfinance,hgb_attributes,smooth,pooled_reference,2,0.11142210564885587,0.6674836601307189,306.6,4461.933333333333,4480.0,214.2,0.9357637897509345,0.09539243365330323
tfinance,hgb_attributes,smooth,pooled_reference,3,0.09660828538363848,0.6567164179104478,292.46666666666664,4135.2,4190.866666666667,233.4,0.9393808394048527,0.09546019198193112
tfinance,hgb_attributes,smooth,pooled_reference,4,0.10144099372325938,0.6530377668308702,295.8,4367.0,4437.866666666667,227.86666666666667,0.9373312899710637,0.09541501976284586
tfinance,hgb_attributes,smooth,pooled_reference,5,0.10560775127829133,0.6665020576131687,302.6,4179.333333333333,4250.6,225.53333333333333,0.9350041834076023,0.09542631281761717
tfinance,hgb_attributes,smooth,pooled_reference,6,0.09084052305408914,0.6352170352170352,285.1333333333333,4124.2,4162.2,215.2,0.9373412604236468,0.09540372670807454
tfinance,hgb_attributes,smooth,pooled_reference,7,0.09975810797299783,0.6507389162561577,294.1333333333333,4186.8,4270.2,217.93333333333334,0.9395981024755701,0.09541501976284586
tfinance,hgb_attributes,smooth,pooled_reference,8,0.1183995529778705,0.6597359735973598,303.0,4177.933333333333,4227.4,230.6,0.9347140065444244,0.09543760587238849
tfinance,hgb_attributes,smooth,pooled_reference,9,0.10756322093666523,0.6562091503267974,300.6666666666667,4499.4,4526.933333333333,215.6,0.9434336181205437,0.09539295392953931
tfinance,hgb_attributes,smooth,wcs_homogeneous,0,0.11792584318704587,0.04966996699669967,28.8,4366.2,4433.333333333333,229.93333333333334,0.945406305301614,0.09543812104787715
tfinance,hgb_attributes,smooth,wcs_homogeneous,1,0.042143846491672576,0.025907590759075907,13.466666666666667,4152.0,4208.4,228.0,0.9386251963854533,0.09543760587238849
tfinance,hgb_attributes,smooth,wcs_homogeneous,2,0.13469127336531975,0.054411764705882354,33.86666666666667,4461.933333333333,4480.0,214.2,0.9357637897509345,0.09539243365330323
tfinance,hgb_attributes,smooth,wcs_homogeneous,3,0.061236011262452296,0.022553897180762852,13.133333333333333,4135.2,4190.866666666667,233.4,0.9393808394048527,0.09546019198193112
tfinance,hgb_attributes,smooth,wcs_homogeneous,4,0.05876818145234499,0.024630541871921183,14.4,4367.0,4437.866666666667,227.86666666666667,0.9373312899710637,0.09541501976284586
tfinance,hgb_attributes,smooth,wcs_homogeneous,5,0.06708345731468654,0.03539094650205762,21.733333333333334,4179.333333333333,4250.6,225.53333333333333,0.9350041834076023,0.09542631281761717
tfinance,hgb_attributes,smooth,wcs_homogeneous,6,0.09141469792285971,0.06371826371826371,36.06666666666667,4124.2,4162.2,215.2,0.9373412604236468,0.09540372670807454
tfinance,hgb_attributes,smooth,wcs_homogeneous,7,0.08143992353199514,0.04564860426929393,24.666666666666668,4186.8,4270.2,217.93333333333334,0.9395981024755701,0.09541501976284586
tfinance,hgb_attributes,smooth,wcs_homogeneous,8,0.14125866227786213,0.07046204620462046,44.53333333333333,4177.933333333333,4227.4,230.6,0.9347140065444244,0.09543760587238849
tfinance,hgb_attributes,smooth,wcs_homogeneous,9,0.13913753299891915,0.0542483660130719,35.0,4499.4,4526.933333333333,215.6,0.9434336181205437,0.09539295392953931
tfinance,hgb_attributes,smooth,wcs_rand_homogeneous,0,0.1408894073941567,0.1552805280528053,80.0,4366.2,4433.333333333333,229.93333333333334,0.945406305301614,0.09543812104787715
tfinance,hgb_attributes,smooth,wcs_rand_homogeneous,1,0.05799255124078073,0.07425742574257427,36.46666666666667,4152.0,4208.4,228.0,0.9386251963854533,0.09543760587238849
tfinance,hgb_attributes,smooth,wcs_rand_homogeneous,2,0.12373526078893751,0.10604575163398693,59.4,4461.933333333333,4480.0,214.2,0.9357637897509345,0.09539243365330323
tfinance,hgb_attributes,smooth,wcs_rand_homogeneous,3,0.06994269741439553,0.055721393034825865,31.4,4135.2,4190.866666666667,233.4,0.9393808394048527,0.09546019198193112
tfinance,hgb_attributes,smooth,wcs_rand_homogeneous,4,0.05479078919798971,0.059770114942528735,30.733333333333334,4367.0,4437.866666666667,227.86666666666667,0.9373312899710637,0.09541501976284586
tfinance,hgb_attributes,smooth,wcs_rand_homogeneous,5,0.0787934131346125,0.0908641975308642,48.666666666666664,4179.333333333333,4250.6,225.53333333333333,0.9350041834076023,0.09542631281761717
tfinance,hgb_attributes,smooth,wcs_rand_homogeneous,6,0.11985674813137888,0.1633087633087633,84.4,4124.2,4162.2,215.2,0.9373412604236468,0.09540372670807454
tfinance,hgb_attributes,smooth,wcs_rand_homogeneous,7,0.09148213910618459,0.11280788177339902,57.4,4186.8,4270.2,217.93333333333334,0.9395981024755701,0.09541501976284586
tfinance,hgb_attributes,smooth,wcs_rand_homogeneous,8,0.14845139035117902,0.14092409240924092,79.4,4177.933333333333,4227.4,230.6,0.9347140065444244,0.09543760587238849
tfinance,hgb_attributes,smooth,wcs_rand_homogeneous,9,0.13723764844737532,0.12140522875816993,67.86666666666666,4499.4,4526.933333333333,215.6,0.9434336181205437,0.09539295392953931
tfinance,hgb_attributes,smooth,weighted_bh,0,0.019047619047619046,0.0024752475247524753,1.4,4366.2,4433.333333333333,229.93333333333334,0.945406305301614,0.09543812104787715
tfinance,hgb_attributes,smooth,weighted_bh,1,0.0,0.0,0.0,4152.0,4208.4,228.0,0.9386251963854533,0.09543760587238849
tfinance,hgb_attributes,smooth,weighted_bh,2,0.0,0.0,0.0,4461.933333333333,4480.0,214.2,0.9357637897509345,0.09539243365330323
tfinance,hgb_attributes,smooth,weighted_bh,3,0.0,0.0,0.0,4135.2,4190.866666666667,233.4,0.9393808394048527,0.09546019198193112
tfinance,hgb_attributes,smooth,weighted_bh,4,0.019047619047619046,0.0024630541871921183,1.4,4367.0,4437.866666666667,227.86666666666667,0.9373312899710637,0.09541501976284586
tfinance,hgb_attributes,smooth,weighted_bh,5,0.0,0.0,0.0,4179.333333333333,4250.6,225.53333333333333,0.9350041834076023,0.09542631281761717
tfinance,hgb_attributes,smooth,weighted_bh,6,0.0,0.0,0.0,4124.2,4162.2,215.2,0.9373412604236468,0.09540372670807454
tfinance,hgb_attributes,smooth,weighted_bh,7,0.0,0.0,0.0,4186.8,4270.2,217.93333333333334,0.9395981024755701,0.09541501976284586
tfinance,hgb_attributes,smooth,weighted_bh,8,0.0,0.0,0.0,4177.933333333333,4227.4,230.6,0.9347140065444244,0.09543760587238849
tfinance,hgb_attributes,smooth,weighted_bh,9,0.0,0.0,0.0,4499.4,4526.933333333333,215.6,0.9434336181205437,0.09539295392953931
tfinance,hgb_graph_features,moderate,pooled_reference,0,0.14388125928662823,0.8199669966996699,388.06666666666666,5484.733333333334,5597.066666666667,282.0,0.9661141386263566,0.09543812104787715
tfinance,hgb_graph_features,moderate,pooled_reference,1,0.16840171701347162,0.832013201320132,405.06666666666666,5478.2,5602.6,277.8,0.9620122874907299,0.09543760587238849
tfinance,hgb_graph_features,moderate,pooled_reference,2,0.15022017096985277,0.8106209150326797,390.2,5470.333333333333,5577.6,257.53333333333336,0.9646586056386961,0.09539243365330323
tfinance,hgb_graph_features,moderate,pooled_reference,3,0.17247483982320652,0.8295190713101162,403.4,5446.466666666666,5574.6,285.4,0.9642143986483451,0.09546019198193112
tfinance,hgb_graph_features,moderate,pooled_reference,4,0.1779437347161975,0.8316912972085385,411.73333333333335,5501.533333333334,5572.266666666666,273.93333333333334,0.9649957311725078,0.09541501976284586
tfinance,hgb_graph_features,moderate,pooled_reference,5,0.15164545903865032,0.8322633744855967,398.26666666666665,5456.2,5597.466666666666,272.4,0.9656064090388876,0.09542631281761717
tfinance,hgb_graph_features,moderate,pooled_reference,6,0.14375395770092322,0.8170352170352171,389.0,5489.333333333333,5585.2,262.3333333333333,0.96796875,0.09540372670807454
tfinance,hgb_graph_features,moderate,pooled_reference,7,0.14358306948176916,0.825944170771757,392.53333333333336,5493.8,5555.266666666666,270.6,0.9651590796590613,0.09541501976284586
tfinance,hgb_graph_features,moderate,pooled_reference,8,0.1710552744052447,0.8396039603960397,409.6,5489.133333333333,5554.466666666666,279.6666666666667,0.9649791674233096,0.09543760587238849
tfinance,hgb_graph_features,moderate,pooled_reference,9,0.16347073310109375,0.8372549019607843,409.0,5464.2,5592.666666666667,266.26666666666665,0.967926759166419,0.09539295392953931
tfinance,hgb_graph_features,moderate,wcs_homogeneous,0,0.08119380647991235,0.7732673267326733,341.93333333333334,5484.733333333334,5597.066666666667,282.0,0.9661141386263566,0.09543812104787715
tfinance,hgb_graph_features,moderate,wcs_homogeneous,1,0.09123257193971594,0.7882838283828383,351.2,5478.2,5602.6,277.8,0.9620122874907299,0.09543760587238849
tfinance,hgb_graph_features,moderate,wcs_homogeneous,2,0.10390202485373212,0.786437908496732,359.26666666666665,5470.333333333333,5577.6,257.53333333333336,0.9646586056386961,0.09539243365330323
tfinance,hgb_graph_features,moderate,wcs_homogeneous,3,0.10481101814930875,0.7903814262023217,355.4,5446.466666666666,5574.6,285.4,0.9642143986483451,0.09546019198193112
tfinance,hgb_graph_features,moderate,wcs_homogeneous,4,0.10338658223716242,0.7916256157635468,359.73333333333335,5501.533333333334,5572.266666666666,273.93333333333334,0.9649957311725078,0.09541501976284586
tfinance,hgb_graph_features,moderate,wcs_homogeneous,5,0.10886970337485122,0.8072427983539094,367.4,5456.2,5597.466666666666,272.4,0.9656064090388876,0.09542631281761717
tfinance,hgb_graph_features,moderate,wcs_homogeneous,6,0.0753173513971201,0.7212121212121212,319.73333333333335,5489.333333333333,5585.2,262.3333333333333,0.96796875,0.09540372670807454
tfinance,hgb_graph_features,moderate,wcs_homogeneous,7,0.08109111078992075,0.7834154351395731,347.0,5493.8,5555.266666666666,270.6,0.9651590796590613,0.09541501976284586
tfinance,hgb_graph_features,moderate,wcs_homogeneous,8,0.11600972703792743,0.8138613861386139,372.8666666666667,5489.133333333333,5554.466666666666,279.6666666666667,0.9649791674233096,0.09543760587238849
tfinance,hgb_graph_features,moderate,wcs_homogeneous,9,0.0976815409208867,0.7937908496732026,360.8666666666667,5464.2,5592.666666666667,266.26666666666665,0.967926759166419,0.09539295392953931
tfinance,hgb_graph_features,moderate,wcs_rand_homogeneous,0,0.0889727369386226,0.7828382838283828,349.06666666666666,5484.733333333334,5597.066666666667,282.0,0.9661141386263566,0.09543812104787715
tfinance,hgb_graph_features,moderate,wcs_rand_homogeneous,1,0.0956198788924328,0.7914191419141915,354.3333333333333,5478.2,5602.6,277.8,0.9620122874907299,0.09543760587238849
tfinance,hgb_graph_features,moderate,wcs_rand_homogeneous,2,0.10964038090027656,0.7918300653594771,363.8666666666667,5470.333333333333,5577.6,257.53333333333336,0.9646586056386961,0.09539243365330323
tfinance,hgb_graph_features,moderate,wcs_rand_homogeneous,3,0.11031277252918972,0.7943615257048093,359.46666666666664,5446.466666666666,5574.6,285.4,0.9642143986483451,0.09546019198193112
tfinance,hgb_graph_features,moderate,wcs_rand_homogeneous,4,0.10994261333534784,0.79688013136289,364.53333333333336,5501.533333333334,5572.266666666666,273.93333333333334,0.9649957311725078,0.09541501976284586
tfinance,hgb_graph_features,moderate,wcs_rand_homogeneous,5,0.11402094864369558,0.8133333333333332,372.3333333333333,5456.2,5597.466666666666,272.4,0.9656064090388876,0.09542631281761717
tfinance,hgb_graph_features,moderate,wcs_rand_homogeneous,6,0.0903015773374091,0.781981981981982,350.6,5489.333333333333,5585.2,262.3333333333333,0.96796875,0.09540372670807454
tfinance,hgb_graph_features,moderate,wcs_rand_homogeneous,7,0.0853889373408362,0.7889983579638752,351.0,5493.8,5555.266666666666,270.6,0.9651590796590613,0.09541501976284586
tfinance,hgb_graph_features,moderate,wcs_rand_homogeneous,8,0.11955653982113629,0.8166666666666667,375.6666666666667,5489.133333333333,5554.466666666666,279.6666666666667,0.9649791674233096,0.09543760587238849
tfinance,hgb_graph_features,moderate,wcs_rand_homogeneous,9,0.10052802218691058,0.7970588235294117,363.53333333333336,5464.2,5592.666666666667,266.26666666666665,0.967926759166419,0.09539295392953931
tfinance,hgb_graph_features,moderate,weighted_bh,0,0.07958129138729099,0.7729372937293729,341.26666666666665,5484.733333333334,5597.066666666667,282.0,0.9661141386263566,0.09543812104787715
tfinance,hgb_graph_features,moderate,weighted_bh,1,0.09011668296553871,0.7881188118811882,350.6666666666667,5478.2,5602.6,277.8,0.9620122874907299,0.09543760587238849
tfinance,hgb_graph_features,moderate,weighted_bh,2,0.10423951187346213,0.7875816993464053,359.8666666666667,5470.333333333333,5577.6,257.53333333333336,0.9646586056386961,0.09539243365330323
tfinance,hgb_graph_features,moderate,weighted_bh,3,0.10341203918378448,0.7897180762852404,354.6,5446.466666666666,5574.6,285.4,0.9642143986483451,0.09546019198193112
tfinance,hgb_graph_features,moderate,weighted_bh,4,0.10263383031665231,0.7912972085385879,359.3333333333333,5501.533333333334,5572.266666666666,273.93333333333334,0.9649957311725078,0.09541501976284586
tfinance,hgb_graph_features,moderate,weighted_bh,5,0.10866437216578578,0.8075720164609054,367.46666666666664,5456.2,5597.466666666666,272.4,0.9656064090388876,0.09542631281761717
tfinance,hgb_graph_features,moderate,weighted_bh,6,0.08166748410455132,0.774938574938575,344.0,5489.333333333333,5585.2,262.3333333333333,0.96796875,0.09540372670807454
tfinance,hgb_graph_features,moderate,weighted_bh,7,0.08045527934250077,0.783743842364532,346.93333333333334,5493.8,5555.266666666666,270.6,0.9651590796590613,0.09541501976284586
tfinance,hgb_graph_features,moderate,weighted_bh,8,0.11510223695848205,0.814026402640264,372.6,5489.133333333333,5554.466666666666,279.6666666666667,0.9649791674233096,0.09543760587238849
tfinance,hgb_graph_features,moderate,weighted_bh,9,0.09736945520822221,0.7936274509803921,360.6666666666667,5464.2,5592.666666666667,266.26666666666665,0.967926759166419,0.09539295392953931
tfinance,hgb_graph_features,severe,pooled_reference,0,0.14658066463887767,0.8201320132013201,389.06666666666666,5307.666666666667,5416.533333333334,241.33333333333334,0.9640154692232119,0.09543812104787715
tfinance,hgb_graph_features,severe,pooled_reference,1,0.19384001777102683,0.8372937293729373,420.26666666666665,5340.133333333333,5385.2,236.26666666666668,0.9596725522747518,0.09543760587238849
tfinance,hgb_graph_features,severe,pooled_reference,2,0.17785133701809297,0.8151960784313725,405.1333333333333,5310.933333333333,5378.2,218.6,0.9641524894555905,0.09539243365330323
tfinance,hgb_graph_features,severe,pooled_reference,3,0.18521469992444567,0.8306799336650083,410.46666666666664,5309.266666666666,5352.6,242.6,0.9640848951347212,0.09546019198193112
tfinance,hgb_graph_features,severe,pooled_reference,4,0.1993697565816964,0.8354679802955666,424.4,5325.533333333334,5382.466666666666,234.4,0.9652442424274227,0.09541501976284586
tfinance,hgb_graph_features,severe,pooled_reference,5,0.17510180690960675,0.8375308641975309,412.26666666666665,5312.666666666667,5385.466666666666,232.06666666666666,0.962812555092897,0.09542631281761717
tfinance,hgb_graph_features,severe,pooled_reference,6,0.17188011384863938,0.8193284193284194,403.8,5339.533333333334,5373.333333333333,222.66666666666666,0.9673512226069044,0.09540372670807454
tfinance,hgb_graph_features,severe,pooled_reference,7,0.17735878268223465,0.8351395730706076,413.46666666666664,5316.266666666666,5367.333333333333,225.4,0.9640681721935981,0.09541501976284586
tfinance,hgb_graph_features,severe,pooled_reference,8,0.17998412355843127,0.8427392739273927,416.0,5333.4,5353.066666666667,237.2,0.9640408520795282,0.09543760587238849
tfinance,hgb_graph_features,severe,pooled_reference,9,0.19512929820430283,0.8428104575163399,428.0,5304.066666666667,5389.733333333334,225.66666666666666,0.9669438332466825,0.09539295392953931
tfinance,hgb_graph_features,severe,wcs_homogeneous,0,0.08471301053896314,0.16402640264026402,76.13333333333334,5307.666666666667,5416.533333333334,241.33333333333334,0.9640154692232119,0.09543812104787715
tfinance,hgb_graph_features,severe,wcs_homogeneous,1,0.06291803602514354,0.46914191419141915,205.33333333333334,5340.133333333333,5385.2,236.26666666666668,0.9596725522747518,0.09543760587238849
tfinance,hgb_graph_features,severe,wcs_homogeneous,2,0.09619250607317201,0.5045751633986928,230.93333333333334,5310.933333333333,5378.2,218.6,0.9641524894555905,0.09539243365330323
tfinance,hgb_graph_features,severe,wcs_homogeneous,3,0.09964345946296754,0.2660033167495854,120.13333333333334,5309.266666666666,5352.6,242.6,0.9640848951347212,0.09546019198193112
tfinance,hgb_graph_features,severe,wcs_homogeneous,4,0.05947478542953018,0.5164203612479474,231.0,5325.533333333334,5382.466666666666,234.4,0.9652442424274227,0.09541501976284586
tfinance,hgb_graph_features,severe,wcs_homogeneous,5,0.06623888371445891,0.5124279835390947,231.4,5312.666666666667,5385.466666666666,232.06666666666666,0.962812555092897,0.09542631281761717
tfinance,hgb_graph_features,severe,wcs_homogeneous,6,0.04932188890715689,0.3955773955773955,178.13333333333333,5339.533333333334,5373.333333333333,222.66666666666666,0.9673512226069044,0.09540372670807454
tfinance,hgb_graph_features,severe,wcs_homogeneous,7,0.02479228072511722,0.20295566502463055,91.0,5316.266666666666,5367.333333333333,225.4,0.9640681721935981,0.09541501976284586
tfinance,hgb_graph_features,severe,wcs_homogeneous,8,0.06339926035054531,0.5590759075907591,248.33333333333334,5333.4,5353.066666666667,237.2,0.9640408520795282,0.09543760587238849
tfinance,hgb_graph_features,severe,wcs_homogeneous,9,0.06850178339143917,0.5661764705882353,256.46666666666664,5304.066666666667,5389.733333333334,225.66666666666666,0.9669438332466825,0.09539295392953931
tfinance,hgb_graph_features,severe,wcs_rand_homogeneous,0,0.08865466395803084,0.32640264026402643,154.66666666666666,5307.666666666667,5416.533333333334,241.33333333333334,0.9640154692232119,0.09543812104787715
tfinance,hgb_graph_features,severe,wcs_rand_homogeneous,1,0.07140330023982862,0.5306930693069307,237.46666666666667,5340.133333333333,5385.2,236.26666666666668,0.9596725522747518,0.09543760587238849
tfinance,hgb_graph_features,severe,wcs_rand_homogeneous,2,0.1351326855671693,0.6609477124183006,312.8666666666667,5310.933333333333,5378.2,218.6,0.9641524894555905,0.09539243365330323
tfinance,hgb_graph_features,severe,wcs_rand_homogeneous,3,0.07171791131405597,0.3669983416252073,169.26666666666668,5309.266666666666,5352.6,242.6,0.9640848951347212,0.09546019198193112
tfinance,hgb_graph_features,severe,wcs_rand_homogeneous,4,0.0928662506802139,0.5990147783251232,273.1333333333333,5325.533333333334,5382.466666666666,234.4,0.9652442424274227,0.09541501976284586
tfinance,hgb_graph_features,severe,wcs_rand_homogeneous,5,0.10253396664653289,0.5868312757201647,274.6,5312.666666666667,5385.466666666666,232.06666666666666,0.962812555092897,0.09542631281761717
tfinance,hgb_graph_features,severe,wcs_rand_homogeneous,6,0.0888816820871398,0.5122031122031122,237.8,5339.533333333334,5373.333333333333,222.66666666666666,0.9673512226069044,0.09540372670807454
tfinance,hgb_graph_features,severe,wcs_rand_homogeneous,7,0.06698834684287087,0.3167487684729064,150.13333333333333,5316.266666666666,5367.333333333333,225.4,0.9640681721935981,0.09541501976284586
tfinance,hgb_graph_features,severe,wcs_rand_homogeneous,8,0.1048999494873286,0.6460396039603961,297.53333333333336,5333.4,5353.066666666667,237.2,0.9640408520795282,0.09543760587238849
tfinance,hgb_graph_features,severe,wcs_rand_homogeneous,9,0.09297817061915747,0.6382352941176471,294.53333333333336,5304.066666666667,5389.733333333334,225.66666666666666,0.9669438332466825,0.09539295392953931
tfinance,hgb_graph_features,severe,weighted_bh,0,0.04590248033824906,0.4524752475247525,198.26666666666668,5307.666666666667,5416.533333333334,241.33333333333334,0.9640154692232119,0.09543812104787715
tfinance,hgb_graph_features,severe,weighted_bh,1,0.04300527256763166,0.4668316831683168,203.66666666666666,5340.133333333333,5385.2,236.26666666666668,0.9596725522747518,0.09543760587238849
tfinance,hgb_graph_features,severe,weighted_bh,2,0.08999961368145533,0.6632352941176471,303.26666666666665,5310.933333333333,5378.2,218.6,0.9641524894555905,0.09539243365330323
tfinance,hgb_graph_features,severe,weighted_bh,3,0.045662372330261616,0.4107794361525705,181.0,5309.266666666666,5352.6,242.6,0.9640848951347212,0.09546019198193112
tfinance,hgb_graph_features,severe,weighted_bh,4,0.07587086105314343,0.5691297208538588,253.6,5325.533333333334,5382.466666666666,234.4,0.9652442424274227,0.09541501976284586
tfinance,hgb_graph_features,severe,weighted_bh,5,0.08029453656474066,0.6213991769547325,280.6,5312.666666666667,5385.466666666666,232.06666666666666,0.962812555092897,0.09542631281761717
tfinance,hgb_graph_features,severe,weighted_bh,6,0.06823193498388128,0.542014742014742,244.46666666666667,5339.533333333334,5373.333333333333,222.66666666666666,0.9673512226069044,0.09540372670807454
tfinance,hgb_graph_features,severe,weighted_bh,7,0.05859672741272652,0.4535303776683087,205.13333333333333,5316.266666666666,5367.333333333333,225.4,0.9640681721935981,0.09541501976284586
tfinance,hgb_graph_features,severe,weighted_bh,8,0.08176736899018162,0.673927392739274,302.0,5333.4,5353.066666666667,237.2,0.9640408520795282,0.09543760587238849
tfinance,hgb_graph_features,severe,weighted_bh,9,0.0698572734082917,0.5700980392156862,259.06666666666666,5304.066666666667,5389.733333333334,225.66666666666666,0.9669438332466825,0.09539295392953931
tfinance,hgb_graph_features,smooth,pooled_reference,0,0.14534142898911434,0.8171617161716171,387.3333333333333,4366.2,4433.333333333333,229.93333333333334,0.9641150023663039,0.09543812104787715
tfinance,hgb_graph_features,smooth,pooled_reference,1,0.1839878847795762,0.8353135313531352,415.46666666666664,4152.0,4208.4,228.0,0.961110251955263,0.09543760587238849
tfinance,hgb_graph_features,smooth,pooled_reference,2,0.16338085884179127,0.8142156862745098,397.53333333333336,4461.933333333333,4480.0,214.2,0.9627984294226747,0.09539243365330323
tfinance,hgb_graph_features,smooth,pooled_reference,3,0.19048635268789177,0.8311774461028192,413.93333333333334,4135.2,4190.866666666667,233.4,0.9630014288351609,0.09546019198193112
tfinance,hgb_graph_features,smooth,pooled_reference,4,0.19369620075326657,0.8394088669950739,423.93333333333334,4367.0,4437.866666666667,227.86666666666667,0.9647248894701154,0.09541501976284586
tfinance,hgb_graph_features,smooth,pooled_reference,5,0.1639238812973916,0.8332510288065844,404.46666666666664,4179.333333333333,4250.6,225.53333333333333,0.9643990746828355,0.09542631281761717
tfinance,hgb_graph_features,smooth,pooled_reference,6,0.1609760274705774,0.811957411957412,395.0,4124.2,4162.2,215.2,0.9663518244484154,0.09540372670807454
tfinance,hgb_graph_features,smooth,pooled_reference,7,0.18984285503595053,0.8379310344827586,421.3333333333333,4186.8,4270.2,217.93333333333334,0.9655162696453036,0.09541501976284586
tfinance,hgb_graph_features,smooth,pooled_reference,8,0.1807703242696818,0.8435643564356435,417.1333333333333,4177.933333333333,4227.4,230.6,0.9628195620414012,0.09543760587238849
tfinance,hgb_graph_features,smooth,pooled_reference,9,0.18181740484007464,0.8379084967320262,418.93333333333334,4499.4,4526.933333333333,215.6,0.9659696884593484,0.09539295392953931
tfinance,hgb_graph_features,smooth,wcs_homogeneous,0,0.06199640022424833,0.039438943894389435,23.466666666666665,4366.2,4433.333333333333,229.93333333333334,0.9641150023663039,0.09543812104787715
tfinance,hgb_graph_features,smooth,wcs_homogeneous,1,0.08979916347585107,0.048514851485148516,28.533333333333335,4152.0,4208.4,228.0,0.961110251955263,0.09543760587238849
tfinance,hgb_graph_features,smooth,wcs_homogeneous,2,0.14401227275342568,0.08104575163398693,48.53333333333333,4461.933333333333,4480.0,214.2,0.9627984294226747,0.09539243365330323
tfinance,hgb_graph_features,smooth,wcs_homogeneous,3,0.04416666666666667,0.020729684908789386,12.8,4135.2,4190.866666666667,233.4,0.9630014288351609,0.09546019198193112
tfinance,hgb_graph_features,smooth,wcs_homogeneous,4,0.0787657442524699,0.03251231527093596,21.933333333333334,4367.0,4437.866666666667,227.86666666666667,0.9647248894701154,0.09541501976284586
tfinance,hgb_graph_features,smooth,wcs_homogeneous,5,0.07583377595023655,0.06765432098765432,36.06666666666667,4179.333333333333,4250.6,225.53333333333333,0.9643990746828355,0.09542631281761717
tfinance,hgb_graph_features,smooth,wcs_homogeneous,6,0.10021822921926751,0.08288288288288288,45.733333333333334,4124.2,4162.2,215.2,0.9663518244484154,0.09540372670807454
tfinance,hgb_graph_features,smooth,wcs_homogeneous,7,0.06610542879622344,0.04072249589490969,22.466666666666665,4186.8,4270.2,217.93333333333334,0.9655162696453036,0.09541501976284586
tfinance,hgb_graph_features,smooth,wcs_homogeneous,8,0.04816333195318377,0.039603960396039604,21.8,4177.933333333333,4227.4,230.6,0.9628195620414012,0.09543760587238849
tfinance,hgb_graph_features,smooth,wcs_homogeneous,9,0.08802098489816136,0.04640522875816993,26.333333333333332,4499.4,4526.933333333333,215.6,0.9659696884593484,0.09539295392953931
tfinance,hgb_graph_features,smooth,wcs_rand_homogeneous,0,0.0760281426962197,0.10874587458745874,57.4,4366.2,4433.333333333333,229.93333333333334,0.9641150023663039,0.09543812104787715
tfinance,hgb_graph_features,smooth,wcs_rand_homogeneous,1,0.08397165234160328,0.11221122112211222,59.2,4152.0,4208.4,228.0,0.961110251955263,0.09543760587238849
tfinance,hgb_graph_features,smooth,wcs_rand_homogeneous,2,0.1075482241457566,0.1477124183006536,79.0,4461.933333333333,4480.0,214.2,0.9627984294226747,0.09539243365330323
tfinance,hgb_graph_features,smooth,wcs_rand_homogeneous,3,0.08011316656631147,0.08407960199004975,48.666666666666664,4135.2,4190.866666666667,233.4,0.9630014288351609,0.09546019198193112
tfinance,hgb_graph_features,smooth,wcs_rand_homogeneous,4,0.09548002961770567,0.10919540229885057,63.266666666666666,4367.0,4437.866666666667,227.86666666666667,0.9647248894701154,0.09541501976284586
tfinance,hgb_graph_features,smooth,wcs_rand_homogeneous,5,0.07835880230589565,0.13958847736625515,69.33333333333333,4179.333333333333,4250.6,225.53333333333333,0.9643990746828355,0.09542631281761717
tfinance,hgb_graph_features,smooth,wcs_rand_homogeneous,6,0.12490271883127284,0.2167076167076167,110.26666666666667,4124.2,4162.2,215.2,0.9663518244484154,0.09540372670807454
tfinance,hgb_graph_features,smooth,wcs_rand_homogeneous,7,0.1361186721591092,0.19261083743842364,100.86666666666666,4186.8,4270.2,217.93333333333334,0.9655162696453036,0.09541501976284586
tfinance,hgb_graph_features,smooth,wcs_rand_homogeneous,8,0.09383881609306548,0.13498349834983497,72.26666666666667,4177.933333333333,4227.4,230.6,0.9628195620414012,0.09543760587238849
tfinance,hgb_graph_features,smooth,wcs_rand_homogeneous,9,0.07180890087595514,0.1173202614379085,58.86666666666667,4499.4,4526.933333333333,215.6,0.9659696884593484,0.09539295392953931
tfinance,hgb_graph_features,smooth,weighted_bh,0,0.012121212121212121,0.0029702970297029703,1.4666666666666666,4366.2,4433.333333333333,229.93333333333334,0.9641150023663039,0.09543812104787715
tfinance,hgb_graph_features,smooth,weighted_bh,1,0.0,0.0,0.0,4152.0,4208.4,228.0,0.961110251955263,0.09543760587238849
tfinance,hgb_graph_features,smooth,weighted_bh,2,0.0,0.0,0.0,4461.933333333333,4480.0,214.2,0.9627984294226747,0.09539243365330323
tfinance,hgb_graph_features,smooth,weighted_bh,3,0.030000000000000002,0.001824212271973466,1.3333333333333333,4135.2,4190.866666666667,233.4,0.9630014288351609,0.09546019198193112
tfinance,hgb_graph_features,smooth,weighted_bh,4,0.024,0.005254515599343186,3.3333333333333335,4367.0,4437.866666666667,227.86666666666667,0.9647248894701154,0.09541501976284586
tfinance,hgb_graph_features,smooth,weighted_bh,5,0.0,0.0,0.0,4179.333333333333,4250.6,225.53333333333333,0.9643990746828355,0.09542631281761717
tfinance,hgb_graph_features,smooth,weighted_bh,6,0.0,0.0,0.0,4124.2,4162.2,215.2,0.9663518244484154,0.09540372670807454
tfinance,hgb_graph_features,smooth,weighted_bh,7,0.0,0.0,0.0,4186.8,4270.2,217.93333333333334,0.9655162696453036,0.09541501976284586
tfinance,hgb_graph_features,smooth,weighted_bh,8,0.0,0.0,0.0,4177.933333333333,4227.4,230.6,0.9628195620414012,0.09543760587238849
tfinance,hgb_graph_features,smooth,weighted_bh,9,0.0,0.0,0.0,4499.4,4526.933333333333,215.6,0.9659696884593484,0.09539295392953931
weibo_gadbench,hgb_attributes,moderate,pooled_reference,0,0.10385141835197884,0.7484848484848484,166.53333333333333,1146.4666666666667,1189.9333333333334,121.6,0.9849985490481359,0.08953488372093024
weibo_gadbench,hgb_attributes,moderate,pooled_reference,1,0.11738485237860367,0.8092307692307692,179.66666666666666,1163.2666666666667,1188.7333333333333,124.4,0.9881964602483471,0.08968799576943418
weibo_gadbench,hgb_attributes,moderate,pooled_reference,2,0.12308029435159908,0.7695726495726496,171.8,1158.0,1195.4,124.93333333333334,0.9886030478955007,0.08968799576943418
weibo_gadbench,hgb_attributes,moderate,pooled_reference,3,0.11402470786651056,0.7717171717171717,172.93333333333334,1147.8666666666666,1180.4666666666667,116.66666666666667,0.9861630869895333,0.08953488372093024
weibo_gadbench,hgb_attributes,moderate,pooled_reference,4,0.12314194450361597,0.775042735042735,172.86666666666667,1160.8,1194.0,121.8,0.9858065231414288,0.08968799576943418
weibo_gadbench,hgb_attributes,moderate,pooled_reference,5,0.12151830270495435,0.785,179.93333333333334,1140.4666666666667,1194.3333333333333,113.06666666666666,0.9863885274985216,0.08942358540454785
weibo_gadbench,hgb_attributes,moderate,pooled_reference,6,0.13893751576574676,0.7944732297063903,178.86666666666667,1138.0666666666666,1190.7333333333333,130.2,0.9870742985245264,0.0897937599153887
weibo_gadbench,hgb_attributes,moderate,pooled_reference,7,0.12462747084698923,0.7622448979591836,171.13333333333333,1147.1333333333334,1204.6,123.93333333333334,0.9830124616218169,0.0896351136964569
weibo_gadbench,hgb_attributes,moderate,pooled_reference,8,0.12599639258644463,0.8202749140893472,182.46666666666667,1157.6,1190.4,123.6,0.9871687858298553,0.08974087784241143
weibo_gadbench,hgb_attributes,moderate,pooled_reference,9,0.12004372705778782,0.7799319727891157,174.8,1151.1333333333334,1195.0666666666666,122.53333333333333,0.9862595067525535,0.0896351136964569
weibo_gadbench,hgb_attributes,moderate,wcs_homogeneous,0,0.07053659061302044,0.5454545454545454,118.33333333333333,1146.4666666666667,1189.9333333333334,121.6,0.9849985490481359,0.08953488372093024
weibo_gadbench,hgb_attributes,moderate,wcs_homogeneous,1,0.07985697478099232,0.6615384615384615,142.26666666666668,1163.2666666666667,1188.7333333333333,124.4,0.9881964602483471,0.08968799576943418
weibo_gadbench,hgb_attributes,moderate,wcs_homogeneous,2,0.04836017038092065,0.49777777777777776,103.66666666666667,1158.0,1195.4,124.93333333333334,0.9886030478955007,0.08968799576943418
weibo_gadbench,hgb_attributes,moderate,wcs_homogeneous,3,0.07492089870537436,0.6454545454545454,139.46666666666667,1147.8666666666666,1180.4666666666667,116.66666666666667,0.9861630869895333,0.08953488372093024
weibo_gadbench,hgb_attributes,moderate,wcs_homogeneous,4,0.07337656819934818,0.612991452991453,130.73333333333332,1160.8,1194.0,121.8,0.9858065231414288,0.08968799576943418
weibo_gadbench,hgb_attributes,moderate,wcs_homogeneous,5,0.10842312645021092,0.62,142.4,1140.4666666666667,1194.3333333333333,113.06666666666666,0.9863885274985216,0.08942358540454785
weibo_gadbench,hgb_attributes,moderate,wcs_homogeneous,6,0.09392395430747205,0.7233160621761657,155.0,1138.0666666666666,1190.7333333333333,130.2,0.9870742985245264,0.0897937599153887
weibo_gadbench,hgb_attributes,moderate,wcs_homogeneous,7,0.06873344028445061,0.5404761904761906,115.6,1147.1333333333334,1204.6,123.93333333333334,0.9830124616218169,0.0896351136964569
weibo_gadbench,hgb_attributes,moderate,wcs_homogeneous,8,0.08960584474905847,0.6790378006872851,146.53333333333333,1157.6,1190.4,123.6,0.9871687858298553,0.08974087784241143
weibo_gadbench,hgb_attributes,moderate,wcs_homogeneous,9,0.09579743047918308,0.6666666666666666,146.2,1151.1333333333334,1195.0666666666666,122.53333333333333,0.9862595067525535,0.0896351136964569
weibo_gadbench,hgb_attributes,moderate,wcs_rand_homogeneous,0,0.07671812150969501,0.5865319865319865,128.4,1146.4666666666667,1189.9333333333334,121.6,0.9849985490481359,0.08953488372093024
weibo_gadbench,hgb_attributes,moderate,wcs_rand_homogeneous,1,0.08596755786740135,0.6878632478632479,149.06666666666666,1163.2666666666667,1188.7333333333333,124.4,0.9881964602483471,0.08968799576943418
weibo_gadbench,hgb_attributes,moderate,wcs_rand_homogeneous,2,0.05184004746373398,0.5316239316239316,111.2,1158.0,1195.4,124.93333333333334,0.9886030478955007,0.08968799576943418
weibo_gadbench,hgb_attributes,moderate,wcs_rand_homogeneous,3,0.07762523482723234,0.6723905723905724,145.66666666666666,1147.8666666666666,1180.4666666666667,116.66666666666667,0.9861630869895333,0.08953488372093024
weibo_gadbench,hgb_attributes,moderate,wcs_rand_homogeneous,4,0.08227301410578645,0.6492307692307693,139.93333333333334,1160.8,1194.0,121.8,0.9858065231414288,0.08968799576943418
weibo_gadbench,hgb_attributes,moderate,wcs_rand_homogeneous,5,0.11144716594562244,0.6519999999999999,150.53333333333333,1140.4666666666667,1194.3333333333333,113.06666666666666,0.9863885274985216,0.08942358540454785
weibo_gadbench,hgb_attributes,moderate,wcs_rand_homogeneous,6,0.10167628268009812,0.7443868739205527,160.86666666666667,1138.0666666666666,1190.7333333333333,130.2,0.9870742985245264,0.0897937599153887
weibo_gadbench,hgb_attributes,moderate,wcs_rand_homogeneous,7,0.09606927749605335,0.6489795918367347,141.2,1147.1333333333334,1204.6,123.93333333333334,0.9830124616218169,0.0896351136964569
weibo_gadbench,hgb_attributes,moderate,wcs_rand_homogeneous,8,0.09912619784114692,0.6982817869415807,152.46666666666667,1157.6,1190.4,123.6,0.9871687858298553,0.08974087784241143
weibo_gadbench,hgb_attributes,moderate,wcs_rand_homogeneous,9,0.10018170220912485,0.6965986394557824,153.46666666666667,1151.1333333333334,1195.0666666666666,122.53333333333333,0.9862595067525535,0.0896351136964569
weibo_gadbench,hgb_attributes,moderate,weighted_bh,0,0.06787920630124704,0.6424242424242425,137.66666666666666,1146.4666666666667,1189.9333333333334,121.6,0.9849985490481359,0.08953488372093024
weibo_gadbench,hgb_attributes,moderate,weighted_bh,1,0.08192187119958841,0.7145299145299145,153.06666666666666,1163.2666666666667,1188.7333333333333,124.4,0.9881964602483471,0.08968799576943418
weibo_gadbench,hgb_attributes,moderate,weighted_bh,2,0.050996825976823486,0.5374358974358974,111.8,1158.0,1195.4,124.93333333333334,0.9886030478955007,0.08968799576943418
weibo_gadbench,hgb_attributes,moderate,weighted_bh,3,0.07620254384352945,0.6471380471380471,139.93333333333334,1147.8666666666666,1180.4666666666667,116.66666666666667,0.9861630869895333,0.08953488372093024
weibo_gadbench,hgb_attributes,moderate,weighted_bh,4,0.07578887863584166,0.6649572649572649,141.33333333333334,1160.8,1194.0,121.8,0.9858065231414288,0.08968799576943418
weibo_gadbench,hgb_attributes,moderate,weighted_bh,5,0.11016350390790386,0.7213333333333334,162.93333333333334,1140.4666666666667,1194.3333333333333,113.06666666666666,0.9863885274985216,0.08942358540454785
weibo_gadbench,hgb_attributes,moderate,weighted_bh,6,0.09231161019568332,0.7229706390328151,154.66666666666666,1138.0666666666666,1190.7333333333333,130.2,0.9870742985245264,0.0897937599153887
weibo_gadbench,hgb_attributes,moderate,weighted_bh,7,0.08009233167142905,0.6282312925170068,134.73333333333332,1147.1333333333334,1204.6,123.93333333333334,0.9830124616218169,0.0896351136964569
weibo_gadbench,hgb_attributes,moderate,weighted_bh,8,0.08757471834651763,0.7168384879725086,153.6,1157.6,1190.4,123.6,0.9871687858298553,0.08974087784241143
weibo_gadbench,hgb_attributes,moderate,weighted_bh,9,0.09478679340354143,0.7095238095238094,154.33333333333334,1151.1333333333334,1195.0666666666666,122.53333333333333,0.9862595067525535,0.0896351136964569
weibo_gadbench,hgb_attributes,severe,pooled_reference,0,0.09769559927989982,0.7101010101010101,156.8,1131.0,1140.0,102.93333333333334,0.9834317197953563,0.08953488372093024
weibo_gadbench,hgb_attributes,severe,pooled_reference,1,0.12235187391023233,0.7832478632478632,174.53333333333333,1131.2,1154.4666666666667,101.93333333333334,0.9869942348008386,0.08968799576943418
weibo_gadbench,hgb_attributes,severe,pooled_reference,2,0.14941194125904503,0.7904273504273505,182.2,1143.0,1144.9333333333334,103.2,0.9884911707789067,0.08968799576943418
weibo_gadbench,hgb_attributes,severe,pooled_reference,3,0.12125676496196915,0.7531986531986532,170.33333333333334,1122.8,1140.6,96.53333333333333,0.9853225287109585,0.08953488372093024
weibo_gadbench,hgb_attributes,severe,pooled_reference,4,0.11813169593748969,0.7449572649572649,165.0,1134.6,1158.0666666666666,102.66666666666667,0.9849058619577488,0.08968799576943418
weibo_gadbench,hgb_attributes,severe,pooled_reference,5,0.11423031624403626,0.7403333333333334,168.4,1125.8,1141.5333333333333,88.2,0.9840151783954268,0.08942358540454785
weibo_gadbench,hgb_attributes,severe,pooled_reference,6,0.15089187693258743,0.7993091537132988,182.86666666666667,1127.7333333333333,1139.4666666666667,111.4,0.9866123103275011,0.0897937599153887
weibo_gadbench,hgb_attributes,severe,pooled_reference,7,0.12656902499573594,0.7551020408163266,170.2,1122.4666666666667,1167.7333333333333,108.46666666666667,0.9819810165954287,0.0896351136964569
weibo_gadbench,hgb_attributes,severe,pooled_reference,8,0.13053594735868856,0.8178694158075601,183.0,1141.6,1139.8666666666666,102.2,0.9866305406549256,0.08974087784241143
weibo_gadbench,hgb_attributes,severe,pooled_reference,9,0.1294323020463509,0.7700680272108843,174.06666666666666,1148.3333333333333,1131.6,100.6,0.9859089358457247,0.0896351136964569
weibo_gadbench,hgb_attributes,severe,wcs_homogeneous,0,0.03140778776208815,0.014478114478114479,4.0,1131.0,1140.0,102.93333333333334,0.9834317197953563,0.08953488372093024
weibo_gadbench,hgb_attributes,severe,wcs_homogeneous,1,0.041176470588235294,0.0044444444444444444,2.2666666666666666,1131.2,1154.4666666666667,101.93333333333334,0.9869942348008386,0.08968799576943418
weibo_gadbench,hgb_attributes,severe,wcs_homogeneous,2,0.0,0.0,0.0,1143.0,1144.9333333333334,103.2,0.9884911707789067,0.08968799576943418
weibo_gadbench,hgb_attributes,severe,wcs_homogeneous,3,0.06962962962962962,0.006734006734006734,2.8666666666666667,1122.8,1140.6,96.53333333333333,0.9853225287109585,0.08953488372093024
weibo_gadbench,hgb_attributes,severe,wcs_homogeneous,4,0.03492063492063492,0.003418803418803419,1.4,1134.6,1158.0666666666666,102.66666666666667,0.9849058619577488,0.08968799576943418
weibo_gadbench,hgb_attributes,severe,wcs_homogeneous,5,0.025,0.005,1.6,1125.8,1141.5333333333333,88.2,0.9840151783954268,0.08942358540454785
weibo_gadbench,hgb_attributes,severe,wcs_homogeneous,6,0.0673721340388007,0.007599309153713299,4.533333333333333,1127.7333333333333,1139.4666666666667,111.4,0.9866123103275011,0.0897937599153887
weibo_gadbench,hgb_attributes,severe,wcs_homogeneous,7,0.12745185519379068,0.030272108843537416,9.933333333333334,1122.4666666666667,1167.7333333333333,108.46666666666667,0.9819810165954287,0.0896351136964569
weibo_gadbench,hgb_attributes,severe,wcs_homogeneous,8,0.19968996145466733,0.013402061855670104,7.066666666666666,1141.6,1139.8666666666666,102.2,0.9866305406549256,0.08974087784241143
weibo_gadbench,hgb_attributes,severe,wcs_homogeneous,9,0.0,0.0,0.0,1148.3333333333333,1131.6,100.6,0.9859089358457247,0.0896351136964569
weibo_gadbench,hgb_attributes,severe,wcs_rand_homogeneous,0,0.04985613297543389,0.08585858585858586,19.6,1131.0,1140.0,102.93333333333334,0.9834317197953563,0.08953488372093024
weibo_gadbench,hgb_attributes,severe,wcs_rand_homogeneous,1,0.0639186373841349,0.04923076923076923,14.2,1131.2,1154.4666666666667,101.93333333333334,0.9869942348008386,0.08968799576943418
weibo_gadbench,hgb_attributes,severe,wcs_rand_homogeneous,2,0.01765027322404372,0.030085470085470085,6.733333333333333,1143.0,1144.9333333333334,103.2,0.9884911707789067,0.08968799576943418
weibo_gadbench,hgb_attributes,severe,wcs_rand_homogeneous,3,0.06197719833606343,0.05757575757575758,15.133333333333333,1122.8,1140.6,96.53333333333333,0.9853225287109585,0.08953488372093024
weibo_gadbench,hgb_attributes,severe,wcs_rand_homogeneous,4,0.0950871714806141,0.057435897435897436,15.666666666666666,1134.6,1158.0666666666666,102.66666666666667,0.9849058619577488,0.08968799576943418
weibo_gadbench,hgb_attributes,severe,wcs_rand_homogeneous,5,0.07444175838252047,0.06199999999999999,16.6,1125.8,1141.5333333333333,88.2,0.9840151783954268,0.08942358540454785
weibo_gadbench,hgb_attributes,severe,wcs_rand_homogeneous,6,0.04141414141414142,0.028324697754749568,9.2,1127.7333333333333,1139.4666666666667,111.4,0.9866123103275011,0.0897937599153887
weibo_gadbench,hgb_attributes,severe,wcs_rand_homogeneous,7,0.0809867843830108,0.06938775510204082,18.2,1122.4666666666667,1167.7333333333333,108.46666666666667,0.9819810165954287,0.0896351136964569
weibo_gadbench,hgb_attributes,severe,wcs_rand_homogeneous,8,0.10131528657844448,0.06563573883161512,18.666666666666668,1141.6,1139.8666666666666,102.2,0.9866305406549256,0.08974087784241143
weibo_gadbench,hgb_attributes,severe,wcs_rand_homogeneous,9,0.018357487922705314,0.017006802721088437,4.6,1148.3333333333333,1131.6,100.6,0.9859089358457247,0.0896351136964569
weibo_gadbench,hgb_attributes,severe,weighted_bh,0,0.047800372142477406,0.03535353535353535,7.933333333333334,1131.0,1140.0,102.93333333333334,0.9834317197953563,0.08953488372093024
weibo_gadbench,hgb_attributes,severe,weighted_bh,1,0.0,0.0,0.0,1131.2,1154.4666666666667,101.93333333333334,0.9869942348008386,0.08968799576943418
weibo_gadbench,hgb_attributes,severe,weighted_bh,2,0.03111111111111111,0.007863247863247862,2.0,1143.0,1144.9333333333334,103.2,0.9884911707789067,0.08968799576943418
weibo_gadbench,hgb_attributes,severe,weighted_bh,3,0.03492063492063492,0.003367003367003367,1.4,1122.8,1140.6,96.53333333333333,0.9853225287109585,0.08953488372093024
weibo_gadbench,hgb_attributes,severe,weighted_bh,4,0.0,0.0,0.0,1134.6,1158.0666666666666,102.66666666666667,0.9849058619577488,0.08968799576943418
weibo_gadbench,hgb_attributes,severe,weighted_bh,5,0.0,0.0,0.0,1125.8,1141.5333333333333,88.2,0.9840151783954268,0.08942358540454785
weibo_gadbench,hgb_attributes,severe,weighted_bh,6,0.0,0.0,0.0,1127.7333333333333,1139.4666666666667,111.4,0.9866123103275011,0.0897937599153887
weibo_gadbench,hgb_attributes,severe,weighted_bh,7,0.04939096850861557,0.021768707482993196,5.333333333333333,1122.4666666666667,1167.7333333333333,108.46666666666667,0.9819810165954287,0.0896351136964569
weibo_gadbench,hgb_attributes,severe,weighted_bh,8,0.0,0.0,0.0,1141.6,1139.8666666666666,102.2,0.9866305406549256,0.08974087784241143
weibo_gadbench,hgb_attributes,severe,weighted_bh,9,0.03333333333333333,0.003401360544217687,1.3333333333333333,1148.3333333333333,1131.6,100.6,0.9859089358457247,0.0896351136964569
weibo_gadbench,hgb_attributes,smooth,pooled_reference,0,0.11927671331208621,0.7555555555555556,170.53333333333333,1240.4666666666667,1300.8666666666666,125.2,0.9846703954141971,0.08953488372093024
weibo_gadbench,hgb_attributes,smooth,pooled_reference,1,0.1508344333874191,0.818119658119658,188.53333333333333,1261.0,1272.9333333333334,120.06666666666666,0.9873584905660377,0.08968799576943418
weibo_gadbench,hgb_attributes,smooth,pooled_reference,2,0.13990949208227907,0.7972649572649573,181.93333333333334,1207.2666666666667,1212.2,119.2,0.9890691017577811,0.08968799576943418
weibo_gadbench,hgb_attributes,smooth,pooled_reference,3,0.12555228831225712,0.7872053872053872,178.6,1246.5333333333333,1282.8,121.0,0.9861706398896481,0.08953488372093024
weibo_gadbench,hgb_attributes,smooth,pooled_reference,4,0.13800904096441557,0.7965811965811966,180.93333333333334,1205.8,1250.0,125.53333333333333,0.9858690130624093,0.08968799576943418
weibo_gadbench,hgb_attributes,smooth,pooled_reference,5,0.1291489212536663,0.7716666666666666,178.8,1209.6,1227.2,112.26666666666667,0.9854752611866746,0.08942358540454785
weibo_gadbench,hgb_attributes,smooth,pooled_reference,6,0.15826946867091207,0.8241796200345423,189.4,1228.7333333333333,1252.3333333333333,129.13333333333333,0.9879126311356854,0.0897937599153887
weibo_gadbench,hgb_attributes,smooth,pooled_reference,7,0.13019501526032498,0.7758503401360545,175.53333333333333,1245.3333333333333,1275.4666666666667,124.66666666666667,0.9831390845423715,0.0896351136964569
weibo_gadbench,hgb_attributes,smooth,pooled_reference,8,0.15704067892119586,0.8189003436426118,190.33333333333334,1177.2,1225.5333333333333,120.86666666666666,0.986907763245023,0.08974087784241143
weibo_gadbench,hgb_attributes,smooth,pooled_reference,9,0.14459412677282749,0.8013605442176871,184.73333333333332,1240.2666666666667,1285.2666666666667,124.26666666666667,0.9867573696145124,0.0896351136964569
weibo_gadbench,hgb_attributes,smooth,wcs_homogeneous,0,0.09526800006244258,0.4771043771043771,106.2,1240.4666666666667,1300.8666666666666,125.2,0.9846703954141971,0.08953488372093024
weibo_gadbench,hgb_attributes,smooth,wcs_homogeneous,1,0.07372636343101914,0.3268376068376069,72.93333333333334,1261.0,1272.9333333333334,120.06666666666666,0.9873584905660377,0.08968799576943418
weibo_gadbench,hgb_attributes,smooth,wcs_homogeneous,2,0.08486497362519772,0.3425641025641025,76.33333333333333,1207.2666666666667,1212.2,119.2,0.9890691017577811,0.08968799576943418
weibo_gadbench,hgb_attributes,smooth,wcs_homogeneous,3,0.08205562792345003,0.3333333333333333,76.33333333333333,1246.5333333333333,1282.8,121.0,0.9861706398896481,0.08953488372093024
weibo_gadbench,hgb_attributes,smooth,wcs_homogeneous,4,0.07800224216028591,0.4300854700854701,93.93333333333334,1205.8,1250.0,125.53333333333333,0.9858690130624093,0.08968799576943418
weibo_gadbench,hgb_attributes,smooth,wcs_homogeneous,5,0.0959489334846059,0.495,113.53333333333333,1209.6,1227.2,112.26666666666667,0.9854752611866746,0.08942358540454785
weibo_gadbench,hgb_attributes,smooth,wcs_homogeneous,6,0.09271991651097049,0.32953367875647666,74.53333333333333,1228.7333333333333,1252.3333333333333,129.13333333333333,0.9879126311356854,0.0897937599153887
weibo_gadbench,hgb_attributes,smooth,wcs_homogeneous,7,0.06930594164006715,0.33809523809523806,73.53333333333333,1245.3333333333333,1275.4666666666667,124.66666666666667,0.9831390845423715,0.0896351136964569
weibo_gadbench,hgb_attributes,smooth,wcs_homogeneous,8,0.1097006047735482,0.4618556701030928,104.73333333333333,1177.2,1225.5333333333333,120.86666666666666,0.986907763245023,0.08974087784241143
weibo_gadbench,hgb_attributes,smooth,wcs_homogeneous,9,0.10240099891067046,0.5561224489795918,123.33333333333333,1240.2666666666667,1285.2666666666667,124.26666666666667,0.9867573696145124,0.0896351136964569
weibo_gadbench,hgb_attributes,smooth,wcs_rand_homogeneous,0,0.09608420193124306,0.532996632996633,118.66666666666667,1240.4666666666667,1300.8666666666666,125.2,0.9846703954141971,0.08953488372093024
weibo_gadbench,hgb_attributes,smooth,wcs_rand_homogeneous,1,0.09040710781533261,0.4694017094017094,104.53333333333333,1261.0,1272.9333333333334,120.06666666666666,0.9873584905660377,0.08968799576943418
weibo_gadbench,hgb_attributes,smooth,wcs_rand_homogeneous,2,0.08628488906838223,0.4601709401709402,101.53333333333333,1207.2666666666667,1212.2,119.2,0.9890691017577811,0.08968799576943418
weibo_gadbench,hgb_attributes,smooth,wcs_rand_homogeneous,3,0.10432622267222871,0.501010101010101,114.0,1246.5333333333333,1282.8,121.0,0.9861706398896481,0.08953488372093024
weibo_gadbench,hgb_attributes,smooth,wcs_rand_homogeneous,4,0.09226674399988838,0.585982905982906,127.6,1205.8,1250.0,125.53333333333333,0.9858690130624093,0.08968799576943418
weibo_gadbench,hgb_attributes,smooth,wcs_rand_homogeneous,5,0.0994002497356973,0.6206666666666667,140.2,1209.6,1227.2,112.26666666666667,0.9854752611866746,0.08942358540454785
weibo_gadbench,hgb_attributes,smooth,wcs_rand_homogeneous,6,0.10731600249571507,0.5105354058721934,113.2,1228.7333333333333,1252.3333333333333,129.13333333333333,0.9879126311356854,0.0897937599153887
weibo_gadbench,hgb_attributes,smooth,wcs_rand_homogeneous,7,0.06752488691450924,0.4085034013605442,88.53333333333333,1245.3333333333333,1275.4666666666667,124.66666666666667,0.9831390845423715,0.0896351136964569
weibo_gadbench,hgb_attributes,smooth,wcs_rand_homogeneous,8,0.11466580653135074,0.5731958762886598,129.6,1177.2,1225.5333333333333,120.86666666666666,0.986907763245023,0.08974087784241143
weibo_gadbench,hgb_attributes,smooth,wcs_rand_homogeneous,9,0.10281146301314355,0.6064625850340135,134.4,1240.2666666666667,1285.2666666666667,124.26666666666667,0.9867573696145124,0.0896351136964569
weibo_gadbench,hgb_attributes,smooth,weighted_bh,0,0.058851947025329907,0.3565656565656566,78.13333333333334,1240.4666666666667,1300.8666666666666,125.2,0.9846703954141971,0.08953488372093024
weibo_gadbench,hgb_attributes,smooth,weighted_bh,1,0.043278130948227196,0.212991452991453,47.86666666666667,1261.0,1272.9333333333334,120.06666666666666,0.9873584905660377,0.08968799576943418
weibo_gadbench,hgb_attributes,smooth,weighted_bh,2,0.017814690712287966,0.1135042735042735,24.466666666666665,1207.2666666666667,1212.2,119.2,0.9890691017577811,0.08968799576943418
weibo_gadbench,hgb_attributes,smooth,weighted_bh,3,0.04558443047129094,0.22188552188552188,49.733333333333334,1246.5333333333333,1282.8,121.0,0.9861706398896481,0.08953488372093024
weibo_gadbench,hgb_attributes,smooth,weighted_bh,4,0.06473087372225471,0.40649572649572646,87.86666666666666,1205.8,1250.0,125.53333333333333,0.9858690130624093,0.08968799576943418
weibo_gadbench,hgb_attributes,smooth,weighted_bh,5,0.08530517071814753,0.5576666666666666,125.0,1209.6,1227.2,112.26666666666667,0.9854752611866746,0.08942358540454785
weibo_gadbench,hgb_attributes,smooth,weighted_bh,6,0.019226579520697167,0.0766839378238342,16.4,1228.7333333333333,1252.3333333333333,129.13333333333333,0.9879126311356854,0.0897937599153887
weibo_gadbench,hgb_attributes,smooth,weighted_bh,7,0.04003746449558233,0.14251700680272109,30.4,1245.3333333333333,1275.4666666666667,124.66666666666667,0.9831390845423715,0.0896351136964569
weibo_gadbench,hgb_attributes,smooth,weighted_bh,8,0.061942388461504266,0.3096219931271477,69.86666666666666,1177.2,1225.5333333333333,120.86666666666666,0.986907763245023,0.08974087784241143
weibo_gadbench,hgb_attributes,smooth,weighted_bh,9,0.08429546191023173,0.5465986394557822,118.0,1240.2666666666667,1285.2666666666667,124.26666666666667,0.9867573696145124,0.0896351136964569
weibo_gadbench,hgb_graph_features,moderate,pooled_reference,0,0.1053639457489642,0.9043771043771044,200.6,1146.4666666666667,1189.9333333333334,121.6,0.9945505825671115,0.08953488372093024
weibo_gadbench,hgb_graph_features,moderate,pooled_reference,1,0.1919800965449961,0.9494017094017093,229.8,1163.2666666666667,1188.7333333333333,124.4,0.99373447830995,0.08968799576943418
weibo_gadbench,hgb_graph_features,moderate,pooled_reference,2,0.17347265608174806,0.9582905982905984,226.66666666666666,1158.0,1195.4,124.93333333333334,0.9947804789550073,0.08968799576943418
weibo_gadbench,hgb_graph_features,moderate,pooled_reference,3,0.14368125188854855,0.9265993265993266,215.53333333333333,1147.8666666666666,1180.4666666666667,116.66666666666667,0.9938765856121228,0.08953488372093024
weibo_gadbench,hgb_graph_features,moderate,pooled_reference,4,0.12658215634857536,0.9473504273504273,212.0,1160.8,1194.0,121.8,0.9943114013868731,0.08968799576943418
weibo_gadbench,hgb_graph_features,moderate,pooled_reference,5,0.1650257298327035,0.9393333333333334,225.73333333333332,1140.4666666666667,1194.3333333333333,113.06666666666666,0.9944523950325251,0.08942358540454785
weibo_gadbench,hgb_graph_features,moderate,pooled_reference,6,0.1969300178720233,0.9582037996545768,230.86666666666667,1138.0666666666666,1190.7333333333333,130.2,0.9941229242571266,0.0897937599153887
weibo_gadbench,hgb_graph_features,moderate,pooled_reference,7,0.12081561603824517,0.9357142857142856,208.93333333333334,1147.1333333333334,1204.6,123.93333333333334,0.9941328035639034,0.0896351136964569
weibo_gadbench,hgb_graph_features,moderate,pooled_reference,8,0.20588530697736546,0.9646048109965636,236.0,1157.6,1190.4,123.6,0.9930848252525682,0.08974087784241143
weibo_gadbench,hgb_graph_features,moderate,pooled_reference,9,0.1509963963417891,0.9448979591836735,218.86666666666667,1151.1333333333334,1195.0666666666666,122.53333333333333,0.9941243754138824,0.0896351136964569
weibo_gadbench,hgb_graph_features,moderate,wcs_homogeneous,0,0.06165297301545891,0.6727272727272727,144.06666666666666,1146.4666666666667,1189.9333333333334,121.6,0.9945505825671115,0.08953488372093024
weibo_gadbench,hgb_graph_features,moderate,wcs_homogeneous,1,0.0865299348693616,0.6694017094017094,148.2,1163.2666666666667,1188.7333333333333,124.4,0.99373447830995,0.08968799576943418
weibo_gadbench,hgb_graph_features,moderate,wcs_homogeneous,2,0.07376428630117475,0.8095726495726495,171.13333333333333,1158.0,1195.4,124.93333333333334,0.9947804789550073,0.08968799576943418
weibo_gadbench,hgb_graph_features,moderate,wcs_homogeneous,3,0.07215852113635364,0.6696969696969697,146.66666666666666,1147.8666666666666,1180.4666666666667,116.66666666666667,0.9938765856121228,0.08953488372093024
weibo_gadbench,hgb_graph_features,moderate,wcs_homogeneous,4,0.05863386669152833,0.7258119658119658,152.8,1160.8,1194.0,121.8,0.9943114013868731,0.08968799576943418
weibo_gadbench,hgb_graph_features,moderate,wcs_homogeneous,5,0.10350570435726732,0.7943333333333334,180.53333333333333,1140.4666666666667,1194.3333333333333,113.06666666666666,0.9944523950325251,0.08942358540454785
weibo_gadbench,hgb_graph_features,moderate,wcs_homogeneous,6,0.10019957126282808,0.8607944732297064,186.2,1138.0666666666666,1190.7333333333333,130.2,0.9941229242571266,0.0897937599153887
weibo_gadbench,hgb_graph_features,moderate,wcs_homogeneous,7,0.06405381824749305,0.7673469387755102,162.2,1147.1333333333334,1204.6,123.93333333333334,0.9941328035639034,0.0896351136964569
weibo_gadbench,hgb_graph_features,moderate,wcs_homogeneous,8,0.08712197455133365,0.7567010309278351,163.86666666666667,1157.6,1190.4,123.6,0.9930848252525682,0.08974087784241143
weibo_gadbench,hgb_graph_features,moderate,wcs_homogeneous,9,0.09729416327238237,0.8139455782312925,179.0,1151.1333333333334,1195.0666666666666,122.53333333333333,0.9941243754138824,0.0896351136964569
weibo_gadbench,hgb_graph_features,moderate,wcs_rand_homogeneous,0,0.0743976755369499,0.7461279461279461,161.0,1146.4666666666667,1189.9333333333334,121.6,0.9945505825671115,0.08953488372093024
weibo_gadbench,hgb_graph_features,moderate,wcs_rand_homogeneous,1,0.09678605830415493,0.716923076923077,160.0,1163.2666666666667,1188.7333333333333,124.4,0.99373447830995,0.08968799576943418
weibo_gadbench,hgb_graph_features,moderate,wcs_rand_homogeneous,2,0.08451590051140638,0.8355555555555555,178.6,1158.0,1195.4,124.93333333333334,0.9947804789550073,0.08968799576943418
weibo_gadbench,hgb_graph_features,moderate,wcs_rand_homogeneous,3,0.08885536015609395,0.7387205387205388,162.6,1147.8666666666666,1180.4666666666667,116.66666666666667,0.9938765856121228,0.08953488372093024
weibo_gadbench,hgb_graph_features,moderate,wcs_rand_homogeneous,4,0.07621676112887725,0.7788034188034187,165.46666666666667,1160.8,1194.0,121.8,0.9943114013868731,0.08968799576943418
weibo_gadbench,hgb_graph_features,moderate,wcs_rand_homogeneous,5,0.1144027056037243,0.8263333333333333,189.93333333333334,1140.4666666666667,1194.3333333333333,113.06666666666666,0.9944523950325251,0.08942358540454785
weibo_gadbench,hgb_graph_features,moderate,wcs_rand_homogeneous,6,0.11005484451387532,0.8735751295336788,191.13333333333333,1138.0666666666666,1190.7333333333333,130.2,0.9941229242571266,0.0897937599153887
weibo_gadbench,hgb_graph_features,moderate,wcs_rand_homogeneous,7,0.07170503252546566,0.8013605442176871,170.86666666666667,1147.1333333333334,1204.6,123.93333333333334,0.9941328035639034,0.0896351136964569
weibo_gadbench,hgb_graph_features,moderate,wcs_rand_homogeneous,8,0.09493146237047088,0.7666666666666667,167.73333333333332,1157.6,1190.4,123.6,0.9930848252525682,0.08974087784241143
weibo_gadbench,hgb_graph_features,moderate,wcs_rand_homogeneous,9,0.1030274556815288,0.8316326530612245,184.13333333333333,1151.1333333333334,1195.0666666666666,122.53333333333333,0.9941243754138824,0.0896351136964569
weibo_gadbench,hgb_graph_features,moderate,weighted_bh,0,0.061160852184201864,0.7437710437710439,158.26666666666668,1146.4666666666667,1189.9333333333334,121.6,0.9945505825671115,0.08953488372093024
weibo_gadbench,hgb_graph_features,moderate,weighted_bh,1,0.09130765360254209,0.7596581196581197,166.6,1163.2666666666667,1188.7333333333333,124.4,0.99373447830995,0.08968799576943418
weibo_gadbench,hgb_graph_features,moderate,weighted_bh,2,0.07321148719304782,0.8143589743589743,172.0,1158.0,1195.4,124.93333333333334,0.9947804789550073,0.08968799576943418
weibo_gadbench,hgb_graph_features,moderate,weighted_bh,3,0.07638720598094281,0.7175084175084175,156.8,1147.8666666666666,1180.4666666666667,116.66666666666667,0.9938765856121228,0.08953488372093024
weibo_gadbench,hgb_graph_features,moderate,weighted_bh,4,0.06036195548869724,0.7388034188034188,155.8,1160.8,1194.0,121.8,0.9943114013868731,0.08968799576943418
weibo_gadbench,hgb_graph_features,moderate,weighted_bh,5,0.10726869843564435,0.8086666666666668,184.46666666666667,1140.4666666666667,1194.3333333333333,113.06666666666666,0.9944523950325251,0.08942358540454785
weibo_gadbench,hgb_graph_features,moderate,weighted_bh,6,0.09738474657921019,0.8621761658031087,185.8,1138.0666666666666,1190.7333333333333,130.2,0.9941229242571266,0.0897937599153887
weibo_gadbench,hgb_graph_features,moderate,weighted_bh,7,0.061339151780742014,0.7653061224489796,161.26666666666668,1147.1333333333334,1204.6,123.93333333333334,0.9941328035639034,0.0896351136964569
weibo_gadbench,hgb_graph_features,moderate,weighted_bh,8,0.08676611073157754,0.7567010309278351,163.8,1157.6,1190.4,123.6,0.9930848252525682,0.08974087784241143
weibo_gadbench,hgb_graph_features,moderate,weighted_bh,9,0.0963809805841833,0.8666666666666667,189.0,1151.1333333333334,1195.0666666666666,122.53333333333333,0.9941243754138824,0.0896351136964569
weibo_gadbench,hgb_graph_features,severe,pooled_reference,0,0.09549785238024483,0.8905723905723906,195.46666666666667,1131.0,1140.0,102.93333333333334,0.9941520677057867,0.08953488372093024
weibo_gadbench,hgb_graph_features,severe,pooled_reference,1,0.2194648384075223,0.9593162393162393,240.26666666666668,1131.2,1154.4666666666667,101.93333333333334,0.9937451620706338,0.08968799576943418
weibo_gadbench,hgb_graph_features,severe,pooled_reference,2,0.2138643403184263,0.9685470085470086,240.73333333333332,1143.0,1144.9333333333334,103.2,0.9947472181906144,0.08968799576943418
weibo_gadbench,hgb_graph_features,severe,pooled_reference,3,0.16853906338836774,0.9333333333333333,223.0,1122.8,1140.6,96.53333333333333,0.99312864974022,0.08953488372093024
weibo_gadbench,hgb_graph_features,severe,pooled_reference,4,0.14654756675841968,0.9552136752136753,218.73333333333332,1134.6,1158.0666666666666,102.66666666666667,0.9938322447992259,0.08968799576943418
weibo_gadbench,hgb_graph_features,severe,pooled_reference,5,0.15514790583755925,0.9293333333333333,220.66666666666666,1125.8,1141.5333333333333,88.2,0.9938359944805835,0.08942358540454785
weibo_gadbench,hgb_graph_features,severe,pooled_reference,6,0.22632697910912514,0.968566493955095,242.13333333333333,1127.7333333333333,1139.4666666666667,111.4,0.9939365829147774,0.0897937599153887
weibo_gadbench,hgb_graph_features,severe,pooled_reference,7,0.14126995123480687,0.9421768707482994,215.86666666666667,1122.4666666666667,1167.7333333333333,108.46666666666667,0.9941897939116651,0.0896351136964569
weibo_gadbench,hgb_graph_features,severe,pooled_reference,8,0.23874370288091543,0.9738831615120275,248.73333333333332,1141.6,1139.8666666666666,102.2,0.9929578577113037,0.08974087784241143
weibo_gadbench,hgb_graph_features,severe,pooled_reference,9,0.16038691118981346,0.9465986394557823,221.66666666666666,1148.3333333333333,1131.6,100.6,0.9941275861376998,0.0896351136964569
weibo_gadbench,hgb_graph_features,severe,wcs_homogeneous,0,0.05090377458798511,0.03535353535353535,8.866666666666667,1131.0,1140.0,102.93333333333334,0.9941520677057867,0.08953488372093024
weibo_gadbench,hgb_graph_features,severe,wcs_homogeneous,1,0.045714285714285714,0.0037606837606837607,2.3333333333333335,1131.2,1154.4666666666667,101.93333333333334,0.9937451620706338,0.08968799576943418
weibo_gadbench,hgb_graph_features,severe,wcs_homogeneous,2,0.0,0.0,0.0,1143.0,1144.9333333333334,103.2,0.9947472181906144,0.08968799576943418
weibo_gadbench,hgb_graph_features,severe,wcs_homogeneous,3,0.07846390168970814,0.00909090909090909,4.4,1122.8,1140.6,96.53333333333333,0.99312864974022,0.08953488372093024
weibo_gadbench,hgb_graph_features,severe,wcs_homogeneous,4,0.04285714285714286,0.006837606837606838,2.533333333333333,1134.6,1158.0666666666666,102.66666666666667,0.9938322447992259,0.08968799576943418
weibo_gadbench,hgb_graph_features,severe,wcs_homogeneous,5,0.07377622377622378,0.012333333333333333,5.533333333333333,1125.8,1141.5333333333333,88.2,0.9938359944805835,0.08942358540454785
weibo_gadbench,hgb_graph_features,severe,wcs_homogeneous,6,0.04736842105263158,0.0037996545768566497,2.533333333333333,1127.7333333333333,1139.4666666666667,111.4,0.9939365829147774,0.0897937599153887
weibo_gadbench,hgb_graph_features,severe,wcs_homogeneous,7,0.0,0.0,0.0,1122.4666666666667,1167.7333333333333,108.46666666666667,0.9941897939116651,0.0896351136964569
weibo_gadbench,hgb_graph_features,severe,wcs_homogeneous,8,0.09509981851179675,0.006529209621993127,4.466666666666667,1141.6,1139.8666666666666,102.2,0.9929578577113037,0.08974087784241143
weibo_gadbench,hgb_graph_features,severe,wcs_homogeneous,9,0.034408602150537634,0.005102040816326531,2.066666666666667,1148.3333333333333,1131.6,100.6,0.9941275861376998,0.0896351136964569
weibo_gadbench,hgb_graph_features,severe,wcs_rand_homogeneous,0,0.03865308888326791,0.08215488215488215,19.333333333333332,1131.0,1140.0,102.93333333333334,0.9941520677057867,0.08953488372093024
weibo_gadbench,hgb_graph_features,severe,wcs_rand_homogeneous,1,0.09512703975496137,0.12547008547008548,32.266666666666666,1131.2,1154.4666666666667,101.93333333333334,0.9937451620706338,0.08968799576943418
weibo_gadbench,hgb_graph_features,severe,wcs_rand_homogeneous,2,0.05126021942644131,0.06803418803418802,17.733333333333334,1143.0,1144.9333333333334,103.2,0.9947472181906144,0.08968799576943418
weibo_gadbench,hgb_graph_features,severe,wcs_rand_homogeneous,3,0.040807560137457045,0.04343434343434344,12.333333333333334,1122.8,1140.6,96.53333333333333,0.99312864974022,0.08953488372093024
weibo_gadbench,hgb_graph_features,severe,wcs_rand_homogeneous,4,0.09252751437596839,0.14017094017094017,34.46666666666667,1134.6,1158.0666666666666,102.66666666666667,0.9938322447992259,0.08968799576943418
weibo_gadbench,hgb_graph_features,severe,wcs_rand_homogeneous,5,0.13136683828719786,0.15166666666666667,42.8,1125.8,1141.5333333333333,88.2,0.9938359944805835,0.08942358540454785
weibo_gadbench,hgb_graph_features,severe,wcs_rand_homogeneous,6,0.07275762927859031,0.07875647668393783,21.933333333333334,1127.7333333333333,1139.4666666666667,111.4,0.9939365829147774,0.0897937599153887
weibo_gadbench,hgb_graph_features,severe,wcs_rand_homogeneous,7,0.04446647289343919,0.08401360544217687,19.933333333333334,1122.4666666666667,1167.7333333333333,108.46666666666667,0.9941897939116651,0.0896351136964569
weibo_gadbench,hgb_graph_features,severe,wcs_rand_homogeneous,8,0.095806923173559,0.10652920962199312,30.266666666666666,1141.6,1139.8666666666666,102.2,0.9929578577113037,0.08974087784241143
weibo_gadbench,hgb_graph_features,severe,wcs_rand_homogeneous,9,0.1429487785821161,0.17482993197278912,46.86666666666667,1148.3333333333333,1131.6,100.6,0.9941275861376998,0.0896351136964569
weibo_gadbench,hgb_graph_features,severe,weighted_bh,0,0.016406175996968836,0.022895622895622896,5.0,1131.0,1140.0,102.93333333333334,0.9941520677057867,0.08953488372093024
weibo_gadbench,hgb_graph_features,severe,weighted_bh,1,0.0,0.0,0.0,1131.2,1154.4666666666667,101.93333333333334,0.9937451620706338,0.08968799576943418
weibo_gadbench,hgb_graph_features,severe,weighted_bh,2,0.037815126050420166,0.007521367521367521,2.066666666666667,1143.0,1144.9333333333334,103.2,0.9947472181906144,0.08968799576943418
weibo_gadbench,hgb_graph_features,severe,weighted_bh,3,0.025396825396825397,0.004377104377104378,1.4,1122.8,1140.6,96.53333333333333,0.99312864974022,0.08953488372093024
weibo_gadbench,hgb_graph_features,severe,weighted_bh,4,0.0,0.0,0.0,1134.6,1158.0666666666666,102.66666666666667,0.9938322447992259,0.08968799576943418
weibo_gadbench,hgb_graph_features,severe,weighted_bh,5,0.06322751322751323,0.012333333333333333,3.6666666666666665,1125.8,1141.5333333333333,88.2,0.9938359944805835,0.08942358540454785
weibo_gadbench,hgb_graph_features,severe,weighted_bh,6,0.0,0.0,0.0,1127.7333333333333,1139.4666666666667,111.4,0.9939365829147774,0.0897937599153887
weibo_gadbench,hgb_graph_features,severe,weighted_bh,7,0.05388817845978971,0.0510204081632653,11.0,1122.4666666666667,1167.7333333333333,108.46666666666667,0.9941897939116651,0.0896351136964569
weibo_gadbench,hgb_graph_features,severe,weighted_bh,8,0.05583333333333333,0.006185567010309279,2.066666666666667,1141.6,1139.8666666666666,102.2,0.9929578577113037,0.08974087784241143
weibo_gadbench,hgb_graph_features,severe,weighted_bh,9,0.0,0.0,0.0,1148.3333333333333,1131.6,100.6,0.9941275861376998,0.0896351136964569
weibo_gadbench,hgb_graph_features,smooth,pooled_reference,0,0.09801368605584514,0.9057239057239058,199.13333333333333,1240.4666666666667,1300.8666666666666,125.2,0.9944484196550312,0.08953488372093024
weibo_gadbench,hgb_graph_features,smooth,pooled_reference,1,0.2195785529784597,0.958974358974359,240.2,1261.0,1272.9333333333334,120.06666666666666,0.9937395178197065,0.08968799576943418
weibo_gadbench,hgb_graph_features,smooth,pooled_reference,2,0.19164576817965304,0.9658119658119658,233.13333333333333,1207.2666666666667,1212.2,119.2,0.9952017819706499,0.08968799576943418
weibo_gadbench,hgb_graph_features,smooth,pooled_reference,3,0.16276279740284788,0.9383838383838384,222.6,1246.5333333333333,1282.8,121.0,0.9935893766472279,0.08953488372093024
weibo_gadbench,hgb_graph_features,smooth,pooled_reference,4,0.15452914242839502,0.9613675213675213,222.6,1205.8,1250.0,125.53333333333333,0.9946577164973393,0.08968799576943418
weibo_gadbench,hgb_graph_features,smooth,pooled_reference,5,0.18282442300262902,0.942,231.26666666666668,1209.6,1227.2,112.26666666666667,0.9932558643800513,0.08942358540454785
weibo_gadbench,hgb_graph_features,smooth,pooled_reference,6,0.22660883197545076,0.9678756476683937,242.13333333333333,1228.7333333333333,1252.3333333333333,129.13333333333333,0.9939821511032993,0.0897937599153887
weibo_gadbench,hgb_graph_features,smooth,pooled_reference,7,0.15063951944632167,0.9479591836734694,219.4,1245.3333333333333,1275.4666666666667,124.66666666666667,0.9941582886842053,0.0896351136964569
weibo_gadbench,hgb_graph_features,smooth,pooled_reference,8,0.21211146110564733,0.9670103092783505,239.33333333333334,1177.2,1225.5333333333333,120.86666666666666,0.9930856352528316,0.08974087784241143
weibo_gadbench,hgb_graph_features,smooth,pooled_reference,9,0.16068262251338325,0.9459183673469388,221.73333333333332,1240.2666666666667,1285.2666666666667,124.26666666666667,0.993974675415889,0.0896351136964569
weibo_gadbench,hgb_graph_features,smooth,wcs_homogeneous,0,0.05315984783329676,0.502020202020202,108.06666666666666,1240.4666666666667,1300.8666666666666,125.2,0.9944484196550312,0.08953488372093024
weibo_gadbench,hgb_graph_features,smooth,wcs_homogeneous,1,0.10666819710417767,0.5531623931623932,125.66666666666667,1261.0,1272.9333333333334,120.06666666666666,0.9937395178197065,0.08968799576943418
weibo_gadbench,hgb_graph_features,smooth,wcs_homogeneous,2,0.10017565750501815,0.4663247863247863,105.4,1207.2666666666667,1212.2,119.2,0.9952017819706499,0.08968799576943418
weibo_gadbench,hgb_graph_features,smooth,wcs_homogeneous,3,0.08163148849334671,0.5895622895622896,130.53333333333333,1246.5333333333333,1282.8,121.0,0.9935893766472279,0.08953488372093024
weibo_gadbench,hgb_graph_features,smooth,wcs_homogeneous,4,0.06313454302360848,0.5921367521367522,124.93333333333334,1205.8,1250.0,125.53333333333333,0.9946577164973393,0.08968799576943418
weibo_gadbench,hgb_graph_features,smooth,wcs_homogeneous,5,0.09877568006583318,0.7276666666666666,163.8,1209.6,1227.2,112.26666666666667,0.9932558643800513,0.08942358540454785
weibo_gadbench,hgb_graph_features,smooth,wcs_homogeneous,6,0.10591509408257617,0.5848013816925733,129.46666666666667,1228.7333333333333,1252.3333333333333,129.13333333333333,0.9939821511032993,0.0897937599153887
weibo_gadbench,hgb_graph_features,smooth,wcs_homogeneous,7,0.07802474451311348,0.6452380952380953,139.46666666666667,1245.3333333333333,1275.4666666666667,124.66666666666667,0.9941582886842053,0.0896351136964569
weibo_gadbench,hgb_graph_features,smooth,wcs_homogeneous,8,0.0894281855383978,0.5230240549828179,117.53333333333333,1177.2,1225.5333333333333,120.86666666666666,0.9930856352528316,0.08974087784241143
weibo_gadbench,hgb_graph_features,smooth,wcs_homogeneous,9,0.062100491052147634,0.4928571428571428,107.06666666666666,1240.2666666666667,1285.2666666666667,124.26666666666667,0.993974675415889,0.0896351136964569
weibo_gadbench,hgb_graph_features,smooth,wcs_rand_homogeneous,0,0.0641837201549586,0.6461279461279461,138.86666666666667,1240.4666666666667,1300.8666666666666,125.2,0.9944484196550312,0.08953488372093024
weibo_gadbench,hgb_graph_features,smooth,wcs_rand_homogeneous,1,0.10676228372150973,0.629059829059829,142.4,1261.0,1272.9333333333334,120.06666666666666,0.9937395178197065,0.08968799576943418
weibo_gadbench,hgb_graph_features,smooth,wcs_rand_homogeneous,2,0.1031848796887862,0.5757264957264957,129.4,1207.2666666666667,1212.2,119.2,0.9952017819706499,0.08968799576943418
weibo_gadbench,hgb_graph_features,smooth,wcs_rand_homogeneous,3,0.09029760961930286,0.6750841750841751,149.66666666666666,1246.5333333333333,1282.8,121.0,0.9935893766472279,0.08953488372093024
weibo_gadbench,hgb_graph_features,smooth,wcs_rand_homogeneous,4,0.06682188386680049,0.6505982905982907,137.93333333333334,1205.8,1250.0,125.53333333333333,0.9946577164973393,0.08968799576943418
weibo_gadbench,hgb_graph_features,smooth,wcs_rand_homogeneous,5,0.10642116055620059,0.8306666666666666,186.86666666666667,1209.6,1227.2,112.26666666666667,0.9932558643800513,0.08942358540454785
weibo_gadbench,hgb_graph_features,smooth,wcs_rand_homogeneous,6,0.10796034545284766,0.6770293609671848,149.8,1228.7333333333333,1252.3333333333333,129.13333333333333,0.9939821511032993,0.0897937599153887
weibo_gadbench,hgb_graph_features,smooth,wcs_rand_homogeneous,7,0.0846551997398893,0.7642857142857142,165.0,1245.3333333333333,1275.4666666666667,124.66666666666667,0.9941582886842053,0.0896351136964569
weibo_gadbench,hgb_graph_features,smooth,wcs_rand_homogeneous,8,0.09800470699478164,0.6178694158075602,138.6,1177.2,1225.5333333333333,120.86666666666666,0.9930856352528316,0.08974087784241143
weibo_gadbench,hgb_graph_features,smooth,wcs_rand_homogeneous,9,0.06168619906061,0.530952380952381,115.2,1240.2666666666667,1285.2666666666667,124.26666666666667,0.993974675415889,0.0896351136964569
weibo_gadbench,hgb_graph_features,smooth,weighted_bh,0,0.06218672449527976,0.5959595959595959,128.6,1240.4666666666667,1300.8666666666666,125.2,0.9944484196550312,0.08953488372093024
weibo_gadbench,hgb_graph_features,smooth,weighted_bh,1,0.06268364726575269,0.3647863247863248,82.73333333333333,1261.0,1272.9333333333334,120.06666666666666,0.9937395178197065,0.08968799576943418
weibo_gadbench,hgb_graph_features,smooth,weighted_bh,2,0.03853268927193702,0.26803418803418805,58.46666666666667,1207.2666666666667,1212.2,119.2,0.9952017819706499,0.08968799576943418
weibo_gadbench,hgb_graph_features,smooth,weighted_bh,3,0.06515924157562145,0.4983164983164983,110.06666666666666,1246.5333333333333,1282.8,121.0,0.9935893766472279,0.08953488372093024
weibo_gadbench,hgb_graph_features,smooth,weighted_bh,4,0.03922157139980529,0.4317948717948718,90.26666666666667,1205.8,1250.0,125.53333333333333,0.9946577164973393,0.08968799576943418
weibo_gadbench,hgb_graph_features,smooth,weighted_bh,5,0.08806933265882082,0.7763333333333333,171.8,1209.6,1227.2,112.26666666666667,0.9932558643800513,0.08942358540454785
weibo_gadbench,hgb_graph_features,smooth,weighted_bh,6,0.06064810765948518,0.2746113989637306,63.2,1228.7333333333333,1252.3333333333333,129.13333333333333,0.9939821511032993,0.0897937599153887
weibo_gadbench,hgb_graph_features,smooth,weighted_bh,7,0.06322761740906328,0.567687074829932,123.0,1245.3333333333333,1275.4666666666667,124.66666666666667,0.9941582886842053,0.0896351136964569
weibo_gadbench,hgb_graph_features,smooth,weighted_bh,8,0.07367736980301484,0.4604810996563574,103.0,1177.2,1225.5333333333333,120.86666666666666,0.9930856352528316,0.08974087784241143
weibo_gadbench,hgb_graph_features,smooth,weighted_bh,9,0.08118238972133006,0.6942176870748299,149.66666666666666,1240.2666666666667,1285.2666666666667,124.26666666666667,0.993974675415889,0.0896351136964569
