dataset,model,design,scenario,method,fdp_mean,fdp_std,power_mean,power_std,discoveries_mean,discoveries_std,nonempty_mean,nonempty_std,n_reference_mean,n_reference_std,kish_ess_mean,kish_ess_std,need_anom_low_mean,need_anom_low_std,need_anom_high_mean,need_anom_high_std,frac_anom_floor_ok_mean,frac_anom_floor_ok_std,frac_anom_high_mean,frac_anom_high_std
amazon,hgb_attributes,exposure_80,moderate,equal_alpha,0.048486013322864355,0.010015769886199564,0.3740758816030296,0.07325818780081625,73.65599999999999,14.237071484137617,0.958,0.0649444206824403,2283.868,7.533080821726753,1580.282066928127,11.347017683398334,7.367909612222272,0.02437496589164948,36.783749427403066,0.12150163289400896,1.0,0.0,0.5057228883395608,0.029934511628034056
amazon,hgb_attributes,exposure_80,moderate,pooled_reference,0.10159728044172481,0.011064652449382793,0.7890802133997317,0.02235052113062895,163.01,5.562223775913135,1.0,0.0,2283.868,7.533080821726753,1580.282066928127,11.347017683398334,7.367909612222272,0.02437496589164948,36.783749427403066,0.12150163289400896,1.0,0.0,0.5057228883395608,0.029934511628034056
amazon,hgb_attributes,exposure_80,moderate,pooled_stratum,0.07121594291557116,0.012559577373151457,0.31334221835594145,0.035527328690775205,62.90599999999999,7.4826439177606225,1.0,0.0,2283.868,7.533080821726753,1580.282066928127,11.347017683398334,7.367909612222272,0.02437496589164948,36.783749427403066,0.12150163289400896,1.0,0.0,0.5057228883395608,0.029934511628034056
amazon,hgb_attributes,exposure_80,moderate,size_alpha,0.07125249603039571,0.012502128121479961,0.3114913665398052,0.035846930269478154,62.513999999999996,7.555383952299626,1.0,0.0,2283.868,7.533080821726753,1580.282066928127,11.347017683398334,7.367909612222272,0.02437496589164948,36.783749427403066,0.12150163289400896,1.0,0.0,0.5057228883395608,0.029934511628034056
amazon,hgb_attributes,exposure_80,moderate,wcs_deterministic,0.02674582081864202,0.014035088274135356,0.226045916475521,0.11172559092069495,46.286,22.9604956392496,0.29000000000000004,0.14181364924121767,2283.868,7.533080821726753,1580.282066928127,11.347017683398334,7.367909612222272,0.02437496589164948,36.783749427403066,0.12150163289400896,1.0,0.0,0.5057228883395608,0.029934511628034056
amazon,hgb_attributes,exposure_80,moderate,wcs_homogeneous,0.08586140900453995,0.01200188859828055,0.7458412072400677,0.019825235672319464,152.03199999999998,4.82408033837654,0.978,0.017511900715418277,2283.868,7.533080821726753,1580.282066928127,11.347017683398334,7.367909612222272,0.02437496589164948,36.783749427403066,0.12150163289400896,1.0,0.0,0.5057228883395608,0.029934511628034056
amazon,hgb_attributes,exposure_80,moderate,wcs_rand_deterministic,0.049654337761559406,0.013783902252541908,0.4164563599962854,0.1027540957727524,85.28200000000001,21.120287140303958,0.534,0.12755826555386798,2283.868,7.533080821726753,1580.282066928127,11.347017683398334,7.367909612222272,0.02437496589164948,36.783749427403066,0.12150163289400896,1.0,0.0,0.5057228883395608,0.029934511628034056
amazon,hgb_attributes,exposure_80,moderate,wcs_rand_homogeneous,0.08950701708920061,0.013634591636252264,0.757306039541293,0.020467366630731745,154.88,5.096691737457433,0.984,0.015776212754932323,2283.868,7.533080821726753,1580.282066928127,11.347017683398334,7.367909612222272,0.02437496589164948,36.783749427403066,0.12150163289400896,1.0,0.0,0.5057228883395608,0.029934511628034056
amazon,hgb_attributes,exposure_80,moderate,weighted_bh,0.08584212798613737,0.01299787234119742,0.7573800510757859,0.02141656780068752,154.212,5.5805073445182725,0.994,0.013498971154211068,2283.868,7.533080821726753,1580.282066928127,11.347017683398334,7.367909612222272,0.02437496589164948,36.783749427403066,0.12150163289400896,1.0,0.0,0.5057228883395608,0.029934511628034056
amazon,hgb_attributes,exposure_80,moderate,weighted_bh_rand,0.08985348518987031,0.014141789127301999,0.7663127059965656,0.020473991567331724,156.636,5.536920925327839,1.0,0.0,2283.868,7.533080821726753,1580.282066928127,11.347017683398334,7.367909612222272,0.02437496589164948,36.783749427403066,0.12150163289400896,1.0,0.0,0.5057228883395608,0.029934511628034056
amazon,hgb_attributes,exposure_80,moderate,weighted_by,0.0005052664531963777,0.0011221223037506556,0.0038955433049865608,0.006909603612024267,0.76,1.3534482709812823,0.012,0.021499353995462798,2283.868,7.533080821726753,1580.282066928127,11.347017683398334,7.367909612222272,0.02437496589164948,36.783749427403066,0.12150163289400896,1.0,0.0,0.5057228883395608,0.029934511628034056
amazon,hgb_attributes,exposure_80,neutral,equal_alpha,0.04303233544897792,0.009579663191301052,0.6147615126235644,0.06294998739346984,119.244,11.889352098972141,1.0,0.0,2637.546,5.571882187475945,2637.546,5.571882187475945,7.368057673029282,0.01441504179395445,7.368057673029282,0.01441504179395445,1.0,0.0,0.5057228883395608,0.029934511628034056
amazon,hgb_attributes,exposure_80,neutral,pooled_reference,0.08834568622555392,0.013274089236800225,0.7794120518821412,0.020368047684904304,158.68800000000002,5.131230738223418,1.0,0.0,2637.546,5.571882187475945,2637.546,5.571882187475945,7.368057673029282,0.01441504179395445,7.368057673029282,0.01441504179395445,1.0,0.0,0.5057228883395608,0.029934511628034056
amazon,hgb_attributes,exposure_80,neutral,pooled_stratum,0.08609788130128208,0.010342746081899008,0.6663295645948757,0.05714404006195862,135.534,12.47410134817112,1.0,0.0,2637.546,5.571882187475945,2637.546,5.571882187475945,7.368057673029282,0.01441504179395445,7.368057673029282,0.01441504179395445,1.0,0.0,0.5057228883395608,0.029934511628034056
amazon,hgb_attributes,exposure_80,neutral,size_alpha,0.06544499787726207,0.008523053843395384,0.4057605597540495,0.04720842762182201,80.45,9.59264185601536,1.0,0.0,2637.546,5.571882187475945,2637.546,5.571882187475945,7.368057673029282,0.01441504179395445,7.368057673029282,0.01441504179395445,1.0,0.0,0.5057228883395608,0.029934511628034056
amazon,hgb_attributes,exposure_80,neutral,wcs_deterministic,0.08834568622555392,0.013274089236800225,0.7794120518821412,0.020368047684904304,158.68800000000002,5.131230738223418,1.0,0.0,2637.546,5.571882187475945,2637.546,5.571882187475945,7.368057673029282,0.01441504179395445,7.368057673029282,0.01441504179395445,1.0,0.0,0.5057228883395608,0.029934511628034056
amazon,hgb_attributes,exposure_80,neutral,wcs_homogeneous,0.08834568622555392,0.013274089236800225,0.7794120518821412,0.020368047684904304,158.68800000000002,5.131230738223418,1.0,0.0,2637.546,5.571882187475945,2637.546,5.571882187475945,7.368057673029282,0.01441504179395445,7.368057673029282,0.01441504179395445,1.0,0.0,0.5057228883395608,0.029934511628034056
amazon,hgb_attributes,exposure_80,neutral,wcs_rand_deterministic,0.08943539260402125,0.013319401584845998,0.7802119236167588,0.02034351901845343,159.04000000000002,5.107641334314699,1.0,0.0,2637.546,5.571882187475945,2637.546,5.571882187475945,7.368057673029282,0.01441504179395445,7.368057673029282,0.01441504179395445,1.0,0.0,0.5057228883395608,0.029934511628034056
amazon,hgb_attributes,exposure_80,neutral,wcs_rand_homogeneous,0.08989116220608238,0.01334503333084146,0.7806220533831969,0.02053356677151431,159.202,5.143050975183247,1.0,0.0,2637.546,5.571882187475945,2637.546,5.571882187475945,7.368057673029282,0.01441504179395445,7.368057673029282,0.01441504179395445,1.0,0.0,0.5057228883395608,0.029934511628034056
amazon,hgb_attributes,exposure_80,neutral,weighted_bh,0.08834568622555392,0.013274089236800225,0.7794120518821412,0.020368047684904304,158.68800000000002,5.131230738223418,1.0,0.0,2637.546,5.571882187475945,2637.546,5.571882187475945,7.368057673029282,0.01441504179395445,7.368057673029282,0.01441504179395445,1.0,0.0,0.5057228883395608,0.029934511628034056
amazon,hgb_attributes,exposure_80,neutral,weighted_bh_rand,0.08992729249932226,0.013451761043533062,0.7806007204997363,0.020515828265099966,159.204,5.1592316396059505,1.0,0.0,2637.546,5.571882187475945,2637.546,5.571882187475945,7.368057673029282,0.01441504179395445,7.368057673029282,0.01441504179395445,1.0,0.0,0.5057228883395608,0.029934511628034056
amazon,hgb_attributes,exposure_80,neutral,weighted_by,0.00458068362443653,0.0032011264366749418,0.10020556411041881,0.08290192691439385,18.958,15.543099790939744,0.21000000000000002,0.1592342788332825,2637.546,5.571882187475945,2637.546,5.571882187475945,7.368057673029282,0.01441504179395445,7.368057673029282,0.01441504179395445,1.0,0.0,0.5057228883395608,0.029934511628034056
amazon,hgb_attributes,exposure_80,severe,equal_alpha,0.042272231250233515,0.00889856649288911,0.2581646648305464,0.045310897127497654,50.374,8.691569606361224,0.946,0.08591985930052622,2217.6639999999998,8.207101531939072,639.7002478868321,11.686720937125552,7.363286736926037,0.04205946274163382,146.21164482947523,0.829293253046332,1.0,0.0,0.5057228883395608,0.029934511628034056
amazon,hgb_attributes,exposure_80,severe,pooled_reference,0.1052089132485166,0.01048517813210233,0.7912632632090879,0.02290580791627626,164.122,5.876722064401396,1.0,0.0,2217.6639999999998,8.207101531939072,639.7002478868321,11.686720937125552,7.363286736926037,0.04205946274163382,146.21164482947523,0.829293253046332,1.0,0.0,0.5057228883395608,0.029934511628034056
amazon,hgb_attributes,exposure_80,severe,pooled_stratum,0.07125249603039571,0.012502128121479961,0.3114913665398052,0.035846930269478154,62.513999999999996,7.555383952299626,1.0,0.0,2217.6639999999998,8.207101531939072,639.7002478868321,11.686720937125552,7.363286736926037,0.04205946274163382,146.21164482947523,0.829293253046332,1.0,0.0,0.5057228883395608,0.029934511628034056
amazon,hgb_attributes,exposure_80,severe,size_alpha,0.07125249603039571,0.012502128121479961,0.3114913665398052,0.035846930269478154,62.513999999999996,7.555383952299626,1.0,0.0,2217.6639999999998,8.207101531939072,639.7002478868321,11.686720937125552,7.363286736926037,0.04205946274163382,146.21164482947523,0.829293253046332,1.0,0.0,0.5057228883395608,0.029934511628034056
amazon,hgb_attributes,exposure_80,severe,wcs_deterministic,0.0,0.0,0.0,0.0,0.0,0.0,0.0,0.0,2217.6639999999998,8.207101531939072,639.7002478868321,11.686720937125552,7.363286736926037,0.04205946274163382,146.21164482947523,0.829293253046332,1.0,0.0,0.5057228883395608,0.029934511628034056
amazon,hgb_attributes,exposure_80,severe,wcs_homogeneous,0.06974876739937214,0.019248209730329358,0.1668754700673631,0.05830981470605354,36.842,13.072133040258663,0.484,0.11027239001672177,2217.6639999999998,8.207101531939072,639.7002478868321,11.686720937125552,7.363286736926037,0.04205946274163382,146.21164482947523,0.829293253046332,1.0,0.0,0.5057228883395608,0.029934511628034056
amazon,hgb_attributes,exposure_80,severe,wcs_rand_deterministic,0.00012244897959183673,0.00038721767267367916,0.0015081967213114752,0.004769336798942474,0.294,0.9297096320895035,0.002,0.00632455532033676,2217.6639999999998,8.207101531939072,639.7002478868321,11.686720937125552,7.363286736926037,0.04205946274163382,146.21164482947523,0.829293253046332,1.0,0.0,0.5057228883395608,0.029934511628034056
amazon,hgb_attributes,exposure_80,severe,wcs_rand_homogeneous,0.08722017403377072,0.015949756868258707,0.36288163810898655,0.05593443569947664,77.81800000000001,12.66993098288665,0.704,0.07042726744663605,2217.6639999999998,8.207101531939072,639.7002478868321,11.686720937125552,7.363286736926037,0.04205946274163382,146.21164482947523,0.829293253046332,1.0,0.0,0.5057228883395608,0.029934511628034056
amazon,hgb_attributes,exposure_80,severe,weighted_bh,0.07486803509379936,0.014721663160025603,0.3855546171998703,0.06972564923167093,78.932,15.258338922263677,0.9879999999999999,0.016865480854231365,2217.6639999999998,8.207101531939072,639.7002478868321,11.686720937125552,7.363286736926037,0.04205946274163382,146.21164482947523,0.829293253046332,1.0,0.0,0.5057228883395608,0.029934511628034056
amazon,hgb_attributes,exposure_80,severe,weighted_bh_rand,0.09159159265650992,0.009831333085515809,0.6878936767055229,0.028133012534124355,142.20999999999998,6.751284651415931,1.0,0.0,2217.6639999999998,8.207101531939072,639.7002478868321,11.686720937125552,7.363286736926037,0.04205946274163382,146.21164482947523,0.829293253046332,1.0,0.0,0.5057228883395608,0.029934511628034056
amazon,hgb_attributes,exposure_80,severe,weighted_by,0.0013663626525445781,0.0020384657746304186,0.007678162844262401,0.010895823589821316,1.514,2.149130056557769,0.024,0.033730961708462716,2217.6639999999998,8.207101531939072,639.7002478868321,11.686720937125552,7.363286736926037,0.04205946274163382,146.21164482947523,0.829293253046332,1.0,0.0,0.5057228883395608,0.029934511628034056
amazon,hgb_attributes,zero_exposure,moderate,equal_alpha,0.046693607324362243,0.00833936548136051,0.45470415050261526,0.06709601609726372,89.08,13.056730916359662,0.952,0.05432413009990229,1305.898,60.857829551979385,749.1074670439019,25.127383356143884,7.382737398192158,0.034616538082516524,36.85762406064008,0.17255590137182228,1.0,0.0,0.6358842888230192,0.043532592243798955
amazon,hgb_attributes,zero_exposure,moderate,pooled_reference,0.08488911620384296,0.007975531032572182,0.7741587970707029,0.022388409073373076,157.152,5.682207708667857,1.0,0.0,1305.898,60.857829551979385,749.1074670439019,25.127383356143884,7.382737398192158,0.034616538082516524,36.85762406064008,0.17255590137182228,1.0,0.0,0.6358842888230192,0.043532592243798955
amazon,hgb_attributes,zero_exposure,moderate,pooled_stratum,0.07891175563633593,0.00891908563071761,0.7275614441284308,0.030827407448940785,147.28,6.743925661907414,0.99,0.025385910352879678,1305.898,60.857829551979385,749.1074670439019,25.127383356143884,7.382737398192158,0.034616538082516524,36.85762406064008,0.17255590137182228,1.0,0.0,0.6358842888230192,0.043532592243798955
amazon,hgb_attributes,zero_exposure,moderate,size_alpha,0.04224196035920051,0.008993845915994274,0.46306783395918866,0.08690454391141791,90.482,16.9166596387506,0.9259999999999999,0.07777460310981267,1305.898,60.857829551979385,749.1074670439019,25.127383356143884,7.382737398192158,0.034616538082516524,36.85762406064008,0.17255590137182228,1.0,0.0,0.6358842888230192,0.043532592243798955
amazon,hgb_attributes,zero_exposure,moderate,wcs_deterministic,0.02448719708348239,0.011752090354214907,0.2089792409133341,0.08131737220032255,42.660000000000004,16.768475714201866,0.27,0.10424330514074591,1305.898,60.857829551979385,749.1074670439019,25.127383356143884,7.382737398192158,0.034616538082516524,36.85762406064008,0.17255590137182228,1.0,0.0,0.6358842888230192,0.043532592243798955
amazon,hgb_attributes,zero_exposure,moderate,wcs_homogeneous,0.08210249568860842,0.012820988418750187,0.7296498314084741,0.027626491017954925,148.538,6.6895570356588925,0.958,0.03190262963734773,1305.898,60.857829551979385,749.1074670439019,25.127383356143884,7.382737398192158,0.034616538082516524,36.85762406064008,0.17255590137182228,1.0,0.0,0.6358842888230192,0.043532592243798955
amazon,hgb_attributes,zero_exposure,moderate,wcs_rand_deterministic,0.04002219934516822,0.01090061975242247,0.3461035795958128,0.06694445223529932,70.604,13.586868824142098,0.44800000000000006,0.09003702941938203,1305.898,60.857829551979385,749.1074670439019,25.127383356143884,7.382737398192158,0.034616538082516524,36.85762406064008,0.17255590137182228,1.0,0.0,0.6358842888230192,0.043532592243798955
amazon,hgb_attributes,zero_exposure,moderate,wcs_rand_homogeneous,0.08812396571640384,0.014200968512456854,0.7457877589650469,0.027905216026277473,152.66199999999998,7.065505879505973,0.9720000000000001,0.025298221281347018,1305.898,60.857829551979385,749.1074670439019,25.127383356143884,7.382737398192158,0.034616538082516524,36.85762406064008,0.17255590137182228,1.0,0.0,0.6358842888230192,0.043532592243798955
amazon,hgb_attributes,zero_exposure,moderate,weighted_bh,0.08354628386537649,0.012818859451136913,0.7525365870309159,0.024510350010747056,152.996,6.142564068313282,0.99,0.016996731711975986,1305.898,60.857829551979385,749.1074670439019,25.127383356143884,7.382737398192158,0.034616538082516524,36.85762406064008,0.17255590137182228,1.0,0.0,0.6358842888230192,0.043532592243798955
amazon,hgb_attributes,zero_exposure,moderate,weighted_bh_rand,0.08942582962723547,0.013668152213019008,0.7635514705699226,0.022753093416118402,156.17199999999997,6.092722069996482,1.0,0.0,1305.898,60.857829551979385,749.1074670439019,25.127383356143884,7.382737398192158,0.034616538082516524,36.85762406064008,0.17255590137182228,1.0,0.0,0.6358842888230192,0.043532592243798955
amazon,hgb_attributes,zero_exposure,moderate,weighted_by,0.00016250000000000002,0.0005138701197773617,0.0012659574468085106,0.004003308952766353,0.248,0.7842448597217581,0.004,0.01264911064067352,1305.898,60.857829551979385,749.1074670439019,25.127383356143884,7.382737398192158,0.034616538082516524,36.85762406064008,0.17255590137182228,1.0,0.0,0.6358842888230192,0.043532592243798955
amazon,hgb_attributes,zero_exposure,neutral,equal_alpha,0.044131003838364186,0.008578812788116383,0.6346407019640237,0.05348234751843581,123.39200000000001,10.131426136312482,0.9960000000000001,0.012649110640673528,2637.546,5.571882187475945,2637.546,5.571882187475945,7.368057673029282,0.01441504179395445,7.368057673029282,0.01441504179395445,1.0,0.0,0.6358842888230192,0.043532592243798955
amazon,hgb_attributes,zero_exposure,neutral,pooled_reference,0.08834568622555392,0.013274089236800225,0.7794120518821412,0.020368047684904304,158.68800000000002,5.131230738223418,1.0,0.0,2637.546,5.571882187475945,2637.546,5.571882187475945,7.368057673029282,0.01441504179395445,7.368057673029282,0.01441504179395445,1.0,0.0,0.6358842888230192,0.043532592243798955
amazon,hgb_attributes,zero_exposure,neutral,pooled_stratum,0.08578429778857556,0.01153596927927023,0.7748089014937224,0.01906515622046621,157.318,4.941735637517557,1.0,0.0,2637.546,5.571882187475945,2637.546,5.571882187475945,7.368057673029282,0.01441504179395445,7.368057673029282,0.01441504179395445,1.0,0.0,0.6358842888230192,0.043532592243798955
amazon,hgb_attributes,zero_exposure,neutral,size_alpha,0.05000092291685656,0.009680388036040181,0.6205246965604998,0.06531994151784164,121.34400000000001,12.476173914929026,0.9960000000000001,0.012649110640673528,2637.546,5.571882187475945,2637.546,5.571882187475945,7.368057673029282,0.01441504179395445,7.368057673029282,0.01441504179395445,1.0,0.0,0.6358842888230192,0.043532592243798955
amazon,hgb_attributes,zero_exposure,neutral,wcs_deterministic,0.08834568622555392,0.013274089236800225,0.7794120518821412,0.020368047684904304,158.68800000000002,5.131230738223418,1.0,0.0,2637.546,5.571882187475945,2637.546,5.571882187475945,7.368057673029282,0.01441504179395445,7.368057673029282,0.01441504179395445,1.0,0.0,0.6358842888230192,0.043532592243798955
amazon,hgb_attributes,zero_exposure,neutral,wcs_homogeneous,0.08834568622555392,0.013274089236800225,0.7794120518821412,0.020368047684904304,158.68800000000002,5.131230738223418,1.0,0.0,2637.546,5.571882187475945,2637.546,5.571882187475945,7.368057673029282,0.01441504179395445,7.368057673029282,0.01441504179395445,1.0,0.0,0.6358842888230192,0.043532592243798955
amazon,hgb_attributes,zero_exposure,neutral,wcs_rand_deterministic,0.08928008723437446,0.013364022723363836,0.7801581008507636,0.020503999890370085,159.0,5.164623251829053,1.0,0.0,2637.546,5.571882187475945,2637.546,5.571882187475945,7.368057673029282,0.01441504179395445,7.368057673029282,0.01441504179395445,1.0,0.0,0.6358842888230192,0.043532592243798955
amazon,hgb_attributes,zero_exposure,neutral,wcs_rand_homogeneous,0.08990533222869282,0.013306528443777768,0.7806656561137842,0.020537464997191328,159.212,5.178221058754958,1.0,0.0,2637.546,5.571882187475945,2637.546,5.571882187475945,7.368057673029282,0.01441504179395445,7.368057673029282,0.01441504179395445,1.0,0.0,0.6358842888230192,0.043532592243798955
amazon,hgb_attributes,zero_exposure,neutral,weighted_bh,0.08834568622555392,0.013274089236800225,0.7794120518821412,0.020368047684904304,158.68800000000002,5.131230738223418,1.0,0.0,2637.546,5.571882187475945,2637.546,5.571882187475945,7.368057673029282,0.01441504179395445,7.368057673029282,0.01441504179395445,1.0,0.0,0.6358842888230192,0.043532592243798955
amazon,hgb_attributes,zero_exposure,neutral,weighted_bh_rand,0.08981608441739983,0.013284481737172341,0.7805895084564269,0.02052400295472294,159.184,5.204227341519792,1.0,0.0,2637.546,5.571882187475945,2637.546,5.571882187475945,7.368057673029282,0.01441504179395445,7.368057673029282,0.01441504179395445,1.0,0.0,0.6358842888230192,0.043532592243798955
amazon,hgb_attributes,zero_exposure,neutral,weighted_by,0.00458068362443653,0.0032011264366749418,0.10020556411041881,0.08290192691439385,18.958,15.543099790939744,0.21000000000000002,0.1592342788332825,2637.546,5.571882187475945,2637.546,5.571882187475945,7.368057673029282,0.01441504179395445,7.368057673029282,0.01441504179395445,1.0,0.0,0.6358842888230192,0.043532592243798955
amazon,hgb_attributes,zero_exposure,severe,equal_alpha,0.03765867077112095,0.008052263753742012,0.2160324415088198,0.05244777626586392,42.010000000000005,9.919432107400773,0.8939999999999999,0.12473972903610141,1056.404,72.28262419143347,203.48017070430484,8.701508572378247,7.427809975291359,0.07800744849909348,147.48031872188403,1.5376317492549059,1.0,0.0,0.6358842888230192,0.043532592243798955
amazon,hgb_attributes,zero_exposure,severe,pooled_reference,0.08327026508859636,0.011157216357381955,0.770580484211281,0.025266427364112973,156.24200000000002,6.8885699209310145,1.0,0.0,1056.404,72.28262419143347,203.48017070430484,8.701508572378247,7.427809975291359,0.07800744849909348,147.48031872188403,1.5376317492549059,1.0,0.0,0.6358842888230192,0.043532592243798955
amazon,hgb_attributes,zero_exposure,severe,pooled_stratum,0.03223891199239363,0.008518285196965328,0.19362644425567174,0.06378212555418666,39.052,12.086595697530202,0.772,0.2422487243401799,1056.404,72.28262419143347,203.48017070430484,8.701508572378247,7.427809975291359,0.07800744849909348,147.48031872188403,1.5376317492549059,1.0,0.0,0.6358842888230192,0.043532592243798955
amazon,hgb_attributes,zero_exposure,severe,size_alpha,0.025672562403770777,0.00731890054351007,0.17228217163741402,0.06891791792318415,33.354,12.789898965807179,0.768,0.24607135369870084,1056.404,72.28262419143347,203.48017070430484,8.701508572378247,7.427809975291359,0.07800744849909348,147.48031872188403,1.5376317492549059,1.0,0.0,0.6358842888230192,0.043532592243798955
amazon,hgb_attributes,zero_exposure,severe,wcs_deterministic,0.0014655615137695109,0.0021250479783850845,0.012766587390689171,0.020439252772202897,2.618,4.082727301966447,0.016,0.026331223544175338,1056.404,72.28262419143347,203.48017070430484,8.701508572378247,7.427809975291359,0.07800744849909348,147.48031872188403,1.5376317492549059,1.0,0.0,0.6358842888230192,0.043532592243798955
amazon,hgb_attributes,zero_exposure,severe,wcs_homogeneous,0.04076418676156914,0.008123494559284124,0.13373241305570993,0.03939014447927201,28.206,7.899316707440235,0.384,0.055617742972304554,1056.404,72.28262419143347,203.48017070430484,8.701508572378247,7.427809975291359,0.07800744849909348,147.48031872188403,1.5376317492549059,1.0,0.0,0.6358842888230192,0.043532592243798955
amazon,hgb_attributes,zero_exposure,severe,wcs_rand_deterministic,0.002164671501399081,0.0023445010824373748,0.019478507349288448,0.022147141888294884,3.9899999999999998,4.47208874887091,0.024,0.027968235951204044,1056.404,72.28262419143347,203.48017070430484,8.701508572378247,7.427809975291359,0.07800744849909348,147.48031872188403,1.5376317492549059,1.0,0.0,0.6358842888230192,0.043532592243798955
amazon,hgb_attributes,zero_exposure,severe,wcs_rand_homogeneous,0.07491601727069067,0.009056930026113618,0.3096017058371491,0.04691401818421079,66.96600000000001,9.804819903156478,0.612,0.05181162460726787,1056.404,72.28262419143347,203.48017070430484,8.701508572378247,7.427809975291359,0.07800744849909348,147.48031872188403,1.5376317492549059,1.0,0.0,0.6358842888230192,0.043532592243798955
amazon,hgb_attributes,zero_exposure,severe,weighted_bh,0.06662459338851248,0.01203459872824805,0.3450130186434363,0.053346043343121936,70.34200000000001,10.988699043411216,0.9800000000000001,0.02828427124746191,1056.404,72.28262419143347,203.48017070430484,8.701508572378247,7.427809975291359,0.07800744849909348,147.48031872188403,1.5376317492549059,1.0,0.0,0.6358842888230192,0.043532592243798955
amazon,hgb_attributes,zero_exposure,severe,weighted_bh_rand,0.09144218436199869,0.011992951241155932,0.6588376538454165,0.03652706693660495,137.464,8.594038243650848,0.9960000000000001,0.012649110640673525,1056.404,72.28262419143347,203.48017070430484,8.701508572378247,7.427809975291359,0.07800744849909348,147.48031872188403,1.5376317492549059,1.0,0.0,0.6358842888230192,0.043532592243798955
amazon,hgb_attributes,zero_exposure,severe,weighted_by,0.0001350877192982456,0.00042718487689993894,0.0017612674445207047,0.004010461192529777,0.33799999999999997,0.7756545622891674,0.006,0.013498971154211057,1056.404,72.28262419143347,203.48017070430484,8.701508572378247,7.427809975291359,0.07800744849909348,147.48031872188403,1.5376317492549059,1.0,0.0,0.6358842888230192,0.043532592243798955
amazon,hgb_graph_features,exposure_80,moderate,equal_alpha,0.05080563937119239,0.007776731453770545,0.3668089494713482,0.06537308172939134,72.304,12.374234162610268,0.954,0.06535373831014653,2283.868,7.533080821726753,1580.282066928127,11.347017683398334,7.367909612222272,0.02437496589164948,36.783749427403066,0.12150163289400896,1.0,0.0,0.5057228883395608,0.029934511628034056
amazon,hgb_graph_features,exposure_80,moderate,pooled_reference,0.11522723639525415,0.020040904262905227,0.8058148540920292,0.019334695477108803,169.096,5.862171004746363,1.0,0.0,2283.868,7.533080821726753,1580.282066928127,11.347017683398334,7.367909612222272,0.02437496589164948,36.783749427403066,0.12150163289400896,1.0,0.0,0.5057228883395608,0.029934511628034056
amazon,hgb_graph_features,exposure_80,moderate,pooled_stratum,0.08032293718570566,0.012301208628803316,0.31843018270560525,0.047389215954317915,64.676,9.997203164441096,1.0,0.0,2283.868,7.533080821726753,1580.282066928127,11.347017683398334,7.367909612222272,0.02437496589164948,36.783749427403066,0.12150163289400896,1.0,0.0,0.5057228883395608,0.029934511628034056
amazon,hgb_graph_features,exposure_80,moderate,size_alpha,0.08010282527689992,0.01197810347413523,0.3144080922711715,0.0453173832220317,63.772000000000006,9.456140626891898,1.0,0.0,2283.868,7.533080821726753,1580.282066928127,11.347017683398334,7.367909612222272,0.02437496589164948,36.783749427403066,0.12150163289400896,1.0,0.0,0.5057228883395608,0.029934511628034056
amazon,hgb_graph_features,exposure_80,moderate,wcs_deterministic,0.026621667364937023,0.00910171644412163,0.23751800185077343,0.0713332195104701,48.43,14.56402340624931,0.302,0.08816650913659525,2283.868,7.533080821726753,1580.282066928127,11.347017683398334,7.367909612222272,0.02437496589164948,36.783749427403066,0.12150163289400896,1.0,0.0,0.5057228883395608,0.029934511628034056
amazon,hgb_graph_features,exposure_80,moderate,wcs_homogeneous,0.08875324875728788,0.01597378106256228,0.7575043957784033,0.024216389256216525,154.94,6.2324313072829005,0.978,0.011352924243950983,2283.868,7.533080821726753,1580.282066928127,11.347017683398334,7.367909612222272,0.02437496589164948,36.783749427403066,0.12150163289400896,1.0,0.0,0.5057228883395608,0.029934511628034056
amazon,hgb_graph_features,exposure_80,moderate,wcs_rand_deterministic,0.04864886471033592,0.009001914804134703,0.40903908433784586,0.06289704997860054,83.862,12.111744346340505,0.522,0.08297255235585106,2283.868,7.533080821726753,1580.282066928127,11.347017683398334,7.367909612222272,0.02437496589164948,36.783749427403066,0.12150163289400896,1.0,0.0,0.5057228883395608,0.029934511628034056
amazon,hgb_graph_features,exposure_80,moderate,wcs_rand_homogeneous,0.09316264270323871,0.016816754970153537,0.7726958329290594,0.020771201846873442,158.63,5.927362163915935,0.99,0.014142135623730961,2283.868,7.533080821726753,1580.282066928127,11.347017683398334,7.367909612222272,0.02437496589164948,36.783749427403066,0.12150163289400896,1.0,0.0,0.5057228883395608,0.029934511628034056
amazon,hgb_graph_features,exposure_80,moderate,weighted_bh,0.08922215888373677,0.016347335737583235,0.7715999841079537,0.02073819507665061,157.656,5.790197079739358,1.0,0.0,2283.868,7.533080821726753,1580.282066928127,11.347017683398334,7.367909612222272,0.02437496589164948,36.783749427403066,0.12150163289400896,1.0,0.0,0.5057228883395608,0.029934511628034056
amazon,hgb_graph_features,exposure_80,moderate,weighted_bh_rand,0.09335051848411409,0.016761046172758604,0.7795491550814241,0.020165627634788665,159.954,5.616990495115888,1.0,0.0,2283.868,7.533080821726753,1580.282066928127,11.347017683398334,7.367909612222272,0.02437496589164948,36.783749427403066,0.12150163289400896,1.0,0.0,0.5057228883395608,0.029934511628034056
amazon,hgb_graph_features,exposure_80,moderate,weighted_by,0.0003692445269910058,0.0009103279221967005,0.002684261974584555,0.006358027558491853,0.524,1.2411034516823236,0.008,0.019321835661585917,2283.868,7.533080821726753,1580.282066928127,11.347017683398334,7.367909612222272,0.02437496589164948,36.783749427403066,0.12150163289400896,1.0,0.0,0.5057228883395608,0.029934511628034056
amazon,hgb_graph_features,exposure_80,neutral,equal_alpha,0.04256320396121181,0.005434755909978862,0.6097845302590074,0.04383264652441507,118.252,8.416825477049592,0.9960000000000001,0.008432740427115693,2637.546,5.571882187475945,2637.546,5.571882187475945,7.368057673029282,0.01441504179395445,7.368057673029282,0.01441504179395445,1.0,0.0,0.5057228883395608,0.029934511628034056
amazon,hgb_graph_features,exposure_80,neutral,pooled_reference,0.09043904634842223,0.01867408294350768,0.7890484983951331,0.019539175220965835,161.05,5.447456083143565,1.0,0.0,2637.546,5.571882187475945,2637.546,5.571882187475945,7.368057673029282,0.01441504179395445,7.368057673029282,0.01441504179395445,1.0,0.0,0.5057228883395608,0.029934511628034056
amazon,hgb_graph_features,exposure_80,neutral,pooled_stratum,0.09444199536866218,0.014195979159230748,0.6830989441529233,0.0568658237130758,140.222,13.296166364783494,1.0,0.0,2637.546,5.571882187475945,2637.546,5.571882187475945,7.368057673029282,0.01441504179395445,7.368057673029282,0.01441504179395445,1.0,0.0,0.5057228883395608,0.029934511628034056
amazon,hgb_graph_features,exposure_80,neutral,size_alpha,0.0735787481503507,0.008590212256427598,0.4126263403881679,0.0696672552580657,82.454,13.957408387264767,1.0,0.0,2637.546,5.571882187475945,2637.546,5.571882187475945,7.368057673029282,0.01441504179395445,7.368057673029282,0.01441504179395445,1.0,0.0,0.5057228883395608,0.029934511628034056
amazon,hgb_graph_features,exposure_80,neutral,wcs_deterministic,0.09043904634842223,0.01867408294350768,0.7890484983951331,0.019539175220965835,161.05,5.447456083143565,1.0,0.0,2637.546,5.571882187475945,2637.546,5.571882187475945,7.368057673029282,0.01441504179395445,7.368057673029282,0.01441504179395445,1.0,0.0,0.5057228883395608,0.029934511628034056
amazon,hgb_graph_features,exposure_80,neutral,wcs_homogeneous,0.09043904634842223,0.01867408294350768,0.7890484983951331,0.019539175220965835,161.05,5.447456083143565,1.0,0.0,2637.546,5.571882187475945,2637.546,5.571882187475945,7.368057673029282,0.01441504179395445,7.368057673029282,0.01441504179395445,1.0,0.0,0.5057228883395608,0.029934511628034056
amazon,hgb_graph_features,exposure_80,neutral,wcs_rand_deterministic,0.09134852769949511,0.0187143406567967,0.7897713067997596,0.01948180056236995,161.356,5.419707249166378,1.0,0.0,2637.546,5.571882187475945,2637.546,5.571882187475945,7.368057673029282,0.01441504179395445,7.368057673029282,0.01441504179395445,1.0,0.0,0.5057228883395608,0.029934511628034056
amazon,hgb_graph_features,exposure_80,neutral,wcs_rand_homogeneous,0.09185998881642413,0.018831022073854693,0.7902788677398725,0.019595144416768323,161.548,5.463407158337893,1.0,0.0,2637.546,5.571882187475945,2637.546,5.571882187475945,7.368057673029282,0.01441504179395445,7.368057673029282,0.01441504179395445,1.0,0.0,0.5057228883395608,0.029934511628034056
amazon,hgb_graph_features,exposure_80,neutral,weighted_bh,0.09043904634842223,0.01867408294350768,0.7890484983951331,0.019539175220965835,161.05,5.447456083143565,1.0,0.0,2637.546,5.571882187475945,2637.546,5.571882187475945,7.368057673029282,0.01441504179395445,7.368057673029282,0.01441504179395445,1.0,0.0,0.5057228883395608,0.029934511628034056
amazon,hgb_graph_features,exposure_80,neutral,weighted_bh_rand,0.09174793048583962,0.018738512578017837,0.7902687007518041,0.019663926263119524,161.526,5.466756503326865,1.0,0.0,2637.546,5.571882187475945,2637.546,5.571882187475945,7.368057673029282,0.01441504179395445,7.368057673029282,0.01441504179395445,1.0,0.0,0.5057228883395608,0.029934511628034056
amazon,hgb_graph_features,exposure_80,neutral,weighted_by,0.004151332668130672,0.0024588406265743288,0.08977752430013249,0.061334374367487454,17.048000000000002,11.568548165896475,0.192,0.14733182502998687,2637.546,5.571882187475945,2637.546,5.571882187475945,7.368057673029282,0.01441504179395445,7.368057673029282,0.01441504179395445,1.0,0.0,0.5057228883395608,0.029934511628034056
amazon,hgb_graph_features,exposure_80,severe,equal_alpha,0.044658138309245074,0.006602878637620763,0.24593724118773638,0.057215530632968456,48.25,11.160988606152534,0.932,0.08804039476916893,2217.6639999999998,8.207101531939072,639.7002478868321,11.686720937125552,7.363286736926037,0.04205946274163382,146.21164482947523,0.829293253046332,1.0,0.0,0.5057228883395608,0.029934511628034056
amazon,hgb_graph_features,exposure_80,severe,pooled_reference,0.12143182858624746,0.019809658936464518,0.8093783111428954,0.018720655076936425,171.042,5.732166160265131,1.0,0.0,2217.6639999999998,8.207101531939072,639.7002478868321,11.686720937125552,7.363286736926037,0.04205946274163382,146.21164482947523,0.829293253046332,1.0,0.0,0.5057228883395608,0.029934511628034056
amazon,hgb_graph_features,exposure_80,severe,pooled_stratum,0.08010282527689992,0.01197810347413523,0.3144080922711715,0.0453173832220317,63.772000000000006,9.456140626891898,1.0,0.0,2217.6639999999998,8.207101531939072,639.7002478868321,11.686720937125552,7.363286736926037,0.04205946274163382,146.21164482947523,0.829293253046332,1.0,0.0,0.5057228883395608,0.029934511628034056
amazon,hgb_graph_features,exposure_80,severe,size_alpha,0.08010282527689992,0.01197810347413523,0.3144080922711715,0.0453173832220317,63.772000000000006,9.456140626891898,1.0,0.0,2217.6639999999998,8.207101531939072,639.7002478868321,11.686720937125552,7.363286736926037,0.04205946274163382,146.21164482947523,0.829293253046332,1.0,0.0,0.5057228883395608,0.029934511628034056
amazon,hgb_graph_features,exposure_80,severe,wcs_deterministic,0.0004549253080906148,0.0012237368533433261,0.006129803337132171,0.014738552926871673,1.196,2.8817402149858453,0.008,0.019321835661585917,2217.6639999999998,8.207101531939072,639.7002478868321,11.686720937125552,7.363286736926037,0.04205946274163382,146.21164482947523,0.829293253046332,1.0,0.0,0.5057228883395608,0.029934511628034056
amazon,hgb_graph_features,exposure_80,severe,wcs_homogeneous,0.06807202901639384,0.019764201230256358,0.16041217703152938,0.03521240424814468,35.544,7.343222423129749,0.454,0.07545418035691151,2217.6639999999998,8.207101531939072,639.7002478868321,11.686720937125552,7.363286736926037,0.04205946274163382,146.21164482947523,0.829293253046332,1.0,0.0,0.5057228883395608,0.029934511628034056
amazon,hgb_graph_features,exposure_80,severe,wcs_rand_deterministic,0.0009594320478328751,0.0018795674394787305,0.010968689288128115,0.01960216123667793,2.178,3.910299221287292,0.018,0.028982753492378877,2217.6639999999998,8.207101531939072,639.7002478868321,11.686720937125552,7.363286736926037,0.04205946274163382,146.21164482947523,0.829293253046332,1.0,0.0,0.5057228883395608,0.029934511628034056
amazon,hgb_graph_features,exposure_80,severe,wcs_rand_homogeneous,0.08286374620508818,0.02060949362271116,0.3312806276739522,0.044813031636836885,71.46799999999999,9.906761776124872,0.6519999999999999,0.07671013260609345,2217.6639999999998,8.207101531939072,639.7002478868321,11.686720937125552,7.363286736926037,0.04205946274163382,146.21164482947523,0.829293253046332,1.0,0.0,0.5057228883395608,0.029934511628034056
amazon,hgb_graph_features,exposure_80,severe,weighted_bh,0.08060718864369647,0.01492031587782798,0.436114825547229,0.08538549323376846,89.864,17.81869380422956,0.986,0.018973665961010296,2217.6639999999998,8.207101531939072,639.7002478868321,11.686720937125552,7.363286736926037,0.04205946274163382,146.21164482947523,0.829293253046332,1.0,0.0,0.5057228883395608,0.029934511628034056
amazon,hgb_graph_features,exposure_80,severe,weighted_bh_rand,0.09534284563091042,0.01703820739698818,0.6966869471512274,0.03792916172441337,144.984,9.054544837937595,0.994,0.009660917830792964,2217.6639999999998,8.207101531939072,639.7002478868321,11.686720937125552,7.363286736926037,0.04205946274163382,146.21164482947523,0.829293253046332,1.0,0.0,0.5057228883395608,0.029934511628034056
amazon,hgb_graph_features,exposure_80,severe,weighted_by,0.001207172640402522,0.0018776552375431934,0.006542704847578519,0.012116154101023577,1.292,2.3751715727500615,0.02,0.03651483716701107,2217.6639999999998,8.207101531939072,639.7002478868321,11.686720937125552,7.363286736926037,0.04205946274163382,146.21164482947523,0.829293253046332,1.0,0.0,0.5057228883395608,0.029934511628034056
amazon,hgb_graph_features,zero_exposure,moderate,equal_alpha,0.047527542243206405,0.007266150595415445,0.46595661027252044,0.06740373127481586,91.244,12.76277503784607,0.954,0.06931409989637348,1305.898,60.857829551979385,749.1074670439019,25.127383356143884,7.382737398192158,0.034616538082516524,36.85762406064008,0.17255590137182228,1.0,0.0,0.6358842888230192,0.043532592243798955
amazon,hgb_graph_features,zero_exposure,moderate,pooled_reference,0.08212195572743905,0.011651123212566847,0.7781765680961176,0.02235905403485711,157.426,4.804933113189224,1.0,0.0,1305.898,60.857829551979385,749.1074670439019,25.127383356143884,7.382737398192158,0.034616538082516524,36.85762406064008,0.17255590137182228,1.0,0.0,0.6358842888230192,0.043532592243798955
amazon,hgb_graph_features,zero_exposure,moderate,pooled_stratum,0.08088085586968123,0.01243012213681634,0.7391507049564433,0.03525822864323148,149.858,7.763163444541573,0.994,0.009660917830792988,1305.898,60.857829551979385,749.1074670439019,25.127383356143884,7.382737398192158,0.034616538082516524,36.85762406064008,0.17255590137182228,1.0,0.0,0.6358842888230192,0.043532592243798955
amazon,hgb_graph_features,zero_exposure,moderate,size_alpha,0.04403550014752643,0.010223472950635384,0.4691141414497668,0.07126097304054892,91.728,13.513296168342249,0.9359999999999999,0.10319345371140982,1305.898,60.857829551979385,749.1074670439019,25.127383356143884,7.382737398192158,0.034616538082516524,36.85762406064008,0.17255590137182228,1.0,0.0,0.6358842888230192,0.043532592243798955
amazon,hgb_graph_features,zero_exposure,moderate,wcs_deterministic,0.025564291162689982,0.00879777064899105,0.22399482636327997,0.08384613845397276,45.70399999999999,16.674578921886518,0.284,0.10362324921453572,1305.898,60.857829551979385,749.1074670439019,25.127383356143884,7.382737398192158,0.034616538082516524,36.85762406064008,0.17255590137182228,1.0,0.0,0.6358842888230192,0.043532592243798955
amazon,hgb_graph_features,zero_exposure,moderate,wcs_homogeneous,0.08686154055564588,0.01593990592970526,0.7516163527898962,0.029118700259981995,153.55599999999998,6.966751514634818,0.974,0.021186998109427636,1305.898,60.857829551979385,749.1074670439019,25.127383356143884,7.382737398192158,0.034616538082516524,36.85762406064008,0.17255590137182228,1.0,0.0,0.6358842888230192,0.043532592243798955
amazon,hgb_graph_features,zero_exposure,moderate,wcs_rand_deterministic,0.04395439149941713,0.009087458450968873,0.3756644138468381,0.10480006714963506,76.93199999999999,20.6537619925389,0.476,0.12988884136488058,1305.898,60.857829551979385,749.1074670439019,25.127383356143884,7.382737398192158,0.034616538082516524,36.85762406064008,0.17255590137182228,1.0,0.0,0.6358842888230192,0.043532592243798955
amazon,hgb_graph_features,zero_exposure,moderate,wcs_rand_homogeneous,0.09242672035435015,0.016986049847679024,0.7680719752902959,0.022481275464057385,157.704,5.957216352178819,0.9879999999999999,0.01686548085423138,1305.898,60.857829551979385,749.1074670439019,25.127383356143884,7.382737398192158,0.034616538082516524,36.85762406064008,0.17255590137182228,1.0,0.0,0.6358842888230192,0.043532592243798955
amazon,hgb_graph_features,zero_exposure,moderate,weighted_bh,0.08698816755484487,0.014818012548593891,0.7667966455191277,0.023944369784403636,156.39000000000001,5.733777114607791,0.998,0.006324555320336757,1305.898,60.857829551979385,749.1074670439019,25.127383356143884,7.382737398192158,0.034616538082516524,36.85762406064008,0.17255590137182228,1.0,0.0,0.6358842888230192,0.043532592243798955
amazon,hgb_graph_features,zero_exposure,moderate,weighted_bh_rand,0.0924546785592261,0.01634830039514443,0.7772273367638387,0.02022836208112017,159.422,5.5118575211387,1.0,0.0,1305.898,60.857829551979385,749.1074670439019,25.127383356143884,7.382737398192158,0.034616538082516524,36.85762406064008,0.17255590137182228,1.0,0.0,0.6358842888230192,0.043532592243798955
amazon,hgb_graph_features,zero_exposure,moderate,weighted_by,0.00013448180050013893,0.00032673979055916977,0.001244091771606003,0.002625038366541447,0.24,0.5060522590492892,0.004,0.008432740427115679,1305.898,60.857829551979385,749.1074670439019,25.127383356143884,7.382737398192158,0.034616538082516524,36.85762406064008,0.17255590137182228,1.0,0.0,0.6358842888230192,0.043532592243798955
amazon,hgb_graph_features,zero_exposure,neutral,equal_alpha,0.04530719370137361,0.008342515405731782,0.6393014658416891,0.038091256417252625,124.32000000000001,7.338701065810853,1.0,0.0,2637.546,5.571882187475945,2637.546,5.571882187475945,7.368057673029282,0.01441504179395445,7.368057673029282,0.01441504179395445,1.0,0.0,0.6358842888230192,0.043532592243798955
amazon,hgb_graph_features,zero_exposure,neutral,pooled_reference,0.09043904634842223,0.01867408294350768,0.7890484983951331,0.019539175220965835,161.05,5.447456083143565,1.0,0.0,2637.546,5.571882187475945,2637.546,5.571882187475945,7.368057673029282,0.01441504179395445,7.368057673029282,0.01441504179395445,1.0,0.0,0.6358842888230192,0.043532592243798955
amazon,hgb_graph_features,zero_exposure,neutral,pooled_stratum,0.0880002796125525,0.015041605410897075,0.7831683728309421,0.02045327420400495,159.428,5.288698222520259,1.0,0.0,2637.546,5.571882187475945,2637.546,5.571882187475945,7.368057673029282,0.01441504179395445,7.368057673029282,0.01441504179395445,1.0,0.0,0.6358842888230192,0.043532592243798955
amazon,hgb_graph_features,zero_exposure,neutral,size_alpha,0.05112649118301173,0.014187555599831399,0.6168912672596102,0.05408699026235468,120.66600000000001,10.332782996097638,1.0,0.0,2637.546,5.571882187475945,2637.546,5.571882187475945,7.368057673029282,0.01441504179395445,7.368057673029282,0.01441504179395445,1.0,0.0,0.6358842888230192,0.043532592243798955
amazon,hgb_graph_features,zero_exposure,neutral,wcs_deterministic,0.09043904634842223,0.01867408294350768,0.7890484983951331,0.019539175220965835,161.05,5.447456083143565,1.0,0.0,2637.546,5.571882187475945,2637.546,5.571882187475945,7.368057673029282,0.01441504179395445,7.368057673029282,0.01441504179395445,1.0,0.0,0.6358842888230192,0.043532592243798955
amazon,hgb_graph_features,zero_exposure,neutral,wcs_homogeneous,0.09043904634842223,0.01867408294350768,0.7890484983951331,0.019539175220965835,161.05,5.447456083143565,1.0,0.0,2637.546,5.571882187475945,2637.546,5.571882187475945,7.368057673029282,0.01441504179395445,7.368057673029282,0.01441504179395445,1.0,0.0,0.6358842888230192,0.043532592243798955
amazon,hgb_graph_features,zero_exposure,neutral,wcs_rand_deterministic,0.09151835055001076,0.018689910264135027,0.7899226688922656,0.019499188623525187,161.416,5.401175180766988,1.0,0.0,2637.546,5.571882187475945,2637.546,5.571882187475945,7.368057673029282,0.01441504179395445,7.368057673029282,0.01441504179395445,1.0,0.0,0.6358842888230192,0.043532592243798955
amazon,hgb_graph_features,zero_exposure,neutral,wcs_rand_homogeneous,0.09204469512810813,0.018685985227658457,0.7903654098620306,0.019613842196793334,161.596,5.446220299947076,1.0,0.0,2637.546,5.571882187475945,2637.546,5.571882187475945,7.368057673029282,0.01441504179395445,7.368057673029282,0.01441504179395445,1.0,0.0,0.6358842888230192,0.043532592243798955
amazon,hgb_graph_features,zero_exposure,neutral,weighted_bh,0.09043904634842223,0.01867408294350768,0.7890484983951331,0.019539175220965835,161.05,5.447456083143565,1.0,0.0,2637.546,5.571882187475945,2637.546,5.571882187475945,7.368057673029282,0.01441504179395445,7.368057673029282,0.01441504179395445,1.0,0.0,0.6358842888230192,0.043532592243798955
amazon,hgb_graph_features,zero_exposure,neutral,weighted_bh_rand,0.09193212536887549,0.01868717092765378,0.790419585878343,0.01953145095593315,161.58800000000002,5.441774220478707,1.0,0.0,2637.546,5.571882187475945,2637.546,5.571882187475945,7.368057673029282,0.01441504179395445,7.368057673029282,0.01441504179395445,1.0,0.0,0.6358842888230192,0.043532592243798955
amazon,hgb_graph_features,zero_exposure,neutral,weighted_by,0.004151332668130672,0.0024588406265743288,0.08977752430013249,0.061334374367487454,17.048000000000002,11.568548165896475,0.192,0.14733182502998687,2637.546,5.571882187475945,2637.546,5.571882187475945,7.368057673029282,0.01441504179395445,7.368057673029282,0.01441504179395445,1.0,0.0,0.6358842888230192,0.043532592243798955
amazon,hgb_graph_features,zero_exposure,severe,equal_alpha,0.03775490047979184,0.008528756274284415,0.2087025916189636,0.06263863388062642,40.678,12.025297224323952,0.8879999999999999,0.14972567507871778,1056.404,72.28262419143347,203.48017070430484,8.701508572378247,7.427809975291359,0.07800744849909348,147.48031872188403,1.5376317492549059,1.0,0.0,0.6358842888230192,0.043532592243798955
amazon,hgb_graph_features,zero_exposure,severe,pooled_reference,0.079087083705047,0.011258850617850319,0.7747058212576062,0.02607990125153091,156.212,5.883077048242317,1.0,0.0,1056.404,72.28262419143347,203.48017070430484,8.701508572378247,7.427809975291359,0.07800744849909348,147.48031872188403,1.5376317492549059,1.0,0.0,0.6358842888230192,0.043532592243798955
amazon,hgb_graph_features,zero_exposure,severe,pooled_stratum,0.030405124528158838,0.010024698479872722,0.17070197185783023,0.0822191429185575,34.288,16.183778435348295,0.72,0.26898988002442686,1056.404,72.28262419143347,203.48017070430484,8.701508572378247,7.427809975291359,0.07800744849909348,147.48031872188403,1.5376317492549059,1.0,0.0,0.6358842888230192,0.043532592243798955
amazon,hgb_graph_features,zero_exposure,severe,size_alpha,0.024520150255560088,0.007836748267382085,0.1534974434674709,0.07689234220451303,29.633999999999997,14.641457274161992,0.7140000000000001,0.27179240443969566,1056.404,72.28262419143347,203.48017070430484,8.701508572378247,7.427809975291359,0.07800744849909348,147.48031872188403,1.5376317492549059,1.0,0.0,0.6358842888230192,0.043532592243798955
amazon,hgb_graph_features,zero_exposure,severe,wcs_deterministic,0.0006628506187367412,0.0011752036158867785,0.009307571288060848,0.013265459717838745,1.834,2.6387547568250196,0.012,0.016865480854231358,1056.404,72.28262419143347,203.48017070430484,8.701508572378247,7.427809975291359,0.07800744849909348,147.48031872188403,1.5376317492549059,1.0,0.0,0.6358842888230192,0.043532592243798955
amazon,hgb_graph_features,zero_exposure,severe,wcs_homogeneous,0.048615588583841664,0.011280969210774512,0.14121095305527304,0.06061629212419447,30.136000000000003,11.95653164127829,0.396,0.09834180754445747,1056.404,72.28262419143347,203.48017070430484,8.701508572378247,7.427809975291359,0.07800744849909348,147.48031872188403,1.5376317492549059,1.0,0.0,0.6358842888230192,0.043532592243798955
amazon,hgb_graph_features,zero_exposure,severe,wcs_rand_deterministic,0.001796586234476321,0.0017351039912783654,0.019116744287423073,0.018288191533714925,3.8379999999999996,3.645093505887972,0.03,0.02160246899469287,1056.404,72.28262419143347,203.48017070430484,8.701508572378247,7.427809975291359,0.07800744849909348,147.48031872188403,1.5376317492549059,1.0,0.0,0.6358842888230192,0.043532592243798955
amazon,hgb_graph_features,zero_exposure,severe,wcs_rand_homogeneous,0.08101568712796399,0.011165782114551378,0.32604097728262904,0.05620431442094656,70.558,10.765056432736433,0.638,0.07627435858647241,1056.404,72.28262419143347,203.48017070430484,8.701508572378247,7.427809975291359,0.07800744849909348,147.48031872188403,1.5376317492549059,1.0,0.0,0.6358842888230192,0.043532592243798955
amazon,hgb_graph_features,zero_exposure,severe,weighted_bh,0.06902889967186865,0.015110968903571447,0.36657105779715893,0.07481608732270296,74.696,15.040454484858863,0.9800000000000001,0.02981423969999719,1056.404,72.28262419143347,203.48017070430484,8.701508572378247,7.427809975291359,0.07800744849909348,147.48031872188403,1.5376317492549059,1.0,0.0,0.6358842888230192,0.043532592243798955
amazon,hgb_graph_features,zero_exposure,severe,weighted_bh_rand,0.09439797900601736,0.017161525582804274,0.675748797511279,0.04003069406143517,141.154,9.491694849241162,0.992,0.016865480854231354,1056.404,72.28262419143347,203.48017070430484,8.701508572378247,7.427809975291359,0.07800744849909348,147.48031872188403,1.5376317492549059,1.0,0.0,0.6358842888230192,0.043532592243798955
amazon,hgb_graph_features,zero_exposure,severe,weighted_by,0.0003836089536387247,0.000636749132498342,0.0037364270098130974,0.0067471260315787075,0.722,1.2890461589873343,0.012,0.021499353995462798,1056.404,72.28262419143347,203.48017070430484,8.701508572378247,7.427809975291359,0.07800744849909348,147.48031872188403,1.5376317492549059,1.0,0.0,0.6358842888230192,0.043532592243798955
tfinance,hgb_attributes,exposure_80,moderate,equal_alpha,0.03283035991692392,0.0056490640920088915,0.6093087693492347,0.01710260730691831,255.794,7.568496401385007,1.0,0.0,10971.244,14.3623142672449,7586.462727824267,15.23169134265217,6.988996651557864,0.01351350076544059,34.93395359132954,0.06752469113049786,1.0,0.0,0.8818031940468067,0.008837660488634503
tfinance,hgb_attributes,exposure_80,moderate,pooled_reference,0.10853833080141313,0.01004311775150316,0.6595571218091042,0.0065755097939591755,300.374,5.990481709437991,1.0,0.0,10971.244,14.3623142672449,7586.462727824267,15.23169134265217,6.988996651557864,0.01351350076544059,34.93395359132954,0.06752469113049786,1.0,0.0,0.8818031940468067,0.008837660488634503
tfinance,hgb_attributes,exposure_80,moderate,pooled_stratum,0.0899754688081112,0.012425008130595544,0.5594949546678342,0.044639047590803775,250.72199999999998,20.41039049111996,0.942,0.06425643072011464,10971.244,14.3623142672449,7586.462727824267,15.23169134265217,6.988996651557864,0.01351350076544059,34.93395359132954,0.06752469113049786,1.0,0.0,0.8818031940468067,0.008837660488634503
tfinance,hgb_attributes,exposure_80,moderate,size_alpha,0.020660163394285908,0.009704078850527235,0.4699090773971163,0.08353687982378372,194.08800000000002,34.346462473513114,0.8640000000000001,0.1069994807879407,10971.244,14.3623142672449,7586.462727824267,15.23169134265217,6.988996651557864,0.01351350076544059,34.93395359132954,0.06752469113049786,1.0,0.0,0.8818031940468067,0.008837660488634503
tfinance,hgb_attributes,exposure_80,moderate,wcs_deterministic,0.01820047517215607,0.0076406094681704655,0.1274221646095528,0.050985376002461884,57.05,22.880936752385526,0.196,0.0787682959346236,10971.244,14.3623142672449,7586.462727824267,15.23169134265217,6.988996651557864,0.01351350076544059,34.93395359132954,0.06752469113049786,1.0,0.0,0.8818031940468067,0.008837660488634503
tfinance,hgb_attributes,exposure_80,moderate,wcs_homogeneous,0.09394661340247787,0.011118703427087671,0.6382177167244685,0.018545616921430533,286.402,11.311364786502724,0.9879999999999999,0.025298221281347035,10971.244,14.3623142672449,7586.462727824267,15.23169134265217,6.988996651557864,0.01351350076544059,34.93395359132954,0.06752469113049786,1.0,0.0,0.8818031940468067,0.008837660488634503
tfinance,hgb_attributes,exposure_80,moderate,wcs_rand_deterministic,0.04101988280960596,0.012070678654478391,0.2774337234270885,0.06737755816665952,124.66199999999999,30.82075123462546,0.426,0.10200217862597073,10971.244,14.3623142672449,7586.462727824267,15.23169134265217,6.988996651557864,0.01351350076544059,34.93395359132954,0.06752469113049786,1.0,0.0,0.8818031940468067,0.008837660488634503
tfinance,hgb_attributes,exposure_80,moderate,wcs_rand_homogeneous,0.09614120965743142,0.010565182638134408,0.6452340227414426,0.013993598050173885,290.08000000000004,9.523421420663658,0.994,0.013498971154211059,10971.244,14.3623142672449,7586.462727824267,15.23169134265217,6.988996651557864,0.01351350076544059,34.93395359132954,0.06752469113049786,1.0,0.0,0.8818031940468067,0.008837660488634503
tfinance,hgb_attributes,exposure_80,moderate,weighted_bh,0.09369172323945525,0.010796292192427859,0.6464802908536,0.010500100948918524,289.672,7.674339349054398,1.0,0.0,10971.244,14.3623142672449,7586.462727824267,15.23169134265217,6.988996651557864,0.01351350076544059,34.93395359132954,0.06752469113049786,1.0,0.0,0.8818031940468067,0.008837660488634503
tfinance,hgb_attributes,exposure_80,moderate,weighted_bh_rand,0.09615827899441579,0.010203264655379869,0.6493573991465409,0.00969201109600641,291.756,7.238365684170553,1.0,0.0,10971.244,14.3623142672449,7586.462727824267,15.23169134265217,6.988996651557864,0.01351350076544059,34.93395359132954,0.06752469113049786,1.0,0.0,0.8818031940468067,0.008837660488634503
tfinance,hgb_attributes,exposure_80,moderate,weighted_by,0.0,0.0,0.0,0.0,0.0,0.0,0.0,0.0,10971.244,14.3623142672449,7586.462727824267,15.23169134265217,6.988996651557864,0.01351350076544059,34.93395359132954,0.06752469113049786,1.0,0.0,0.8818031940468067,0.008837660488634503
tfinance,hgb_attributes,exposure_80,neutral,equal_alpha,0.036826370203900956,0.004994576544176378,0.6233590758536376,0.012611590044209307,262.492,5.551153633855477,1.0,0.0,12670.011999999999,13.681192930443293,12670.011999999999,13.681192930443293,6.988840766579481,0.007510612614264703,6.988840766579481,0.007510612614264703,1.0,0.0,0.8818031940468067,0.008837660488634503
tfinance,hgb_attributes,exposure_80,neutral,pooled_reference,0.09490502053690322,0.011044819784224079,0.6518603546702478,0.008788971156758559,292.3,7.097598968039223,1.0,0.0,12670.011999999999,13.681192930443293,12670.011999999999,13.681192930443293,6.988840766579481,0.007510612614264703,6.988840766579481,0.007510612614264703,1.0,0.0,0.8818031940468067,0.008837660488634503
tfinance,hgb_attributes,exposure_80,neutral,pooled_stratum,0.09607196919216104,0.010956184433528842,0.6238721759128929,0.019352911895173082,280.096,10.493133416138798,1.0,0.0,12670.011999999999,13.681192930443293,12670.011999999999,13.681192930443293,6.988840766579481,0.007510612614264703,6.988840766579481,0.007510612614264703,1.0,0.0,0.8818031940468067,0.008837660488634503
tfinance,hgb_attributes,exposure_80,neutral,size_alpha,0.016123415248976307,0.0045926008426734255,0.5823259474721912,0.02478520021567634,240.046,10.72412876544187,1.0,0.0,12670.011999999999,13.681192930443293,12670.011999999999,13.681192930443293,6.988840766579481,0.007510612614264703,6.988840766579481,0.007510612614264703,1.0,0.0,0.8818031940468067,0.008837660488634503
tfinance,hgb_attributes,exposure_80,neutral,wcs_deterministic,0.09490502053690322,0.011044819784224079,0.6518603546702478,0.008788971156758559,292.3,7.097598968039223,1.0,0.0,12670.011999999999,13.681192930443293,12670.011999999999,13.681192930443293,6.988840766579481,0.007510612614264703,6.988840766579481,0.007510612614264703,1.0,0.0,0.8818031940468067,0.008837660488634503
tfinance,hgb_attributes,exposure_80,neutral,wcs_homogeneous,0.09490502053690322,0.011044819784224079,0.6518603546702478,0.008788971156758559,292.3,7.097598968039223,1.0,0.0,12670.011999999999,13.681192930443293,12670.011999999999,13.681192930443293,6.988840766579481,0.007510612614264703,6.988840766579481,0.007510612614264703,1.0,0.0,0.8818031940468067,0.008837660488634503
tfinance,hgb_attributes,exposure_80,neutral,wcs_rand_deterministic,0.09551819032541133,0.011031432893904375,0.6522208449437936,0.00867886001674677,292.65999999999997,7.06572949760554,1.0,0.0,12670.011999999999,13.681192930443293,12670.011999999999,13.681192930443293,6.988840766579481,0.007510612614264703,6.988840766579481,0.007510612614264703,1.0,0.0,0.8818031940468067,0.008837660488634503
tfinance,hgb_attributes,exposure_80,neutral,wcs_rand_homogeneous,0.09585536002411729,0.011013185574217424,0.652472776166882,0.00862280696951661,292.884,7.034681071504108,1.0,0.0,12670.011999999999,13.681192930443293,12670.011999999999,13.681192930443293,6.988840766579481,0.007510612614264703,6.988840766579481,0.007510612614264703,1.0,0.0,0.8818031940468067,0.008837660488634503
tfinance,hgb_attributes,exposure_80,neutral,weighted_bh,0.09490502053690322,0.011044819784224079,0.6518603546702478,0.008788971156758559,292.3,7.097598968039223,1.0,0.0,12670.011999999999,13.681192930443293,12670.011999999999,13.681192930443293,6.988840766579481,0.007510612614264703,6.988840766579481,0.007510612614264703,1.0,0.0,0.8818031940468067,0.008837660488634503
tfinance,hgb_attributes,exposure_80,neutral,weighted_bh_rand,0.09582720786428237,0.011082779809619917,0.6524678499358384,0.008630048770371641,292.876,7.0512964922929005,1.0,0.0,12670.011999999999,13.681192930443293,12670.011999999999,13.681192930443293,6.988840766579481,0.007510612614264703,6.988840766579481,0.007510612614264703,1.0,0.0,0.8818031940468067,0.008837660488634503
tfinance,hgb_attributes,exposure_80,neutral,weighted_by,0.010075523157494411,0.0033383528129554423,0.4158785213699015,0.08520396045652824,170.856,35.376859731248686,0.866,0.17864925288272424,12670.011999999999,13.681192930443293,12670.011999999999,13.681192930443293,6.988840766579481,0.007510612614264703,6.988840766579481,0.007510612614264703,1.0,0.0,0.8818031940468067,0.008837660488634503
tfinance,hgb_attributes,exposure_80,severe,equal_alpha,0.018597791263845694,0.015207594338713952,0.04086679150855717,0.0248604045493961,19.04,11.506052513544532,0.122,0.11213087591441233,10652.528,14.086678340427294,3041.034388055922,24.68707858043716,6.991964737314211,0.023792516350451754,139.62975851876064,0.4744218343344614,1.0,0.0,0.8818031940468067,0.008837660488634503
tfinance,hgb_attributes,exposure_80,severe,pooled_reference,0.1122838994587119,0.0110656092880365,0.6617754443119552,0.0063374398203868195,302.69,6.43850396702007,1.0,0.0,10652.528,14.086678340427294,3041.034388055922,24.68707858043716,6.991964737314211,0.023792516350451754,139.62975851876064,0.4744218343344614,1.0,0.0,0.8818031940468067,0.008837660488634503
tfinance,hgb_attributes,exposure_80,severe,pooled_stratum,0.04270577290786269,0.030221180960056514,0.007002714585253175,0.008340815924710561,3.436,3.6406812549301812,0.27,0.2750757471437034,10652.528,14.086678340427294,3041.034388055922,24.68707858043716,6.991964737314211,0.023792516350451754,139.62975851876064,0.4744218343344614,1.0,0.0,0.8818031940468067,0.008837660488634503
tfinance,hgb_attributes,exposure_80,severe,size_alpha,0.04270577290786269,0.030221180960056514,0.007002714585253175,0.008340815924710561,3.436,3.6406812549301812,0.27,0.2750757471437034,10652.528,14.086678340427294,3041.034388055922,24.68707858043716,6.991964737314211,0.023792516350451754,139.62975851876064,0.4744218343344614,1.0,0.0,0.8818031940468067,0.008837660488634503
tfinance,hgb_attributes,exposure_80,severe,wcs_deterministic,0.002013713283218327,0.0017413659875417451,0.02110044510797756,0.016758782420167043,9.112,7.283510752987798,0.033999999999999996,0.026749870196985173,10652.528,14.086678340427294,3041.034388055922,24.68707858043716,6.991964737314211,0.023792516350451754,139.62975851876064,0.4744218343344614,1.0,0.0,0.8818031940468067,0.008837660488634503
tfinance,hgb_attributes,exposure_80,severe,wcs_homogeneous,0.09408358068287834,0.013980422408438213,0.5929957534404879,0.025057486584384378,267.03200000000004,13.683005517794701,0.9560000000000001,0.026331223544175317,10652.528,14.086678340427294,3041.034388055922,24.68707858043716,6.991964737314211,0.023792516350451754,139.62975851876064,0.4744218343344614,1.0,0.0,0.8818031940468067,0.008837660488634503
tfinance,hgb_attributes,exposure_80,severe,wcs_rand_deterministic,0.008378791637850989,0.004956530015988235,0.06625973110011782,0.03463026403925297,29.324,15.543389591720333,0.10400000000000001,0.05232377832092956,10652.528,14.086678340427294,3041.034388055922,24.68707858043716,6.991964737314211,0.023792516350451754,139.62975851876064,0.4744218343344614,1.0,0.0,0.8818031940468067,0.008837660488634503
tfinance,hgb_attributes,exposure_80,severe,wcs_rand_homogeneous,0.09983562378641242,0.014454991343352144,0.6203954503882222,0.023236986583665603,281.32,13.370581305404963,0.9719999999999999,0.025298221281347042,10652.528,14.086678340427294,3041.034388055922,24.68707858043716,6.991964737314211,0.023792516350451754,139.62975851876064,0.4744218343344614,1.0,0.0,0.8818031940468067,0.008837660488634503
tfinance,hgb_attributes,exposure_80,severe,weighted_bh,0.09269095366364377,0.013478136853261788,0.6185576594857598,0.018168265745403728,277.71,11.175446299812817,0.986,0.016465452046971304,10652.528,14.086678340427294,3041.034388055922,24.68707858043716,6.991964737314211,0.023792516350451754,139.62975851876064,0.4744218343344614,1.0,0.0,0.8818031940468067,0.008837660488634503
tfinance,hgb_attributes,exposure_80,severe,weighted_bh_rand,0.09949499370283246,0.013618503854261332,0.6338238580109351,0.01621407415298117,286.85,10.641141333940103,0.994,0.009660917830792993,10652.528,14.086678340427294,3041.034388055922,24.68707858043716,6.991964737314211,0.023792516350451754,139.62975851876064,0.4744218343344614,1.0,0.0,0.8818031940468067,0.008837660488634503
tfinance,hgb_attributes,exposure_80,severe,weighted_by,0.0,0.0,0.0,0.0,0.0,0.0,0.0,0.0,10652.528,14.086678340427294,3041.034388055922,24.68707858043716,6.991964737314211,0.023792516350451754,139.62975851876064,0.4744218343344614,1.0,0.0,0.8818031940468067,0.008837660488634503
tfinance,hgb_attributes,zero_exposure,moderate,equal_alpha,0.035919283690098995,0.005668078993671337,0.6153850889728807,0.015640303225897947,259.164,6.592101671276355,1.0,0.0,8617.15,245.256071393871,4879.8610813422565,182.62229305268457,6.983272880406884,0.012757474832492422,34.90535173525293,0.06374715059990897,1.0,0.0,0.9049968542703318,0.010256184718110559
tfinance,hgb_attributes,zero_exposure,moderate,pooled_reference,0.08419730182119955,0.01020593215868125,0.644632708787444,0.009447543000646192,285.666,6.9475690392795295,1.0,0.0,8617.15,245.256071393871,4879.8610813422565,182.62229305268457,6.983272880406884,0.012757474832492422,34.90535173525293,0.06374715059990897,1.0,0.0,0.9049968542703318,0.010256184718110559
tfinance,hgb_attributes,zero_exposure,moderate,pooled_stratum,0.08827183045199202,0.009863161292637455,0.6462885136105748,0.014239288317134455,287.90999999999997,8.438005293511809,1.0,0.0,8617.15,245.256071393871,4879.8610813422565,182.62229305268457,6.983272880406884,0.012757474832492422,34.90535173525293,0.06374715059990897,1.0,0.0,0.9049968542703318,0.010256184718110559
tfinance,hgb_attributes,zero_exposure,moderate,size_alpha,0.03144065907254739,0.005257383759830342,0.6063234385231908,0.019095533302521367,254.20999999999998,8.29910436934813,1.0,0.0,8617.15,245.256071393871,4879.8610813422565,182.62229305268457,6.983272880406884,0.012757474832492422,34.90535173525293,0.06374715059990897,1.0,0.0,0.9049968542703318,0.010256184718110559
tfinance,hgb_attributes,zero_exposure,moderate,wcs_deterministic,0.018533682654167983,0.0064669126040810525,0.13255464837503364,0.03546416421905327,59.202,16.250963595361902,0.20400000000000001,0.05232377832092956,8617.15,245.256071393871,4879.8610813422565,182.62229305268457,6.983272880406884,0.012757474832492422,34.90535173525293,0.06374715059990897,1.0,0.0,0.9049968542703318,0.010256184718110559
tfinance,hgb_attributes,zero_exposure,moderate,wcs_homogeneous,0.09318160228127677,0.011261949409042486,0.6359646209026355,0.022563812048579962,285.286,12.199675951980582,0.984,0.02270584848790189,8617.15,245.256071393871,4879.8610813422565,182.62229305268457,6.983272880406884,0.012757474832492422,34.90535173525293,0.06374715059990897,1.0,0.0,0.9049968542703318,0.010256184718110559
tfinance,hgb_attributes,zero_exposure,moderate,wcs_rand_deterministic,0.039884462412823216,0.012544638360729657,0.2767844849048415,0.0688378098777164,124.05,31.923485259462367,0.426,0.10068653225619492,8617.15,245.256071393871,4879.8610813422565,182.62229305268457,6.983272880406884,0.012757474832492422,34.90535173525293,0.06374715059990897,1.0,0.0,0.9049968542703318,0.010256184718110559
tfinance,hgb_attributes,zero_exposure,moderate,wcs_rand_homogeneous,0.0962647416633782,0.010405776174434089,0.6455719880821665,0.01627680566931675,290.29,9.697198908275874,0.994,0.013498971154211054,8617.15,245.256071393871,4879.8610813422565,182.62229305268457,6.983272880406884,0.012757474832492422,34.90535173525293,0.06374715059990897,1.0,0.0,0.9049968542703318,0.010256184718110559
tfinance,hgb_attributes,zero_exposure,moderate,weighted_bh,0.09338719860795268,0.01039011692109168,0.646160475647425,0.010619685731062527,289.446,7.639057824394609,1.0,0.0,8617.15,245.256071393871,4879.8610813422565,182.62229305268457,6.983272880406884,0.012757474832492422,34.90535173525293,0.06374715059990897,1.0,0.0,0.9049968542703318,0.010256184718110559
tfinance,hgb_attributes,zero_exposure,moderate,weighted_bh_rand,0.09605201638550298,0.009846890383935361,0.6494865068928153,0.00998114758570649,291.794,7.207453241070796,1.0,0.0,8617.15,245.256071393871,4879.8610813422565,182.62229305268457,6.983272880406884,0.012757474832492422,34.90535173525293,0.06374715059990897,1.0,0.0,0.9049968542703318,0.010256184718110559
tfinance,hgb_attributes,zero_exposure,moderate,weighted_by,0.0,0.0,0.0,0.0,0.0,0.0,0.0,0.0,8617.15,245.256071393871,4879.8610813422565,182.62229305268457,6.983272880406884,0.012757474832492422,34.90535173525293,0.06374715059990897,1.0,0.0,0.9049968542703318,0.010256184718110559
tfinance,hgb_attributes,zero_exposure,neutral,equal_alpha,0.042229255908034155,0.0051465408259434705,0.6289838182335041,0.012054223940931247,266.364,4.972214351328336,1.0,0.0,12670.011999999999,13.681192930443293,12670.011999999999,13.681192930443293,6.988840766579481,0.007510612614264703,6.988840766579481,0.007510612614264703,1.0,0.0,0.9049968542703318,0.010256184718110559
tfinance,hgb_attributes,zero_exposure,neutral,pooled_reference,0.09490502053690322,0.011044819784224079,0.6518603546702478,0.008788971156758559,292.3,7.097598968039223,1.0,0.0,12670.011999999999,13.681192930443293,12670.011999999999,13.681192930443293,6.988840766579481,0.007510612614264703,6.988840766579481,0.007510612614264703,1.0,0.0,0.9049968542703318,0.010256184718110559
tfinance,hgb_attributes,zero_exposure,neutral,pooled_stratum,0.09273831033505828,0.010299719881155777,0.6597497727225083,0.009910706150271455,295.07,6.658543384254552,1.0,0.0,12670.011999999999,13.681192930443293,12670.011999999999,13.681192930443293,6.988840766579481,0.007510612614264703,6.988840766579481,0.007510612614264703,1.0,0.0,0.9049968542703318,0.010256184718110559
tfinance,hgb_attributes,zero_exposure,neutral,size_alpha,0.035137622537944155,0.004520513594604165,0.6216608823336857,0.012838184625008619,261.332,5.784901420460377,1.0,0.0,12670.011999999999,13.681192930443293,12670.011999999999,13.681192930443293,6.988840766579481,0.007510612614264703,6.988840766579481,0.007510612614264703,1.0,0.0,0.9049968542703318,0.010256184718110559
tfinance,hgb_attributes,zero_exposure,neutral,wcs_deterministic,0.09490502053690322,0.011044819784224079,0.6518603546702478,0.008788971156758559,292.3,7.097598968039223,1.0,0.0,12670.011999999999,13.681192930443293,12670.011999999999,13.681192930443293,6.988840766579481,0.007510612614264703,6.988840766579481,0.007510612614264703,1.0,0.0,0.9049968542703318,0.010256184718110559
tfinance,hgb_attributes,zero_exposure,neutral,wcs_homogeneous,0.09490502053690322,0.011044819784224079,0.6518603546702478,0.008788971156758559,292.3,7.097598968039223,1.0,0.0,12670.011999999999,13.681192930443293,12670.011999999999,13.681192930443293,6.988840766579481,0.007510612614264703,6.988840766579481,0.007510612614264703,1.0,0.0,0.9049968542703318,0.010256184718110559
tfinance,hgb_attributes,zero_exposure,neutral,wcs_rand_deterministic,0.09551157539862136,0.011060887078250262,0.6521957632013662,0.008698723128403309,292.648,7.0900380817030815,1.0,0.0,12670.011999999999,13.681192930443293,12670.011999999999,13.681192930443293,6.988840766579481,0.007510612614264703,6.988840766579481,0.007510612614264703,1.0,0.0,0.9049968542703318,0.010256184718110559
tfinance,hgb_attributes,zero_exposure,neutral,wcs_rand_homogeneous,0.09587105270456524,0.010995380439345042,0.6524032609424759,0.008638306090077348,292.858,7.049005918882764,1.0,0.0,12670.011999999999,13.681192930443293,12670.011999999999,13.681192930443293,6.988840766579481,0.007510612614264703,6.988840766579481,0.007510612614264703,1.0,0.0,0.9049968542703318,0.010256184718110559
tfinance,hgb_attributes,zero_exposure,neutral,weighted_bh,0.09490502053690322,0.011044819784224079,0.6518603546702478,0.008788971156758559,292.3,7.097598968039223,1.0,0.0,12670.011999999999,13.681192930443293,12670.011999999999,13.681192930443293,6.988840766579481,0.007510612614264703,6.988840766579481,0.007510612614264703,1.0,0.0,0.9049968542703318,0.010256184718110559
tfinance,hgb_attributes,zero_exposure,neutral,weighted_bh_rand,0.09585020168094098,0.011011649883437427,0.6523934338367944,0.008634670848626765,292.846,7.043831343807163,1.0,0.0,12670.011999999999,13.681192930443293,12670.011999999999,13.681192930443293,6.988840766579481,0.007510612614264703,6.988840766579481,0.007510612614264703,1.0,0.0,0.9049968542703318,0.010256184718110559
tfinance,hgb_attributes,zero_exposure,neutral,weighted_by,0.010075523157494411,0.0033383528129554423,0.4158785213699015,0.08520396045652824,170.856,35.376859731248686,0.866,0.17864925288272424,12670.011999999999,13.681192930443293,12670.011999999999,13.681192930443293,6.988840766579481,0.007510612614264703,6.988840766579481,0.007510612614264703,1.0,0.0,0.9049968542703318,0.010256184718110559
tfinance,hgb_attributes,zero_exposure,severe,equal_alpha,0.024122406563302886,0.009576955827833388,0.12486701603487889,0.043032968736573605,56.620000000000005,19.44740828205365,0.21400000000000002,0.09287985070329662,7855.262,292.5726571032307,1477.942018937068,80.84319876878017,6.98331109601331,0.02813508778631024,139.4571400486579,0.5610164649016245,1.0,0.0,0.9049968542703318,0.010256184718110559
tfinance,hgb_attributes,zero_exposure,severe,pooled_reference,0.08176317195338091,0.010799900556836845,0.6428676202634546,0.009850249659404776,284.14,7.395680420954433,1.0,0.0,7855.262,292.5726571032307,1477.942018937068,80.84319876878017,6.98331109601331,0.02813508778631024,139.4571400486579,0.5610164649016245,1.0,0.0,0.9049968542703318,0.010256184718110559
tfinance,hgb_attributes,zero_exposure,severe,pooled_stratum,0.03491196037011469,0.019254242416390503,0.07710481711774636,0.04756637649248092,37.838,22.916108744723658,0.20600000000000002,0.1420641482648674,7855.262,292.5726571032307,1477.942018937068,80.84319876878017,6.98331109601331,0.02813508778631024,139.4571400486579,0.5610164649016245,1.0,0.0,0.9049968542703318,0.010256184718110559
tfinance,hgb_attributes,zero_exposure,severe,size_alpha,0.022411258851771736,0.01641169986691798,0.019901071840456825,0.01464592347052712,9.732000000000001,7.20088389636223,0.13,0.14522013940527978,7855.262,292.5726571032307,1477.942018937068,80.84319876878017,6.98331109601331,0.02813508778631024,139.4571400486579,0.5610164649016245,1.0,0.0,0.9049968542703318,0.010256184718110559
tfinance,hgb_attributes,zero_exposure,severe,wcs_deterministic,0.0022729651572393162,0.0014400555656827094,0.0213850113610077,0.014578203767166497,9.312000000000001,6.296434264283591,0.033999999999999996,0.023190036174568118,7855.262,292.5726571032307,1477.942018937068,80.84319876878017,6.98331109601331,0.02813508778631024,139.4571400486579,0.5610164649016245,1.0,0.0,0.9049968542703318,0.010256184718110559
tfinance,hgb_attributes,zero_exposure,severe,wcs_homogeneous,0.09120264117738089,0.011199060719069238,0.5821783545351268,0.02645564785285111,261.84000000000003,13.774243274233882,0.938,0.033266599866332354,7855.262,292.5726571032307,1477.942018937068,80.84319876878017,6.98331109601331,0.02813508778631024,139.4571400486579,0.5610164649016245,1.0,0.0,0.9049968542703318,0.010256184718110559
tfinance,hgb_attributes,zero_exposure,severe,wcs_rand_deterministic,0.006679121473514393,0.003193810926668718,0.05742455376509238,0.03019276425646173,25.218,13.185148041978476,0.09,0.04642796092394707,7855.262,292.5726571032307,1477.942018937068,80.84319876878017,6.98331109601331,0.02813508778631024,139.4571400486579,0.5610164649016245,1.0,0.0,0.9049968542703318,0.010256184718110559
tfinance,hgb_attributes,zero_exposure,severe,wcs_rand_homogeneous,0.09967941070190914,0.010534127415336,0.6182091778142562,0.019978474439440615,280.342,10.590937215898851,0.968,0.023475755815545372,7855.262,292.5726571032307,1477.942018937068,80.84319876878017,6.98331109601331,0.02813508778631024,139.4571400486579,0.5610164649016245,1.0,0.0,0.9049968542703318,0.010256184718110559
tfinance,hgb_attributes,zero_exposure,severe,weighted_bh,0.09211276265141877,0.013077329225865152,0.6184582134312958,0.018323791477366395,277.53000000000003,11.152164712636635,0.986,0.016465452046971304,7855.262,292.5726571032307,1477.942018937068,80.84319876878017,6.98331109601331,0.02813508778631024,139.4571400486579,0.5610164649016245,1.0,0.0,0.9049968542703318,0.010256184718110559
tfinance,hgb_attributes,zero_exposure,severe,weighted_bh_rand,0.09922782901164903,0.013279222959890043,0.6339300293398479,0.016350340258649464,286.898,10.651745605507323,0.992,0.013984117975602022,7855.262,292.5726571032307,1477.942018937068,80.84319876878017,6.98331109601331,0.02813508778631024,139.4571400486579,0.5610164649016245,1.0,0.0,0.9049968542703318,0.010256184718110559
tfinance,hgb_attributes,zero_exposure,severe,weighted_by,0.0,0.0,0.0,0.0,0.0,0.0,0.0,0.0,7855.262,292.5726571032307,1477.942018937068,80.84319876878017,6.98331109601331,0.02813508778631024,139.4571400486579,0.5610164649016245,1.0,0.0,0.9049968542703318,0.010256184718110559
tfinance,hgb_graph_features,exposure_80,moderate,equal_alpha,0.03349091183372123,0.004179147941822459,0.7077350018910782,0.014163700766964606,297.29,6.610142039152988,1.0,0.0,10971.244,14.3623142672449,7586.462727824267,15.23169134265217,6.988996651557864,0.01351350076544059,34.93395359132954,0.06752469113049786,1.0,0.0,0.8818031940468067,0.008837660488634503
tfinance,hgb_graph_features,exposure_80,moderate,pooled_reference,0.15378145573456173,0.016482328467760918,0.8182976516967374,0.013573146617084367,392.674,12.900143151660517,1.0,0.0,10971.244,14.3623142672449,7586.462727824267,15.23169134265217,6.988996651557864,0.01351350076544059,34.93395359132954,0.06752469113049786,1.0,0.0,0.8818031940468067,0.008837660488634503
tfinance,hgb_graph_features,exposure_80,moderate,pooled_stratum,0.09222857556455119,0.005457969186371626,0.6403223988902834,0.03763678719420353,287.22400000000005,17.18615928912306,0.9640000000000001,0.04087922591134906,10971.244,14.3623142672449,7586.462727824267,15.23169134265217,6.988996651557864,0.01351350076544059,34.93395359132954,0.06752469113049786,1.0,0.0,0.8818031940468067,0.008837660488634503
tfinance,hgb_graph_features,exposure_80,moderate,size_alpha,0.016590698942274426,0.006344911362969256,0.5652969467079478,0.06983230627983587,232.81,28.78177857217614,0.9,0.09843215373488935,10971.244,14.3623142672449,7586.462727824267,15.23169134265217,6.988996651557864,0.01351350076544059,34.93395359132954,0.06752469113049786,1.0,0.0,0.8818031940468067,0.008837660488634503
tfinance,hgb_graph_features,exposure_80,moderate,wcs_deterministic,0.029219388889136156,0.00838095070252173,0.2385834529980606,0.07220390848751773,107.28400000000002,32.00370089710112,0.302,0.09162726425881959,10971.244,14.3623142672449,7586.462727824267,15.23169134265217,6.988996651557864,0.01351350076544059,34.93395359132954,0.06752469113049786,1.0,0.0,0.8818031940468067,0.008837660488634503
tfinance,hgb_graph_features,exposure_80,moderate,wcs_homogeneous,0.09373140822287328,0.006055185707407881,0.7726095837790276,0.017402402168786066,346.798,9.24756520508087,0.984,0.012649110640673547,10971.244,14.3623142672449,7586.462727824267,15.23169134265217,6.988996651557864,0.01351350076544059,34.93395359132954,0.06752469113049786,1.0,0.0,0.8818031940468067,0.008837660488634503
tfinance,hgb_graph_features,exposure_80,moderate,wcs_rand_deterministic,0.04773292169873625,0.010990663360210855,0.3899281458212641,0.08713608924222353,175.25,38.870234541784455,0.49400000000000005,0.10956479564369405,10971.244,14.3623142672449,7586.462727824267,15.23169134265217,6.988996651557864,0.01351350076544059,34.93395359132954,0.06752469113049786,1.0,0.0,0.8818031940468067,0.008837660488634503
tfinance,hgb_graph_features,exposure_80,moderate,wcs_rand_homogeneous,0.09675091444069814,0.00622612340613629,0.7799626038846956,0.014494315021934169,351.07,8.365980051507547,0.99,0.010540925533894603,10971.244,14.3623142672449,7586.462727824267,15.23169134265217,6.988996651557864,0.01351350076544059,34.93395359132954,0.06752469113049786,1.0,0.0,0.8818031940468067,0.008837660488634503
tfinance,hgb_graph_features,exposure_80,moderate,weighted_bh,0.09503317438540643,0.005422940015341641,0.7854128412216352,0.012900011585107674,352.46999999999997,7.113500466640096,1.0,0.0,10971.244,14.3623142672449,7586.462727824267,15.23169134265217,6.988996651557864,0.01351350076544059,34.93395359132954,0.06752469113049786,1.0,0.0,0.8818031940468067,0.008837660488634503
tfinance,hgb_graph_features,exposure_80,moderate,weighted_bh_rand,0.09777144450982768,0.005516729511920156,0.7881063453108894,0.012513373160127511,354.756,6.896387460112722,1.0,0.0,10971.244,14.3623142672449,7586.462727824267,15.23169134265217,6.988996651557864,0.01351350076544059,34.93395359132954,0.06752469113049786,1.0,0.0,0.8818031940468067,0.008837660488634503
tfinance,hgb_graph_features,exposure_80,moderate,weighted_by,0.0,0.0,0.0,0.0,0.0,0.0,0.0,0.0,10971.244,14.3623142672449,7586.462727824267,15.23169134265217,6.988996651557864,0.01351350076544059,34.93395359132954,0.06752469113049786,1.0,0.0,0.8818031940468067,0.008837660488634503
tfinance,hgb_graph_features,exposure_80,neutral,equal_alpha,0.03995530184470324,0.005173393801462221,0.7258014932908295,0.011888666499137087,306.592,4.622824533406697,1.0,0.0,12670.011999999999,13.681192930443293,12670.011999999999,13.681192930443293,6.988840766579481,0.007510612614264703,6.988840766579481,0.007510612614264703,1.0,0.0,0.8818031940468067,0.008837660488634503
tfinance,hgb_graph_features,exposure_80,neutral,pooled_reference,0.09771828756697806,0.007346919363062183,0.7906362961473589,0.011691651735663269,355.552,6.912444172971267,1.0,0.0,12670.011999999999,13.681192930443293,12670.011999999999,13.681192930443293,6.988840766579481,0.007510612614264703,6.988840766579481,0.007510612614264703,1.0,0.0,0.8818031940468067,0.008837660488634503
tfinance,hgb_graph_features,exposure_80,neutral,pooled_stratum,0.09980084686164985,0.005414106197754795,0.7219707307592619,0.012208350285369467,325.402,6.538674347466929,1.0,0.0,12670.011999999999,13.681192930443293,12670.011999999999,13.681192930443293,6.988840766579481,0.007510612614264703,6.988840766579481,0.007510612614264703,1.0,0.0,0.8818031940468067,0.008837660488634503
tfinance,hgb_graph_features,exposure_80,neutral,size_alpha,0.01577479968170943,0.003957912993120082,0.6695003090198498,0.016523629617050353,275.878,7.866793501802384,1.0,0.0,12670.011999999999,13.681192930443293,12670.011999999999,13.681192930443293,6.988840766579481,0.007510612614264703,6.988840766579481,0.007510612614264703,1.0,0.0,0.8818031940468067,0.008837660488634503
tfinance,hgb_graph_features,exposure_80,neutral,wcs_deterministic,0.09771828756697806,0.007346919363062183,0.7906362961473589,0.011691651735663269,355.552,6.912444172971267,1.0,0.0,12670.011999999999,13.681192930443293,12670.011999999999,13.681192930443293,6.988840766579481,0.007510612614264703,6.988840766579481,0.007510612614264703,1.0,0.0,0.8818031940468067,0.008837660488634503
tfinance,hgb_graph_features,exposure_80,neutral,wcs_homogeneous,0.09771828756697806,0.007346919363062183,0.7906362961473589,0.011691651735663269,355.552,6.912444172971267,1.0,0.0,12670.011999999999,13.681192930443293,12670.011999999999,13.681192930443293,6.988840766579481,0.007510612614264703,6.988840766579481,0.007510612614264703,1.0,0.0,0.8818031940468067,0.008837660488634503
tfinance,hgb_graph_features,exposure_80,neutral,wcs_rand_deterministic,0.09810689889500365,0.007395876145173094,0.7909863736563026,0.011620149129274343,355.864,6.9276823124492575,1.0,0.0,12670.011999999999,13.681192930443293,12670.011999999999,13.681192930443293,6.988840766579481,0.007510612614264703,6.988840766579481,0.007510612614264703,1.0,0.0,0.8818031940468067,0.008837660488634503
tfinance,hgb_graph_features,exposure_80,neutral,wcs_rand_homogeneous,0.09834154904312117,0.007413093553931648,0.791168825724031,0.01153583255013757,356.038,6.895076826580273,1.0,0.0,12670.011999999999,13.681192930443293,12670.011999999999,13.681192930443293,6.988840766579481,0.007510612614264703,6.988840766579481,0.007510612614264703,1.0,0.0,0.8818031940468067,0.008837660488634503
tfinance,hgb_graph_features,exposure_80,neutral,weighted_bh,0.09771828756697806,0.007346919363062183,0.7906362961473589,0.011691651735663269,355.552,6.912444172971267,1.0,0.0,12670.011999999999,13.681192930443293,12670.011999999999,13.681192930443293,6.988840766579481,0.007510612614264703,6.988840766579481,0.007510612614264703,1.0,0.0,0.8818031940468067,0.008837660488634503
tfinance,hgb_graph_features,exposure_80,neutral,weighted_bh_rand,0.09843800772683811,0.0073183849353227375,0.7911639850013722,0.011576040324536765,356.074,6.876349483717523,1.0,0.0,12670.011999999999,13.681192930443293,12670.011999999999,13.681192930443293,6.988840766579481,0.007510612614264703,6.988840766579481,0.007510612614264703,1.0,0.0,0.8818031940468067,0.008837660488634503
tfinance,hgb_graph_features,exposure_80,neutral,weighted_by,0.008842912465952911,0.002939496797865066,0.6056550939534959,0.021239462482305255,247.852,8.621704910025363,1.0,0.0,12670.011999999999,13.681192930443293,12670.011999999999,13.681192930443293,6.988840766579481,0.007510612614264703,6.988840766579481,0.007510612614264703,1.0,0.0,0.8818031940468067,0.008837660488634503
tfinance,hgb_graph_features,exposure_80,severe,equal_alpha,0.02446395380619095,0.008644903480060842,0.19609042250291978,0.03147919100744454,86.74600000000001,13.942456502830957,0.274,0.059665735560705195,10652.528,14.086678340427294,3041.034388055922,24.68707858043716,6.991964737314211,0.023792516350451754,139.62975851876064,0.4744218343344614,1.0,0.0,0.8818031940468067,0.008837660488634503
tfinance,hgb_graph_features,exposure_80,severe,pooled_reference,0.1722601375794887,0.019444935469123514,0.8240982971275536,0.013468437131939587,404.34,14.651898625547942,1.0,0.0,10652.528,14.086678340427294,3041.034388055922,24.68707858043716,6.991964737314211,0.023792516350451754,139.62975851876064,0.4744218343344614,1.0,0.0,0.8818031940468067,0.008837660488634503
tfinance,hgb_graph_features,exposure_80,severe,pooled_stratum,0.03780886499121793,0.029267722841927468,0.004915804379556398,0.007002506875099067,2.484,3.221039169791845,0.192,0.21627143439052077,10652.528,14.086678340427294,3041.034388055922,24.68707858043716,6.991964737314211,0.023792516350451754,139.62975851876064,0.4744218343344614,1.0,0.0,0.8818031940468067,0.008837660488634503
tfinance,hgb_graph_features,exposure_80,severe,size_alpha,0.03780886499121793,0.029267722841927468,0.004915804379556398,0.007002506875099067,2.484,3.221039169791845,0.192,0.21627143439052077,10652.528,14.086678340427294,3041.034388055922,24.68707858043716,6.991964737314211,0.023792516350451754,139.62975851876064,0.4744218343344614,1.0,0.0,0.8818031940468067,0.008837660488634503
tfinance,hgb_graph_features,exposure_80,severe,wcs_deterministic,0.004033010520958398,0.003397633348332758,0.0427177708450159,0.03009042848859867,18.788,13.39434109366091,0.05800000000000001,0.039384147967311815,10652.528,14.086678340427294,3041.034388055922,24.68707858043716,6.991964737314211,0.023792516350451754,139.62975851876064,0.4744218343344614,1.0,0.0,0.8818031940468067,0.008837660488634503
tfinance,hgb_graph_features,exposure_80,severe,wcs_homogeneous,0.08471750184846392,0.007429739425965317,0.729722837057112,0.017915174437404494,326.158,9.449545315340139,0.97,0.01699673171197597,10652.528,14.086678340427294,3041.034388055922,24.68707858043716,6.991964737314211,0.023792516350451754,139.62975851876064,0.4744218343344614,1.0,0.0,0.8818031940468067,0.008837660488634503
tfinance,hgb_graph_features,exposure_80,severe,wcs_rand_deterministic,0.010976608670191838,0.004483954939175138,0.11709754920973241,0.039085798552535904,51.35,17.224404521234142,0.156,0.05059644256269407,10652.528,14.086678340427294,3041.034388055922,24.68707858043716,6.991964737314211,0.023792516350451754,139.62975851876064,0.4744218343344614,1.0,0.0,0.8818031940468067,0.008837660488634503
tfinance,hgb_graph_features,exposure_80,severe,wcs_rand_homogeneous,0.0979188878794884,0.007567808519208632,0.765768142325142,0.012376502821114573,346.46799999999996,7.063698747823262,0.99,0.014142135623730972,10652.528,14.086678340427294,3041.034388055922,24.68707858043716,6.991964737314211,0.023792516350451754,139.62975851876064,0.4744218343344614,1.0,0.0,0.8818031940468067,0.008837660488634503
tfinance,hgb_graph_features,exposure_80,severe,weighted_bh,0.08848316283342858,0.007927332993195063,0.7617057646713412,0.01750147788313336,340.67400000000004,10.127538035804474,1.0,0.0,10652.528,14.086678340427294,3041.034388055922,24.68707858043716,6.991964737314211,0.023792516350451754,139.62975851876064,0.4744218343344614,1.0,0.0,0.8818031940468067,0.008837660488634503
tfinance,hgb_graph_features,exposure_80,severe,weighted_bh_rand,0.09956858020923123,0.007834563357207119,0.779587375442578,0.0121176393351197,352.87,7.5656372280639115,1.0,0.0,10652.528,14.086678340427294,3041.034388055922,24.68707858043716,6.991964737314211,0.023792516350451754,139.62975851876064,0.4744218343344614,1.0,0.0,0.8818031940468067,0.008837660488634503
tfinance,hgb_graph_features,exposure_80,severe,weighted_by,0.0,0.0,0.0,0.0,0.0,0.0,0.0,0.0,10652.528,14.086678340427294,3041.034388055922,24.68707858043716,6.991964737314211,0.023792516350451754,139.62975851876064,0.4744218343344614,1.0,0.0,0.8818031940468067,0.008837660488634503
tfinance,hgb_graph_features,zero_exposure,moderate,equal_alpha,0.04000967464330628,0.004310786690787621,0.7219597089273163,0.01589635997076168,305.338,7.155333364390195,1.0,0.0,8617.15,245.256071393871,4879.8610813422565,182.62229305268457,6.983272880406884,0.012757474832492422,34.90535173525293,0.06374715059990897,1.0,0.0,0.9049968542703318,0.010256184718110559
tfinance,hgb_graph_features,zero_exposure,moderate,pooled_reference,0.12969955494637714,0.017019249515180027,0.8082375372788807,0.015440485557703339,377.098,13.35178539871479,1.0,0.0,8617.15,245.256071393871,4879.8610813422565,182.62229305268457,6.983272880406884,0.012757474832492422,34.90535173525293,0.06374715059990897,1.0,0.0,0.9049968542703318,0.010256184718110559
tfinance,hgb_graph_features,zero_exposure,moderate,pooled_stratum,0.09486181936646641,0.004874016330185089,0.7560904750871205,0.011988561168030052,339.236,5.927561237323686,1.0,0.0,8617.15,245.256071393871,4879.8610813422565,182.62229305268457,6.983272880406884,0.012757474832492422,34.90535173525293,0.06374715059990897,1.0,0.0,0.9049968542703318,0.010256184718110559
tfinance,hgb_graph_features,zero_exposure,moderate,size_alpha,0.03213759014817051,0.005427805683774753,0.7088919127325184,0.015211338642439613,297.346,7.48664618578379,1.0,0.0,8617.15,245.256071393871,4879.8610813422565,182.62229305268457,6.983272880406884,0.012757474832492422,34.90535173525293,0.06374715059990897,1.0,0.0,0.9049968542703318,0.010256184718110559
tfinance,hgb_graph_features,zero_exposure,moderate,wcs_deterministic,0.026142152248655577,0.007597228510003039,0.2075212938264312,0.05667919796643806,93.616,25.675092642914112,0.262,0.07146094504459528,8617.15,245.256071393871,4879.8610813422565,182.62229305268457,6.983272880406884,0.012757474832492422,34.90535173525293,0.06374715059990897,1.0,0.0,0.9049968542703318,0.010256184718110559
tfinance,hgb_graph_features,zero_exposure,moderate,wcs_homogeneous,0.09469501396765938,0.005265745334888129,0.7791920344198988,0.017288368868030618,349.846,8.54371790004534,0.992,0.010327955589886459,8617.15,245.256071393871,4879.8610813422565,182.62229305268457,6.983272880406884,0.012757474832492422,34.90535173525293,0.06374715059990897,1.0,0.0,0.9049968542703318,0.010256184718110559
tfinance,hgb_graph_features,zero_exposure,moderate,wcs_rand_deterministic,0.04369669570110242,0.008065628443623568,0.34957718141571126,0.06564726518173347,157.572,29.3816468791886,0.442,0.08350648677398262,8617.15,245.256071393871,4879.8610813422565,182.62229305268457,6.983272880406884,0.012757474832492422,34.90535173525293,0.06374715059990897,1.0,0.0,0.9049968542703318,0.010256184718110559
tfinance,hgb_graph_features,zero_exposure,moderate,wcs_rand_homogeneous,0.09781799245216927,0.005550353734831761,0.7850453877860534,0.01620260131771294,353.54200000000003,8.144808571517622,0.9960000000000001,0.008432740427115707,8617.15,245.256071393871,4879.8610813422565,182.62229305268457,6.983272880406884,0.012757474832492422,34.90535173525293,0.06374715059990897,1.0,0.0,0.9049968542703318,0.010256184718110559
tfinance,hgb_graph_features,zero_exposure,moderate,weighted_bh,0.09507825498793747,0.005398029428438692,0.7855368187419929,0.012306560568525513,352.554,6.733261055717687,1.0,0.0,8617.15,245.256071393871,4879.8610813422565,182.62229305268457,6.983272880406884,0.012757474832492422,34.90535173525293,0.06374715059990897,1.0,0.0,0.9049968542703318,0.010256184718110559
tfinance,hgb_graph_features,zero_exposure,moderate,weighted_bh_rand,0.09793466990193453,0.005479983272348482,0.7882992372743886,0.012038816688536203,354.906,6.591955029512186,1.0,0.0,8617.15,245.256071393871,4879.8610813422565,182.62229305268457,6.983272880406884,0.012757474832492422,34.90535173525293,0.06374715059990897,1.0,0.0,0.9049968542703318,0.010256184718110559
tfinance,hgb_graph_features,zero_exposure,moderate,weighted_by,0.0,0.0,0.0,0.0,0.0,0.0,0.0,0.0,8617.15,245.256071393871,4879.8610813422565,182.62229305268457,6.983272880406884,0.012757474832492422,34.90535173525293,0.06374715059990897,1.0,0.0,0.9049968542703318,0.010256184718110559
tfinance,hgb_graph_features,zero_exposure,neutral,equal_alpha,0.04452986212706958,0.006307690886785504,0.7358260567011216,0.013181039702268261,312.31399999999996,4.958718920581525,1.0,0.0,12670.011999999999,13.681192930443293,12670.011999999999,13.681192930443293,6.988840766579481,0.007510612614264703,6.988840766579481,0.007510612614264703,1.0,0.0,0.9049968542703318,0.010256184718110559
tfinance,hgb_graph_features,zero_exposure,neutral,pooled_reference,0.09771828756697806,0.007346919363062183,0.7906362961473589,0.011691651735663269,355.552,6.912444172971267,1.0,0.0,12670.011999999999,13.681192930443293,12670.011999999999,13.681192930443293,6.988840766579481,0.007510612614264703,6.988840766579481,0.007510612614264703,1.0,0.0,0.9049968542703318,0.010256184718110559
tfinance,hgb_graph_features,zero_exposure,neutral,pooled_stratum,0.09962999901039091,0.005773075959745844,0.7720326336814998,0.009785705267093027,347.88,4.675648499287444,1.0,0.0,12670.011999999999,13.681192930443293,12670.011999999999,13.681192930443293,6.988840766579481,0.007510612614264703,6.988840766579481,0.007510612614264703,1.0,0.0,0.9049968542703318,0.010256184718110559
tfinance,hgb_graph_features,zero_exposure,neutral,size_alpha,0.03822855809297463,0.0057093273545813115,0.727770094724009,0.012523004682869664,306.88599999999997,5.575924836094686,1.0,0.0,12670.011999999999,13.681192930443293,12670.011999999999,13.681192930443293,6.988840766579481,0.007510612614264703,6.988840766579481,0.007510612614264703,1.0,0.0,0.9049968542703318,0.010256184718110559
tfinance,hgb_graph_features,zero_exposure,neutral,wcs_deterministic,0.09771828756697806,0.007346919363062183,0.7906362961473589,0.011691651735663269,355.552,6.912444172971267,1.0,0.0,12670.011999999999,13.681192930443293,12670.011999999999,13.681192930443293,6.988840766579481,0.007510612614264703,6.988840766579481,0.007510612614264703,1.0,0.0,0.9049968542703318,0.010256184718110559
tfinance,hgb_graph_features,zero_exposure,neutral,wcs_homogeneous,0.09771828756697806,0.007346919363062183,0.7906362961473589,0.011691651735663269,355.552,6.912444172971267,1.0,0.0,12670.011999999999,13.681192930443293,12670.011999999999,13.681192930443293,6.988840766579481,0.007510612614264703,6.988840766579481,0.007510612614264703,1.0,0.0,0.9049968542703318,0.010256184718110559
tfinance,hgb_graph_features,zero_exposure,neutral,wcs_rand_deterministic,0.0981722882051297,0.007349308387309056,0.7909818117333465,0.011671759381102804,355.88800000000003,6.931090662931608,1.0,0.0,12670.011999999999,13.681192930443293,12670.011999999999,13.681192930443293,6.988840766579481,0.007510612614264703,6.988840766579481,0.007510612614264703,1.0,0.0,0.9049968542703318,0.010256184718110559
tfinance,hgb_graph_features,zero_exposure,neutral,wcs_rand_homogeneous,0.09848237740523491,0.007399778001322709,0.7911049905680776,0.01162572985215232,356.066,6.900654075279145,1.0,0.0,12670.011999999999,13.681192930443293,12670.011999999999,13.681192930443293,6.988840766579481,0.007510612614264703,6.988840766579481,0.007510612614264703,1.0,0.0,0.9049968542703318,0.010256184718110559
tfinance,hgb_graph_features,zero_exposure,neutral,weighted_bh,0.09771828756697806,0.007346919363062183,0.7906362961473589,0.011691651735663269,355.552,6.912444172971267,1.0,0.0,12670.011999999999,13.681192930443293,12670.011999999999,13.681192930443293,6.988840766579481,0.007510612614264703,6.988840766579481,0.007510612614264703,1.0,0.0,0.9049968542703318,0.010256184718110559
tfinance,hgb_graph_features,zero_exposure,neutral,weighted_bh_rand,0.09845526984398965,0.007313483773834816,0.7911396079688254,0.01159433087409034,356.072,6.8470152459139335,1.0,0.0,12670.011999999999,13.681192930443293,12670.011999999999,13.681192930443293,6.988840766579481,0.007510612614264703,6.988840766579481,0.007510612614264703,1.0,0.0,0.9049968542703318,0.010256184718110559
tfinance,hgb_graph_features,zero_exposure,neutral,weighted_by,0.008842912465952911,0.002939496797865066,0.6056550939534959,0.021239462482305255,247.852,8.621704910025363,1.0,0.0,12670.011999999999,13.681192930443293,12670.011999999999,13.681192930443293,6.988840766579481,0.007510612614264703,6.988840766579481,0.007510612614264703,1.0,0.0,0.9049968542703318,0.010256184718110559
tfinance,hgb_graph_features,zero_exposure,severe,equal_alpha,0.03633527505396153,0.0074030497606131515,0.43668631964824867,0.05224304861680751,189.072,22.72366206793653,0.5900000000000001,0.07007932013876213,7855.262,292.5726571032307,1477.942018937068,80.84319876878017,6.98331109601331,0.02813508778631024,139.4571400486579,0.5610164649016245,1.0,0.0,0.9049968542703318,0.010256184718110559
tfinance,hgb_graph_features,zero_exposure,severe,pooled_reference,0.14224093456135,0.022091392855442888,0.813572229123108,0.01606907174992085,385.258,16.226251569601647,1.0,0.0,7855.262,292.5726571032307,1477.942018937068,80.84319876878017,6.98331109601331,0.02813508778631024,139.4571400486579,0.5610164649016245,1.0,0.0,0.9049968542703318,0.010256184718110559
tfinance,hgb_graph_features,zero_exposure,severe,pooled_stratum,0.05753434963766213,0.014750750480852688,0.3222881362739017,0.1450721533421381,149.622,65.86172144053867,0.458,0.18581950621204676,7855.262,292.5726571032307,1477.942018937068,80.84319876878017,6.98331109601331,0.02813508778631024,139.4571400486579,0.5610164649016245,1.0,0.0,0.9049968542703318,0.010256184718110559
tfinance,hgb_graph_features,zero_exposure,severe,size_alpha,0.026033999690653165,0.01086674259275304,0.12157726172724286,0.09765362078399452,54.584,43.1839268452717,0.23399999999999999,0.1715420259489396,7855.262,292.5726571032307,1477.942018937068,80.84319876878017,6.98331109601331,0.02813508778631024,139.4571400486579,0.5610164649016245,1.0,0.0,0.9049968542703318,0.010256184718110559
tfinance,hgb_graph_features,zero_exposure,severe,wcs_deterministic,0.005473140614428678,0.0018069721615341298,0.06139067707147422,0.024774560659053996,26.85,10.49841998694195,0.08399999999999999,0.03864367132317184,7855.262,292.5726571032307,1477.942018937068,80.84319876878017,6.98331109601331,0.02813508778631024,139.4571400486579,0.5610164649016245,1.0,0.0,0.9049968542703318,0.010256184718110559
tfinance,hgb_graph_features,zero_exposure,severe,wcs_homogeneous,0.08629667398644134,0.008527116266328856,0.7378377825570751,0.026676689845079832,330.07800000000003,13.845035853249975,0.978,0.017511900715418277,7855.262,292.5726571032307,1477.942018937068,80.84319876878017,6.98331109601331,0.02813508778631024,139.4571400486579,0.5610164649016245,1.0,0.0,0.9049968542703318,0.010256184718110559
tfinance,hgb_graph_features,zero_exposure,severe,wcs_rand_deterministic,0.01332025257123104,0.0030450259715759415,0.1354523033397514,0.03128062671821736,59.686,13.71197384283775,0.18,0.04714045207910316,7855.262,292.5726571032307,1477.942018937068,80.84319876878017,6.98331109601331,0.02813508778631024,139.4571400486579,0.5610164649016245,1.0,0.0,0.9049968542703318,0.010256184718110559
tfinance,hgb_graph_features,zero_exposure,severe,wcs_rand_homogeneous,0.09795576773475906,0.0080183756064122,0.7632294547704335,0.018626582620616602,345.474,10.217858223065466,0.984,0.015776212754932323,7855.262,292.5726571032307,1477.942018937068,80.84319876878017,6.98331109601331,0.02813508778631024,139.4571400486579,0.5610164649016245,1.0,0.0,0.9049968542703318,0.010256184718110559
tfinance,hgb_graph_features,zero_exposure,severe,weighted_bh,0.08762658790141373,0.008172988720867191,0.7609218912456183,0.01742442675233499,340.028,10.21145413521284,1.0,0.0,7855.262,292.5726571032307,1477.942018937068,80.84319876878017,6.98331109601331,0.02813508778631024,139.4571400486579,0.5610164649016245,1.0,0.0,0.9049968542703318,0.010256184718110559
tfinance,hgb_graph_features,zero_exposure,severe,weighted_bh_rand,0.09954559414368143,0.00761478755993401,0.7793313034626508,0.01194988736031395,352.776,7.476528011792027,1.0,0.0,7855.262,292.5726571032307,1477.942018937068,80.84319876878017,6.98331109601331,0.02813508778631024,139.4571400486579,0.5610164649016245,1.0,0.0,0.9049968542703318,0.010256184718110559
tfinance,hgb_graph_features,zero_exposure,severe,weighted_by,0.0,0.0,0.0,0.0,0.0,0.0,0.0,0.0,7855.262,292.5726571032307,1477.942018937068,80.84319876878017,6.98331109601331,0.02813508778631024,139.4571400486579,0.5610164649016245,1.0,0.0,0.9049968542703318,0.010256184718110559
weibo_gadbench,hgb_attributes,exposure_80,moderate,equal_alpha,0.020413704718161015,0.007405135601781114,0.16741380661471844,0.07449141892230689,34.976,15.18316845867306,0.274,0.08796463936024394,2304.788,10.266303889694404,1736.905692846224,17.917062364544176,7.442482072121415,0.03153186346431788,37.15390100049293,0.157165736595734,1.0,0.0,0.9129306744484802,0.03293180168610621
weibo_gadbench,hgb_attributes,exposure_80,moderate,pooled_reference,0.12024099540988493,0.008726243549754284,0.7046584674157745,0.027437667190950324,157.424,6.609190906945002,1.0,0.0,2304.788,10.266303889694404,1736.905692846224,17.917062364544176,7.442482072121415,0.03153186346431788,37.15390100049293,0.157165736595734,1.0,0.0,0.9129306744484802,0.03293180168610621
weibo_gadbench,hgb_attributes,exposure_80,moderate,pooled_stratum,0.024281560750910595,0.02823040509084701,0.0059417791012783645,0.009132936580972325,1.502,2.1525271968858686,0.122,0.17849992219108174,2304.788,10.266303889694404,1736.905692846224,17.917062364544176,7.442482072121415,0.03153186346431788,37.15390100049293,0.157165736595734,1.0,0.0,0.9129306744484802,0.03293180168610621
weibo_gadbench,hgb_attributes,exposure_80,moderate,size_alpha,0.024281560750910595,0.02823040509084701,0.0059417791012783645,0.009132936580972325,1.502,2.1525271968858686,0.122,0.17849992219108174,2304.788,10.266303889694404,1736.905692846224,17.917062364544176,7.442482072121415,0.03153186346431788,37.15390100049293,0.157165736595734,1.0,0.0,0.9129306744484802,0.03293180168610621
weibo_gadbench,hgb_attributes,exposure_80,moderate,wcs_deterministic,0.01398193081479428,0.005790106058282557,0.1059906746177159,0.03813052408150775,22.79,8.223696114143433,0.168,0.05977736472389305,2304.788,10.266303889694404,1736.905692846224,17.917062364544176,7.442482072121415,0.03153186346431788,37.15390100049293,0.157165736595734,1.0,0.0,0.9129306744484802,0.03293180168610621
weibo_gadbench,hgb_attributes,exposure_80,moderate,wcs_homogeneous,0.09011067534415293,0.008412044009606766,0.6139535247442991,0.04749398430054026,133.296,10.152910037138232,0.976,0.018378731669453644,2304.788,10.266303889694404,1736.905692846224,17.917062364544176,7.442482072121415,0.03153186346431788,37.15390100049293,0.157165736595734,1.0,0.0,0.9129306744484802,0.03293180168610621
weibo_gadbench,hgb_attributes,exposure_80,moderate,wcs_rand_deterministic,0.02505478399598603,0.00615137164211078,0.18478158701837594,0.04314642761315685,39.884,9.32976979589767,0.29,0.06411794687223782,2304.788,10.266303889694404,1736.905692846224,17.917062364544176,7.442482072121415,0.03153186346431788,37.15390100049293,0.157165736595734,1.0,0.0,0.9129306744484802,0.03293180168610621
weibo_gadbench,hgb_attributes,exposure_80,moderate,wcs_rand_homogeneous,0.0941668345332273,0.0093077534687322,0.6375231269935824,0.042983537918450436,138.886,9.609708285548175,0.986,0.013498971154211056,2304.788,10.266303889694404,1736.905692846224,17.917062364544176,7.442482072121415,0.03153186346431788,37.15390100049293,0.157165736595734,1.0,0.0,0.9129306744484802,0.03293180168610621
weibo_gadbench,hgb_attributes,exposure_80,moderate,weighted_bh,0.08845363355785443,0.007794590927659094,0.6300260560522075,0.04546336928593587,136.244,9.938212671859619,0.998,0.006324555320336749,2304.788,10.266303889694404,1736.905692846224,17.917062364544176,7.442482072121415,0.03153186346431788,37.15390100049293,0.157165736595734,1.0,0.0,0.9129306744484802,0.03293180168610621
weibo_gadbench,hgb_attributes,exposure_80,moderate,weighted_bh_rand,0.09342709012937758,0.008354939692719991,0.6481738632828724,0.04312640629536934,140.906,9.585609816571678,1.0,0.0,2304.788,10.266303889694404,1736.905692846224,17.917062364544176,7.442482072121415,0.03153186346431788,37.15390100049293,0.157165736595734,1.0,0.0,0.9129306744484802,0.03293180168610621
weibo_gadbench,hgb_attributes,exposure_80,moderate,weighted_by,0.0,0.0,0.0,0.0,0.0,0.0,0.0,0.0,2304.788,10.266303889694404,1736.905692846224,17.917062364544176,7.442482072121415,0.03153186346431788,37.15390100049293,0.157165736595734,1.0,0.0,0.9129306744484802,0.03293180168610621
weibo_gadbench,hgb_attributes,exposure_80,neutral,equal_alpha,0.032417660587602974,0.0046622717900885995,0.5367328134018831,0.07797960422373072,108.97200000000001,15.870680724741034,1.0,0.0,2542.5919999999996,9.273514016931392,2542.5919999999996,9.273514016931392,7.436585470397398,0.02747590048288159,7.436585470397398,0.02747590048288159,1.0,0.0,0.9129306744484802,0.03293180168610621
weibo_gadbench,hgb_attributes,exposure_80,neutral,pooled_reference,0.09276074382545171,0.006007397128586162,0.661326126581336,0.04107037643128656,143.19,9.211448191124864,1.0,0.0,2542.5919999999996,9.273514016931392,2542.5919999999996,9.273514016931392,7.436585470397398,0.02747590048288159,7.436585470397398,0.02747590048288159,1.0,0.0,0.9129306744484802,0.03293180168610621
weibo_gadbench,hgb_attributes,exposure_80,neutral,pooled_stratum,0.08052953366672048,0.015898114760246017,0.4330107352457467,0.10370152928242321,93.55199999999999,22.795058333867985,0.9019999999999999,0.13381579378633401,2542.5919999999996,9.273514016931392,2542.5919999999996,9.273514016931392,7.436585470397398,0.02747590048288159,7.436585470397398,0.02747590048288159,1.0,0.0,0.9129306744484802,0.03293180168610621
weibo_gadbench,hgb_attributes,exposure_80,neutral,size_alpha,0.018418148170061713,0.015451516826816874,0.3418314363772824,0.1369622977368382,68.21000000000001,26.693426989512687,0.79,0.22115856553864494,2542.5919999999996,9.273514016931392,2542.5919999999996,9.273514016931392,7.436585470397398,0.02747590048288159,7.436585470397398,0.02747590048288159,1.0,0.0,0.9129306744484802,0.03293180168610621
weibo_gadbench,hgb_attributes,exposure_80,neutral,wcs_deterministic,0.09276074382545171,0.006007397128586162,0.661326126581336,0.04107037643128656,143.19,9.211448191124864,1.0,0.0,2542.5919999999996,9.273514016931392,2542.5919999999996,9.273514016931392,7.436585470397398,0.02747590048288159,7.436585470397398,0.02747590048288159,1.0,0.0,0.9129306744484802,0.03293180168610621
weibo_gadbench,hgb_attributes,exposure_80,neutral,wcs_homogeneous,0.09276074382545171,0.006007397128586162,0.661326126581336,0.04107037643128656,143.19,9.211448191124864,1.0,0.0,2542.5919999999996,9.273514016931392,2542.5919999999996,9.273514016931392,7.436585470397398,0.02747590048288159,7.436585470397398,0.02747590048288159,1.0,0.0,0.9129306744484802,0.03293180168610621
weibo_gadbench,hgb_attributes,exposure_80,neutral,wcs_rand_deterministic,0.09333854588727908,0.006073944309853271,0.6626625561571713,0.04072658330329274,143.574,9.161965097316427,1.0,0.0,2542.5919999999996,9.273514016931392,2542.5919999999996,9.273514016931392,7.436585470397398,0.02747590048288159,7.436585470397398,0.02747590048288159,1.0,0.0,0.9129306744484802,0.03293180168610621
weibo_gadbench,hgb_attributes,exposure_80,neutral,wcs_rand_homogeneous,0.0937659497385807,0.0060799193571984995,0.6640706215164188,0.040499190850525384,143.94400000000002,9.135881882871407,1.0,0.0,2542.5919999999996,9.273514016931392,2542.5919999999996,9.273514016931392,7.436585470397398,0.02747590048288159,7.436585470397398,0.02747590048288159,1.0,0.0,0.9129306744484802,0.03293180168610621
weibo_gadbench,hgb_attributes,exposure_80,neutral,weighted_bh,0.09276074382545171,0.006007397128586162,0.661326126581336,0.04107037643128656,143.19,9.211448191124864,1.0,0.0,2542.5919999999996,9.273514016931392,2542.5919999999996,9.273514016931392,7.436585470397398,0.02747590048288159,7.436585470397398,0.02747590048288159,1.0,0.0,0.9129306744484802,0.03293180168610621
weibo_gadbench,hgb_attributes,exposure_80,neutral,weighted_bh_rand,0.09400689250927545,0.006194828045074493,0.6639380155920364,0.04055692784792923,143.958,9.138229587835932,1.0,0.0,2542.5919999999996,9.273514016931392,2542.5919999999996,9.273514016931392,7.436585470397398,0.02747590048288159,7.436585470397398,0.02747590048288159,1.0,0.0,0.9129306744484802,0.03293180168610621
weibo_gadbench,hgb_attributes,exposure_80,neutral,weighted_by,0.007733147835098465,0.005464574982589627,0.26343511396697344,0.15799112090240003,52.346000000000004,31.136031360609994,0.6100000000000001,0.3125877654533381,2542.5919999999996,9.273514016931392,2542.5919999999996,9.273514016931392,7.436585470397398,0.02747590048288159,7.436585470397398,0.02747590048288159,1.0,0.0,0.9129306744484802,0.03293180168610621
weibo_gadbench,hgb_attributes,exposure_80,severe,equal_alpha,0.005876400560224089,0.011058160632346038,0.001083481597767312,0.002073862764210204,0.316,0.5979817908784699,0.018,0.03457680661303984,2260.432,10.879829247026095,812.0409824447592,26.310990073675914,7.449160022660793,0.04426775299263397,147.8754224916248,0.872325279442695,1.0,0.0,0.9129306744484802,0.03293180168610621
weibo_gadbench,hgb_attributes,exposure_80,severe,pooled_reference,0.1278783479285584,0.011025594534093701,0.7154592146775307,0.02805964677402311,161.262,7.192875796385073,1.0,0.0,2260.432,10.879829247026095,812.0409824447592,26.310990073675914,7.449160022660793,0.04426775299263397,147.8754224916248,0.872325279442695,1.0,0.0,0.9129306744484802,0.03293180168610621
weibo_gadbench,hgb_attributes,exposure_80,severe,pooled_stratum,0.024281560750910595,0.02823040509084701,0.0059417791012783645,0.009132936580972325,1.502,2.1525271968858686,0.122,0.17849992219108174,2260.432,10.879829247026095,812.0409824447592,26.310990073675914,7.449160022660793,0.04426775299263397,147.8754224916248,0.872325279442695,1.0,0.0,0.9129306744484802,0.03293180168610621
weibo_gadbench,hgb_attributes,exposure_80,severe,size_alpha,0.024281560750910595,0.02823040509084701,0.0059417791012783645,0.009132936580972325,1.502,2.1525271968858686,0.122,0.17849992219108174,2260.432,10.879829247026095,812.0409824447592,26.310990073675914,7.449160022660793,0.04426775299263397,147.8754224916248,0.872325279442695,1.0,0.0,0.9129306744484802,0.03293180168610621
weibo_gadbench,hgb_attributes,exposure_80,severe,wcs_deterministic,0.0,0.0,0.0,0.0,0.0,0.0,0.0,0.0,2260.432,10.879829247026095,812.0409824447592,26.310990073675914,7.449160022660793,0.04426775299263397,147.8754224916248,0.872325279442695,1.0,0.0,0.9129306744484802,0.03293180168610621
weibo_gadbench,hgb_attributes,exposure_80,severe,wcs_homogeneous,0.0781745549966443,0.02955431159546821,0.008488764715952137,0.006402452146065357,3.556,2.030649595025636,0.156,0.06785605679999719,2260.432,10.879829247026095,812.0409824447592,26.310990073675914,7.449160022660793,0.04426775299263397,147.8754224916248,0.872325279442695,1.0,0.0,0.9129306744484802,0.03293180168610621
weibo_gadbench,hgb_attributes,exposure_80,severe,wcs_rand_deterministic,0.0,0.0,4.051282051282052e-05,8.541707757955073e-05,0.008,0.016865480854231358,0.006,0.013498971154211057,2260.432,10.879829247026095,812.0409824447592,26.310990073675914,7.449160022660793,0.04426775299263397,147.8754224916248,0.872325279442695,1.0,0.0,0.9129306744484802,0.03293180168610621
weibo_gadbench,hgb_attributes,exposure_80,severe,wcs_rand_homogeneous,0.09319471912828045,0.01742891544852868,0.14103121015423328,0.02725685154069126,34.924,6.355244903052735,0.49000000000000005,0.08550503558920439,2260.432,10.879829247026095,812.0409824447592,26.310990073675914,7.449160022660793,0.04426775299263397,147.8754224916248,0.872325279442695,1.0,0.0,0.9129306744484802,0.03293180168610621
weibo_gadbench,hgb_attributes,exposure_80,severe,weighted_bh,0.032059576957393185,0.02924945429223757,0.010307908275654962,0.009891428520494676,2.498,2.260274319634677,0.198,0.19809088823063015,2260.432,10.879829247026095,812.0409824447592,26.310990073675914,7.449160022660793,0.04426775299263397,147.8754224916248,0.872325279442695,1.0,0.0,0.9129306744484802,0.03293180168610621
weibo_gadbench,hgb_attributes,exposure_80,severe,weighted_bh_rand,0.09296802283413859,0.01753915181033203,0.3252055441278473,0.12457942708219562,73.288,27.75298214206498,0.8800000000000001,0.0832666399786453,2260.432,10.879829247026095,812.0409824447592,26.310990073675914,7.449160022660793,0.04426775299263397,147.8754224916248,0.872325279442695,1.0,0.0,0.9129306744484802,0.03293180168610621
weibo_gadbench,hgb_attributes,exposure_80,severe,weighted_by,0.0,0.0,0.0,0.0,0.0,0.0,0.0,0.0,2260.432,10.879829247026095,812.0409824447592,26.310990073675914,7.449160022660793,0.04426775299263397,147.8754224916248,0.872325279442695,1.0,0.0,0.9129306744484802,0.03293180168610621
weibo_gadbench,hgb_attributes,zero_exposure,moderate,equal_alpha,0.013052101210996148,0.012127694890192567,0.08571655883210905,0.09684186733833616,17.964000000000002,20.146319873476756,0.148,0.14211106767439177,2367.998,69.33297015930526,1912.4781881235199,187.40657066738765,7.438735863883859,0.03174746669652606,37.13523240901943,0.15824028455629968,1.0,0.0,0.9095744893062108,0.03682071032259378
weibo_gadbench,hgb_attributes,zero_exposure,moderate,pooled_reference,0.12118003913664396,0.009331565089335261,0.706961691564426,0.027156065650978962,158.10399999999998,6.713050639529606,1.0,0.0,2367.998,69.33297015930526,1912.4781881235199,187.40657066738765,7.438735863883859,0.03174746669652606,37.13523240901943,0.15824028455629968,1.0,0.0,0.9095744893062108,0.03682071032259378
weibo_gadbench,hgb_attributes,zero_exposure,moderate,pooled_stratum,0.031505423661306015,0.028999929932658795,0.00703281504945717,0.009832490655806712,1.8080000000000003,2.3360783852906613,0.14600000000000002,0.18307254178482246,2367.998,69.33297015930526,1912.4781881235199,187.40657066738765,7.438735863883859,0.03174746669652606,37.13523240901943,0.15824028455629968,1.0,0.0,0.9095744893062108,0.03682071032259378
weibo_gadbench,hgb_attributes,zero_exposure,moderate,size_alpha,0.031505423661306015,0.028999929932658795,0.00703281504945717,0.009832490655806712,1.8080000000000003,2.3360783852906613,0.14600000000000002,0.18307254178482246,2367.998,69.33297015930526,1912.4781881235199,187.40657066738765,7.438735863883859,0.03174746669652606,37.13523240901943,0.15824028455629968,1.0,0.0,0.9095744893062108,0.03682071032259378
weibo_gadbench,hgb_attributes,zero_exposure,moderate,wcs_deterministic,0.013265099023393383,0.005146981674663736,0.09979602688886739,0.03609558136607966,21.406,7.56965315512467,0.16,0.06036923425424944,2367.998,69.33297015930526,1912.4781881235199,187.40657066738765,7.438735863883859,0.03174746669652606,37.13523240901943,0.15824028455629968,1.0,0.0,0.9095744893062108,0.03682071032259378
weibo_gadbench,hgb_attributes,zero_exposure,moderate,wcs_homogeneous,0.08847697274636872,0.008369366803008108,0.6054595955269271,0.05172671378075162,131.45999999999998,11.31968982692449,0.958,0.022010098692292222,2367.998,69.33297015930526,1912.4781881235199,187.40657066738765,7.438735863883859,0.03174746669652606,37.13523240901943,0.15824028455629968,1.0,0.0,0.9095744893062108,0.03682071032259378
weibo_gadbench,hgb_attributes,zero_exposure,moderate,wcs_rand_deterministic,0.025529313601339344,0.007463846617316863,0.18592718767303426,0.03827466591865849,40.132,8.402863004159158,0.292,0.05977736472389304,2367.998,69.33297015930526,1912.4781881235199,187.40657066738765,7.438735863883859,0.03174746669652606,37.13523240901943,0.15824028455629968,1.0,0.0,0.9095744893062108,0.03682071032259378
weibo_gadbench,hgb_attributes,zero_exposure,moderate,wcs_rand_homogeneous,0.09415977418167228,0.008646146457073619,0.6339832258791578,0.04181145750822724,138.18599999999998,9.424733653766802,0.9800000000000001,0.013333333333333346,2367.998,69.33297015930526,1912.4781881235199,187.40657066738765,7.438735863883859,0.03174746669652606,37.13523240901943,0.15824028455629968,1.0,0.0,0.9095744893062108,0.03682071032259378
weibo_gadbench,hgb_attributes,zero_exposure,moderate,weighted_bh,0.08903541982465443,0.007499812689611493,0.6313339226475059,0.04569316554819028,136.58999999999997,9.988496717057407,0.998,0.006324555320336749,2367.998,69.33297015930526,1912.4781881235199,187.40657066738765,7.438735863883859,0.03174746669652606,37.13523240901943,0.15824028455629968,1.0,0.0,0.9095744893062108,0.03682071032259378
weibo_gadbench,hgb_attributes,zero_exposure,moderate,weighted_bh_rand,0.09323108648166326,0.008262032699086654,0.6475454019515678,0.04223378456444255,140.73,9.416303827817885,1.0,0.0,2367.998,69.33297015930526,1912.4781881235199,187.40657066738765,7.438735863883859,0.03174746669652606,37.13523240901943,0.15824028455629968,1.0,0.0,0.9095744893062108,0.03682071032259378
weibo_gadbench,hgb_attributes,zero_exposure,moderate,weighted_by,0.0,0.0,0.0,0.0,0.0,0.0,0.0,0.0,2367.998,69.33297015930526,1912.4781881235199,187.40657066738765,7.438735863883859,0.03174746669652606,37.13523240901943,0.15824028455629968,1.0,0.0,0.9095744893062108,0.03682071032259378
weibo_gadbench,hgb_attributes,zero_exposure,neutral,equal_alpha,0.025946831710253592,0.009005767718913342,0.507472037727395,0.08896487347805573,102.344,17.899218604918666,0.986,0.044271887242357325,2542.5919999999996,9.273514016931392,2542.5919999999996,9.273514016931392,7.436585470397398,0.02747590048288159,7.436585470397398,0.02747590048288159,1.0,0.0,0.9095744893062108,0.03682071032259378
weibo_gadbench,hgb_attributes,zero_exposure,neutral,pooled_reference,0.09276074382545171,0.006007397128586162,0.661326126581336,0.04107037643128656,143.19,9.211448191124864,1.0,0.0,2542.5919999999996,9.273514016931392,2542.5919999999996,9.273514016931392,7.436585470397398,0.02747590048288159,7.436585470397398,0.02747590048288159,1.0,0.0,0.9095744893062108,0.03682071032259378
weibo_gadbench,hgb_attributes,zero_exposure,neutral,pooled_stratum,0.0638656281810985,0.031209641005344988,0.2600126155371104,0.21780713805758503,56.391999999999996,47.17458750923707,0.5860000000000001,0.40563256498680894,2542.5919999999996,9.273514016931392,2542.5919999999996,9.273514016931392,7.436585470397398,0.02747590048288159,7.436585470397398,0.02747590048288159,1.0,0.0,0.9095744893062108,0.03682071032259378
weibo_gadbench,hgb_attributes,zero_exposure,neutral,size_alpha,0.026579261722516623,0.021943216606252917,0.19168152287206514,0.2022452809208924,38.446,39.97160664493958,0.488,0.3903502700566932,2542.5919999999996,9.273514016931392,2542.5919999999996,9.273514016931392,7.436585470397398,0.02747590048288159,7.436585470397398,0.02747590048288159,1.0,0.0,0.9095744893062108,0.03682071032259378
weibo_gadbench,hgb_attributes,zero_exposure,neutral,wcs_deterministic,0.09276074382545171,0.006007397128586162,0.661326126581336,0.04107037643128656,143.19,9.211448191124864,1.0,0.0,2542.5919999999996,9.273514016931392,2542.5919999999996,9.273514016931392,7.436585470397398,0.02747590048288159,7.436585470397398,0.02747590048288159,1.0,0.0,0.9095744893062108,0.03682071032259378
weibo_gadbench,hgb_attributes,zero_exposure,neutral,wcs_homogeneous,0.09276074382545171,0.006007397128586162,0.661326126581336,0.04107037643128656,143.19,9.211448191124864,1.0,0.0,2542.5919999999996,9.273514016931392,2542.5919999999996,9.273514016931392,7.436585470397398,0.02747590048288159,7.436585470397398,0.02747590048288159,1.0,0.0,0.9095744893062108,0.03682071032259378
weibo_gadbench,hgb_attributes,zero_exposure,neutral,wcs_rand_deterministic,0.09348151684625924,0.006262895111617757,0.6625893061687372,0.0407958149525863,143.582,9.16903217963113,1.0,0.0,2542.5919999999996,9.273514016931392,2542.5919999999996,9.273514016931392,7.436585470397398,0.02747590048288159,7.436585470397398,0.02747590048288159,1.0,0.0,0.9095744893062108,0.03682071032259378
weibo_gadbench,hgb_attributes,zero_exposure,neutral,wcs_rand_homogeneous,0.09413563140616674,0.006162827356707062,0.6639868649001495,0.040523592262326186,143.98399999999998,9.113690800109467,1.0,0.0,2542.5919999999996,9.273514016931392,2542.5919999999996,9.273514016931392,7.436585470397398,0.02747590048288159,7.436585470397398,0.02747590048288159,1.0,0.0,0.9095744893062108,0.03682071032259378
weibo_gadbench,hgb_attributes,zero_exposure,neutral,weighted_bh,0.09276074382545171,0.006007397128586162,0.661326126581336,0.04107037643128656,143.19,9.211448191124864,1.0,0.0,2542.5919999999996,9.273514016931392,2542.5919999999996,9.273514016931392,7.436585470397398,0.02747590048288159,7.436585470397398,0.02747590048288159,1.0,0.0,0.9095744893062108,0.03682071032259378
weibo_gadbench,hgb_attributes,zero_exposure,neutral,weighted_bh_rand,0.09427512162952614,0.006251194487971592,0.6641833996595652,0.04045171229314225,144.052,9.112673470380555,1.0,0.0,2542.5919999999996,9.273514016931392,2542.5919999999996,9.273514016931392,7.436585470397398,0.02747590048288159,7.436585470397398,0.02747590048288159,1.0,0.0,0.9095744893062108,0.03682071032259378
weibo_gadbench,hgb_attributes,zero_exposure,neutral,weighted_by,0.007733147835098465,0.005464574982589627,0.26343511396697344,0.15799112090240003,52.346000000000004,31.136031360609994,0.6100000000000001,0.3125877654533381,2542.5919999999996,9.273514016931392,2542.5919999999996,9.273514016931392,7.436585470397398,0.02747590048288159,7.436585470397398,0.02747590048288159,1.0,0.0,0.9095744893062108,0.03682071032259378
weibo_gadbench,hgb_attributes,zero_exposure,severe,equal_alpha,0.005819911297852474,0.010976833847278862,0.0011038897610326183,0.002105180957213868,0.32,0.604354568481487,0.018,0.03457680661303984,2335.32,82.05501514905183,1050.8108833484691,260.58774269891114,7.442001969648446,0.03483298394805714,147.7346295566289,0.6863819372408466,1.0,0.0,0.9095744893062108,0.03682071032259378
weibo_gadbench,hgb_attributes,zero_exposure,severe,pooled_reference,0.1287827971078251,0.01203693634915171,0.7175104030918967,0.02757138321012164,161.892,7.306083918367094,1.0,0.0,2335.32,82.05501514905183,1050.8108833484691,260.58774269891114,7.442001969648446,0.03483298394805714,147.7346295566289,0.6863819372408466,1.0,0.0,0.9095744893062108,0.03682071032259378
weibo_gadbench,hgb_attributes,zero_exposure,severe,pooled_stratum,0.031505423661306015,0.028999929932658795,0.00703281504945717,0.009832490655806712,1.8080000000000003,2.3360783852906613,0.14600000000000002,0.18307254178482246,2335.32,82.05501514905183,1050.8108833484691,260.58774269891114,7.442001969648446,0.03483298394805714,147.7346295566289,0.6863819372408466,1.0,0.0,0.9095744893062108,0.03682071032259378
weibo_gadbench,hgb_attributes,zero_exposure,severe,size_alpha,0.031505423661306015,0.028999929932658795,0.00703281504945717,0.009832490655806712,1.8080000000000003,2.3360783852906613,0.14600000000000002,0.18307254178482246,2335.32,82.05501514905183,1050.8108833484691,260.58774269891114,7.442001969648446,0.03483298394805714,147.7346295566289,0.6863819372408466,1.0,0.0,0.9095744893062108,0.03682071032259378
weibo_gadbench,hgb_attributes,zero_exposure,severe,wcs_deterministic,0.0,0.0,0.0,0.0,0.0,0.0,0.0,0.0,2335.32,82.05501514905183,1050.8108833484691,260.58774269891114,7.442001969648446,0.03483298394805714,147.7346295566289,0.6863819372408466,1.0,0.0,0.9095744893062108,0.03682071032259378
weibo_gadbench,hgb_attributes,zero_exposure,severe,wcs_homogeneous,0.06348042420077615,0.014939365085900174,0.006128632716849845,0.004337090912768707,2.65,1.1564793316114406,0.118,0.033266599866332396,2335.32,82.05501514905183,1050.8108833484691,260.58774269891114,7.442001969648446,0.03483298394805714,147.7346295566289,0.6863819372408466,1.0,0.0,0.9095744893062108,0.03682071032259378
weibo_gadbench,hgb_attributes,zero_exposure,severe,wcs_rand_deterministic,0.0,0.0,6.113246454009691e-05,7.065299116994443e-05,0.012,0.01398411797560202,0.012,0.01398411797560202,2335.32,82.05501514905183,1050.8108833484691,260.58774269891114,7.442001969648446,0.03483298394805714,147.7346295566289,0.6863819372408466,1.0,0.0,0.9095744893062108,0.03682071032259378
weibo_gadbench,hgb_attributes,zero_exposure,severe,wcs_rand_homogeneous,0.08619574418953499,0.017544615867991574,0.12398406995984117,0.01742823708441592,30.764,4.688812216329419,0.45200000000000007,0.05672545969648707,2335.32,82.05501514905183,1050.8108833484691,260.58774269891114,7.442001969648446,0.03483298394805714,147.7346295566289,0.6863819372408466,1.0,0.0,0.9095744893062108,0.03682071032259378
weibo_gadbench,hgb_attributes,zero_exposure,severe,weighted_bh,0.03297107100697364,0.030504825268550917,0.012017618169753663,0.010689762916612213,2.906,2.505337413514506,0.202,0.2000999750124922,2335.32,82.05501514905183,1050.8108833484691,260.58774269891114,7.442001969648446,0.03483298394805714,147.7346295566289,0.6863819372408466,1.0,0.0,0.9095744893062108,0.03682071032259378
weibo_gadbench,hgb_attributes,zero_exposure,severe,weighted_bh_rand,0.08726018404474781,0.015599584803983338,0.3148486040148589,0.11412524422039283,70.882,25.281825619734562,0.8879999999999999,0.09807026959164424,2335.32,82.05501514905183,1050.8108833484691,260.58774269891114,7.442001969648446,0.03483298394805714,147.7346295566289,0.6863819372408466,1.0,0.0,0.9095744893062108,0.03682071032259378
weibo_gadbench,hgb_attributes,zero_exposure,severe,weighted_by,0.0,0.0,0.0,0.0,0.0,0.0,0.0,0.0,2335.32,82.05501514905183,1050.8108833484691,260.58774269891114,7.442001969648446,0.03483298394805714,147.7346295566289,0.6863819372408466,1.0,0.0,0.9095744893062108,0.03682071032259378
weibo_gadbench,hgb_graph_features,exposure_80,moderate,equal_alpha,0.020486667751234873,0.013369691595547064,0.2656023312358474,0.1095290309535784,54.586,22.155418800424926,0.42000000000000004,0.2052640575778754,2304.788,10.266303889694404,1736.905692846224,17.917062364544176,7.442482072121415,0.03153186346431788,37.15390100049293,0.157165736595734,1.0,0.0,0.9129306744484802,0.03293180168610621
weibo_gadbench,hgb_graph_features,exposure_80,moderate,pooled_reference,0.15988006524491166,0.03210678559618991,0.9282952494759196,0.02729965421034435,217.36599999999999,12.264663061005784,1.0,0.0,2304.788,10.266303889694404,1736.905692846224,17.917062364544176,7.442482072121415,0.03153186346431788,37.15390100049293,0.157165736595734,1.0,0.0,0.9129306744484802,0.03293180168610621
weibo_gadbench,hgb_graph_features,exposure_80,moderate,pooled_stratum,0.018394794558726446,0.022011359262258536,0.012848874443263786,0.022238085920928873,2.776,4.728888053466926,0.20600000000000002,0.28410483198206177,2304.788,10.266303889694404,1736.905692846224,17.917062364544176,7.442482072121415,0.03153186346431788,37.15390100049293,0.157165736595734,1.0,0.0,0.9129306744484802,0.03293180168610621
weibo_gadbench,hgb_graph_features,exposure_80,moderate,size_alpha,0.018394794558726446,0.022011359262258536,0.012848874443263786,0.022238085920928873,2.776,4.728888053466926,0.20600000000000002,0.28410483198206177,2304.788,10.266303889694404,1736.905692846224,17.917062364544176,7.442482072121415,0.03153186346431788,37.15390100049293,0.157165736595734,1.0,0.0,0.9129306744484802,0.03293180168610621
weibo_gadbench,hgb_graph_features,exposure_80,moderate,wcs_deterministic,0.015658820478185627,0.007433597923555091,0.15013003295555663,0.057524248086447176,32.392,12.600395760980422,0.18,0.06733003292241385,2304.788,10.266303889694404,1736.905692846224,17.917062364544176,7.442482072121415,0.03153186346431788,37.15390100049293,0.157165736595734,1.0,0.0,0.9129306744484802,0.03293180168610621
weibo_gadbench,hgb_graph_features,exposure_80,moderate,wcs_homogeneous,0.08411723205336909,0.014049518825472392,0.7900462067022456,0.04309150781737364,170.38,9.918790248815634,0.978,0.027406406388125974,2304.788,10.266303889694404,1736.905692846224,17.917062364544176,7.442482072121415,0.03153186346431788,37.15390100049293,0.157165736595734,1.0,0.0,0.9129306744484802,0.03293180168610621
weibo_gadbench,hgb_graph_features,exposure_80,moderate,wcs_rand_deterministic,0.027855031795186714,0.010649427226326318,0.259633773031262,0.0779835189711052,56.134,17.086114050109032,0.31,0.08956685895029601,2304.788,10.266303889694404,1736.905692846224,17.917062364544176,7.442482072121415,0.03153186346431788,37.15390100049293,0.157165736595734,1.0,0.0,0.9129306744484802,0.03293180168610621
weibo_gadbench,hgb_graph_features,exposure_80,moderate,wcs_rand_homogeneous,0.08982670335399588,0.014244783262746906,0.8131831232827395,0.03468700739863569,176.28,8.377774830532932,0.986,0.016465452046971307,2304.788,10.266303889694404,1736.905692846224,17.917062364544176,7.442482072121415,0.03153186346431788,37.15390100049293,0.157165736595734,1.0,0.0,0.9129306744484802,0.03293180168610621
weibo_gadbench,hgb_graph_features,exposure_80,moderate,weighted_bh,0.08430917268857008,0.014389765411568532,0.8062416011302815,0.0339264379790352,173.572,8.230173212704035,0.998,0.006324555320336762,2304.788,10.266303889694404,1736.905692846224,17.917062364544176,7.442482072121415,0.03153186346431788,37.15390100049293,0.157165736595734,1.0,0.0,0.9129306744484802,0.03293180168610621
weibo_gadbench,hgb_graph_features,exposure_80,moderate,weighted_bh_rand,0.09000350606456738,0.01456698481395026,0.826110139906252,0.031892042254250214,178.864,7.802015693965812,1.0,0.0,2304.788,10.266303889694404,1736.905692846224,17.917062364544176,7.442482072121415,0.03153186346431788,37.15390100049293,0.157165736595734,1.0,0.0,0.9129306744484802,0.03293180168610621
weibo_gadbench,hgb_graph_features,exposure_80,moderate,weighted_by,0.0,0.0,0.0,0.0,0.0,0.0,0.0,0.0,2304.788,10.266303889694404,1736.905692846224,17.917062364544176,7.442482072121415,0.03153186346431788,37.15390100049293,0.157165736595734,1.0,0.0,0.9129306744484802,0.03293180168610621
weibo_gadbench,hgb_graph_features,exposure_80,neutral,equal_alpha,0.02563226164014961,0.004967520240772552,0.5799534112700275,0.08888313734930003,117.04400000000001,18.11087285460189,0.96,0.08589399151150084,2542.5919999999996,9.273514016931392,2542.5919999999996,9.273514016931392,7.436585470397398,0.02747590048288159,7.436585470397398,0.02747590048288159,1.0,0.0,0.9129306744484802,0.03293180168610621
weibo_gadbench,hgb_graph_features,exposure_80,neutral,pooled_reference,0.09254627200897719,0.013316846011563606,0.8476145682854659,0.022922910552452998,183.394,5.68236296701371,1.0,0.0,2542.5919999999996,9.273514016931392,2542.5919999999996,9.273514016931392,7.436585470397398,0.02747590048288159,7.436585470397398,0.02747590048288159,1.0,0.0,0.9129306744484802,0.03293180168610621
weibo_gadbench,hgb_graph_features,exposure_80,neutral,pooled_stratum,0.061796881207939115,0.022545579703286394,0.3440957083659992,0.17484207099696666,74.272,37.80119951065633,0.6719999999999999,0.28553264067158574,2542.5919999999996,9.273514016931392,2542.5919999999996,9.273514016931392,7.436585470397398,0.02747590048288159,7.436585470397398,0.02747590048288159,1.0,0.0,0.9129306744484802,0.03293180168610621
weibo_gadbench,hgb_graph_features,exposure_80,neutral,size_alpha,0.019621085631271316,0.01507544138249395,0.23104819986694203,0.16412446967657682,46.366,32.838600660401674,0.5559999999999999,0.3356982772272347,2542.5919999999996,9.273514016931392,2542.5919999999996,9.273514016931392,7.436585470397398,0.02747590048288159,7.436585470397398,0.02747590048288159,1.0,0.0,0.9129306744484802,0.03293180168610621
weibo_gadbench,hgb_graph_features,exposure_80,neutral,wcs_deterministic,0.09254627200897719,0.013316846011563606,0.8476145682854659,0.022922910552452998,183.394,5.68236296701371,1.0,0.0,2542.5919999999996,9.273514016931392,2542.5919999999996,9.273514016931392,7.436585470397398,0.02747590048288159,7.436585470397398,0.02747590048288159,1.0,0.0,0.9129306744484802,0.03293180168610621
weibo_gadbench,hgb_graph_features,exposure_80,neutral,wcs_homogeneous,0.09254627200897719,0.013316846011563606,0.8476145682854659,0.022922910552452998,183.394,5.68236296701371,1.0,0.0,2542.5919999999996,9.273514016931392,2542.5919999999996,9.273514016931392,7.436585470397398,0.02747590048288159,7.436585470397398,0.02747590048288159,1.0,0.0,0.9129306744484802,0.03293180168610621
weibo_gadbench,hgb_graph_features,exposure_80,neutral,wcs_rand_deterministic,0.09325430417389759,0.013197213822518594,0.8487575121222667,0.02295491143663283,183.784,5.697327248612089,1.0,0.0,2542.5919999999996,9.273514016931392,2542.5919999999996,9.273514016931392,7.436585470397398,0.02747590048288159,7.436585470397398,0.02747590048288159,1.0,0.0,0.9129306744484802,0.03293180168610621
weibo_gadbench,hgb_graph_features,exposure_80,neutral,wcs_rand_homogeneous,0.09375365022276448,0.013244097550118957,0.8499289330986659,0.022570951631930965,184.14000000000001,5.677025825396795,1.0,0.0,2542.5919999999996,9.273514016931392,2542.5919999999996,9.273514016931392,7.436585470397398,0.02747590048288159,7.436585470397398,0.02747590048288159,1.0,0.0,0.9129306744484802,0.03293180168610621
weibo_gadbench,hgb_graph_features,exposure_80,neutral,weighted_bh,0.09254627200897719,0.013316846011563606,0.8476145682854659,0.022922910552452998,183.394,5.68236296701371,1.0,0.0,2542.5919999999996,9.273514016931392,2542.5919999999996,9.273514016931392,7.436585470397398,0.02747590048288159,7.436585470397398,0.02747590048288159,1.0,0.0,0.9129306744484802,0.03293180168610621
weibo_gadbench,hgb_graph_features,exposure_80,neutral,weighted_bh_rand,0.09385266859956871,0.013331970737870928,0.8500819959642417,0.02258366689169506,184.198,5.7061327631865595,1.0,0.0,2542.5919999999996,9.273514016931392,2542.5919999999996,9.273514016931392,7.436585470397398,0.02747590048288159,7.436585470397398,0.02747590048288159,1.0,0.0,0.9129306744484802,0.03293180168610621
weibo_gadbench,hgb_graph_features,exposure_80,neutral,weighted_by,0.008016263920652794,0.0049107083995042706,0.20939724594925724,0.14288014567022556,41.82000000000001,28.29213475312333,0.446,0.2937950911018691,2542.5919999999996,9.273514016931392,2542.5919999999996,9.273514016931392,7.436585470397398,0.02747590048288159,7.436585470397398,0.02747590048288159,1.0,0.0,0.9129306744484802,0.03293180168610621
weibo_gadbench,hgb_graph_features,exposure_80,severe,equal_alpha,0.005024472947073566,0.015888778554651116,0.005435918367346939,0.016703768870779064,1.156,3.558299219196347,0.068,0.20810253882801785,2260.432,10.879829247026095,812.0409824447592,26.310990073675914,7.449160022660793,0.04426775299263397,147.8754224916248,0.872325279442695,1.0,0.0,0.9129306744484802,0.03293180168610621
weibo_gadbench,hgb_graph_features,exposure_80,severe,pooled_reference,0.181370108675129,0.04000145649485463,0.9400100260705123,0.026484228658431593,226.07,14.90808952660713,1.0,0.0,2260.432,10.879829247026095,812.0409824447592,26.310990073675914,7.449160022660793,0.04426775299263397,147.8754224916248,0.872325279442695,1.0,0.0,0.9129306744484802,0.03293180168610621
weibo_gadbench,hgb_graph_features,exposure_80,severe,pooled_stratum,0.018394794558726446,0.022011359262258536,0.012848874443263786,0.022238085920928873,2.776,4.728888053466926,0.20600000000000002,0.28410483198206177,2260.432,10.879829247026095,812.0409824447592,26.310990073675914,7.449160022660793,0.04426775299263397,147.8754224916248,0.872325279442695,1.0,0.0,0.9129306744484802,0.03293180168610621
weibo_gadbench,hgb_graph_features,exposure_80,severe,size_alpha,0.018394794558726446,0.022011359262258536,0.012848874443263786,0.022238085920928873,2.776,4.728888053466926,0.20600000000000002,0.28410483198206177,2260.432,10.879829247026095,812.0409824447592,26.310990073675914,7.449160022660793,0.04426775299263397,147.8754224916248,0.872325279442695,1.0,0.0,0.9129306744484802,0.03293180168610621
weibo_gadbench,hgb_graph_features,exposure_80,severe,wcs_deterministic,0.002781660221574994,0.004086593698573843,0.02096853536959072,0.027557675609118322,4.636,6.159818179134835,0.024,0.030983866769659335,2260.432,10.879829247026095,812.0409824447592,26.310990073675914,7.449160022660793,0.04426775299263397,147.8754224916248,0.872325279442695,1.0,0.0,0.9129306744484802,0.03293180168610621
weibo_gadbench,hgb_graph_features,exposure_80,severe,wcs_homogeneous,0.04886734356981326,0.020557247765833248,0.19690144635704343,0.14478894076053025,44.35,31.83170641566885,0.288,0.1589409394153131,2260.432,10.879829247026095,812.0409824447592,26.310990073675914,7.449160022660793,0.04426775299263397,147.8754224916248,0.872325279442695,1.0,0.0,0.9129306744484802,0.03293180168610621
weibo_gadbench,hgb_graph_features,exposure_80,severe,wcs_rand_deterministic,0.008832822520890567,0.009404946458436026,0.06700015560058697,0.06396110922697115,14.851999999999999,14.333482789918467,0.08,0.07302967433402215,2260.432,10.879829247026095,812.0409824447592,26.310990073675914,7.449160022660793,0.04426775299263397,147.8754224916248,0.872325279442695,1.0,0.0,0.9129306744484802,0.03293180168610621
weibo_gadbench,hgb_graph_features,exposure_80,severe,wcs_rand_homogeneous,0.07554644824885828,0.017554286782770795,0.3454709168140679,0.12843827302765748,79.152,28.165443287041576,0.576,0.12393546707863731,2260.432,10.879829247026095,812.0409824447592,26.310990073675914,7.449160022660793,0.04426775299263397,147.8754224916248,0.872325279442695,1.0,0.0,0.9129306744484802,0.03293180168610621
weibo_gadbench,hgb_graph_features,exposure_80,severe,weighted_bh,0.05034437356845358,0.021664603461707368,0.3089715681609947,0.15013586495856232,69.046,33.21150543611857,0.47000000000000003,0.24189070075368982,2260.432,10.879829247026095,812.0409824447592,26.310990073675914,7.449160022660793,0.04426775299263397,147.8754224916248,0.872325279442695,1.0,0.0,0.9129306744484802,0.03293180168610621
weibo_gadbench,hgb_graph_features,exposure_80,severe,weighted_bh_rand,0.09115873534209319,0.015014421333029052,0.6547521334716759,0.07093868188587586,145.39000000000001,15.770609091316388,0.9640000000000001,0.04880801391392837,2260.432,10.879829247026095,812.0409824447592,26.310990073675914,7.449160022660793,0.04426775299263397,147.8754224916248,0.872325279442695,1.0,0.0,0.9129306744484802,0.03293180168610621
weibo_gadbench,hgb_graph_features,exposure_80,severe,weighted_by,0.0,0.0,0.0,0.0,0.0,0.0,0.0,0.0,2260.432,10.879829247026095,812.0409824447592,26.310990073675914,7.449160022660793,0.04426775299263397,147.8754224916248,0.872325279442695,1.0,0.0,0.9129306744484802,0.03293180168610621
weibo_gadbench,hgb_graph_features,zero_exposure,moderate,equal_alpha,0.014508635118466109,0.015012306179959438,0.1515745290915687,0.1253429580181363,31.248,25.814094685741825,0.274,0.24074883177286655,2367.998,69.33297015930526,1912.4781881235199,187.40657066738765,7.438735863883859,0.03174746669652606,37.13523240901943,0.15824028455629968,1.0,0.0,0.9095744893062108,0.03682071032259378
weibo_gadbench,hgb_graph_features,zero_exposure,moderate,pooled_reference,0.15982801523647322,0.032563678327451225,0.9285241523768073,0.02742454153015217,217.408,12.371864855388628,1.0,0.0,2367.998,69.33297015930526,1912.4781881235199,187.40657066738765,7.438735863883859,0.03174746669652606,37.13523240901943,0.15824028455629968,1.0,0.0,0.9095744893062108,0.03682071032259378
weibo_gadbench,hgb_graph_features,zero_exposure,moderate,pooled_stratum,0.018069253098774822,0.020943903880596602,0.013884151017992615,0.02465370051696448,2.976,5.221398705753511,0.21600000000000003,0.2923924303625751,2367.998,69.33297015930526,1912.4781881235199,187.40657066738765,7.438735863883859,0.03174746669652606,37.13523240901943,0.15824028455629968,1.0,0.0,0.9095744893062108,0.03682071032259378
weibo_gadbench,hgb_graph_features,zero_exposure,moderate,size_alpha,0.018069253098774822,0.020943903880596602,0.013884151017992615,0.02465370051696448,2.976,5.221398705753511,0.21600000000000003,0.2923924303625751,2367.998,69.33297015930526,1912.4781881235199,187.40657066738765,7.438735863883859,0.03174746669652606,37.13523240901943,0.15824028455629968,1.0,0.0,0.9095744893062108,0.03682071032259378
weibo_gadbench,hgb_graph_features,zero_exposure,moderate,wcs_deterministic,0.017128441571795956,0.007141837811583382,0.1640590919292057,0.0547982062018238,35.408,12.011950345847717,0.196,0.0644980619863884,2367.998,69.33297015930526,1912.4781881235199,187.40657066738765,7.438735863883859,0.03174746669652606,37.13523240901943,0.15824028455629968,1.0,0.0,0.9095744893062108,0.03682071032259378
weibo_gadbench,hgb_graph_features,zero_exposure,moderate,wcs_homogeneous,0.08240113479565286,0.01272271871552212,0.766861237280986,0.032754054059434434,165.472,7.2696764409123125,0.944,0.020655911179772835,2367.998,69.33297015930526,1912.4781881235199,187.40657066738765,7.438735863883859,0.03174746669652606,37.13523240901943,0.15824028455629968,1.0,0.0,0.9095744893062108,0.03682071032259378
weibo_gadbench,hgb_graph_features,zero_exposure,moderate,wcs_rand_deterministic,0.03135575523677171,0.012373400180023782,0.28691320900595846,0.08473716482246733,62.166,18.78060477076166,0.34199999999999997,0.09727395449051211,2367.998,69.33297015930526,1912.4781881235199,187.40657066738765,7.438735863883859,0.03174746669652606,37.13523240901943,0.15824028455629968,1.0,0.0,0.9095744893062108,0.03682071032259378
weibo_gadbench,hgb_graph_features,zero_exposure,moderate,wcs_rand_homogeneous,0.08805159278503719,0.014041845839158539,0.7925784910720448,0.03716724411846052,171.88600000000002,8.559860071545813,0.958,0.023944379994757316,2367.998,69.33297015930526,1912.4781881235199,187.40657066738765,7.438735863883859,0.03174746669652606,37.13523240901943,0.15824028455629968,1.0,0.0,0.9095744893062108,0.03682071032259378
weibo_gadbench,hgb_graph_features,zero_exposure,moderate,weighted_bh,0.08481563058153226,0.013662194743369169,0.8095532082827429,0.02840702178584676,174.348,6.95724849826902,0.998,0.006324555320336762,2367.998,69.33297015930526,1912.4781881235199,187.40657066738765,7.438735863883859,0.03174746669652606,37.13523240901943,0.15824028455629968,1.0,0.0,0.9095744893062108,0.03682071032259378
weibo_gadbench,hgb_graph_features,zero_exposure,moderate,weighted_bh_rand,0.09016166769567058,0.014818796376928501,0.8249350474741572,0.028613899098691276,178.678,7.204026343341314,0.998,0.006324555320336762,2367.998,69.33297015930526,1912.4781881235199,187.40657066738765,7.438735863883859,0.03174746669652606,37.13523240901943,0.15824028455629968,1.0,0.0,0.9095744893062108,0.03682071032259378
weibo_gadbench,hgb_graph_features,zero_exposure,moderate,weighted_by,0.0,0.0,0.0,0.0,0.0,0.0,0.0,0.0,2367.998,69.33297015930526,1912.4781881235199,187.40657066738765,7.438735863883859,0.03174746669652606,37.13523240901943,0.15824028455629968,1.0,0.0,0.9095744893062108,0.03682071032259378
weibo_gadbench,hgb_graph_features,zero_exposure,neutral,equal_alpha,0.02274586307803251,0.008716534805116232,0.4914325862141484,0.17134771002222812,99.088,34.78047242666813,0.8539999999999999,0.23190994420727676,2542.5919999999996,9.273514016931392,2542.5919999999996,9.273514016931392,7.436585470397398,0.02747590048288159,7.436585470397398,0.02747590048288159,1.0,0.0,0.9095744893062108,0.03682071032259378
weibo_gadbench,hgb_graph_features,zero_exposure,neutral,pooled_reference,0.09254627200897719,0.013316846011563606,0.8476145682854659,0.022922910552452998,183.394,5.68236296701371,1.0,0.0,2542.5919999999996,9.273514016931392,2542.5919999999996,9.273514016931392,7.436585470397398,0.02747590048288159,7.436585470397398,0.02747590048288159,1.0,0.0,0.9095744893062108,0.03682071032259378
weibo_gadbench,hgb_graph_features,zero_exposure,neutral,pooled_stratum,0.046686068355306795,0.02966960985304547,0.20596932750708916,0.19609700888017548,44.852,42.86053165014794,0.48,0.35652645218989165,2542.5919999999996,9.273514016931392,2542.5919999999996,9.273514016931392,7.436585470397398,0.02747590048288159,7.436585470397398,0.02747590048288159,1.0,0.0,0.9095744893062108,0.03682071032259378
weibo_gadbench,hgb_graph_features,zero_exposure,neutral,size_alpha,0.019897521422783223,0.01950647059995926,0.14737653602953854,0.17126757944357665,29.815999999999995,34.40223222731662,0.42000000000000004,0.3697446566363213,2542.5919999999996,9.273514016931392,2542.5919999999996,9.273514016931392,7.436585470397398,0.02747590048288159,7.436585470397398,0.02747590048288159,1.0,0.0,0.9095744893062108,0.03682071032259378
weibo_gadbench,hgb_graph_features,zero_exposure,neutral,wcs_deterministic,0.09254627200897719,0.013316846011563606,0.8476145682854659,0.022922910552452998,183.394,5.68236296701371,1.0,0.0,2542.5919999999996,9.273514016931392,2542.5919999999996,9.273514016931392,7.436585470397398,0.02747590048288159,7.436585470397398,0.02747590048288159,1.0,0.0,0.9095744893062108,0.03682071032259378
weibo_gadbench,hgb_graph_features,zero_exposure,neutral,wcs_homogeneous,0.09254627200897719,0.013316846011563606,0.8476145682854659,0.022922910552452998,183.394,5.68236296701371,1.0,0.0,2542.5919999999996,9.273514016931392,2542.5919999999996,9.273514016931392,7.436585470397398,0.02747590048288159,7.436585470397398,0.02747590048288159,1.0,0.0,0.9095744893062108,0.03682071032259378
weibo_gadbench,hgb_graph_features,zero_exposure,neutral,wcs_rand_deterministic,0.09323815886620483,0.01319947765082066,0.8488900871015153,0.022765470176554756,183.808,5.664848335716203,1.0,0.0,2542.5919999999996,9.273514016931392,2542.5919999999996,9.273514016931392,7.436585470397398,0.02747590048288159,7.436585470397398,0.02747590048288159,1.0,0.0,0.9095744893062108,0.03682071032259378
weibo_gadbench,hgb_graph_features,zero_exposure,neutral,wcs_rand_homogeneous,0.093813070576766,0.013267281049562842,0.8500412128754711,0.022555218437920466,184.176,5.671392539168244,1.0,0.0,2542.5919999999996,9.273514016931392,2542.5919999999996,9.273514016931392,7.436585470397398,0.02747590048288159,7.436585470397398,0.02747590048288159,1.0,0.0,0.9095744893062108,0.03682071032259378
weibo_gadbench,hgb_graph_features,zero_exposure,neutral,weighted_bh,0.09254627200897719,0.013316846011563606,0.8476145682854659,0.022922910552452998,183.394,5.68236296701371,1.0,0.0,2542.5919999999996,9.273514016931392,2542.5919999999996,9.273514016931392,7.436585470397398,0.02747590048288159,7.436585470397398,0.02747590048288159,1.0,0.0,0.9095744893062108,0.03682071032259378
weibo_gadbench,hgb_graph_features,zero_exposure,neutral,weighted_bh_rand,0.09377084864709083,0.013178997606223883,0.8500910831128119,0.0223631542244941,184.178,5.6110719910627465,1.0,0.0,2542.5919999999996,9.273514016931392,2542.5919999999996,9.273514016931392,7.436585470397398,0.02747590048288159,7.436585470397398,0.02747590048288159,1.0,0.0,0.9095744893062108,0.03682071032259378
weibo_gadbench,hgb_graph_features,zero_exposure,neutral,weighted_by,0.008016263920652794,0.0049107083995042706,0.20939724594925724,0.14288014567022556,41.82000000000001,28.29213475312333,0.446,0.2937950911018691,2542.5919999999996,9.273514016931392,2542.5919999999996,9.273514016931392,7.436585470397398,0.02747590048288159,7.436585470397398,0.02747590048288159,1.0,0.0,0.9095744893062108,0.03682071032259378
weibo_gadbench,hgb_graph_features,zero_exposure,severe,equal_alpha,0.0047926103136629455,0.015155564528788901,0.0057318367346938775,0.017639237459001346,1.214,3.7416579806877652,0.068,0.20810253882801785,2335.32,82.05501514905183,1050.8108833484691,260.58774269891114,7.442001969648446,0.03483298394805714,147.7346295566289,0.6863819372408466,1.0,0.0,0.9095744893062108,0.03682071032259378
weibo_gadbench,hgb_graph_features,zero_exposure,severe,pooled_reference,0.18154257567717977,0.03967682253441253,0.940339306032112,0.026549659367412496,226.18200000000002,14.812437566675744,1.0,0.0,2335.32,82.05501514905183,1050.8108833484691,260.58774269891114,7.442001969648446,0.03483298394805714,147.7346295566289,0.6863819372408466,1.0,0.0,0.9095744893062108,0.03682071032259378
weibo_gadbench,hgb_graph_features,zero_exposure,severe,pooled_stratum,0.018069253098774822,0.020943903880596602,0.013884151017992615,0.02465370051696448,2.976,5.221398705753511,0.21600000000000003,0.2923924303625751,2335.32,82.05501514905183,1050.8108833484691,260.58774269891114,7.442001969648446,0.03483298394805714,147.7346295566289,0.6863819372408466,1.0,0.0,0.9095744893062108,0.03682071032259378
weibo_gadbench,hgb_graph_features,zero_exposure,severe,size_alpha,0.018069253098774822,0.020943903880596602,0.013884151017992615,0.02465370051696448,2.976,5.221398705753511,0.21600000000000003,0.2923924303625751,2335.32,82.05501514905183,1050.8108833484691,260.58774269891114,7.442001969648446,0.03483298394805714,147.7346295566289,0.6863819372408466,1.0,0.0,0.9095744893062108,0.03682071032259378
weibo_gadbench,hgb_graph_features,zero_exposure,severe,wcs_deterministic,0.002295183990056746,0.0032370430736013106,0.017518301246447637,0.020667843881528206,3.874,4.647781310594455,0.02,0.02309401076758503,2335.32,82.05501514905183,1050.8108833484691,260.58774269891114,7.442001969648446,0.03483298394805714,147.7346295566289,0.6863819372408466,1.0,0.0,0.9095744893062108,0.03682071032259378
weibo_gadbench,hgb_graph_features,zero_exposure,severe,wcs_homogeneous,0.056415727439624516,0.021595125456598814,0.19236927701519718,0.15106455168769692,43.480000000000004,32.76245547709892,0.298,0.13806600675844227,2335.32,82.05501514905183,1050.8108833484691,260.58774269891114,7.442001969648446,0.03483298394805714,147.7346295566289,0.6863819372408466,1.0,0.0,0.9095744893062108,0.03682071032259378
weibo_gadbench,hgb_graph_features,zero_exposure,severe,wcs_rand_deterministic,0.0071494666727599755,0.009357061235387118,0.05767300813809188,0.06120131095028097,12.65,13.69334712754904,0.07,0.06749485577105528,2335.32,82.05501514905183,1050.8108833484691,260.58774269891114,7.442001969648446,0.03483298394805714,147.7346295566289,0.6863819372408466,1.0,0.0,0.9095744893062108,0.03682071032259378
weibo_gadbench,hgb_graph_features,zero_exposure,severe,wcs_rand_homogeneous,0.08675087797273276,0.017685905196856984,0.36420662062821296,0.13345257118091058,84.012,28.860914284432035,0.632,0.11820885471627465,2335.32,82.05501514905183,1050.8108833484691,260.58774269891114,7.442001969648446,0.03483298394805714,147.7346295566289,0.6863819372408466,1.0,0.0,0.9095744893062108,0.03682071032259378
weibo_gadbench,hgb_graph_features,zero_exposure,severe,weighted_bh,0.04711383573449952,0.023450669894312295,0.2966544662488889,0.16694673199593918,66.298,36.62811361054056,0.44800000000000006,0.2531929435562268,2335.32,82.05501514905183,1050.8108833484691,260.58774269891114,7.442001969648446,0.03483298394805714,147.7346295566289,0.6863819372408466,1.0,0.0,0.9095744893062108,0.03682071032259378
weibo_gadbench,hgb_graph_features,zero_exposure,severe,weighted_bh_rand,0.09378664878230994,0.015083505210352328,0.6568832569596293,0.06685904280399836,146.152,14.898931207006468,0.966,0.029888682361946552,2335.32,82.05501514905183,1050.8108833484691,260.58774269891114,7.442001969648446,0.03483298394805714,147.7346295566289,0.6863819372408466,1.0,0.0,0.9095744893062108,0.03682071032259378
weibo_gadbench,hgb_graph_features,zero_exposure,severe,weighted_by,0.0,0.0,0.0,0.0,0.0,0.0,0.0,0.0,2335.32,82.05501514905183,1050.8108833484691,260.58774269891114,7.442001969648446,0.03483298394805714,147.7346295566289,0.6863819372408466,1.0,0.0,0.9095744893062108,0.03682071032259378
