dataset,model,design,scenario,method,seed,fdp,power,discoveries,nonempty,n_reference,kish_ess,need_anom_low,need_anom_high,frac_anom_floor_ok,frac_anom_high
amazon,hgb_attributes,exposure_80,moderate,equal_alpha,0,0.05104604340504235,0.35924324324324325,71.28,0.9,2282.22,1578.756950997877,7.372561638682308,36.80694998171599,1.0,0.4908108108108108
amazon,hgb_attributes,exposure_80,moderate,equal_alpha,1,0.05791575553404222,0.5081967213114754,99.3,1.0,2286.32,1571.244032293851,7.329681646799295,36.59319238437335,1.0,0.5409836065573771
amazon,hgb_attributes,exposure_80,moderate,equal_alpha,2,0.06472798911711908,0.44808743169398907,88.92,1.0,2293.88,1585.597691677626,7.3338143808357525,36.6137966211343,1.0,0.546448087431694
amazon,hgb_attributes,exposure_80,moderate,equal_alpha,3,0.04613293035960019,0.42634408602150536,84.06,1.0,2280.22,1571.225584584586,7.359428879684015,36.74148467353696,1.0,0.5021505376344085
amazon,hgb_attributes,exposure_80,moderate,equal_alpha,4,0.05583530162569555,0.40108695652173915,78.58,1.0,2285.84,1596.5589140667455,7.4055936164099485,36.97161162283618,1.0,0.4826086956521739
amazon,hgb_attributes,exposure_80,moderate,equal_alpha,5,0.042095098295604386,0.35301075268817206,69.1,0.98,2291.9,1589.7104723850646,7.354007471644958,36.714453649904684,1.0,0.5311827956989247
amazon,hgb_attributes,exposure_80,moderate,equal_alpha,6,0.032791368657961596,0.35776595744680845,69.96,1.0,2279.7,1574.4101136374288,7.374910822560803,36.81866067135644,1.0,0.4691489361702128
amazon,hgb_attributes,exposure_80,moderate,equal_alpha,7,0.034676201886738124,0.332192513368984,65.16,1.0,2266.82,1559.899337478303,7.3938828625107025,36.913201593292655,1.0,0.4705882352941177
amazon,hgb_attributes,exposure_80,moderate,equal_alpha,8,0.050955964510428046,0.2785945945945946,55.46,0.84,2287.28,1592.730096315932,7.3848444501562245,36.868144261867634,1.0,0.5351351351351351
amazon,hgb_attributes,exposure_80,moderate,equal_alpha,9,0.04868347983641204,0.27623655913978495,54.74,0.86,2284.5,1582.6874758438573,7.37037035293871,36.79599881401252,1.0,0.4881720430107526
amazon,hgb_attributes,exposure_80,moderate,pooled_reference,0,0.10953500680025088,0.7806486486486487,162.7,1.0,2282.22,1578.756950997877,7.372561638682308,36.80694998171599,1.0,0.4908108108108108
amazon,hgb_attributes,exposure_80,moderate,pooled_reference,1,0.11000547790891492,0.7911475409836066,162.94,1.0,2286.32,1571.244032293851,7.329681646799295,36.59319238437335,1.0,0.5409836065573771
amazon,hgb_attributes,exposure_80,moderate,pooled_reference,2,0.11490630133072349,0.7706010928961748,159.44,1.0,2293.88,1585.597691677626,7.3338143808357525,36.6137966211343,1.0,0.546448087431694
amazon,hgb_attributes,exposure_80,moderate,pooled_reference,3,0.09773737014642758,0.8398924731182795,173.46,1.0,2280.22,1571.225584584586,7.359428879684015,36.74148467353696,1.0,0.5021505376344085
amazon,hgb_attributes,exposure_80,moderate,pooled_reference,4,0.08528295607059669,0.7705434782608696,155.14,1.0,2285.84,1596.5589140667455,7.4055936164099485,36.97161162283618,1.0,0.4826086956521739
amazon,hgb_attributes,exposure_80,moderate,pooled_reference,5,0.08790990793624706,0.7810752688172043,159.46,1.0,2291.9,1589.7104723850646,7.354007471644958,36.714453649904684,1.0,0.5311827956989247
amazon,hgb_attributes,exposure_80,moderate,pooled_reference,6,0.09323413257419988,0.7662765957446809,159.0,1.0,2279.7,1574.4101136374288,7.374910822560803,36.81866067135644,1.0,0.4691489361702128
amazon,hgb_attributes,exposure_80,moderate,pooled_reference,7,0.11527259139501372,0.806096256684492,170.62,1.0,2266.82,1559.899337478303,7.3938828625107025,36.913201593292655,1.0,0.4705882352941177
amazon,hgb_attributes,exposure_80,moderate,pooled_reference,8,0.10674697661976948,0.780864864864865,161.8,1.0,2287.28,1592.730096315932,7.3848444501562245,36.868144261867634,1.0,0.5351351351351351
amazon,hgb_attributes,exposure_80,moderate,pooled_reference,9,0.09534208363510428,0.8036559139784946,165.54,1.0,2284.5,1582.6874758438573,7.37037035293871,36.79599881401252,1.0,0.4881720430107526
amazon,hgb_attributes,exposure_80,moderate,pooled_stratum,0,0.08009464372139054,0.31232432432432433,63.42,1.0,2282.22,1578.756950997877,7.372561638682308,36.80694998171599,1.0,0.4908108108108108
amazon,hgb_attributes,exposure_80,moderate,pooled_stratum,1,0.05688494942679341,0.28360655737704915,55.62,1.0,2286.32,1571.244032293851,7.329681646799295,36.59319238437335,1.0,0.5409836065573771
amazon,hgb_attributes,exposure_80,moderate,pooled_stratum,2,0.08726824246180052,0.2595628415300546,52.22,1.0,2293.88,1585.597691677626,7.3338143808357525,36.6137966211343,1.0,0.546448087431694
amazon,hgb_attributes,exposure_80,moderate,pooled_stratum,3,0.07292821062726752,0.3618279569892473,72.9,1.0,2280.22,1571.225584584586,7.359428879684015,36.74148467353696,1.0,0.5021505376344085
amazon,hgb_attributes,exposure_80,moderate,pooled_stratum,4,0.06847176818510728,0.3139130434782609,62.18,1.0,2285.84,1596.5589140667455,7.4055936164099485,36.97161162283618,1.0,0.4826086956521739
amazon,hgb_attributes,exposure_80,moderate,pooled_stratum,5,0.05520501774030249,0.267741935483871,52.92,1.0,2291.9,1589.7104723850646,7.354007471644958,36.714453649904684,1.0,0.5311827956989247
amazon,hgb_attributes,exposure_80,moderate,pooled_stratum,6,0.05466220649023264,0.35627659574468085,71.04,1.0,2279.7,1574.4101136374288,7.374910822560803,36.81866067135644,1.0,0.4691489361702128
amazon,hgb_attributes,exposure_80,moderate,pooled_stratum,7,0.07866642534778469,0.34641711229946526,70.82,1.0,2266.82,1559.899337478303,7.3938828625107025,36.913201593292655,1.0,0.4705882352941177
amazon,hgb_attributes,exposure_80,moderate,pooled_stratum,8,0.08795038819026885,0.30583783783783786,62.36,1.0,2287.28,1592.730096315932,7.3848444501562245,36.868144261867634,1.0,0.5351351351351351
amazon,hgb_attributes,exposure_80,moderate,pooled_stratum,9,0.07002757696476375,0.32591397849462367,65.58,1.0,2284.5,1582.6874758438573,7.37037035293871,36.79599881401252,1.0,0.4881720430107526
amazon,hgb_attributes,exposure_80,moderate,size_alpha,0,0.08009464372139054,0.31232432432432433,63.42,1.0,2282.22,1578.756950997877,7.372561638682308,36.80694998171599,1.0,0.4908108108108108
amazon,hgb_attributes,exposure_80,moderate,size_alpha,1,0.0573113886592028,0.2733333333333334,53.46,1.0,2286.32,1571.244032293851,7.329681646799295,36.59319238437335,1.0,0.5409836065573771
amazon,hgb_attributes,exposure_80,moderate,size_alpha,2,0.08726824246180052,0.2595628415300546,52.22,1.0,2293.88,1585.597691677626,7.3338143808357525,36.6137966211343,1.0,0.546448087431694
amazon,hgb_attributes,exposure_80,moderate,size_alpha,3,0.07292821062726752,0.3618279569892473,72.9,1.0,2280.22,1571.225584584586,7.359428879684015,36.74148467353696,1.0,0.5021505376344085
amazon,hgb_attributes,exposure_80,moderate,size_alpha,4,0.06847176818510728,0.3139130434782609,62.18,1.0,2285.84,1596.5589140667455,7.4055936164099485,36.97161162283618,1.0,0.4826086956521739
amazon,hgb_attributes,exposure_80,moderate,size_alpha,5,0.05520501774030249,0.267741935483871,52.92,1.0,2291.9,1589.7104723850646,7.354007471644958,36.714453649904684,1.0,0.5311827956989247
amazon,hgb_attributes,exposure_80,moderate,size_alpha,6,0.05466220649023264,0.35627659574468085,71.04,1.0,2279.7,1574.4101136374288,7.374910822560803,36.81866067135644,1.0,0.4691489361702128
amazon,hgb_attributes,exposure_80,moderate,size_alpha,7,0.0786055172636208,0.3381818181818182,69.06,1.0,2266.82,1559.899337478303,7.3938828625107025,36.913201593292655,1.0,0.4705882352941177
amazon,hgb_attributes,exposure_80,moderate,size_alpha,8,0.08795038819026885,0.30583783783783786,62.36,1.0,2287.28,1592.730096315932,7.3848444501562245,36.868144261867634,1.0,0.5351351351351351
amazon,hgb_attributes,exposure_80,moderate,size_alpha,9,0.07002757696476375,0.32591397849462367,65.58,1.0,2284.5,1582.6874758438573,7.37037035293871,36.79599881401252,1.0,0.4881720430107526
amazon,hgb_attributes,exposure_80,moderate,wcs_deterministic,0,0.009924391236974785,0.08854054054054056,17.88,0.12,2282.22,1578.756950997877,7.372561638682308,36.80694998171599,1.0,0.4908108108108108
amazon,hgb_attributes,exposure_80,moderate,wcs_deterministic,1,0.031037447625491144,0.22131147540983606,45.66,0.28,2286.32,1571.244032293851,7.329681646799295,36.59319238437335,1.0,0.5409836065573771
amazon,hgb_attributes,exposure_80,moderate,wcs_deterministic,2,0.01874415536116896,0.1355191256830601,27.74,0.18,2293.88,1585.597691677626,7.3338143808357525,36.6137966211343,1.0,0.546448087431694
amazon,hgb_attributes,exposure_80,moderate,wcs_deterministic,3,0.02867644052562146,0.2378494623655914,49.36,0.28,2280.22,1571.225584584586,7.359428879684015,36.74148467353696,1.0,0.5021505376344085
amazon,hgb_attributes,exposure_80,moderate,wcs_deterministic,4,0.01957170924775111,0.19630434782608697,39.14,0.26,2285.84,1596.5589140667455,7.4055936164099485,36.97161162283618,1.0,0.4826086956521739
amazon,hgb_attributes,exposure_80,moderate,wcs_deterministic,5,0.015977543981894656,0.14763440860215055,29.96,0.2,2291.9,1589.7104723850646,7.354007471644958,36.714453649904684,1.0,0.5311827956989247
amazon,hgb_attributes,exposure_80,moderate,wcs_deterministic,6,0.02676389118561044,0.3046808510638298,61.42,0.4,2279.7,1574.4101136374288,7.374910822560803,36.81866067135644,1.0,0.4691489361702128
amazon,hgb_attributes,exposure_80,moderate,wcs_deterministic,7,0.018777268091059066,0.1290909090909091,27.38,0.16,2266.82,1559.899337478303,7.3938828625107025,36.913201593292655,1.0,0.4705882352941177
amazon,hgb_attributes,exposure_80,moderate,wcs_deterministic,8,0.05855702778074811,0.4322162162162162,89.44,0.56,2287.28,1592.730096315932,7.3848444501562245,36.868144261867634,1.0,0.5351351351351351
amazon,hgb_attributes,exposure_80,moderate,wcs_deterministic,9,0.039428333150100484,0.3673118279569893,74.88,0.46,2284.5,1582.6874758438573,7.37037035293871,36.79599881401252,1.0,0.4881720430107526
amazon,hgb_attributes,exposure_80,moderate,wcs_homogeneous,0,0.10198843598494127,0.735027027027027,152.7,0.96,2282.22,1578.756950997877,7.372561638682308,36.80694998171599,1.0,0.4908108108108108
amazon,hgb_attributes,exposure_80,moderate,wcs_homogeneous,1,0.09248961678439273,0.7751912568306011,156.7,1.0,2286.32,1571.244032293851,7.329681646799295,36.59319238437335,1.0,0.5409836065573771
amazon,hgb_attributes,exposure_80,moderate,wcs_homogeneous,2,0.10010360399636958,0.7574863387978142,154.36,1.0,2293.88,1585.597691677626,7.3338143808357525,36.6137966211343,1.0,0.546448087431694
amazon,hgb_attributes,exposure_80,moderate,wcs_homogeneous,3,0.07971414288387342,0.7687096774193549,156.86,0.96,2280.22,1571.225584584586,7.359428879684015,36.74148467353696,1.0,0.5021505376344085
amazon,hgb_attributes,exposure_80,moderate,wcs_homogeneous,4,0.07771757224881823,0.7276086956521739,145.84,0.98,2285.84,1596.5589140667455,7.4055936164099485,36.97161162283618,1.0,0.4826086956521739
amazon,hgb_attributes,exposure_80,moderate,wcs_homogeneous,5,0.06594314913426651,0.7126881720430107,142.58,0.98,2291.9,1589.7104723850646,7.354007471644958,36.714453649904684,1.0,0.5311827956989247
amazon,hgb_attributes,exposure_80,moderate,wcs_homogeneous,6,0.07393313365581924,0.73,148.76,0.98,2279.7,1574.4101136374288,7.374910822560803,36.81866067135644,1.0,0.4691489361702128
amazon,hgb_attributes,exposure_80,moderate,wcs_homogeneous,7,0.09492653473200863,0.7440641711229946,155.12,0.96,2266.82,1559.899337478303,7.3938828625107025,36.913201593292655,1.0,0.4705882352941177
amazon,hgb_attributes,exposure_80,moderate,wcs_homogeneous,8,0.09156651608065929,0.7604324324324324,155.28,1.0,2287.28,1592.730096315932,7.3848444501562245,36.868144261867634,1.0,0.5351351351351351
amazon,hgb_attributes,exposure_80,moderate,wcs_homogeneous,9,0.08023138454425052,0.7472043010752688,152.12,0.96,2284.5,1582.6874758438573,7.37037035293871,36.79599881401252,1.0,0.4881720430107526
amazon,hgb_attributes,exposure_80,moderate,wcs_rand_deterministic,0,0.03502662164565371,0.2428108108108108,50.56,0.32,2282.22,1578.756950997877,7.372561638682308,36.80694998171599,1.0,0.4908108108108108
amazon,hgb_attributes,exposure_80,moderate,wcs_rand_deterministic,1,0.05479997001576505,0.4255737704918032,86.86,0.54,2286.32,1571.244032293851,7.329681646799295,36.59319238437335,1.0,0.5409836065573771
amazon,hgb_attributes,exposure_80,moderate,wcs_rand_deterministic,2,0.051454070649045475,0.39431693989071037,80.22,0.52,2293.88,1585.597691677626,7.3338143808357525,36.6137966211343,1.0,0.546448087431694
amazon,hgb_attributes,exposure_80,moderate,wcs_rand_deterministic,3,0.05223433124316574,0.4355913978494624,90.36,0.52,2280.22,1571.225584584586,7.359428879684015,36.74148467353696,1.0,0.5021505376344085
amazon,hgb_attributes,exposure_80,moderate,wcs_rand_deterministic,4,0.0430422608518312,0.41043478260869565,82.26,0.54,2285.84,1596.5589140667455,7.4055936164099485,36.97161162283618,1.0,0.4826086956521739
amazon,hgb_attributes,exposure_80,moderate,wcs_rand_deterministic,5,0.03103106066435052,0.3317204301075269,66.58,0.44,2291.9,1589.7104723850646,7.354007471644958,36.714453649904684,1.0,0.5311827956989247
amazon,hgb_attributes,exposure_80,moderate,wcs_rand_deterministic,6,0.03895489300185364,0.39670212765957447,80.68,0.52,2279.7,1574.4101136374288,7.374910822560803,36.81866067135644,1.0,0.4691489361702128
amazon,hgb_attributes,exposure_80,moderate,wcs_rand_deterministic,7,0.049624902167918906,0.36652406417112293,76.92,0.46,2266.82,1559.899337478303,7.3938828625107025,36.913201593292655,1.0,0.4705882352941177
amazon,hgb_attributes,exposure_80,moderate,wcs_rand_deterministic,8,0.07764964273880583,0.5854054054054054,120.86,0.76,2287.28,1592.730096315932,7.3848444501562245,36.868144261867634,1.0,0.5351351351351351
amazon,hgb_attributes,exposure_80,moderate,wcs_rand_deterministic,9,0.06272562463720398,0.5754838709677419,117.52,0.72,2284.5,1582.6874758438573,7.37037035293871,36.79599881401252,1.0,0.4881720430107526
amazon,hgb_attributes,exposure_80,moderate,wcs_rand_homogeneous,0,0.11035186333893617,0.7621621621621623,159.46,0.98,2282.22,1578.756950997877,7.372561638682308,36.80694998171599,1.0,0.4908108108108108
amazon,hgb_attributes,exposure_80,moderate,wcs_rand_homogeneous,1,0.09702341181921265,0.7792349726775956,158.26,1.0,2286.32,1571.244032293851,7.329681646799295,36.59319238437335,1.0,0.5409836065573771
amazon,hgb_attributes,exposure_80,moderate,wcs_rand_homogeneous,2,0.10539708905426441,0.7608743169398907,155.94,1.0,2293.88,1585.597691677626,7.3338143808357525,36.6137966211343,1.0,0.546448087431694
amazon,hgb_attributes,exposure_80,moderate,wcs_rand_homogeneous,3,0.08219127681665532,0.7954838709677419,162.36,0.98,2280.22,1571.225584584586,7.359428879684015,36.74148467353696,1.0,0.5021505376344085
amazon,hgb_attributes,exposure_80,moderate,wcs_rand_homogeneous,4,0.08132445273158789,0.7501086956521739,150.68,1.0,2285.84,1596.5589140667455,7.4055936164099485,36.97161162283618,1.0,0.4826086956521739
amazon,hgb_attributes,exposure_80,moderate,wcs_rand_homogeneous,5,0.06748472100790877,0.7246236559139786,145.14,0.98,2291.9,1589.7104723850646,7.354007471644958,36.714453649904684,1.0,0.5311827956989247
amazon,hgb_attributes,exposure_80,moderate,wcs_rand_homogeneous,6,0.07661027103703937,0.7347872340425532,150.2,0.98,2279.7,1574.4101136374288,7.374910822560803,36.81866067135644,1.0,0.4691489361702128
amazon,hgb_attributes,exposure_80,moderate,wcs_rand_homogeneous,7,0.0982716062775828,0.7493048128342247,156.8,0.96,2266.82,1559.899337478303,7.3938828625107025,36.913201593292655,1.0,0.4705882352941177
amazon,hgb_attributes,exposure_80,moderate,wcs_rand_homogeneous,8,0.09443848344286637,0.7654054054054055,156.74,1.0,2287.28,1592.730096315932,7.3848444501562245,36.868144261867634,1.0,0.5351351351351351
amazon,hgb_attributes,exposure_80,moderate,wcs_rand_homogeneous,9,0.08197699536595238,0.7510752688172043,153.22,0.96,2284.5,1582.6874758438573,7.37037035293871,36.79599881401252,1.0,0.4881720430107526
amazon,hgb_attributes,exposure_80,moderate,weighted_bh,0,0.10518911034816952,0.7705945945945946,159.8,1.0,2282.22,1578.756950997877,7.372561638682308,36.80694998171599,1.0,0.4908108108108108
amazon,hgb_attributes,exposure_80,moderate,weighted_bh,1,0.09261080326259258,0.7744262295081967,156.58,1.0,2286.32,1571.244032293851,7.329681646799295,36.59319238437335,1.0,0.5409836065573771
amazon,hgb_attributes,exposure_80,moderate,weighted_bh,2,0.10010176851177978,0.7577049180327868,154.4,1.0,2293.88,1585.597691677626,7.3338143808357525,36.6137966211343,1.0,0.546448087431694
amazon,hgb_attributes,exposure_80,moderate,weighted_bh,3,0.07855869426954604,0.793763440860215,161.36,1.0,2280.22,1571.225584584586,7.359428879684015,36.74148467353696,1.0,0.5021505376344085
amazon,hgb_attributes,exposure_80,moderate,weighted_bh,4,0.07706587785633316,0.7427173913043478,148.54,1.0,2285.84,1596.5589140667455,7.4055936164099485,36.97161162283618,1.0,0.4826086956521739
amazon,hgb_attributes,exposure_80,moderate,weighted_bh,5,0.06482201651391432,0.7280645161290323,145.38,1.0,2291.9,1589.7104723850646,7.354007471644958,36.714453649904684,1.0,0.5311827956989247
amazon,hgb_attributes,exposure_80,moderate,weighted_bh,6,0.07375122612643539,0.7291489361702128,148.6,0.98,2279.7,1574.4101136374288,7.374910822560803,36.81866067135644,1.0,0.4691489361702128
amazon,hgb_attributes,exposure_80,moderate,weighted_bh,7,0.09600218423497245,0.7712299465240642,160.4,1.0,2266.82,1559.899337478303,7.3938828625107025,36.913201593292655,1.0,0.4705882352941177
amazon,hgb_attributes,exposure_80,moderate,weighted_bh,8,0.09127454688417268,0.764,155.92,1.0,2287.28,1592.730096315932,7.3848444501562245,36.868144261867634,1.0,0.5351351351351351
amazon,hgb_attributes,exposure_80,moderate,weighted_bh,9,0.07904505185345777,0.7421505376344086,151.14,0.96,2284.5,1582.6874758438573,7.37037035293871,36.79599881401252,1.0,0.4881720430107526
amazon,hgb_attributes,exposure_80,moderate,weighted_bh_rand,0,0.11207032308366083,0.7783783783783784,162.72,1.0,2282.22,1578.756950997877,7.372561638682308,36.80694998171599,1.0,0.4908108108108108
amazon,hgb_attributes,exposure_80,moderate,weighted_bh_rand,1,0.09717334612722714,0.7794535519125683,158.34,1.0,2286.32,1571.244032293851,7.329681646799295,36.59319238437335,1.0,0.5409836065573771
amazon,hgb_attributes,exposure_80,moderate,weighted_bh_rand,2,0.10518826134665597,0.7616393442622951,156.06,1.0,2293.88,1585.597691677626,7.3338143808357525,36.6137966211343,1.0,0.546448087431694
amazon,hgb_attributes,exposure_80,moderate,weighted_bh_rand,3,0.08165592497664495,0.8080645161290323,164.66,1.0,2280.22,1571.225584584586,7.359428879684015,36.74148467353696,1.0,0.5021505376344085
amazon,hgb_attributes,exposure_80,moderate,weighted_bh_rand,4,0.0813332869513461,0.7513043478260869,150.92,1.0,2285.84,1596.5589140667455,7.4055936164099485,36.97161162283618,1.0,0.4826086956521739
amazon,hgb_attributes,exposure_80,moderate,weighted_bh_rand,5,0.06782160444442219,0.7413978494623656,148.36,1.0,2291.9,1589.7104723850646,7.354007471644958,36.714453649904684,1.0,0.5311827956989247
amazon,hgb_attributes,exposure_80,moderate,weighted_bh_rand,6,0.07651498474770484,0.7458510638297873,152.26,1.0,2279.7,1574.4101136374288,7.374910822560803,36.81866067135644,1.0,0.4691489361702128
amazon,hgb_attributes,exposure_80,moderate,weighted_bh_rand,7,0.10087952232409697,0.7789304812834225,162.76,1.0,2266.82,1559.899337478303,7.3938828625107025,36.913201593292655,1.0,0.4705882352941177
amazon,hgb_attributes,exposure_80,moderate,weighted_bh_rand,8,0.09449272355942114,0.768,157.26,1.0,2287.28,1592.730096315932,7.3848444501562245,36.868144261867634,1.0,0.5351351351351351
amazon,hgb_attributes,exposure_80,moderate,weighted_bh_rand,9,0.08140487433752294,0.7501075268817204,153.02,1.0,2284.5,1582.6874758438573,7.37037035293871,36.79599881401252,1.0,0.4881720430107526
amazon,hgb_attributes,exposure_80,moderate,weighted_by,0,0.0,0.0,0.0,0.0,2282.22,1578.756950997877,7.372561638682308,36.80694998171599,1.0,0.4908108108108108
amazon,hgb_attributes,exposure_80,moderate,weighted_by,1,0.0,0.0,0.0,0.0,2286.32,1571.244032293851,7.329681646799295,36.59319238437335,1.0,0.5409836065573771
amazon,hgb_attributes,exposure_80,moderate,weighted_by,2,0.0,0.0,0.0,0.0,2293.88,1585.597691677626,7.3338143808357525,36.6137966211343,1.0,0.546448087431694
amazon,hgb_attributes,exposure_80,moderate,weighted_by,3,0.0035741699083078633,0.01860215053763441,3.68,0.06,2280.22,1571.225584584586,7.359428879684015,36.74148467353696,1.0,0.5021505376344085
amazon,hgb_attributes,exposure_80,moderate,weighted_by,4,0.0,0.0,0.0,0.0,2285.84,1596.5589140667455,7.4055936164099485,36.97161162283618,1.0,0.4826086956521739
amazon,hgb_attributes,exposure_80,moderate,weighted_by,5,0.0,0.0,0.0,0.0,2291.9,1589.7104723850646,7.354007471644958,36.714453649904684,1.0,0.5311827956989247
amazon,hgb_attributes,exposure_80,moderate,weighted_by,6,0.0008333333333333333,0.013936170212765957,2.68,0.04,2279.7,1574.4101136374288,7.374910822560803,36.81866067135644,1.0,0.4691489361702128
amazon,hgb_attributes,exposure_80,moderate,weighted_by,7,0.0006451612903225806,0.006417112299465241,1.24,0.02,2266.82,1559.899337478303,7.3938828625107025,36.913201593292655,1.0,0.4705882352941177
amazon,hgb_attributes,exposure_80,moderate,weighted_by,8,0.0,0.0,0.0,0.0,2287.28,1592.730096315932,7.3848444501562245,36.868144261867634,1.0,0.5351351351351351
amazon,hgb_attributes,exposure_80,moderate,weighted_by,9,0.0,0.0,0.0,0.0,2284.5,1582.6874758438573,7.37037035293871,36.79599881401252,1.0,0.4881720430107526
amazon,hgb_attributes,exposure_80,neutral,equal_alpha,0,0.04212472352213428,0.6422702702702704,124.1,1.0,2640.02,2640.02,7.362152445012349,7.362152445012349,1.0,0.4908108108108108
amazon,hgb_attributes,exposure_80,neutral,equal_alpha,1,0.05046727048144062,0.6775956284153005,130.86,1.0,2642.92,2642.92,7.354225776727902,7.354225776727902,1.0,0.5409836065573771
amazon,hgb_attributes,exposure_80,neutral,equal_alpha,2,0.06217204005869564,0.6959562841530055,136.14,1.0,2644.44,2644.44,7.349976085289562,7.349976085289562,1.0,0.546448087431694
amazon,hgb_attributes,exposure_80,neutral,equal_alpha,3,0.03832498113996324,0.643225806451613,125.02,1.0,2633.38,2633.38,7.380518556225116,7.380518556225116,1.0,0.5021505376344085
amazon,hgb_attributes,exposure_80,neutral,equal_alpha,4,0.04573643975485523,0.621195652173913,119.7,1.0,2637.28,2637.28,7.370233767228159,7.370233767228159,1.0,0.4826086956521739
amazon,hgb_attributes,exposure_80,neutral,equal_alpha,5,0.03551901769898085,0.62247311827957,120.22,1.0,2645.1,2645.1,7.348172164814602,7.348172164814602,1.0,0.5311827956989247
amazon,hgb_attributes,exposure_80,neutral,equal_alpha,6,0.0348280714452049,0.5346808510638298,104.4,1.0,2636.14,2636.14,7.372662492765529,7.372662492765529,1.0,0.4691489361702128
amazon,hgb_attributes,exposure_80,neutral,equal_alpha,7,0.03284642108498292,0.6023529411764705,116.72,1.0,2628.12,2628.12,7.3923190280664155,7.3923190280664155,1.0,0.4705882352941177
amazon,hgb_attributes,exposure_80,neutral,equal_alpha,8,0.03566670898526735,0.6228108108108108,119.84,1.0,2635.88,2635.88,7.370112978283829,7.370112978283829,1.0,0.5351351351351351
amazon,hgb_attributes,exposure_80,neutral,equal_alpha,9,0.052637680318254165,0.48505376344086026,95.44,1.0,2632.18,2632.18,7.380203435879367,7.380203435879367,1.0,0.4881720430107526
amazon,hgb_attributes,exposure_80,neutral,pooled_reference,0,0.10224012563796782,0.7777297297297298,160.58,1.0,2640.02,2640.02,7.362152445012349,7.362152445012349,1.0,0.4908108108108108
amazon,hgb_attributes,exposure_80,neutral,pooled_reference,1,0.09461016488332305,0.778360655737705,157.64,1.0,2642.92,2642.92,7.354225776727902,7.354225776727902,1.0,0.5409836065573771
amazon,hgb_attributes,exposure_80,neutral,pooled_reference,2,0.10716698138983202,0.7659016393442623,157.14,1.0,2644.44,2644.44,7.349976085289562,7.349976085289562,1.0,0.546448087431694
amazon,hgb_attributes,exposure_80,neutral,pooled_reference,3,0.07795825018948264,0.8227956989247311,166.52,1.0,2633.38,2633.38,7.380518556225116,7.380518556225116,1.0,0.5021505376344085
amazon,hgb_attributes,exposure_80,neutral,pooled_reference,4,0.07314948751179769,0.7563043478260869,150.3,1.0,2637.28,2637.28,7.370233767228159,7.370233767228159,1.0,0.4826086956521739
amazon,hgb_attributes,exposure_80,neutral,pooled_reference,5,0.0699515891012921,0.7641935483870967,152.96,1.0,2645.1,2645.1,7.348172164814602,7.348172164814602,1.0,0.5311827956989247
amazon,hgb_attributes,exposure_80,neutral,pooled_reference,6,0.07910956634277445,0.7602127659574468,155.3,1.0,2636.14,2636.14,7.372662492765529,7.372662492765529,1.0,0.4691489361702128
amazon,hgb_attributes,exposure_80,neutral,pooled_reference,7,0.10059761822989444,0.7937967914438502,165.2,1.0,2628.12,2628.12,7.3923190280664155,7.3923190280664155,1.0,0.4705882352941177
amazon,hgb_attributes,exposure_80,neutral,pooled_reference,8,0.09584527569221292,0.7775135135135135,159.2,1.0,2635.88,2635.88,7.370112978283829,7.370112978283829,1.0,0.5351351351351351
amazon,hgb_attributes,exposure_80,neutral,pooled_reference,9,0.08282780327696214,0.7973118279569893,162.04,1.0,2632.18,2632.18,7.380203435879367,7.380203435879367,1.0,0.4881720430107526
amazon,hgb_attributes,exposure_80,neutral,pooled_stratum,0,0.09920096151106061,0.7641081081081081,157.22,1.0,2640.02,2640.02,7.362152445012349,7.362152445012349,1.0,0.4908108108108108
amazon,hgb_attributes,exposure_80,neutral,pooled_stratum,1,0.08739775766048365,0.6793442622950819,136.62,1.0,2642.92,2642.92,7.354225776727902,7.354225776727902,1.0,0.5409836065573771
amazon,hgb_attributes,exposure_80,neutral,pooled_stratum,2,0.08932083614034962,0.6848087431693989,137.98,1.0,2644.44,2644.44,7.349976085289562,7.349976085289562,1.0,0.546448087431694
amazon,hgb_attributes,exposure_80,neutral,pooled_stratum,3,0.08555054736764557,0.7061290322580644,144.12,1.0,2633.38,2633.38,7.380518556225116,7.380518556225116,1.0,0.5021505376344085
amazon,hgb_attributes,exposure_80,neutral,pooled_stratum,4,0.07375667371775763,0.6331521739130435,126.0,1.0,2637.28,2637.28,7.370233767228159,7.370233767228159,1.0,0.4826086956521739
amazon,hgb_attributes,exposure_80,neutral,pooled_stratum,5,0.06796354956626185,0.5934408602150537,118.94,1.0,2645.1,2645.1,7.348172164814602,7.348172164814602,1.0,0.5311827956989247
amazon,hgb_attributes,exposure_80,neutral,pooled_stratum,6,0.07824230392896867,0.5907446808510638,120.82,1.0,2636.14,2636.14,7.372662492765529,7.372662492765529,1.0,0.4691489361702128
amazon,hgb_attributes,exposure_80,neutral,pooled_stratum,7,0.09893642177166466,0.6837433155080214,142.12,1.0,2628.12,2628.12,7.3923190280664155,7.3923190280664155,1.0,0.4705882352941177
amazon,hgb_attributes,exposure_80,neutral,pooled_stratum,8,0.0945232257267141,0.7153513513513513,146.32,1.0,2635.88,2635.88,7.370112978283829,7.370112978283829,1.0,0.5351351351351351
amazon,hgb_attributes,exposure_80,neutral,pooled_stratum,9,0.08608653562191446,0.61247311827957,125.2,1.0,2632.18,2632.18,7.380203435879367,7.380203435879367,1.0,0.4881720430107526
amazon,hgb_attributes,exposure_80,neutral,size_alpha,0,0.07493628367911156,0.4207567567567568,83.86,1.0,2640.02,2640.02,7.362152445012349,7.362152445012349,1.0,0.4908108108108108
amazon,hgb_attributes,exposure_80,neutral,size_alpha,1,0.06268682626397001,0.37311475409836065,72.72,1.0,2642.92,2642.92,7.354225776727902,7.354225776727902,1.0,0.5409836065573771
amazon,hgb_attributes,exposure_80,neutral,size_alpha,2,0.06935587303974437,0.44349726775956283,86.76,1.0,2644.44,2644.44,7.349976085289562,7.349976085289562,1.0,0.546448087431694
amazon,hgb_attributes,exposure_80,neutral,size_alpha,3,0.06483145697647964,0.47892473118279566,95.54,1.0,2633.38,2633.38,7.380518556225116,7.380518556225116,1.0,0.5021505376344085
amazon,hgb_attributes,exposure_80,neutral,size_alpha,4,0.06457946811442493,0.3778260869565217,74.28,1.0,2637.28,2637.28,7.370233767228159,7.370233767228159,1.0,0.4826086956521739
amazon,hgb_attributes,exposure_80,neutral,size_alpha,5,0.04901625702346726,0.3556989247311828,69.52,1.0,2645.1,2645.1,7.348172164814602,7.348172164814602,1.0,0.5311827956989247
amazon,hgb_attributes,exposure_80,neutral,size_alpha,6,0.0533961304938533,0.37255319148936167,74.18,1.0,2636.14,2636.14,7.372662492765529,7.372662492765529,1.0,0.4691489361702128
amazon,hgb_attributes,exposure_80,neutral,size_alpha,7,0.07229804896961088,0.4289839572192513,86.34,1.0,2628.12,2628.12,7.3923190280664155,7.3923190280664155,1.0,0.4705882352941177
amazon,hgb_attributes,exposure_80,neutral,size_alpha,8,0.07162407260515928,0.4624864864864865,92.0,1.0,2635.88,2635.88,7.370112978283829,7.370112978283829,1.0,0.5351351351351351
amazon,hgb_attributes,exposure_80,neutral,size_alpha,9,0.07172556160679955,0.34376344086021504,69.3,1.0,2632.18,2632.18,7.380203435879367,7.380203435879367,1.0,0.4881720430107526
amazon,hgb_attributes,exposure_80,neutral,wcs_deterministic,0,0.10224012563796782,0.7777297297297298,160.58,1.0,2640.02,2640.02,7.362152445012349,7.362152445012349,1.0,0.4908108108108108
amazon,hgb_attributes,exposure_80,neutral,wcs_deterministic,1,0.09461016488332305,0.778360655737705,157.64,1.0,2642.92,2642.92,7.354225776727902,7.354225776727902,1.0,0.5409836065573771
amazon,hgb_attributes,exposure_80,neutral,wcs_deterministic,2,0.10716698138983202,0.7659016393442623,157.14,1.0,2644.44,2644.44,7.349976085289562,7.349976085289562,1.0,0.546448087431694
amazon,hgb_attributes,exposure_80,neutral,wcs_deterministic,3,0.07795825018948264,0.8227956989247311,166.52,1.0,2633.38,2633.38,7.380518556225116,7.380518556225116,1.0,0.5021505376344085
amazon,hgb_attributes,exposure_80,neutral,wcs_deterministic,4,0.07314948751179769,0.7563043478260869,150.3,1.0,2637.28,2637.28,7.370233767228159,7.370233767228159,1.0,0.4826086956521739
amazon,hgb_attributes,exposure_80,neutral,wcs_deterministic,5,0.0699515891012921,0.7641935483870967,152.96,1.0,2645.1,2645.1,7.348172164814602,7.348172164814602,1.0,0.5311827956989247
amazon,hgb_attributes,exposure_80,neutral,wcs_deterministic,6,0.07910956634277445,0.7602127659574468,155.3,1.0,2636.14,2636.14,7.372662492765529,7.372662492765529,1.0,0.4691489361702128
amazon,hgb_attributes,exposure_80,neutral,wcs_deterministic,7,0.10059761822989444,0.7937967914438502,165.2,1.0,2628.12,2628.12,7.3923190280664155,7.3923190280664155,1.0,0.4705882352941177
amazon,hgb_attributes,exposure_80,neutral,wcs_deterministic,8,0.09584527569221292,0.7775135135135135,159.2,1.0,2635.88,2635.88,7.370112978283829,7.370112978283829,1.0,0.5351351351351351
amazon,hgb_attributes,exposure_80,neutral,wcs_deterministic,9,0.08282780327696214,0.7973118279569893,162.04,1.0,2632.18,2632.18,7.380203435879367,7.380203435879367,1.0,0.4881720430107526
amazon,hgb_attributes,exposure_80,neutral,wcs_homogeneous,0,0.10224012563796782,0.7777297297297298,160.58,1.0,2640.02,2640.02,7.362152445012349,7.362152445012349,1.0,0.4908108108108108
amazon,hgb_attributes,exposure_80,neutral,wcs_homogeneous,1,0.09461016488332305,0.778360655737705,157.64,1.0,2642.92,2642.92,7.354225776727902,7.354225776727902,1.0,0.5409836065573771
amazon,hgb_attributes,exposure_80,neutral,wcs_homogeneous,2,0.10716698138983202,0.7659016393442623,157.14,1.0,2644.44,2644.44,7.349976085289562,7.349976085289562,1.0,0.546448087431694
amazon,hgb_attributes,exposure_80,neutral,wcs_homogeneous,3,0.07795825018948264,0.8227956989247311,166.52,1.0,2633.38,2633.38,7.380518556225116,7.380518556225116,1.0,0.5021505376344085
amazon,hgb_attributes,exposure_80,neutral,wcs_homogeneous,4,0.07314948751179769,0.7563043478260869,150.3,1.0,2637.28,2637.28,7.370233767228159,7.370233767228159,1.0,0.4826086956521739
amazon,hgb_attributes,exposure_80,neutral,wcs_homogeneous,5,0.0699515891012921,0.7641935483870967,152.96,1.0,2645.1,2645.1,7.348172164814602,7.348172164814602,1.0,0.5311827956989247
amazon,hgb_attributes,exposure_80,neutral,wcs_homogeneous,6,0.07910956634277445,0.7602127659574468,155.3,1.0,2636.14,2636.14,7.372662492765529,7.372662492765529,1.0,0.4691489361702128
amazon,hgb_attributes,exposure_80,neutral,wcs_homogeneous,7,0.10059761822989444,0.7937967914438502,165.2,1.0,2628.12,2628.12,7.3923190280664155,7.3923190280664155,1.0,0.4705882352941177
amazon,hgb_attributes,exposure_80,neutral,wcs_homogeneous,8,0.09584527569221292,0.7775135135135135,159.2,1.0,2635.88,2635.88,7.370112978283829,7.370112978283829,1.0,0.5351351351351351
amazon,hgb_attributes,exposure_80,neutral,wcs_homogeneous,9,0.08282780327696214,0.7973118279569893,162.04,1.0,2632.18,2632.18,7.380203435879367,7.380203435879367,1.0,0.4881720430107526
amazon,hgb_attributes,exposure_80,neutral,wcs_rand_deterministic,0,0.10370929169633103,0.7788108108108108,161.08,1.0,2640.02,2640.02,7.362152445012349,7.362152445012349,1.0,0.4908108108108108
amazon,hgb_attributes,exposure_80,neutral,wcs_rand_deterministic,1,0.09590276725949592,0.7794535519125684,158.08,1.0,2642.92,2642.92,7.354225776727902,7.354225776727902,1.0,0.5409836065573771
amazon,hgb_attributes,exposure_80,neutral,wcs_rand_deterministic,2,0.1082749517113847,0.7664480874316939,157.44,1.0,2644.44,2644.44,7.349976085289562,7.349976085289562,1.0,0.546448087431694
amazon,hgb_attributes,exposure_80,neutral,wcs_rand_deterministic,3,0.07873640835787256,0.8236559139784946,166.82,1.0,2633.38,2633.38,7.380518556225116,7.380518556225116,1.0,0.5021505376344085
amazon,hgb_attributes,exposure_80,neutral,wcs_rand_deterministic,4,0.073991761043319,0.7577173913043478,150.72,1.0,2637.28,2637.28,7.370233767228159,7.370233767228159,1.0,0.4826086956521739
amazon,hgb_attributes,exposure_80,neutral,wcs_rand_deterministic,5,0.07114330282688953,0.7652688172043011,153.38,1.0,2645.1,2645.1,7.348172164814602,7.348172164814602,1.0,0.5311827956989247
amazon,hgb_attributes,exposure_80,neutral,wcs_rand_deterministic,6,0.08057969652750172,0.7604255319148936,155.6,1.0,2636.14,2636.14,7.372662492765529,7.372662492765529,1.0,0.4691489361702128
amazon,hgb_attributes,exposure_80,neutral,wcs_rand_deterministic,7,0.10155835732263047,0.79475935828877,165.58,1.0,2628.12,2628.12,7.3923190280664155,7.3923190280664155,1.0,0.4705882352941177
amazon,hgb_attributes,exposure_80,neutral,wcs_rand_deterministic,8,0.09662928675613477,0.7778378378378379,159.4,1.0,2635.88,2635.88,7.370112978283829,7.370112978283829,1.0,0.5351351351351351
amazon,hgb_attributes,exposure_80,neutral,wcs_rand_deterministic,9,0.0838281025386528,0.7977419354838711,162.3,1.0,2632.18,2632.18,7.380203435879367,7.380203435879367,1.0,0.4881720430107526
amazon,hgb_attributes,exposure_80,neutral,wcs_rand_homogeneous,0,0.10467748653512186,0.7795675675675676,161.42,1.0,2640.02,2640.02,7.362152445012349,7.362152445012349,1.0,0.4908108108108108
amazon,hgb_attributes,exposure_80,neutral,wcs_rand_homogeneous,1,0.096292302761687,0.779672131147541,158.18,1.0,2642.92,2642.92,7.354225776727902,7.354225776727902,1.0,0.5409836065573771
amazon,hgb_attributes,exposure_80,neutral,wcs_rand_homogeneous,2,0.10881676599352152,0.7668852459016393,157.62,1.0,2644.44,2644.44,7.349976085289562,7.349976085289562,1.0,0.546448087431694
amazon,hgb_attributes,exposure_80,neutral,wcs_rand_homogeneous,3,0.07912183150161499,0.8245161290322581,167.06,1.0,2633.38,2633.38,7.380518556225116,7.380518556225116,1.0,0.5021505376344085
amazon,hgb_attributes,exposure_80,neutral,wcs_rand_homogeneous,4,0.07432026111851724,0.7579347826086956,150.82,1.0,2637.28,2637.28,7.370233767228159,7.370233767228159,1.0,0.4826086956521739
amazon,hgb_attributes,exposure_80,neutral,wcs_rand_homogeneous,5,0.0719455350781422,0.7655913978494624,153.58,1.0,2645.1,2645.1,7.348172164814602,7.348172164814602,1.0,0.5311827956989247
amazon,hgb_attributes,exposure_80,neutral,wcs_rand_homogeneous,6,0.08101625559201323,0.7604255319148936,155.68,1.0,2636.14,2636.14,7.372662492765529,7.372662492765529,1.0,0.4691489361702128
amazon,hgb_attributes,exposure_80,neutral,wcs_rand_homogeneous,7,0.101947186343631,0.7954010695187166,165.78,1.0,2628.12,2628.12,7.3923190280664155,7.3923190280664155,1.0,0.4705882352941177
amazon,hgb_attributes,exposure_80,neutral,wcs_rand_homogeneous,8,0.09670919734681326,0.7781621621621622,159.48,1.0,2635.88,2635.88,7.370112978283829,7.370112978283829,1.0,0.5351351351351351
amazon,hgb_attributes,exposure_80,neutral,wcs_rand_homogeneous,9,0.08406479978976161,0.7980645161290323,162.4,1.0,2632.18,2632.18,7.380203435879367,7.380203435879367,1.0,0.4881720430107526
amazon,hgb_attributes,exposure_80,neutral,weighted_bh,0,0.10224012563796782,0.7777297297297298,160.58,1.0,2640.02,2640.02,7.362152445012349,7.362152445012349,1.0,0.4908108108108108
amazon,hgb_attributes,exposure_80,neutral,weighted_bh,1,0.09461016488332305,0.778360655737705,157.64,1.0,2642.92,2642.92,7.354225776727902,7.354225776727902,1.0,0.5409836065573771
amazon,hgb_attributes,exposure_80,neutral,weighted_bh,2,0.10716698138983202,0.7659016393442623,157.14,1.0,2644.44,2644.44,7.349976085289562,7.349976085289562,1.0,0.546448087431694
amazon,hgb_attributes,exposure_80,neutral,weighted_bh,3,0.07795825018948264,0.8227956989247311,166.52,1.0,2633.38,2633.38,7.380518556225116,7.380518556225116,1.0,0.5021505376344085
amazon,hgb_attributes,exposure_80,neutral,weighted_bh,4,0.07314948751179769,0.7563043478260869,150.3,1.0,2637.28,2637.28,7.370233767228159,7.370233767228159,1.0,0.4826086956521739
amazon,hgb_attributes,exposure_80,neutral,weighted_bh,5,0.0699515891012921,0.7641935483870967,152.96,1.0,2645.1,2645.1,7.348172164814602,7.348172164814602,1.0,0.5311827956989247
amazon,hgb_attributes,exposure_80,neutral,weighted_bh,6,0.07910956634277445,0.7602127659574468,155.3,1.0,2636.14,2636.14,7.372662492765529,7.372662492765529,1.0,0.4691489361702128
amazon,hgb_attributes,exposure_80,neutral,weighted_bh,7,0.10059761822989444,0.7937967914438502,165.2,1.0,2628.12,2628.12,7.3923190280664155,7.3923190280664155,1.0,0.4705882352941177
amazon,hgb_attributes,exposure_80,neutral,weighted_bh,8,0.09584527569221292,0.7775135135135135,159.2,1.0,2635.88,2635.88,7.370112978283829,7.370112978283829,1.0,0.5351351351351351
amazon,hgb_attributes,exposure_80,neutral,weighted_bh,9,0.08282780327696214,0.7973118279569893,162.04,1.0,2632.18,2632.18,7.380203435879367,7.380203435879367,1.0,0.4881720430107526
amazon,hgb_attributes,exposure_80,neutral,weighted_bh_rand,0,0.10481246320127013,0.7798918918918919,161.52,1.0,2640.02,2640.02,7.362152445012349,7.362152445012349,1.0,0.4908108108108108
amazon,hgb_attributes,exposure_80,neutral,weighted_bh_rand,1,0.09654784347938687,0.7797814207650273,158.24,1.0,2642.92,2642.92,7.354225776727902,7.354225776727902,1.0,0.5409836065573771
amazon,hgb_attributes,exposure_80,neutral,weighted_bh_rand,2,0.10892132187653894,0.7667759562841531,157.62,1.0,2644.44,2644.44,7.349976085289562,7.349976085289562,1.0,0.546448087431694
amazon,hgb_attributes,exposure_80,neutral,weighted_bh_rand,3,0.07926951626053316,0.8245161290322581,167.08,1.0,2633.38,2633.38,7.380518556225116,7.380518556225116,1.0,0.5021505376344085
amazon,hgb_attributes,exposure_80,neutral,weighted_bh_rand,4,0.07420677530057819,0.7578260869565218,150.78,1.0,2637.28,2637.28,7.370233767228159,7.370233767228159,1.0,0.4826086956521739
amazon,hgb_attributes,exposure_80,neutral,weighted_bh_rand,5,0.07161549838264607,0.7655913978494624,153.52,1.0,2645.1,2645.1,7.348172164814602,7.348172164814602,1.0,0.5311827956989247
amazon,hgb_attributes,exposure_80,neutral,weighted_bh_rand,6,0.08090777137833673,0.7604255319148936,155.66,1.0,2636.14,2636.14,7.372662492765529,7.372662492765529,1.0,0.4691489361702128
amazon,hgb_attributes,exposure_80,neutral,weighted_bh_rand,7,0.10196408750405286,0.795187165775401,165.74,1.0,2628.12,2628.12,7.3923190280664155,7.3923190280664155,1.0,0.4705882352941177
amazon,hgb_attributes,exposure_80,neutral,weighted_bh_rand,8,0.09681488840372382,0.7781621621621622,159.5,1.0,2635.88,2635.88,7.370112978283829,7.370112978283829,1.0,0.5351351351351351
amazon,hgb_attributes,exposure_80,neutral,weighted_bh_rand,9,0.08421275920615581,0.7978494623655914,162.38,1.0,2632.18,2632.18,7.380203435879367,7.380203435879367,1.0,0.4881720430107526
amazon,hgb_attributes,exposure_80,neutral,weighted_by,0,0.0027661082628590594,0.058702702702702704,11.06,0.16,2640.02,2640.02,7.362152445012349,7.362152445012349,1.0,0.4908108108108108
amazon,hgb_attributes,exposure_80,neutral,weighted_by,1,0.0060882833677307225,0.12688524590163935,23.88,0.24,2642.92,2642.92,7.354225776727902,7.354225776727902,1.0,0.5409836065573771
amazon,hgb_attributes,exposure_80,neutral,weighted_by,2,0.007623226380323844,0.2724590163934426,50.72,0.54,2644.44,2644.44,7.349976085289562,7.349976085289562,1.0,0.546448087431694
amazon,hgb_attributes,exposure_80,neutral,weighted_by,3,0.011734949779319017,0.19494623655913978,37.64,0.36,2633.38,2633.38,7.380518556225116,7.380518556225116,1.0,0.5021505376344085
amazon,hgb_attributes,exposure_80,neutral,weighted_by,4,0.004302058089362987,0.1317391304347826,24.62,0.3,2637.28,2637.28,7.370233767228159,7.370233767228159,1.0,0.4826086956521739
amazon,hgb_attributes,exposure_80,neutral,weighted_by,5,0.0009941573033707865,0.031827956989247314,6.02,0.06,2645.1,2645.1,7.348172164814602,7.348172164814602,1.0,0.5311827956989247
amazon,hgb_attributes,exposure_80,neutral,weighted_by,6,0.002941263357104941,0.030425531914893614,5.94,0.08,2636.14,2636.14,7.372662492765529,7.372662492765529,1.0,0.4691489361702128
amazon,hgb_attributes,exposure_80,neutral,weighted_by,7,0.00476409377459245,0.0962566844919786,18.38,0.24,2628.12,2628.12,7.3923190280664155,7.3923190280664155,1.0,0.4705882352941177
amazon,hgb_attributes,exposure_80,neutral,weighted_by,8,0.0020511514526731405,0.03924324324324324,7.52,0.06,2635.88,2635.88,7.370112978283829,7.370112978283829,1.0,0.5351351351351351
amazon,hgb_attributes,exposure_80,neutral,weighted_by,9,0.002541544477028348,0.01956989247311828,3.8,0.06,2632.18,2632.18,7.380203435879367,7.380203435879367,1.0,0.4881720430107526
amazon,hgb_attributes,exposure_80,severe,equal_alpha,0,0.041591101903146036,0.22843243243243244,44.66,0.88,2216.0,636.1113744332866,7.363062952228585,146.20784379600275,1.0,0.4908108108108108
amazon,hgb_attributes,exposure_80,severe,equal_alpha,1,0.041659006961834805,0.24120218579234973,46.44,1.0,2218.3,623.8883514349446,7.3014330336764734,144.99239960514856,1.0,0.5409836065573771
amazon,hgb_attributes,exposure_80,severe,equal_alpha,2,0.05981171718837775,0.23114754098360657,45.26,1.0,2226.64,645.0213421502258,7.354781371215738,146.04468675135303,1.0,0.546448087431694
amazon,hgb_attributes,exposure_80,severe,equal_alpha,3,0.044467763844259746,0.32526881720430106,63.62,1.0,2212.58,637.3328513570253,7.365245994102637,146.25000894434595,1.0,0.5021505376344085
amazon,hgb_attributes,exposure_80,severe,equal_alpha,4,0.05064159708893973,0.29945652173913045,58.18,1.0,2221.76,665.1670882162539,7.440471033858699,147.73375993050698,1.0,0.4826086956521739
amazon,hgb_attributes,exposure_80,severe,equal_alpha,5,0.035815733373681484,0.2296774193548387,44.64,0.98,2227.2,637.1586151527549,7.297068822113796,144.90546583959383,1.0,0.5311827956989247
amazon,hgb_attributes,exposure_80,severe,equal_alpha,6,0.029194191894363807,0.33244680851063824,64.5,1.0,2213.36,631.6337758223488,7.358047036558198,146.10846426624414,1.0,0.4691489361702128
amazon,hgb_attributes,exposure_80,severe,equal_alpha,7,0.03173048034490955,0.2667379679144385,52.06,1.0,2199.24,628.394998175652,7.394353192464573,146.8237117565539,1.0,0.4705882352941177
amazon,hgb_attributes,exposure_80,severe,equal_alpha,8,0.044166094940780755,0.2135135135135135,42.2,0.78,2223.18,646.9781678196155,7.3697818042516765,146.339358796483,1.0,0.5351351351351351
amazon,hgb_attributes,exposure_80,severe,equal_alpha,9,0.043644624962041495,0.21376344086021504,42.18,0.82,2218.38,645.3159143062136,7.388622128789998,146.71074860852022,1.0,0.4881720430107526
amazon,hgb_attributes,exposure_80,severe,pooled_reference,0,0.10938109769847117,0.7794594594594595,162.46,1.0,2216.0,636.1113744332866,7.363062952228585,146.20784379600275,1.0,0.4908108108108108
amazon,hgb_attributes,exposure_80,severe,pooled_reference,1,0.11240799984433647,0.7938797814207651,163.96,1.0,2218.3,623.8883514349446,7.3014330336764734,144.99239960514856,1.0,0.5409836065573771
amazon,hgb_attributes,exposure_80,severe,pooled_reference,2,0.11705520707292058,0.7711475409836065,159.92,1.0,2226.64,645.0213421502258,7.354781371215738,146.04468675135303,1.0,0.546448087431694
amazon,hgb_attributes,exposure_80,severe,pooled_reference,3,0.10174695895706236,0.8418279569892474,174.62,1.0,2212.58,637.3328513570253,7.365245994102637,146.25000894434595,1.0,0.5021505376344085
amazon,hgb_attributes,exposure_80,severe,pooled_reference,4,0.0868017035217522,0.7716304347826087,155.6,1.0,2221.76,665.1670882162539,7.440471033858699,147.73375993050698,1.0,0.4826086956521739
amazon,hgb_attributes,exposure_80,severe,pooled_reference,5,0.09674666907284904,0.7886021505376344,162.58,1.0,2227.2,637.1586151527549,7.297068822113796,144.90546583959383,1.0,0.5311827956989247
amazon,hgb_attributes,exposure_80,severe,pooled_reference,6,0.09857597744068203,0.7686170212765957,160.4,1.0,2213.36,631.6337758223488,7.358047036558198,146.10846426624414,1.0,0.4691489361702128
amazon,hgb_attributes,exposure_80,severe,pooled_reference,7,0.1217743218100488,0.8118716577540107,173.14,1.0,2199.24,628.394998175652,7.394353192464573,146.8237117565539,1.0,0.4705882352941177
amazon,hgb_attributes,exposure_80,severe,pooled_reference,8,0.10798773581527443,0.7809729729729731,162.04,1.0,2223.18,646.9781678196155,7.3697818042516765,146.339358796483,1.0,0.5351351351351351
amazon,hgb_attributes,exposure_80,severe,pooled_reference,9,0.09961146125176881,0.8046236559139786,166.5,1.0,2218.38,645.3159143062136,7.388622128789998,146.71074860852022,1.0,0.4881720430107526
amazon,hgb_attributes,exposure_80,severe,pooled_stratum,0,0.08009464372139054,0.31232432432432433,63.42,1.0,2216.0,636.1113744332866,7.363062952228585,146.20784379600275,1.0,0.4908108108108108
amazon,hgb_attributes,exposure_80,severe,pooled_stratum,1,0.0573113886592028,0.2733333333333334,53.46,1.0,2218.3,623.8883514349446,7.3014330336764734,144.99239960514856,1.0,0.5409836065573771
amazon,hgb_attributes,exposure_80,severe,pooled_stratum,2,0.08726824246180052,0.2595628415300546,52.22,1.0,2226.64,645.0213421502258,7.354781371215738,146.04468675135303,1.0,0.546448087431694
amazon,hgb_attributes,exposure_80,severe,pooled_stratum,3,0.07292821062726752,0.3618279569892473,72.9,1.0,2212.58,637.3328513570253,7.365245994102637,146.25000894434595,1.0,0.5021505376344085
amazon,hgb_attributes,exposure_80,severe,pooled_stratum,4,0.06847176818510728,0.3139130434782609,62.18,1.0,2221.76,665.1670882162539,7.440471033858699,147.73375993050698,1.0,0.4826086956521739
amazon,hgb_attributes,exposure_80,severe,pooled_stratum,5,0.05520501774030249,0.267741935483871,52.92,1.0,2227.2,637.1586151527549,7.297068822113796,144.90546583959383,1.0,0.5311827956989247
amazon,hgb_attributes,exposure_80,severe,pooled_stratum,6,0.05466220649023264,0.35627659574468085,71.04,1.0,2213.36,631.6337758223488,7.358047036558198,146.10846426624414,1.0,0.4691489361702128
amazon,hgb_attributes,exposure_80,severe,pooled_stratum,7,0.0786055172636208,0.3381818181818182,69.06,1.0,2199.24,628.394998175652,7.394353192464573,146.8237117565539,1.0,0.4705882352941177
amazon,hgb_attributes,exposure_80,severe,pooled_stratum,8,0.08795038819026885,0.30583783783783786,62.36,1.0,2223.18,646.9781678196155,7.3697818042516765,146.339358796483,1.0,0.5351351351351351
amazon,hgb_attributes,exposure_80,severe,pooled_stratum,9,0.07002757696476375,0.32591397849462367,65.58,1.0,2218.38,645.3159143062136,7.388622128789998,146.71074860852022,1.0,0.4881720430107526
amazon,hgb_attributes,exposure_80,severe,size_alpha,0,0.08009464372139054,0.31232432432432433,63.42,1.0,2216.0,636.1113744332866,7.363062952228585,146.20784379600275,1.0,0.4908108108108108
amazon,hgb_attributes,exposure_80,severe,size_alpha,1,0.0573113886592028,0.2733333333333334,53.46,1.0,2218.3,623.8883514349446,7.3014330336764734,144.99239960514856,1.0,0.5409836065573771
amazon,hgb_attributes,exposure_80,severe,size_alpha,2,0.08726824246180052,0.2595628415300546,52.22,1.0,2226.64,645.0213421502258,7.354781371215738,146.04468675135303,1.0,0.546448087431694
amazon,hgb_attributes,exposure_80,severe,size_alpha,3,0.07292821062726752,0.3618279569892473,72.9,1.0,2212.58,637.3328513570253,7.365245994102637,146.25000894434595,1.0,0.5021505376344085
amazon,hgb_attributes,exposure_80,severe,size_alpha,4,0.06847176818510728,0.3139130434782609,62.18,1.0,2221.76,665.1670882162539,7.440471033858699,147.73375993050698,1.0,0.4826086956521739
amazon,hgb_attributes,exposure_80,severe,size_alpha,5,0.05520501774030249,0.267741935483871,52.92,1.0,2227.2,637.1586151527549,7.297068822113796,144.90546583959383,1.0,0.5311827956989247
amazon,hgb_attributes,exposure_80,severe,size_alpha,6,0.05466220649023264,0.35627659574468085,71.04,1.0,2213.36,631.6337758223488,7.358047036558198,146.10846426624414,1.0,0.4691489361702128
amazon,hgb_attributes,exposure_80,severe,size_alpha,7,0.0786055172636208,0.3381818181818182,69.06,1.0,2199.24,628.394998175652,7.394353192464573,146.8237117565539,1.0,0.4705882352941177
amazon,hgb_attributes,exposure_80,severe,size_alpha,8,0.08795038819026885,0.30583783783783786,62.36,1.0,2223.18,646.9781678196155,7.3697818042516765,146.339358796483,1.0,0.5351351351351351
amazon,hgb_attributes,exposure_80,severe,size_alpha,9,0.07002757696476375,0.32591397849462367,65.58,1.0,2218.38,645.3159143062136,7.388622128789998,146.71074860852022,1.0,0.4881720430107526
amazon,hgb_attributes,exposure_80,severe,wcs_deterministic,0,0.0,0.0,0.0,0.0,2216.0,636.1113744332866,7.363062952228585,146.20784379600275,1.0,0.4908108108108108
amazon,hgb_attributes,exposure_80,severe,wcs_deterministic,1,0.0,0.0,0.0,0.0,2218.3,623.8883514349446,7.3014330336764734,144.99239960514856,1.0,0.5409836065573771
amazon,hgb_attributes,exposure_80,severe,wcs_deterministic,2,0.0,0.0,0.0,0.0,2226.64,645.0213421502258,7.354781371215738,146.04468675135303,1.0,0.546448087431694
amazon,hgb_attributes,exposure_80,severe,wcs_deterministic,3,0.0,0.0,0.0,0.0,2212.58,637.3328513570253,7.365245994102637,146.25000894434595,1.0,0.5021505376344085
amazon,hgb_attributes,exposure_80,severe,wcs_deterministic,4,0.0,0.0,0.0,0.0,2221.76,665.1670882162539,7.440471033858699,147.73375993050698,1.0,0.4826086956521739
amazon,hgb_attributes,exposure_80,severe,wcs_deterministic,5,0.0,0.0,0.0,0.0,2227.2,637.1586151527549,7.297068822113796,144.90546583959383,1.0,0.5311827956989247
amazon,hgb_attributes,exposure_80,severe,wcs_deterministic,6,0.0,0.0,0.0,0.0,2213.36,631.6337758223488,7.358047036558198,146.10846426624414,1.0,0.4691489361702128
amazon,hgb_attributes,exposure_80,severe,wcs_deterministic,7,0.0,0.0,0.0,0.0,2199.24,628.394998175652,7.394353192464573,146.8237117565539,1.0,0.4705882352941177
amazon,hgb_attributes,exposure_80,severe,wcs_deterministic,8,0.0,0.0,0.0,0.0,2223.18,646.9781678196155,7.3697818042516765,146.339358796483,1.0,0.5351351351351351
amazon,hgb_attributes,exposure_80,severe,wcs_deterministic,9,0.0,0.0,0.0,0.0,2218.38,645.3159143062136,7.388622128789998,146.71074860852022,1.0,0.4881720430107526
amazon,hgb_attributes,exposure_80,severe,wcs_homogeneous,0,0.08741217253746476,0.17156756756756755,39.38,0.48,2216.0,636.1113744332866,7.363062952228585,146.20784379600275,1.0,0.4908108108108108
amazon,hgb_attributes,exposure_80,severe,wcs_homogeneous,1,0.05473569105691354,0.12885245901639344,27.7,0.38,2218.3,623.8883514349446,7.3014330336764734,144.99239960514856,1.0,0.5409836065573771
amazon,hgb_attributes,exposure_80,severe,wcs_homogeneous,2,0.0819436936284815,0.13409836065573771,29.78,0.5,2226.64,645.0213421502258,7.354781371215738,146.04468675135303,1.0,0.546448087431694
amazon,hgb_attributes,exposure_80,severe,wcs_homogeneous,3,0.09498418616647214,0.30032258064516126,65.62,0.72,2212.58,637.3328513570253,7.365245994102637,146.25000894434595,1.0,0.5021505376344085
amazon,hgb_attributes,exposure_80,severe,wcs_homogeneous,4,0.05644547749394715,0.14021739130434782,30.22,0.42,2221.76,665.1670882162539,7.440471033858699,147.73375993050698,1.0,0.4826086956521739
amazon,hgb_attributes,exposure_80,severe,wcs_homogeneous,5,0.04309574229626753,0.10440860215053764,22.6,0.38,2227.2,637.1586151527549,7.297068822113796,144.90546583959383,1.0,0.5311827956989247
amazon,hgb_attributes,exposure_80,severe,wcs_homogeneous,6,0.0558979002514614,0.17372340425531912,37.34,0.54,2213.36,631.6337758223488,7.358047036558198,146.10846426624414,1.0,0.4691489361702128
amazon,hgb_attributes,exposure_80,severe,wcs_homogeneous,7,0.09780798329531351,0.2243850267379679,51.62,0.58,2199.24,628.394998175652,7.394353192464573,146.8237117565539,1.0,0.4705882352941177
amazon,hgb_attributes,exposure_80,severe,wcs_homogeneous,8,0.05798509743316815,0.11935135135135136,26.64,0.36,2223.18,646.9781678196155,7.3697818042516765,146.339358796483,1.0,0.5351351351351351
amazon,hgb_attributes,exposure_80,severe,wcs_homogeneous,9,0.06717972983423164,0.17182795698924733,37.52,0.48,2218.38,645.3159143062136,7.388622128789998,146.71074860852022,1.0,0.4881720430107526
amazon,hgb_attributes,exposure_80,severe,wcs_rand_deterministic,0,0.0,0.0,0.0,0.0,2216.0,636.1113744332866,7.363062952228585,146.20784379600275,1.0,0.4908108108108108
amazon,hgb_attributes,exposure_80,severe,wcs_rand_deterministic,1,0.0012244897959183673,0.015081967213114753,2.94,0.02,2218.3,623.8883514349446,7.3014330336764734,144.99239960514856,1.0,0.5409836065573771
amazon,hgb_attributes,exposure_80,severe,wcs_rand_deterministic,2,0.0,0.0,0.0,0.0,2226.64,645.0213421502258,7.354781371215738,146.04468675135303,1.0,0.546448087431694
amazon,hgb_attributes,exposure_80,severe,wcs_rand_deterministic,3,0.0,0.0,0.0,0.0,2212.58,637.3328513570253,7.365245994102637,146.25000894434595,1.0,0.5021505376344085
amazon,hgb_attributes,exposure_80,severe,wcs_rand_deterministic,4,0.0,0.0,0.0,0.0,2221.76,665.1670882162539,7.440471033858699,147.73375993050698,1.0,0.4826086956521739
amazon,hgb_attributes,exposure_80,severe,wcs_rand_deterministic,5,0.0,0.0,0.0,0.0,2227.2,637.1586151527549,7.297068822113796,144.90546583959383,1.0,0.5311827956989247
amazon,hgb_attributes,exposure_80,severe,wcs_rand_deterministic,6,0.0,0.0,0.0,0.0,2213.36,631.6337758223488,7.358047036558198,146.10846426624414,1.0,0.4691489361702128
amazon,hgb_attributes,exposure_80,severe,wcs_rand_deterministic,7,0.0,0.0,0.0,0.0,2199.24,628.394998175652,7.394353192464573,146.8237117565539,1.0,0.4705882352941177
amazon,hgb_attributes,exposure_80,severe,wcs_rand_deterministic,8,0.0,0.0,0.0,0.0,2223.18,646.9781678196155,7.3697818042516765,146.339358796483,1.0,0.5351351351351351
amazon,hgb_attributes,exposure_80,severe,wcs_rand_deterministic,9,0.0,0.0,0.0,0.0,2218.38,645.3159143062136,7.388622128789998,146.71074860852022,1.0,0.4881720430107526
amazon,hgb_attributes,exposure_80,severe,wcs_rand_homogeneous,0,0.1069047282179433,0.384972972972973,84.06,0.74,2216.0,636.1113744332866,7.363062952228585,146.20784379600275,1.0,0.4908108108108108
amazon,hgb_attributes,exposure_80,severe,wcs_rand_homogeneous,1,0.08282532044156309,0.33158469945355196,70.54,0.64,2218.3,623.8883514349446,7.3014330336764734,144.99239960514856,1.0,0.5409836065573771
amazon,hgb_attributes,exposure_80,severe,wcs_rand_homogeneous,2,0.10276885263509923,0.33989071038251367,73.2,0.72,2226.64,645.0213421502258,7.354781371215738,146.04468675135303,1.0,0.546448087431694
amazon,hgb_attributes,exposure_80,severe,wcs_rand_homogeneous,3,0.0913415550033242,0.45666666666666667,97.82,0.8,2212.58,637.3328513570253,7.365245994102637,146.25000894434595,1.0,0.5021505376344085
amazon,hgb_attributes,exposure_80,severe,wcs_rand_homogeneous,4,0.0766574359850243,0.34706521739130436,72.72,0.68,2221.76,665.1670882162539,7.440471033858699,147.73375993050698,1.0,0.4826086956521739
amazon,hgb_attributes,exposure_80,severe,wcs_rand_homogeneous,5,0.060743783745804934,0.26870967741935486,56.88,0.58,2227.2,637.1586151527549,7.297068822113796,144.90546583959383,1.0,0.5311827956989247
amazon,hgb_attributes,exposure_80,severe,wcs_rand_homogeneous,6,0.06944040560997537,0.34914893617021275,73.92,0.72,2213.36,631.6337758223488,7.358047036558198,146.10846426624414,1.0,0.4691489361702128
amazon,hgb_attributes,exposure_80,severe,wcs_rand_homogeneous,7,0.10919198026930134,0.4368983957219251,96.22,0.8,2199.24,628.394998175652,7.394353192464573,146.8237117565539,1.0,0.4705882352941177
amazon,hgb_attributes,exposure_80,severe,wcs_rand_homogeneous,8,0.08389158264735584,0.32151351351351354,69.02,0.64,2223.18,646.9781678196155,7.3697818042516765,146.339358796483,1.0,0.5351351351351351
amazon,hgb_attributes,exposure_80,severe,wcs_rand_homogeneous,9,0.08843609578231566,0.39236559139784943,83.8,0.72,2218.38,645.3159143062136,7.388622128789998,146.71074860852022,1.0,0.4881720430107526
amazon,hgb_attributes,exposure_80,severe,weighted_bh,0,0.08545626403098058,0.32854054054054055,67.62,0.98,2216.0,636.1113744332866,7.363062952228585,146.20784379600275,1.0,0.4908108108108108
amazon,hgb_attributes,exposure_80,severe,weighted_bh,1,0.057327194554414235,0.35704918032786886,71.04,1.0,2218.3,623.8883514349446,7.3014330336764734,144.99239960514856,1.0,0.5409836065573771
amazon,hgb_attributes,exposure_80,severe,weighted_bh,2,0.09130984306980995,0.36360655737704917,73.82,1.0,2226.64,645.0213421502258,7.354781371215738,146.04468675135303,1.0,0.546448087431694
amazon,hgb_attributes,exposure_80,severe,weighted_bh,3,0.08626764060939207,0.5458064516129032,114.34,1.0,2212.58,637.3328513570253,7.365245994102637,146.25000894434595,1.0,0.5021505376344085
amazon,hgb_attributes,exposure_80,severe,weighted_bh,4,0.060005197268665975,0.3798913043478261,75.9,1.0,2221.76,665.1670882162539,7.440471033858699,147.73375993050698,1.0,0.4826086956521739
amazon,hgb_attributes,exposure_80,severe,weighted_bh,5,0.06405896936695568,0.3440860215053763,70.5,1.0,2227.2,637.1586151527549,7.297068822113796,144.90546583959383,1.0,0.5311827956989247
amazon,hgb_attributes,exposure_80,severe,weighted_bh,6,0.05752709374456948,0.3980851063829787,80.98,0.98,2213.36,631.6337758223488,7.358047036558198,146.10846426624414,1.0,0.4691489361702128
amazon,hgb_attributes,exposure_80,severe,weighted_bh,7,0.08359306899402563,0.4657754010695187,97.2,1.0,2199.24,628.394998175652,7.394353192464573,146.8237117565539,1.0,0.4705882352941177
amazon,hgb_attributes,exposure_80,severe,weighted_bh,8,0.09433722103486288,0.3232432432432432,66.94,0.96,2223.18,646.9781678196155,7.3697818042516765,146.339358796483,1.0,0.5351351351351351
amazon,hgb_attributes,exposure_80,severe,weighted_bh,9,0.06879785826431707,0.3494623655913978,70.98,0.96,2218.38,645.3159143062136,7.388622128789998,146.71074860852022,1.0,0.4881720430107526
amazon,hgb_attributes,exposure_80,severe,weighted_bh_rand,0,0.10077086098259093,0.6867027027027026,143.24,1.0,2216.0,636.1113744332866,7.363062952228585,146.20784379600275,1.0,0.4908108108108108
amazon,hgb_attributes,exposure_80,severe,weighted_bh_rand,1,0.09998122520284991,0.7177049180327869,147.7,1.0,2218.3,623.8883514349446,7.3014330336764734,144.99239960514856,1.0,0.5409836065573771
amazon,hgb_attributes,exposure_80,severe,weighted_bh_rand,2,0.10233510366894441,0.7192349726775956,147.6,1.0,2226.64,645.0213421502258,7.354781371215738,146.04468675135303,1.0,0.546448087431694
amazon,hgb_attributes,exposure_80,severe,weighted_bh_rand,3,0.09060147408470426,0.7253763440860215,151.0,1.0,2212.58,637.3328513570253,7.365245994102637,146.25000894434595,1.0,0.5021505376344085
amazon,hgb_attributes,exposure_80,severe,weighted_bh_rand,4,0.07622245369361008,0.6607608695652174,133.58,1.0,2221.76,665.1670882162539,7.440471033858699,147.73375993050698,1.0,0.4826086956521739
amazon,hgb_attributes,exposure_80,severe,weighted_bh_rand,5,0.07920279073150187,0.6649462365591399,136.1,1.0,2227.2,637.1586151527549,7.297068822113796,144.90546583959383,1.0,0.5311827956989247
amazon,hgb_attributes,exposure_80,severe,weighted_bh_rand,6,0.08640737760382114,0.6540425531914893,135.68,1.0,2213.36,631.6337758223488,7.358047036558198,146.10846426624414,1.0,0.4691489361702128
amazon,hgb_attributes,exposure_80,severe,weighted_bh_rand,7,0.10308321133207869,0.7133689839572193,151.24,1.0,2199.24,628.394998175652,7.394353192464573,146.8237117565539,1.0,0.4705882352941177
amazon,hgb_attributes,exposure_80,severe,weighted_bh_rand,8,0.09271667120582777,0.6646486486486487,137.3,1.0,2223.18,646.9781678196155,7.3697818042516765,146.339358796483,1.0,0.5351351351351351
amazon,hgb_attributes,exposure_80,severe,weighted_bh_rand,9,0.08459475805917002,0.6721505376344087,138.66,1.0,2218.38,645.3159143062136,7.388622128789998,146.71074860852022,1.0,0.4881720430107526
amazon,hgb_attributes,exposure_80,severe,weighted_by,0,0.0,0.0,0.0,0.0,2216.0,636.1113744332866,7.363062952228585,146.20784379600275,1.0,0.4908108108108108
amazon,hgb_attributes,exposure_80,severe,weighted_by,1,0.004001111419838844,0.01180327868852459,2.4,0.04,2218.3,623.8883514349446,7.3014330336764734,144.99239960514856,1.0,0.5409836065573771
amazon,hgb_attributes,exposure_80,severe,weighted_by,2,0.0,0.0,0.0,0.0,2226.64,645.0213421502258,7.354781371215738,146.04468675135303,1.0,0.546448087431694
amazon,hgb_attributes,exposure_80,severe,weighted_by,3,0.005875757209895165,0.03225806451612903,6.38,0.1,2212.58,637.3328513570253,7.365245994102637,146.25000894434595,1.0,0.5021505376344085
amazon,hgb_attributes,exposure_80,severe,weighted_by,4,0.0013114754098360656,0.006195652173913043,1.22,0.02,2221.76,665.1670882162539,7.440471033858699,147.73375993050698,1.0,0.4826086956521739
amazon,hgb_attributes,exposure_80,severe,weighted_by,5,0.0,0.0,0.0,0.0,2227.2,637.1586151527549,7.297068822113796,144.90546583959383,1.0,0.5311827956989247
amazon,hgb_attributes,exposure_80,severe,weighted_by,6,0.0018502824858757062,0.019893617021276594,3.86,0.06,2213.36,631.6337758223488,7.358047036558198,146.10846426624414,1.0,0.4691489361702128
amazon,hgb_attributes,exposure_80,severe,weighted_by,7,0.000625,0.0066310160427807486,1.28,0.02,2199.24,628.394998175652,7.394353192464573,146.8237117565539,1.0,0.4705882352941177
amazon,hgb_attributes,exposure_80,severe,weighted_by,8,0.0,0.0,0.0,0.0,2223.18,646.9781678196155,7.3697818042516765,146.339358796483,1.0,0.5351351351351351
amazon,hgb_attributes,exposure_80,severe,weighted_by,9,0.0,0.0,0.0,0.0,2218.38,645.3159143062136,7.388622128789998,146.71074860852022,1.0,0.4881720430107526
amazon,hgb_attributes,zero_exposure,moderate,equal_alpha,0,0.05134755471692574,0.41924324324324325,82.22,0.9,1318.12,753.783728804786,7.36844494112657,36.78637926359171,1.0,0.6205405405405405
amazon,hgb_attributes,zero_exposure,moderate,equal_alpha,1,0.05420760757639016,0.5344262295081967,103.86,1.0,1227.76,718.9256077345322,7.357036659484124,36.72952832774213,1.0,0.698360655737705
amazon,hgb_attributes,zero_exposure,moderate,equal_alpha,2,0.05318989493141908,0.5534426229508197,107.8,1.0,1317.1,754.6327154853358,7.323094219935613,36.56032102184188,1.0,0.684153005464481
amazon,hgb_attributes,zero_exposure,moderate,equal_alpha,3,0.04865168432457342,0.5368817204301075,106.38,0.98,1317.24,751.8782657521597,7.42360801070572,37.06134591426214,1.0,0.6236559139784946
amazon,hgb_attributes,zero_exposure,moderate,equal_alpha,4,0.05740657745054248,0.49630434782608696,96.96,1.0,1318.64,751.7339041214806,7.442076797451718,37.153441224976305,1.0,0.633695652173913
amazon,hgb_attributes,zero_exposure,moderate,equal_alpha,5,0.037867371143939316,0.4103225806451613,79.8,0.96,1249.9,727.4016296082891,7.355018932337455,36.71945736220691,1.0,0.6860215053763441
amazon,hgb_attributes,zero_exposure,moderate,equal_alpha,6,0.031012562204280898,0.3942553191489362,76.92,1.0,1441.7,807.3812950299867,7.387629319574172,36.882026753374745,1.0,0.5691489361702128
amazon,hgb_attributes,zero_exposure,moderate,equal_alpha,7,0.04396453040958146,0.40641711229946526,80.4,0.94,1249.66,725.8253485400244,7.395503912077412,36.92124111799683,1.0,0.6032085561497326
amazon,hgb_attributes,zero_exposure,moderate,equal_alpha,8,0.04950912750425395,0.4091891891891892,80.7,0.86,1278.64,737.6178884831231,7.378238404655715,36.835168259052836,1.0,0.6508108108108108
amazon,hgb_attributes,zero_exposure,moderate,equal_alpha,9,0.03977916298171593,0.3865591397849462,75.76,0.88,1340.22,761.8942868793015,7.396722784573089,36.92733136135524,1.0,0.589247311827957
amazon,hgb_attributes,zero_exposure,moderate,pooled_reference,0,0.08940554824287837,0.7589189189189188,154.78,1.0,1318.12,753.783728804786,7.36844494112657,36.78637926359171,1.0,0.6205405405405405
amazon,hgb_attributes,zero_exposure,moderate,pooled_reference,1,0.09566613696258232,0.7825136612021858,158.58,1.0,1227.76,718.9256077345322,7.357036659484124,36.72952832774213,1.0,0.698360655737705
amazon,hgb_attributes,zero_exposure,moderate,pooled_reference,2,0.08867731454991354,0.7533333333333333,151.48,1.0,1317.1,754.6327154853358,7.323094219935613,36.56032102184188,1.0,0.684153005464481
amazon,hgb_attributes,zero_exposure,moderate,pooled_reference,3,0.08630699269204074,0.826989247311828,168.92,1.0,1317.24,751.8782657521597,7.42360801070572,37.06134591426214,1.0,0.6236559139784946
amazon,hgb_attributes,zero_exposure,moderate,pooled_reference,4,0.07410814199310992,0.7526086956521739,149.86,1.0,1318.64,751.7339041214806,7.442076797451718,37.153441224976305,1.0,0.633695652173913
amazon,hgb_attributes,zero_exposure,moderate,pooled_reference,5,0.08166866889680997,0.7750537634408602,157.24,1.0,1249.9,727.4016296082891,7.355018932337455,36.71945736220691,1.0,0.6860215053763441
amazon,hgb_attributes,zero_exposure,moderate,pooled_reference,6,0.07302524999119644,0.7580851063829788,153.86,1.0,1441.7,807.3812950299867,7.387629319574172,36.882026753374745,1.0,0.5691489361702128
amazon,hgb_attributes,zero_exposure,moderate,pooled_reference,7,0.09634961662443436,0.7866310160427807,163.3,1.0,1249.66,725.8253485400244,7.395503912077412,36.92124111799683,1.0,0.6032085561497326
amazon,hgb_attributes,zero_exposure,moderate,pooled_reference,8,0.08076687511286681,0.7664864864864864,154.5,1.0,1278.64,737.6178884831231,7.378238404655715,36.835168259052836,1.0,0.6508108108108108
amazon,hgb_attributes,zero_exposure,moderate,pooled_reference,9,0.08291661697259706,0.7809677419354838,159.0,1.0,1340.22,761.8942868793015,7.396722784573089,36.92733136135524,1.0,0.589247311827957
amazon,hgb_attributes,zero_exposure,moderate,pooled_stratum,0,0.09237430421004789,0.7431351351351352,152.54,1.0,1318.12,753.783728804786,7.36844494112657,36.78637926359171,1.0,0.6205405405405405
amazon,hgb_attributes,zero_exposure,moderate,pooled_stratum,1,0.08277810874233771,0.7451366120218579,149.36,1.0,1227.76,718.9256077345322,7.357036659484124,36.72952832774213,1.0,0.698360655737705
amazon,hgb_attributes,zero_exposure,moderate,pooled_stratum,2,0.08586913101134284,0.7449180327868852,149.52,1.0,1317.1,754.6327154853358,7.323094219935613,36.56032102184188,1.0,0.684153005464481
amazon,hgb_attributes,zero_exposure,moderate,pooled_stratum,3,0.0798859411291773,0.7721505376344087,157.28,1.0,1317.24,751.8782657521597,7.42360801070572,37.06134591426214,1.0,0.6236559139784946
amazon,hgb_attributes,zero_exposure,moderate,pooled_stratum,4,0.07488964788947385,0.7304347826086957,145.9,1.0,1318.64,751.7339041214806,7.442076797451718,37.153441224976305,1.0,0.633695652173913
amazon,hgb_attributes,zero_exposure,moderate,pooled_stratum,5,0.06773516329230456,0.7064516129032258,141.64,1.0,1249.9,727.4016296082891,7.355018932337455,36.71945736220691,1.0,0.6860215053763441
amazon,hgb_attributes,zero_exposure,moderate,pooled_stratum,6,0.06494026222192983,0.6711702127659575,135.72,1.0,1441.7,807.3812950299867,7.387629319574172,36.882026753374745,1.0,0.5691489361702128
amazon,hgb_attributes,zero_exposure,moderate,pooled_stratum,7,0.08584921184887452,0.7423529411764705,152.74,1.0,1249.66,725.8253485400244,7.395503912077412,36.92124111799683,1.0,0.6032085561497326
amazon,hgb_attributes,zero_exposure,moderate,pooled_stratum,8,0.0837775376808042,0.7348108108108109,149.26,0.98,1278.64,737.6178884831231,7.378238404655715,36.835168259052836,1.0,0.6508108108108108
amazon,hgb_attributes,zero_exposure,moderate,pooled_stratum,9,0.0710182483370665,0.6850537634408602,138.84,0.92,1340.22,761.8942868793015,7.396722784573089,36.92733136135524,1.0,0.589247311827957
amazon,hgb_attributes,zero_exposure,moderate,size_alpha,0,0.04455772038915168,0.42605405405405405,83.08,0.9,1318.12,753.783728804786,7.36844494112657,36.78637926359171,1.0,0.6205405405405405
amazon,hgb_attributes,zero_exposure,moderate,size_alpha,1,0.05593182716513672,0.5743169398907103,111.84,1.0,1227.76,718.9256077345322,7.357036659484124,36.72952832774213,1.0,0.698360655737705
amazon,hgb_attributes,zero_exposure,moderate,size_alpha,2,0.05321840815782127,0.5821857923497268,113.36,1.0,1317.1,754.6327154853358,7.323094219935613,36.56032102184188,1.0,0.684153005464481
amazon,hgb_attributes,zero_exposure,moderate,size_alpha,3,0.04335936188615733,0.5480645161290323,108.36,0.96,1317.24,751.8782657521597,7.42360801070572,37.06134591426214,1.0,0.6236559139784946
amazon,hgb_attributes,zero_exposure,moderate,size_alpha,4,0.04808108646742786,0.5169565217391304,100.62,1.0,1318.64,751.7339041214806,7.442076797451718,37.153441224976305,1.0,0.633695652173913
amazon,hgb_attributes,zero_exposure,moderate,size_alpha,5,0.03299743854790969,0.44064516129032255,85.44,0.9,1249.9,727.4016296082891,7.355018932337455,36.71945736220691,1.0,0.6860215053763441
amazon,hgb_attributes,zero_exposure,moderate,size_alpha,6,0.029200560161618306,0.431063829787234,83.94,1.0,1441.7,807.3812950299867,7.387629319574172,36.882026753374745,1.0,0.5691489361702128
amazon,hgb_attributes,zero_exposure,moderate,size_alpha,7,0.032332683629776565,0.4011764705882353,78.66,0.86,1249.66,725.8253485400244,7.395503912077412,36.92124111799683,1.0,0.6032085561497326
amazon,hgb_attributes,zero_exposure,moderate,size_alpha,8,0.044845096686082275,0.38,74.86,0.78,1278.64,737.6178884831231,7.378238404655715,36.835168259052836,1.0,0.6508108108108108
amazon,hgb_attributes,zero_exposure,moderate,size_alpha,9,0.03789542050092348,0.3302150537634409,64.66,0.86,1340.22,761.8942868793015,7.396722784573089,36.92733136135524,1.0,0.589247311827957
amazon,hgb_attributes,zero_exposure,moderate,wcs_deterministic,0,0.02413687152038421,0.19902702702702704,40.74,0.26,1318.12,753.783728804786,7.36844494112657,36.78637926359171,1.0,0.6205405405405405
amazon,hgb_attributes,zero_exposure,moderate,wcs_deterministic,1,0.026692169497582036,0.2186885245901639,44.44,0.28,1227.76,718.9256077345322,7.357036659484124,36.72952832774213,1.0,0.698360655737705
amazon,hgb_attributes,zero_exposure,moderate,wcs_deterministic,2,0.04674709743393634,0.33639344262295084,69.04,0.44,1317.1,754.6327154853358,7.323094219935613,36.56032102184188,1.0,0.684153005464481
amazon,hgb_attributes,zero_exposure,moderate,wcs_deterministic,3,0.027944646382462662,0.23505376344086024,48.72,0.28,1317.24,751.8782657521597,7.42360801070572,37.06134591426214,1.0,0.6236559139784946
amazon,hgb_attributes,zero_exposure,moderate,wcs_deterministic,4,0.013226411692747232,0.14793478260869564,29.22,0.2,1318.64,751.7339041214806,7.442076797451718,37.153441224976305,1.0,0.633695652173913
amazon,hgb_attributes,zero_exposure,moderate,wcs_deterministic,5,0.020117573737072035,0.20806451612903223,41.84,0.28,1249.9,727.4016296082891,7.355018932337455,36.71945736220691,1.0,0.6860215053763441
amazon,hgb_attributes,zero_exposure,moderate,wcs_deterministic,6,0.017840320639053914,0.15138297872340425,31.3,0.2,1441.7,807.3812950299867,7.387629319574172,36.882026753374745,1.0,0.5691489361702128
amazon,hgb_attributes,zero_exposure,moderate,wcs_deterministic,7,0.006814875510321431,0.061069518716577544,12.52,0.08,1249.66,725.8253485400244,7.395503912077412,36.92124111799683,1.0,0.6032085561497326
amazon,hgb_attributes,zero_exposure,moderate,wcs_deterministic,8,0.03938144501287808,0.32508108108108114,66.58,0.42,1278.64,737.6178884831231,7.378238404655715,36.835168259052836,1.0,0.6508108108108108
amazon,hgb_attributes,zero_exposure,moderate,wcs_deterministic,9,0.021970559408385958,0.2070967741935484,42.2,0.26,1340.22,761.8942868793015,7.396722784573089,36.92733136135524,1.0,0.589247311827957
amazon,hgb_attributes,zero_exposure,moderate,wcs_homogeneous,0,0.10045132134841923,0.7478918918918919,154.86,0.98,1318.12,753.783728804786,7.36844494112657,36.78637926359171,1.0,0.6205405405405405
amazon,hgb_attributes,zero_exposure,moderate,wcs_homogeneous,1,0.08230945437160363,0.7534426229508197,151.06,0.98,1227.76,718.9256077345322,7.357036659484124,36.72952832774213,1.0,0.698360655737705
amazon,hgb_attributes,zero_exposure,moderate,wcs_homogeneous,2,0.10102087968322561,0.7408743169398907,151.62,0.98,1317.1,754.6327154853358,7.323094219935613,36.56032102184188,1.0,0.684153005464481
amazon,hgb_attributes,zero_exposure,moderate,wcs_homogeneous,3,0.07987716348750572,0.7716129032258064,157.6,0.96,1317.24,751.8782657521597,7.42360801070572,37.06134591426214,1.0,0.6236559139784946
amazon,hgb_attributes,zero_exposure,moderate,wcs_homogeneous,4,0.0719773106456772,0.6975,139.6,0.94,1318.64,751.7339041214806,7.442076797451718,37.153441224976305,1.0,0.633695652173913
amazon,hgb_attributes,zero_exposure,moderate,wcs_homogeneous,5,0.0633293575695437,0.7115053763440861,142.12,0.98,1249.9,727.4016296082891,7.355018932337455,36.71945736220691,1.0,0.6860215053763441
amazon,hgb_attributes,zero_exposure,moderate,wcs_homogeneous,6,0.0697902562291439,0.7203191489361701,146.34,0.98,1441.7,807.3812950299867,7.387629319574172,36.882026753374745,1.0,0.5691489361702128
amazon,hgb_attributes,zero_exposure,moderate,wcs_homogeneous,7,0.09141751932669066,0.7520855614973262,156.1,0.96,1249.66,725.8253485400244,7.395503912077412,36.92124111799683,1.0,0.6032085561497326
amazon,hgb_attributes,zero_exposure,moderate,wcs_homogeneous,8,0.08678536011100814,0.7155675675675676,146.3,0.94,1278.64,737.6178884831231,7.378238404655715,36.835168259052836,1.0,0.6508108108108108
amazon,hgb_attributes,zero_exposure,moderate,wcs_homogeneous,9,0.07406633411326635,0.6856989247311828,139.78,0.88,1340.22,761.8942868793015,7.396722784573089,36.92733136135524,1.0,0.589247311827957
amazon,hgb_attributes,zero_exposure,moderate,wcs_rand_deterministic,0,0.03763865928932211,0.29221621621621624,60.3,0.38,1318.12,753.783728804786,7.36844494112657,36.78637926359171,1.0,0.6205405405405405
amazon,hgb_attributes,zero_exposure,moderate,wcs_rand_deterministic,1,0.04928778522590527,0.4222950819672131,85.32,0.54,1227.76,718.9256077345322,7.357036659484124,36.72952832774213,1.0,0.698360655737705
amazon,hgb_attributes,zero_exposure,moderate,wcs_rand_deterministic,2,0.06164388998574135,0.44098360655737706,90.5,0.58,1317.1,754.6327154853358,7.323094219935613,36.56032102184188,1.0,0.684153005464481
amazon,hgb_attributes,zero_exposure,moderate,wcs_rand_deterministic,3,0.033990945361914236,0.2994623655913978,61.76,0.36,1317.24,751.8782657521597,7.42360801070572,37.06134591426214,1.0,0.6236559139784946
amazon,hgb_attributes,zero_exposure,moderate,wcs_rand_deterministic,4,0.02840561607292542,0.2875,57.42,0.38,1318.64,751.7339041214806,7.442076797451718,37.153441224976305,1.0,0.633695652173913
amazon,hgb_attributes,zero_exposure,moderate,wcs_rand_deterministic,5,0.03221086255659012,0.3401075268817204,68.36,0.46,1249.9,727.4016296082891,7.355018932337455,36.71945736220691,1.0,0.6860215053763441
amazon,hgb_attributes,zero_exposure,moderate,wcs_rand_deterministic,6,0.03687074423474548,0.3330851063829787,68.44,0.44,1441.7,807.3812950299867,7.387629319574172,36.882026753374745,1.0,0.5691489361702128
amazon,hgb_attributes,zero_exposure,moderate,wcs_rand_deterministic,7,0.03182919094918716,0.26427807486631016,54.66,0.34,1249.66,725.8253485400244,7.395503912077412,36.92124111799683,1.0,0.6032085561497326
amazon,hgb_attributes,zero_exposure,moderate,wcs_rand_deterministic,8,0.05329745807310526,0.44605405405405407,91.12,0.58,1278.64,737.6178884831231,7.378238404655715,36.835168259052836,1.0,0.6508108108108108
amazon,hgb_attributes,zero_exposure,moderate,wcs_rand_deterministic,9,0.035046841702245854,0.33505376344086024,68.16,0.42,1340.22,761.8942868793015,7.396722784573089,36.92733136135524,1.0,0.589247311827957
amazon,hgb_attributes,zero_exposure,moderate,wcs_rand_homogeneous,0,0.1100006618670141,0.772972972972973,161.38,1.0,1318.12,753.783728804786,7.36844494112657,36.78637926359171,1.0,0.6205405405405405
amazon,hgb_attributes,zero_exposure,moderate,wcs_rand_homogeneous,1,0.09208842191104058,0.7736612021857924,156.46,1.0,1227.76,718.9256077345322,7.357036659484124,36.72952832774213,1.0,0.698360655737705
amazon,hgb_attributes,zero_exposure,moderate,wcs_rand_homogeneous,2,0.1047203695306689,0.7449180327868852,153.08,0.98,1317.1,754.6327154853358,7.323094219935613,36.56032102184188,1.0,0.684153005464481
amazon,hgb_attributes,zero_exposure,moderate,wcs_rand_homogeneous,3,0.08498696752619253,0.7878494623655914,161.66,0.98,1317.24,751.8782657521597,7.42360801070572,37.06134591426214,1.0,0.6236559139784946
amazon,hgb_attributes,zero_exposure,moderate,wcs_rand_homogeneous,4,0.07828603708727659,0.7221739130434783,145.32,0.96,1318.64,751.7339041214806,7.442076797451718,37.153441224976305,1.0,0.633695652173913
amazon,hgb_attributes,zero_exposure,moderate,wcs_rand_homogeneous,5,0.06680345976752697,0.7218279569892474,144.66,0.98,1249.9,727.4016296082891,7.355018932337455,36.71945736220691,1.0,0.6860215053763441
amazon,hgb_attributes,zero_exposure,moderate,wcs_rand_homogeneous,6,0.07241060694746926,0.7281914893617021,148.3,0.98,1441.7,807.3812950299867,7.387629319574172,36.882026753374745,1.0,0.5691489361702128
amazon,hgb_attributes,zero_exposure,moderate,wcs_rand_homogeneous,7,0.10075832753947025,0.7714438502673796,161.5,0.98,1249.66,725.8253485400244,7.395503912077412,36.92124111799683,1.0,0.6032085561497326
amazon,hgb_attributes,zero_exposure,moderate,wcs_rand_homogeneous,8,0.0912808229608647,0.72,147.98,0.94,1278.64,737.6178884831231,7.378238404655715,36.835168259052836,1.0,0.6508108108108108
amazon,hgb_attributes,zero_exposure,moderate,wcs_rand_homogeneous,9,0.0799039820265145,0.7148387096774194,146.28,0.92,1340.22,761.8942868793015,7.396722784573089,36.92733136135524,1.0,0.589247311827957
amazon,hgb_attributes,zero_exposure,moderate,weighted_bh,0,0.10145171939839535,0.7628108108108108,157.78,1.0,1318.12,753.783728804786,7.36844494112657,36.78637926359171,1.0,0.6205405405405405
amazon,hgb_attributes,zero_exposure,moderate,weighted_bh,1,0.08532331677263791,0.7677595628415301,154.18,1.0,1227.76,718.9256077345322,7.357036659484124,36.72952832774213,1.0,0.698360655737705
amazon,hgb_attributes,zero_exposure,moderate,weighted_bh,2,0.10109384338186407,0.7557377049180327,154.36,1.0,1317.1,754.6327154853358,7.323094219935613,36.56032102184188,1.0,0.684153005464481
amazon,hgb_attributes,zero_exposure,moderate,weighted_bh,3,0.08078838335771979,0.7929032258064517,161.7,1.0,1317.24,751.8782657521597,7.42360801070572,37.06134591426214,1.0,0.6236559139784946
amazon,hgb_attributes,zero_exposure,moderate,weighted_bh,4,0.07514163157069141,0.7393478260869566,147.74,1.0,1318.64,751.7339041214806,7.442076797451718,37.153441224976305,1.0,0.633695652173913
amazon,hgb_attributes,zero_exposure,moderate,weighted_bh,5,0.06364821334300715,0.7236559139784946,144.42,0.98,1249.9,727.4016296082891,7.355018932337455,36.71945736220691,1.0,0.6860215053763441
amazon,hgb_attributes,zero_exposure,moderate,weighted_bh,6,0.06834789934757639,0.7125531914893617,144.64,0.96,1441.7,807.3812950299867,7.387629319574172,36.882026753374745,1.0,0.5691489361702128
amazon,hgb_attributes,zero_exposure,moderate,weighted_bh,7,0.09166768957243314,0.7722994652406417,159.9,1.0,1249.66,725.8253485400244,7.395503912077412,36.92124111799683,1.0,0.6032085561497326
amazon,hgb_attributes,zero_exposure,moderate,weighted_bh,8,0.09015197034086322,0.7634594594594595,155.68,1.0,1278.64,737.6178884831231,7.378238404655715,36.835168259052836,1.0,0.6508108108108108
amazon,hgb_attributes,zero_exposure,moderate,weighted_bh,9,0.07784817156857647,0.7348387096774194,149.56,0.96,1340.22,761.8942868793015,7.396722784573089,36.92733136135524,1.0,0.589247311827957
amazon,hgb_attributes,zero_exposure,moderate,weighted_bh_rand,0,0.10844446858238131,0.7722162162162163,160.98,1.0,1318.12,753.783728804786,7.36844494112657,36.78637926359171,1.0,0.6205405405405405
amazon,hgb_attributes,zero_exposure,moderate,weighted_bh_rand,1,0.09172646404749246,0.7727868852459017,156.26,1.0,1227.76,718.9256077345322,7.357036659484124,36.72952832774213,1.0,0.698360655737705
amazon,hgb_attributes,zero_exposure,moderate,weighted_bh_rand,2,0.1058632459649043,0.7615300546448087,156.32,1.0,1317.1,754.6327154853358,7.323094219935613,36.56032102184188,1.0,0.684153005464481
amazon,hgb_attributes,zero_exposure,moderate,weighted_bh_rand,3,0.08667436644928284,0.8082795698924731,165.76,1.0,1317.24,751.8782657521597,7.42360801070572,37.06134591426214,1.0,0.6236559139784946
amazon,hgb_attributes,zero_exposure,moderate,weighted_bh_rand,4,0.08016562266311444,0.7504347826086957,150.76,1.0,1318.64,751.7339041214806,7.442076797451718,37.153441224976305,1.0,0.633695652173913
amazon,hgb_attributes,zero_exposure,moderate,weighted_bh_rand,5,0.06756171786080502,0.734516129032258,147.2,1.0,1249.9,727.4016296082891,7.355018932337455,36.71945736220691,1.0,0.6860215053763441
amazon,hgb_attributes,zero_exposure,moderate,weighted_bh_rand,6,0.07292885601822494,0.7291489361702128,148.54,1.0,1441.7,807.3812950299867,7.387629319574172,36.882026753374745,1.0,0.5691489361702128
amazon,hgb_attributes,zero_exposure,moderate,weighted_bh_rand,7,0.1006407765519301,0.7796791443850267,163.1,1.0,1249.66,725.8253485400244,7.395503912077412,36.92124111799683,1.0,0.6032085561497326
amazon,hgb_attributes,zero_exposure,moderate,weighted_bh_rand,8,0.09620533454120031,0.7676756756756756,157.6,1.0,1278.64,737.6178884831231,7.378238404655715,36.835168259052836,1.0,0.6508108108108108
amazon,hgb_attributes,zero_exposure,moderate,weighted_bh_rand,9,0.084047443593019,0.759247311827957,155.2,1.0,1340.22,761.8942868793015,7.396722784573089,36.92733136135524,1.0,0.589247311827957
amazon,hgb_attributes,zero_exposure,moderate,weighted_by,0,0.0,0.0,0.0,0.0,1318.12,753.783728804786,7.36844494112657,36.78637926359171,1.0,0.6205405405405405
amazon,hgb_attributes,zero_exposure,moderate,weighted_by,1,0.0,0.0,0.0,0.0,1227.76,718.9256077345322,7.357036659484124,36.72952832774213,1.0,0.698360655737705
amazon,hgb_attributes,zero_exposure,moderate,weighted_by,2,0.0,0.0,0.0,0.0,1317.1,754.6327154853358,7.323094219935613,36.56032102184188,1.0,0.684153005464481
amazon,hgb_attributes,zero_exposure,moderate,weighted_by,3,0.0,0.0,0.0,0.0,1317.24,751.8782657521597,7.42360801070572,37.06134591426214,1.0,0.6236559139784946
amazon,hgb_attributes,zero_exposure,moderate,weighted_by,4,0.0,0.0,0.0,0.0,1318.64,751.7339041214806,7.442076797451718,37.153441224976305,1.0,0.633695652173913
amazon,hgb_attributes,zero_exposure,moderate,weighted_by,5,0.0,0.0,0.0,0.0,1249.9,727.4016296082891,7.355018932337455,36.71945736220691,1.0,0.6860215053763441
amazon,hgb_attributes,zero_exposure,moderate,weighted_by,6,0.0016250000000000001,0.012659574468085107,2.48,0.04,1441.7,807.3812950299867,7.387629319574172,36.882026753374745,1.0,0.5691489361702128
amazon,hgb_attributes,zero_exposure,moderate,weighted_by,7,0.0,0.0,0.0,0.0,1249.66,725.8253485400244,7.395503912077412,36.92124111799683,1.0,0.6032085561497326
amazon,hgb_attributes,zero_exposure,moderate,weighted_by,8,0.0,0.0,0.0,0.0,1278.64,737.6178884831231,7.378238404655715,36.835168259052836,1.0,0.6508108108108108
amazon,hgb_attributes,zero_exposure,moderate,weighted_by,9,0.0,0.0,0.0,0.0,1340.22,761.8942868793015,7.396722784573089,36.92733136135524,1.0,0.589247311827957
amazon,hgb_attributes,zero_exposure,neutral,equal_alpha,0,0.04081304104276459,0.6228108108108108,120.46,1.0,2640.02,2640.02,7.362152445012349,7.362152445012349,1.0,0.6205405405405405
amazon,hgb_attributes,zero_exposure,neutral,equal_alpha,1,0.046094678894561356,0.7072131147540983,135.88,1.0,2642.92,2642.92,7.354225776727902,7.354225776727902,1.0,0.698360655737705
amazon,hgb_attributes,zero_exposure,neutral,equal_alpha,2,0.06471650307794503,0.7037158469945355,137.88,1.0,2644.44,2644.44,7.349976085289562,7.349976085289562,1.0,0.684153005464481
amazon,hgb_attributes,zero_exposure,neutral,equal_alpha,3,0.04581258214701126,0.6831182795698925,134.06,1.0,2633.38,2633.38,7.380518556225116,7.380518556225116,1.0,0.6236559139784946
amazon,hgb_attributes,zero_exposure,neutral,equal_alpha,4,0.04351344484667535,0.6623913043478261,127.52,1.0,2637.28,2637.28,7.370233767228159,7.370233767228159,1.0,0.633695652173913
amazon,hgb_attributes,zero_exposure,neutral,equal_alpha,5,0.04064012039383763,0.6237634408602151,121.16,1.0,2645.1,2645.1,7.348172164814602,7.348172164814602,1.0,0.6860215053763441
amazon,hgb_attributes,zero_exposure,neutral,equal_alpha,6,0.034489947117907406,0.5765957446808511,112.46,1.0,2636.14,2636.14,7.372662492765529,7.372662492765529,1.0,0.5691489361702128
amazon,hgb_attributes,zero_exposure,neutral,equal_alpha,7,0.03531215699784146,0.607807486631016,118.16,1.0,2628.12,2628.12,7.3923190280664155,7.3923190280664155,1.0,0.6032085561497326
amazon,hgb_attributes,zero_exposure,neutral,equal_alpha,8,0.04070150789097247,0.6123243243243244,118.54,1.0,2635.88,2635.88,7.370112978283829,7.370112978283829,1.0,0.6508108108108108
amazon,hgb_attributes,zero_exposure,neutral,equal_alpha,9,0.04921605597412532,0.5466666666666666,107.8,0.96,2632.18,2632.18,7.380203435879367,7.380203435879367,1.0,0.589247311827957
amazon,hgb_attributes,zero_exposure,neutral,pooled_reference,0,0.10224012563796782,0.7777297297297298,160.58,1.0,2640.02,2640.02,7.362152445012349,7.362152445012349,1.0,0.6205405405405405
amazon,hgb_attributes,zero_exposure,neutral,pooled_reference,1,0.09461016488332305,0.778360655737705,157.64,1.0,2642.92,2642.92,7.354225776727902,7.354225776727902,1.0,0.698360655737705
amazon,hgb_attributes,zero_exposure,neutral,pooled_reference,2,0.10716698138983202,0.7659016393442623,157.14,1.0,2644.44,2644.44,7.349976085289562,7.349976085289562,1.0,0.684153005464481
amazon,hgb_attributes,zero_exposure,neutral,pooled_reference,3,0.07795825018948264,0.8227956989247311,166.52,1.0,2633.38,2633.38,7.380518556225116,7.380518556225116,1.0,0.6236559139784946
amazon,hgb_attributes,zero_exposure,neutral,pooled_reference,4,0.07314948751179769,0.7563043478260869,150.3,1.0,2637.28,2637.28,7.370233767228159,7.370233767228159,1.0,0.633695652173913
amazon,hgb_attributes,zero_exposure,neutral,pooled_reference,5,0.0699515891012921,0.7641935483870967,152.96,1.0,2645.1,2645.1,7.348172164814602,7.348172164814602,1.0,0.6860215053763441
amazon,hgb_attributes,zero_exposure,neutral,pooled_reference,6,0.07910956634277445,0.7602127659574468,155.3,1.0,2636.14,2636.14,7.372662492765529,7.372662492765529,1.0,0.5691489361702128
amazon,hgb_attributes,zero_exposure,neutral,pooled_reference,7,0.10059761822989444,0.7937967914438502,165.2,1.0,2628.12,2628.12,7.3923190280664155,7.3923190280664155,1.0,0.6032085561497326
amazon,hgb_attributes,zero_exposure,neutral,pooled_reference,8,0.09584527569221292,0.7775135135135135,159.2,1.0,2635.88,2635.88,7.370112978283829,7.370112978283829,1.0,0.6508108108108108
amazon,hgb_attributes,zero_exposure,neutral,pooled_reference,9,0.08282780327696214,0.7973118279569893,162.04,1.0,2632.18,2632.18,7.380203435879367,7.380203435879367,1.0,0.589247311827957
amazon,hgb_attributes,zero_exposure,neutral,pooled_stratum,0,0.10155036431499713,0.7718918918918919,159.38,1.0,2640.02,2640.02,7.362152445012349,7.362152445012349,1.0,0.6205405405405405
amazon,hgb_attributes,zero_exposure,neutral,pooled_stratum,1,0.08830556843288374,0.7721311475409836,155.3,1.0,2642.92,2642.92,7.354225776727902,7.354225776727902,1.0,0.698360655737705
amazon,hgb_attributes,zero_exposure,neutral,pooled_stratum,2,0.10017070901426718,0.7672131147540984,156.16,1.0,2644.44,2644.44,7.349976085289562,7.349976085289562,1.0,0.684153005464481
amazon,hgb_attributes,zero_exposure,neutral,pooled_stratum,3,0.08041837872051265,0.819462365591398,166.16,1.0,2633.38,2633.38,7.380518556225116,7.380518556225116,1.0,0.6236559139784946
amazon,hgb_attributes,zero_exposure,neutral,pooled_stratum,4,0.07084586809834156,0.7519565217391304,149.06,1.0,2637.28,2637.28,7.370233767228159,7.370233767228159,1.0,0.633695652173913
amazon,hgb_attributes,zero_exposure,neutral,pooled_stratum,5,0.07169780396175146,0.7613978494623656,152.74,1.0,2645.1,2645.1,7.348172164814602,7.348172164814602,1.0,0.6860215053763441
amazon,hgb_attributes,zero_exposure,neutral,pooled_stratum,6,0.07653499428907519,0.7590425531914893,154.62,1.0,2636.14,2636.14,7.372662492765529,7.372662492765529,1.0,0.5691489361702128
amazon,hgb_attributes,zero_exposure,neutral,pooled_stratum,7,0.09823110028524205,0.784385026737968,162.78,1.0,2628.12,2628.12,7.3923190280664155,7.3923190280664155,1.0,0.6032085561497326
amazon,hgb_attributes,zero_exposure,neutral,pooled_stratum,8,0.08972733215898408,0.7731891891891892,157.28,1.0,2635.88,2635.88,7.370112978283829,7.370112978283829,1.0,0.6508108108108108
amazon,hgb_attributes,zero_exposure,neutral,pooled_stratum,9,0.08036085860970055,0.7874193548387096,159.7,1.0,2632.18,2632.18,7.380203435879367,7.380203435879367,1.0,0.589247311827957
amazon,hgb_attributes,zero_exposure,neutral,size_alpha,0,0.048388301314431094,0.5934054054054054,115.64,1.0,2640.02,2640.02,7.362152445012349,7.362152445012349,1.0,0.6205405405405405
amazon,hgb_attributes,zero_exposure,neutral,size_alpha,1,0.05453194501859952,0.707431693989071,137.08,1.0,2642.92,2642.92,7.354225776727902,7.354225776727902,1.0,0.698360655737705
amazon,hgb_attributes,zero_exposure,neutral,size_alpha,2,0.07194528443962106,0.6886338797814208,135.96,1.0,2644.44,2644.44,7.349976085289562,7.349976085289562,1.0,0.684153005464481
amazon,hgb_attributes,zero_exposure,neutral,size_alpha,3,0.05037761585082221,0.689247311827957,135.96,1.0,2633.38,2633.38,7.380518556225116,7.380518556225116,1.0,0.6236559139784946
amazon,hgb_attributes,zero_exposure,neutral,size_alpha,4,0.04230638881554382,0.67,128.86,1.0,2637.28,2637.28,7.370233767228159,7.370233767228159,1.0,0.633695652173913
amazon,hgb_attributes,zero_exposure,neutral,size_alpha,5,0.04504903512952264,0.5969892473118279,116.4,1.0,2645.1,2645.1,7.348172164814602,7.348172164814602,1.0,0.6860215053763441
amazon,hgb_attributes,zero_exposure,neutral,size_alpha,6,0.034748791283340054,0.6222340425531915,121.38,1.0,2636.14,2636.14,7.372662492765529,7.372662492765529,1.0,0.5691489361702128
amazon,hgb_attributes,zero_exposure,neutral,size_alpha,7,0.04844353389299528,0.5591443850267379,110.16,1.0,2628.12,2628.12,7.3923190280664155,7.3923190280664155,1.0,0.6032085561497326
amazon,hgb_attributes,zero_exposure,neutral,size_alpha,8,0.049775479565200724,0.557945945945946,108.88,1.0,2635.88,2635.88,7.370112978283829,7.370112978283829,1.0,0.6508108108108108
amazon,hgb_attributes,zero_exposure,neutral,size_alpha,9,0.05444285385848925,0.5202150537634409,103.12,0.96,2632.18,2632.18,7.380203435879367,7.380203435879367,1.0,0.589247311827957
amazon,hgb_attributes,zero_exposure,neutral,wcs_deterministic,0,0.10224012563796782,0.7777297297297298,160.58,1.0,2640.02,2640.02,7.362152445012349,7.362152445012349,1.0,0.6205405405405405
amazon,hgb_attributes,zero_exposure,neutral,wcs_deterministic,1,0.09461016488332305,0.778360655737705,157.64,1.0,2642.92,2642.92,7.354225776727902,7.354225776727902,1.0,0.698360655737705
amazon,hgb_attributes,zero_exposure,neutral,wcs_deterministic,2,0.10716698138983202,0.7659016393442623,157.14,1.0,2644.44,2644.44,7.349976085289562,7.349976085289562,1.0,0.684153005464481
amazon,hgb_attributes,zero_exposure,neutral,wcs_deterministic,3,0.07795825018948264,0.8227956989247311,166.52,1.0,2633.38,2633.38,7.380518556225116,7.380518556225116,1.0,0.6236559139784946
amazon,hgb_attributes,zero_exposure,neutral,wcs_deterministic,4,0.07314948751179769,0.7563043478260869,150.3,1.0,2637.28,2637.28,7.370233767228159,7.370233767228159,1.0,0.633695652173913
amazon,hgb_attributes,zero_exposure,neutral,wcs_deterministic,5,0.0699515891012921,0.7641935483870967,152.96,1.0,2645.1,2645.1,7.348172164814602,7.348172164814602,1.0,0.6860215053763441
amazon,hgb_attributes,zero_exposure,neutral,wcs_deterministic,6,0.07910956634277445,0.7602127659574468,155.3,1.0,2636.14,2636.14,7.372662492765529,7.372662492765529,1.0,0.5691489361702128
amazon,hgb_attributes,zero_exposure,neutral,wcs_deterministic,7,0.10059761822989444,0.7937967914438502,165.2,1.0,2628.12,2628.12,7.3923190280664155,7.3923190280664155,1.0,0.6032085561497326
amazon,hgb_attributes,zero_exposure,neutral,wcs_deterministic,8,0.09584527569221292,0.7775135135135135,159.2,1.0,2635.88,2635.88,7.370112978283829,7.370112978283829,1.0,0.6508108108108108
amazon,hgb_attributes,zero_exposure,neutral,wcs_deterministic,9,0.08282780327696214,0.7973118279569893,162.04,1.0,2632.18,2632.18,7.380203435879367,7.380203435879367,1.0,0.589247311827957
amazon,hgb_attributes,zero_exposure,neutral,wcs_homogeneous,0,0.10224012563796782,0.7777297297297298,160.58,1.0,2640.02,2640.02,7.362152445012349,7.362152445012349,1.0,0.6205405405405405
amazon,hgb_attributes,zero_exposure,neutral,wcs_homogeneous,1,0.09461016488332305,0.778360655737705,157.64,1.0,2642.92,2642.92,7.354225776727902,7.354225776727902,1.0,0.698360655737705
amazon,hgb_attributes,zero_exposure,neutral,wcs_homogeneous,2,0.10716698138983202,0.7659016393442623,157.14,1.0,2644.44,2644.44,7.349976085289562,7.349976085289562,1.0,0.684153005464481
amazon,hgb_attributes,zero_exposure,neutral,wcs_homogeneous,3,0.07795825018948264,0.8227956989247311,166.52,1.0,2633.38,2633.38,7.380518556225116,7.380518556225116,1.0,0.6236559139784946
amazon,hgb_attributes,zero_exposure,neutral,wcs_homogeneous,4,0.07314948751179769,0.7563043478260869,150.3,1.0,2637.28,2637.28,7.370233767228159,7.370233767228159,1.0,0.633695652173913
amazon,hgb_attributes,zero_exposure,neutral,wcs_homogeneous,5,0.0699515891012921,0.7641935483870967,152.96,1.0,2645.1,2645.1,7.348172164814602,7.348172164814602,1.0,0.6860215053763441
amazon,hgb_attributes,zero_exposure,neutral,wcs_homogeneous,6,0.07910956634277445,0.7602127659574468,155.3,1.0,2636.14,2636.14,7.372662492765529,7.372662492765529,1.0,0.5691489361702128
amazon,hgb_attributes,zero_exposure,neutral,wcs_homogeneous,7,0.10059761822989444,0.7937967914438502,165.2,1.0,2628.12,2628.12,7.3923190280664155,7.3923190280664155,1.0,0.6032085561497326
amazon,hgb_attributes,zero_exposure,neutral,wcs_homogeneous,8,0.09584527569221292,0.7775135135135135,159.2,1.0,2635.88,2635.88,7.370112978283829,7.370112978283829,1.0,0.6508108108108108
amazon,hgb_attributes,zero_exposure,neutral,wcs_homogeneous,9,0.08282780327696214,0.7973118279569893,162.04,1.0,2632.18,2632.18,7.380203435879367,7.380203435879367,1.0,0.589247311827957
amazon,hgb_attributes,zero_exposure,neutral,wcs_rand_deterministic,0,0.10320500960678716,0.7789189189189188,161.0,1.0,2640.02,2640.02,7.362152445012349,7.362152445012349,1.0,0.6205405405405405
amazon,hgb_attributes,zero_exposure,neutral,wcs_rand_deterministic,1,0.09560775665647961,0.7791256830601092,157.96,1.0,2642.92,2642.92,7.354225776727902,7.354225776727902,1.0,0.698360655737705
amazon,hgb_attributes,zero_exposure,neutral,wcs_rand_deterministic,2,0.10834879477731048,0.7669945355191257,157.56,1.0,2644.44,2644.44,7.349976085289562,7.349976085289562,1.0,0.684153005464481
amazon,hgb_attributes,zero_exposure,neutral,wcs_rand_deterministic,3,0.07874140888264618,0.823978494623656,166.88,1.0,2633.38,2633.38,7.380518556225116,7.380518556225116,1.0,0.6236559139784946
amazon,hgb_attributes,zero_exposure,neutral,wcs_rand_deterministic,4,0.0738897321082364,0.7571739130434783,150.6,1.0,2637.28,2637.28,7.370233767228159,7.370233767228159,1.0,0.633695652173913
amazon,hgb_attributes,zero_exposure,neutral,wcs_rand_deterministic,5,0.07091812683589933,0.7647311827956988,153.22,1.0,2645.1,2645.1,7.348172164814602,7.348172164814602,1.0,0.6860215053763441
amazon,hgb_attributes,zero_exposure,neutral,wcs_rand_deterministic,6,0.0802817363117075,0.7603191489361703,155.52,1.0,2636.14,2636.14,7.372662492765529,7.372662492765529,1.0,0.5691489361702128
amazon,hgb_attributes,zero_exposure,neutral,wcs_rand_deterministic,7,0.10186671014792642,0.79475935828877,165.64,1.0,2628.12,2628.12,7.3923190280664155,7.3923190280664155,1.0,0.6032085561497326
amazon,hgb_attributes,zero_exposure,neutral,wcs_rand_deterministic,8,0.09646616368654698,0.7778378378378379,159.38,1.0,2635.88,2635.88,7.370112978283829,7.370112978283829,1.0,0.6508108108108108
amazon,hgb_attributes,zero_exposure,neutral,wcs_rand_deterministic,9,0.0834754333302045,0.7977419354838711,162.24,1.0,2632.18,2632.18,7.380203435879367,7.380203435879367,1.0,0.589247311827957
amazon,hgb_attributes,zero_exposure,neutral,wcs_rand_homogeneous,0,0.10428171124910177,0.7796756756756758,161.36,1.0,2640.02,2640.02,7.362152445012349,7.362152445012349,1.0,0.6205405405405405
amazon,hgb_attributes,zero_exposure,neutral,wcs_rand_homogeneous,1,0.09610532282330393,0.7795628415300547,158.12,1.0,2642.92,2642.92,7.354225776727902,7.354225776727902,1.0,0.698360655737705
amazon,hgb_attributes,zero_exposure,neutral,wcs_rand_homogeneous,2,0.10876060194839705,0.7675409836065573,157.74,1.0,2644.44,2644.44,7.349976085289562,7.349976085289562,1.0,0.684153005464481
amazon,hgb_attributes,zero_exposure,neutral,wcs_rand_homogeneous,3,0.07953678311349753,0.8248387096774193,167.2,1.0,2633.38,2633.38,7.380518556225116,7.380518556225116,1.0,0.6236559139784946
amazon,hgb_attributes,zero_exposure,neutral,wcs_rand_homogeneous,4,0.07445370619668051,0.7578260869565218,150.82,1.0,2637.28,2637.28,7.370233767228159,7.370233767228159,1.0,0.633695652173913
amazon,hgb_attributes,zero_exposure,neutral,wcs_rand_homogeneous,5,0.07184568881852736,0.7655913978494624,153.56,1.0,2645.1,2645.1,7.348172164814602,7.348172164814602,1.0,0.6860215053763441
amazon,hgb_attributes,zero_exposure,neutral,wcs_rand_homogeneous,6,0.08084634630089135,0.760531914893617,155.66,1.0,2636.14,2636.14,7.372662492765529,7.372662492765529,1.0,0.5691489361702128
amazon,hgb_attributes,zero_exposure,neutral,wcs_rand_homogeneous,7,0.10255225151037392,0.7954010695187166,165.9,1.0,2628.12,2628.12,7.3923190280664155,7.3923190280664155,1.0,0.6032085561497326
amazon,hgb_attributes,zero_exposure,neutral,wcs_rand_homogeneous,8,0.09658612940617087,0.777945945945946,159.42,1.0,2635.88,2635.88,7.370112978283829,7.370112978283829,1.0,0.6508108108108108
amazon,hgb_attributes,zero_exposure,neutral,wcs_rand_homogeneous,9,0.08408478091998388,0.7977419354838711,162.34,1.0,2632.18,2632.18,7.380203435879367,7.380203435879367,1.0,0.589247311827957
amazon,hgb_attributes,zero_exposure,neutral,weighted_bh,0,0.10224012563796782,0.7777297297297298,160.58,1.0,2640.02,2640.02,7.362152445012349,7.362152445012349,1.0,0.6205405405405405
amazon,hgb_attributes,zero_exposure,neutral,weighted_bh,1,0.09461016488332305,0.778360655737705,157.64,1.0,2642.92,2642.92,7.354225776727902,7.354225776727902,1.0,0.698360655737705
amazon,hgb_attributes,zero_exposure,neutral,weighted_bh,2,0.10716698138983202,0.7659016393442623,157.14,1.0,2644.44,2644.44,7.349976085289562,7.349976085289562,1.0,0.684153005464481
amazon,hgb_attributes,zero_exposure,neutral,weighted_bh,3,0.07795825018948264,0.8227956989247311,166.52,1.0,2633.38,2633.38,7.380518556225116,7.380518556225116,1.0,0.6236559139784946
amazon,hgb_attributes,zero_exposure,neutral,weighted_bh,4,0.07314948751179769,0.7563043478260869,150.3,1.0,2637.28,2637.28,7.370233767228159,7.370233767228159,1.0,0.633695652173913
amazon,hgb_attributes,zero_exposure,neutral,weighted_bh,5,0.0699515891012921,0.7641935483870967,152.96,1.0,2645.1,2645.1,7.348172164814602,7.348172164814602,1.0,0.6860215053763441
amazon,hgb_attributes,zero_exposure,neutral,weighted_bh,6,0.07910956634277445,0.7602127659574468,155.3,1.0,2636.14,2636.14,7.372662492765529,7.372662492765529,1.0,0.5691489361702128
amazon,hgb_attributes,zero_exposure,neutral,weighted_bh,7,0.10059761822989444,0.7937967914438502,165.2,1.0,2628.12,2628.12,7.3923190280664155,7.3923190280664155,1.0,0.6032085561497326
amazon,hgb_attributes,zero_exposure,neutral,weighted_bh,8,0.09584527569221292,0.7775135135135135,159.2,1.0,2635.88,2635.88,7.370112978283829,7.370112978283829,1.0,0.6508108108108108
amazon,hgb_attributes,zero_exposure,neutral,weighted_bh,9,0.08282780327696214,0.7973118279569893,162.04,1.0,2632.18,2632.18,7.380203435879367,7.380203435879367,1.0,0.589247311827957
amazon,hgb_attributes,zero_exposure,neutral,weighted_bh_rand,0,0.10403331269996871,0.7797837837837838,161.34,1.0,2640.02,2640.02,7.362152445012349,7.362152445012349,1.0,0.6205405405405405
amazon,hgb_attributes,zero_exposure,neutral,weighted_bh_rand,1,0.0958599237171573,0.7795628415300547,158.08,1.0,2642.92,2642.92,7.354225776727902,7.354225776727902,1.0,0.698360655737705
amazon,hgb_attributes,zero_exposure,neutral,weighted_bh_rand,2,0.10842198809749919,0.7672131147540984,157.62,1.0,2644.44,2644.44,7.349976085289562,7.349976085289562,1.0,0.684153005464481
amazon,hgb_attributes,zero_exposure,neutral,weighted_bh_rand,3,0.07974483416605911,0.8246236559139786,167.2,1.0,2633.38,2633.38,7.380518556225116,7.380518556225116,1.0,0.6236559139784946
amazon,hgb_attributes,zero_exposure,neutral,weighted_bh_rand,4,0.07421484888304188,0.7575,150.72,1.0,2637.28,2637.28,7.370233767228159,7.370233767228159,1.0,0.633695652173913
amazon,hgb_attributes,zero_exposure,neutral,weighted_bh_rand,5,0.07170223214070669,0.7656989247311827,153.56,1.0,2645.1,2645.1,7.348172164814602,7.348172164814602,1.0,0.6860215053763441
amazon,hgb_attributes,zero_exposure,neutral,weighted_bh_rand,6,0.08075072091965835,0.7606382978723404,155.66,1.0,2636.14,2636.14,7.372662492765529,7.372662492765529,1.0,0.5691489361702128
amazon,hgb_attributes,zero_exposure,neutral,weighted_bh_rand,7,0.10289661000767104,0.795187165775401,165.92,1.0,2628.12,2628.12,7.3923190280664155,7.3923190280664155,1.0,0.6032085561497326
amazon,hgb_attributes,zero_exposure,neutral,weighted_bh_rand,8,0.09646616368654698,0.7778378378378379,159.38,1.0,2635.88,2635.88,7.370112978283829,7.370112978283829,1.0,0.6508108108108108
amazon,hgb_attributes,zero_exposure,neutral,weighted_bh_rand,9,0.08407020985568905,0.7978494623655914,162.36,1.0,2632.18,2632.18,7.380203435879367,7.380203435879367,1.0,0.589247311827957
amazon,hgb_attributes,zero_exposure,neutral,weighted_by,0,0.0027661082628590594,0.058702702702702704,11.06,0.16,2640.02,2640.02,7.362152445012349,7.362152445012349,1.0,0.6205405405405405
amazon,hgb_attributes,zero_exposure,neutral,weighted_by,1,0.0060882833677307225,0.12688524590163935,23.88,0.24,2642.92,2642.92,7.354225776727902,7.354225776727902,1.0,0.698360655737705
amazon,hgb_attributes,zero_exposure,neutral,weighted_by,2,0.007623226380323844,0.2724590163934426,50.72,0.54,2644.44,2644.44,7.349976085289562,7.349976085289562,1.0,0.684153005464481
amazon,hgb_attributes,zero_exposure,neutral,weighted_by,3,0.011734949779319017,0.19494623655913978,37.64,0.36,2633.38,2633.38,7.380518556225116,7.380518556225116,1.0,0.6236559139784946
amazon,hgb_attributes,zero_exposure,neutral,weighted_by,4,0.004302058089362987,0.1317391304347826,24.62,0.3,2637.28,2637.28,7.370233767228159,7.370233767228159,1.0,0.633695652173913
amazon,hgb_attributes,zero_exposure,neutral,weighted_by,5,0.0009941573033707865,0.031827956989247314,6.02,0.06,2645.1,2645.1,7.348172164814602,7.348172164814602,1.0,0.6860215053763441
amazon,hgb_attributes,zero_exposure,neutral,weighted_by,6,0.002941263357104941,0.030425531914893614,5.94,0.08,2636.14,2636.14,7.372662492765529,7.372662492765529,1.0,0.5691489361702128
amazon,hgb_attributes,zero_exposure,neutral,weighted_by,7,0.00476409377459245,0.0962566844919786,18.38,0.24,2628.12,2628.12,7.3923190280664155,7.3923190280664155,1.0,0.6032085561497326
amazon,hgb_attributes,zero_exposure,neutral,weighted_by,8,0.0020511514526731405,0.03924324324324324,7.52,0.06,2635.88,2635.88,7.370112978283829,7.370112978283829,1.0,0.6508108108108108
amazon,hgb_attributes,zero_exposure,neutral,weighted_by,9,0.002541544477028348,0.01956989247311828,3.8,0.06,2632.18,2632.18,7.380203435879367,7.380203435879367,1.0,0.589247311827957
amazon,hgb_attributes,zero_exposure,severe,equal_alpha,0,0.048054041938228036,0.19027027027027027,37.86,0.76,1069.22,204.47858366393203,7.441155699809167,147.74414465871374,1.0,0.6205405405405405
amazon,hgb_attributes,zero_exposure,severe,equal_alpha,1,0.04041046945228674,0.2221857923497268,42.56,1.0,962.72,193.29836645700576,7.362048274058814,146.1834427435423,1.0,0.698360655737705
amazon,hgb_attributes,zero_exposure,severe,equal_alpha,2,0.04134986285352788,0.18513661202185794,35.56,1.0,1066.32,205.24221266584524,7.325501629168221,145.46418992544253,1.0,0.684153005464481
amazon,hgb_attributes,zero_exposure,severe,equal_alpha,3,0.03182253451045471,0.2786021505376344,53.78,0.98,1071.6,204.14593415613533,7.514546867765777,149.18948378663526,1.0,0.6236559139784946
amazon,hgb_attributes,zero_exposure,severe,equal_alpha,4,0.05111664266352158,0.25,48.6,1.0,1074.88,204.26776390739374,7.515948216362108,149.21925670207645,1.0,0.633695652173913
amazon,hgb_attributes,zero_exposure,severe,equal_alpha,5,0.0344217463509389,0.14720430107526883,28.9,0.8,988.24,195.7584132066695,7.388380134686008,146.70252669896013,1.0,0.6860215053763441
amazon,hgb_attributes,zero_exposure,severe,equal_alpha,6,0.026300136882365436,0.30861702127659574,59.66,1.0,1217.66,224.41020897002673,7.453568707665197,147.9880596525796,1.0,0.5691489361702128
amazon,hgb_attributes,zero_exposure,severe,equal_alpha,7,0.03294659909941133,0.20374331550802138,40.0,0.92,992.1,196.4074804393623,7.357200945099115,146.08840102341878,1.0,0.6032085561497326
amazon,hgb_attributes,zero_exposure,severe,equal_alpha,8,0.04074535078070287,0.1490810810810811,29.58,0.66,1024.66,199.86912583083978,7.372567801978935,146.39144159438518,1.0,0.6508108108108108
amazon,hgb_attributes,zero_exposure,severe,equal_alpha,9,0.029419323179772014,0.22548387096774192,43.6,0.82,1096.64,206.9236177458381,7.547181476320244,149.83224043308644,1.0,0.589247311827957
amazon,hgb_attributes,zero_exposure,severe,pooled_reference,0,0.07883384723017593,0.7441081081081081,150.18,1.0,1069.22,204.47858366393203,7.441155699809167,147.74414465871374,1.0,0.6205405405405405
amazon,hgb_attributes,zero_exposure,severe,pooled_reference,1,0.10330885918643425,0.7846994535519126,160.54,1.0,962.72,193.29836645700576,7.362048274058814,146.1834427435423,1.0,0.698360655737705
amazon,hgb_attributes,zero_exposure,severe,pooled_reference,2,0.08180297302161228,0.7495081967213114,149.54,1.0,1066.32,205.24221266584524,7.325501629168221,145.46418992544253,1.0,0.684153005464481
amazon,hgb_attributes,zero_exposure,severe,pooled_reference,3,0.0874622813977304,0.8276344086021505,169.12,1.0,1071.6,204.14593415613533,7.514546867765777,149.18948378663526,1.0,0.6236559139784946
amazon,hgb_attributes,zero_exposure,severe,pooled_reference,4,0.06885755162804165,0.7489130434782609,148.22,1.0,1074.88,204.26776390739374,7.515948216362108,149.21925670207645,1.0,0.633695652173913
amazon,hgb_attributes,zero_exposure,severe,pooled_reference,5,0.09028452436638831,0.7821505376344087,160.26,1.0,988.24,195.7584132066695,7.388380134686008,146.70252669896013,1.0,0.6860215053763441
amazon,hgb_attributes,zero_exposure,severe,pooled_reference,6,0.07319754327586604,0.7585106382978724,153.94,1.0,1217.66,224.41020897002673,7.453568707665197,147.9880596525796,1.0,0.5691489361702128
amazon,hgb_attributes,zero_exposure,severe,pooled_reference,7,0.09721124193423519,0.78524064171123,163.44,1.0,992.1,196.4074804393623,7.357200945099115,146.08840102341878,1.0,0.6032085561497326
amazon,hgb_attributes,zero_exposure,severe,pooled_reference,8,0.07294015724988334,0.7574054054054054,151.42,1.0,1024.66,199.86912583083978,7.372567801978935,146.39144159438518,1.0,0.6508108108108108
amazon,hgb_attributes,zero_exposure,severe,pooled_reference,9,0.07880367159559623,0.7676344086021506,155.76,1.0,1096.64,206.9236177458381,7.547181476320244,149.83224043308644,1.0,0.589247311827957
amazon,hgb_attributes,zero_exposure,severe,pooled_stratum,0,0.03873906024041291,0.16281081081081084,32.76,0.7,1069.22,204.47858366393203,7.441155699809167,147.74414465871374,1.0,0.6205405405405405
amazon,hgb_attributes,zero_exposure,severe,pooled_stratum,1,0.047296149394717796,0.23683060109289616,48.98,1.0,962.72,193.29836645700576,7.362048274058814,146.1834427435423,1.0,0.698360655737705
amazon,hgb_attributes,zero_exposure,severe,pooled_stratum,2,0.031143905131220614,0.16021857923497268,30.38,1.0,1066.32,205.24221266584524,7.325501629168221,145.46418992544253,1.0,0.684153005464481
amazon,hgb_attributes,zero_exposure,severe,pooled_stratum,3,0.02661979823428454,0.2693548387096774,53.22,0.9,1071.6,204.14593415613533,7.514546867765777,149.18948378663526,1.0,0.6236559139784946
amazon,hgb_attributes,zero_exposure,severe,pooled_stratum,4,0.034091058997134105,0.22434782608695653,42.96,1.0,1074.88,204.26776390739374,7.515948216362108,149.21925670207645,1.0,0.633695652173913
amazon,hgb_attributes,zero_exposure,severe,pooled_stratum,5,0.027453974654048904,0.1268817204301075,26.14,0.56,988.24,195.7584132066695,7.388380134686008,146.70252669896013,1.0,0.6860215053763441
amazon,hgb_attributes,zero_exposure,severe,pooled_stratum,6,0.022329233731447812,0.3024468085106383,58.22,1.0,1217.66,224.41020897002673,7.453568707665197,147.9880596525796,1.0,0.5691489361702128
amazon,hgb_attributes,zero_exposure,severe,pooled_stratum,7,0.043247942874018966,0.19689839572192513,44.38,0.58,992.1,196.4074804393623,7.357200945099115,146.08840102341878,1.0,0.6032085561497326
amazon,hgb_attributes,zero_exposure,severe,pooled_stratum,8,0.02897054571532197,0.10432432432432433,23.6,0.32,1024.66,199.86912583083978,7.372567801978935,146.39144159438518,1.0,0.6508108108108108
amazon,hgb_attributes,zero_exposure,severe,pooled_stratum,9,0.022497450951328643,0.1521505376344086,29.88,0.66,1096.64,206.9236177458381,7.547181476320244,149.83224043308644,1.0,0.589247311827957
amazon,hgb_attributes,zero_exposure,severe,size_alpha,0,0.0358797607235047,0.15200000000000002,29.9,0.7,1069.22,204.47858366393203,7.441155699809167,147.74414465871374,1.0,0.6205405405405405
amazon,hgb_attributes,zero_exposure,severe,size_alpha,1,0.031947235580467345,0.19737704918032786,37.54,1.0,962.72,193.29836645700576,7.362048274058814,146.1834427435423,1.0,0.698360655737705
amazon,hgb_attributes,zero_exposure,severe,size_alpha,2,0.031143905131220614,0.16021857923497268,30.38,1.0,1066.32,205.24221266584524,7.325501629168221,145.46418992544253,1.0,0.684153005464481
amazon,hgb_attributes,zero_exposure,severe,size_alpha,3,0.01880326777512903,0.2443010752688172,46.48,0.9,1071.6,204.14593415613533,7.514546867765777,149.18948378663526,1.0,0.6236559139784946
amazon,hgb_attributes,zero_exposure,severe,size_alpha,4,0.034091058997134105,0.22434782608695653,42.96,1.0,1074.88,204.26776390739374,7.515948216362108,149.21925670207645,1.0,0.633695652173913
amazon,hgb_attributes,zero_exposure,severe,size_alpha,5,0.020971970535924023,0.09924731182795699,19.4,0.56,988.24,195.7584132066695,7.388380134686008,146.70252669896013,1.0,0.6860215053763441
amazon,hgb_attributes,zero_exposure,severe,size_alpha,6,0.022329233731447812,0.3024468085106383,58.22,1.0,1217.66,224.41020897002673,7.453568707665197,147.9880596525796,1.0,0.5691489361702128
amazon,hgb_attributes,zero_exposure,severe,size_alpha,7,0.015037751412825782,0.11315508021390375,21.96,0.54,992.1,196.4074804393623,7.357200945099115,146.08840102341878,1.0,0.6032085561497326
amazon,hgb_attributes,zero_exposure,severe,size_alpha,8,0.02729419614913572,0.08940540540540541,19.72,0.32,1024.66,199.86912583083978,7.372567801978935,146.39144159438518,1.0,0.6508108108108108
amazon,hgb_attributes,zero_exposure,severe,size_alpha,9,0.019227244000918645,0.1403225806451613,26.98,0.66,1096.64,206.9236177458381,7.547181476320244,149.83224043308644,1.0,0.589247311827957
amazon,hgb_attributes,zero_exposure,severe,wcs_deterministic,0,0.0,0.0,0.0,0.0,1069.22,204.47858366393203,7.441155699809167,147.74414465871374,1.0,0.6205405405405405
amazon,hgb_attributes,zero_exposure,severe,wcs_deterministic,1,0.005168612047224764,0.06120218579234973,12.02,0.08,962.72,193.29836645700576,7.362048274058814,146.1834427435423,1.0,0.698360655737705
amazon,hgb_attributes,zero_exposure,severe,wcs_deterministic,2,0.0,0.0,0.0,0.0,1066.32,205.24221266584524,7.325501629168221,145.46418992544253,1.0,0.684153005464481
amazon,hgb_attributes,zero_exposure,severe,wcs_deterministic,3,0.0,0.0,0.0,0.0,1071.6,204.14593415613533,7.514546867765777,149.18948378663526,1.0,0.6236559139784946
amazon,hgb_attributes,zero_exposure,severe,wcs_deterministic,4,0.0,0.0,0.0,0.0,1074.88,204.26776390739374,7.515948216362108,149.21925670207645,1.0,0.633695652173913
amazon,hgb_attributes,zero_exposure,severe,wcs_deterministic,5,0.004182718767198679,0.03279569892473118,6.84,0.04,988.24,195.7584132066695,7.388380134686008,146.70252669896013,1.0,0.6860215053763441
amazon,hgb_attributes,zero_exposure,severe,wcs_deterministic,6,0.0,0.0,0.0,0.0,1217.66,224.41020897002673,7.453568707665197,147.9880596525796,1.0,0.5691489361702128
amazon,hgb_attributes,zero_exposure,severe,wcs_deterministic,7,0.0040384615384615385,0.017754010695187165,4.16,0.02,992.1,196.4074804393623,7.357200945099115,146.08840102341878,1.0,0.6032085561497326
amazon,hgb_attributes,zero_exposure,severe,wcs_deterministic,8,0.0,0.0,0.0,0.0,1024.66,199.86912583083978,7.372567801978935,146.39144159438518,1.0,0.6508108108108108
amazon,hgb_attributes,zero_exposure,severe,wcs_deterministic,9,0.0012658227848101266,0.015913978494623657,3.16,0.02,1096.64,206.9236177458381,7.547181476320244,149.83224043308644,1.0,0.589247311827957
amazon,hgb_attributes,zero_exposure,severe,wcs_homogeneous,0,0.03675290804900962,0.08962162162162163,19.14,0.32,1069.22,204.47858366393203,7.441155699809167,147.74414465871374,1.0,0.6205405405405405
amazon,hgb_attributes,zero_exposure,severe,wcs_homogeneous,1,0.03768566934622272,0.1656830601092896,33.52,0.44,962.72,193.29836645700576,7.362048274058814,146.1834427435423,1.0,0.698360655737705
amazon,hgb_attributes,zero_exposure,severe,wcs_homogeneous,2,0.044795356983373065,0.06732240437158471,15.02,0.28,1066.32,205.24221266584524,7.325501629168221,145.46418992544253,1.0,0.684153005464481
amazon,hgb_attributes,zero_exposure,severe,wcs_homogeneous,3,0.02962210550713324,0.20387096774193547,42.42,0.36,1071.6,204.14593415613533,7.514546867765777,149.18948378663526,1.0,0.6236559139784946
amazon,hgb_attributes,zero_exposure,severe,wcs_homogeneous,4,0.05330384197376003,0.12315217391304348,26.14,0.46,1074.88,204.26776390739374,7.515948216362108,149.21925670207645,1.0,0.633695652173913
amazon,hgb_attributes,zero_exposure,severe,wcs_homogeneous,5,0.04667089903505806,0.14763440860215055,31.66,0.38,988.24,195.7584132066695,7.388380134686008,146.70252669896013,1.0,0.6860215053763441
amazon,hgb_attributes,zero_exposure,severe,wcs_homogeneous,6,0.033924303474707956,0.1279787234042553,26.92,0.42,1217.66,224.41020897002673,7.453568707665197,147.9880596525796,1.0,0.5691489361702128
amazon,hgb_attributes,zero_exposure,severe,wcs_homogeneous,7,0.05037561186605231,0.14556149732620322,32.0,0.4,992.1,196.4074804393623,7.357200945099115,146.08840102341878,1.0,0.6032085561497326
amazon,hgb_attributes,zero_exposure,severe,wcs_homogeneous,8,0.043257263733569994,0.10886486486486487,23.02,0.36,1024.66,199.86912583083978,7.372567801978935,146.39144159438518,1.0,0.6508108108108108
amazon,hgb_attributes,zero_exposure,severe,wcs_homogeneous,9,0.03125390764680442,0.15763440860215053,32.22,0.42,1096.64,206.9236177458381,7.547181476320244,149.83224043308644,1.0,0.589247311827957
amazon,hgb_attributes,zero_exposure,severe,wcs_rand_deterministic,0,0.0,0.0,0.0,0.0,1069.22,204.47858366393203,7.441155699809167,147.74414465871374,1.0,0.6205405405405405
amazon,hgb_attributes,zero_exposure,severe,wcs_rand_deterministic,1,0.005268273199307683,0.06120218579234973,12.04,0.08,962.72,193.29836645700576,7.362048274058814,146.1834427435423,1.0,0.698360655737705
amazon,hgb_attributes,zero_exposure,severe,wcs_rand_deterministic,2,0.0,0.0,0.0,0.0,1066.32,205.24221266584524,7.325501629168221,145.46418992544253,1.0,0.684153005464481
amazon,hgb_attributes,zero_exposure,severe,wcs_rand_deterministic,3,0.0036059106929220417,0.034408602150537634,7.04,0.04,1071.6,204.14593415613533,7.514546867765777,149.18948378663526,1.0,0.6236559139784946
amazon,hgb_attributes,zero_exposure,severe,wcs_rand_deterministic,4,0.0,0.0,0.0,0.0,1074.88,204.26776390739374,7.515948216362108,149.21925670207645,1.0,0.633695652173913
amazon,hgb_attributes,zero_exposure,severe,wcs_rand_deterministic,5,0.004182718767198679,0.03279569892473118,6.84,0.04,988.24,195.7584132066695,7.388380134686008,146.70252669896013,1.0,0.6860215053763441
amazon,hgb_attributes,zero_exposure,severe,wcs_rand_deterministic,6,0.0,0.0,0.0,0.0,1217.66,224.41020897002673,7.453568707665197,147.9880596525796,1.0,0.5691489361702128
amazon,hgb_attributes,zero_exposure,severe,wcs_rand_deterministic,7,0.005064102564102564,0.03358288770053476,7.28,0.04,992.1,196.4074804393623,7.357200945099115,146.08840102341878,1.0,0.6032085561497326
amazon,hgb_attributes,zero_exposure,severe,wcs_rand_deterministic,8,0.0,0.0,0.0,0.0,1024.66,199.86912583083978,7.372567801978935,146.39144159438518,1.0,0.6508108108108108
amazon,hgb_attributes,zero_exposure,severe,wcs_rand_deterministic,9,0.0035257097904598444,0.03279569892473118,6.7,0.04,1096.64,206.9236177458381,7.547181476320244,149.83224043308644,1.0,0.589247311827957
amazon,hgb_attributes,zero_exposure,severe,wcs_rand_homogeneous,0,0.07245267194364309,0.27156756756756756,59.0,0.58,1069.22,204.47858366393203,7.441155699809167,147.74414465871374,1.0,0.6205405405405405
amazon,hgb_attributes,zero_exposure,severe,wcs_rand_homogeneous,1,0.08214150381196728,0.3426229508196721,72.84,0.64,962.72,193.29836645700576,7.362048274058814,146.1834427435423,1.0,0.698360655737705
amazon,hgb_attributes,zero_exposure,severe,wcs_rand_homogeneous,2,0.08845173024915941,0.26819672131147543,58.76,0.56,1066.32,205.24221266584524,7.325501629168221,145.46418992544253,1.0,0.684153005464481
amazon,hgb_attributes,zero_exposure,severe,wcs_rand_homogeneous,3,0.08542497692022685,0.41053763440860214,89.62,0.66,1071.6,204.14593415613533,7.514546867765777,149.18948378663526,1.0,0.6236559139784946
amazon,hgb_attributes,zero_exposure,severe,wcs_rand_homogeneous,4,0.07670697046407861,0.28,60.68,0.6,1074.88,204.26776390739374,7.515948216362108,149.21925670207645,1.0,0.633695652173913
amazon,hgb_attributes,zero_exposure,severe,wcs_rand_homogeneous,5,0.06969350619860268,0.32322580645161286,69.18,0.64,988.24,195.7584132066695,7.388380134686008,146.70252669896013,1.0,0.6860215053763441
amazon,hgb_attributes,zero_exposure,severe,wcs_rand_homogeneous,6,0.06142478347609419,0.3124468085106383,66.36,0.68,1217.66,224.41020897002673,7.453568707665197,147.9880596525796,1.0,0.5691489361702128
amazon,hgb_attributes,zero_exposure,severe,wcs_rand_homogeneous,7,0.07765885187569226,0.2936898395721925,66.04,0.58,992.1,196.4074804393623,7.357200945099115,146.08840102341878,1.0,0.6032085561497326
amazon,hgb_attributes,zero_exposure,severe,wcs_rand_homogeneous,8,0.07304920310813774,0.25372972972972974,55.9,0.52,1024.66,199.86912583083978,7.372567801978935,146.39144159438518,1.0,0.6508108108108108
amazon,hgb_attributes,zero_exposure,severe,wcs_rand_homogeneous,9,0.06215597465930454,0.34,71.28,0.66,1096.64,206.9236177458381,7.547181476320244,149.83224043308644,1.0,0.589247311827957
amazon,hgb_attributes,zero_exposure,severe,weighted_bh,0,0.0809470748708769,0.2934054054054054,60.3,0.98,1069.22,204.47858366393203,7.441155699809167,147.74414465871374,1.0,0.6205405405405405
amazon,hgb_attributes,zero_exposure,severe,weighted_bh,1,0.05777761521603571,0.35770491803278687,71.38,1.0,962.72,193.29836645700576,7.362048274058814,146.1834427435423,1.0,0.698360655737705
amazon,hgb_attributes,zero_exposure,severe,weighted_bh,2,0.0841508884381932,0.33158469945355196,68.42,1.0,1066.32,205.24221266584524,7.325501629168221,145.46418992544253,1.0,0.684153005464481
amazon,hgb_attributes,zero_exposure,severe,weighted_bh,3,0.059486676153725895,0.4653763440860215,95.0,1.0,1071.6,204.14593415613533,7.514546867765777,149.18948378663526,1.0,0.6236559139784946
amazon,hgb_attributes,zero_exposure,severe,weighted_bh,4,0.05940622056072638,0.2980434782608696,59.54,1.0,1074.88,204.26776390739374,7.515948216362108,149.21925670207645,1.0,0.633695652173913
amazon,hgb_attributes,zero_exposure,severe,weighted_bh,5,0.06111141299632188,0.3231182795698925,66.36,0.98,988.24,195.7584132066695,7.388380134686008,146.70252669896013,1.0,0.6860215053763441
amazon,hgb_attributes,zero_exposure,severe,weighted_bh,6,0.054518231575615195,0.39074468085106384,79.72,0.98,1217.66,224.41020897002673,7.453568707665197,147.9880596525796,1.0,0.5691489361702128
amazon,hgb_attributes,zero_exposure,severe,weighted_bh,7,0.0729372246475088,0.36171122994652405,75.4,1.0,992.1,196.4074804393623,7.357200945099115,146.08840102341878,1.0,0.6032085561497326
amazon,hgb_attributes,zero_exposure,severe,weighted_bh,8,0.08191068459705449,0.2900540540540541,59.32,0.92,1024.66,199.86912583083978,7.372567801978935,146.39144159438518,1.0,0.6508108108108108
amazon,hgb_attributes,zero_exposure,severe,weighted_bh,9,0.05399990482906632,0.33838709677419354,67.98,0.94,1096.64,206.9236177458381,7.547181476320244,149.83224043308644,1.0,0.589247311827957
amazon,hgb_attributes,zero_exposure,severe,weighted_bh_rand,0,0.09798776381790844,0.6442162162162163,135.7,1.0,1069.22,204.47858366393203,7.441155699809167,147.74414465871374,1.0,0.6205405405405405
amazon,hgb_attributes,zero_exposure,severe,weighted_bh_rand,1,0.09926999111046292,0.6802185792349726,140.98,1.0,962.72,193.29836645700576,7.362048274058814,146.1834427435423,1.0,0.698360655737705
amazon,hgb_attributes,zero_exposure,severe,weighted_bh_rand,2,0.1119557614502798,0.7080874316939891,148.04,1.0,1066.32,205.24221266584524,7.325501629168221,145.46418992544253,1.0,0.684153005464481
amazon,hgb_attributes,zero_exposure,severe,weighted_bh_rand,3,0.08967551669031948,0.7151612903225807,149.52,1.0,1071.6,204.14593415613533,7.514546867765777,149.18948378663526,1.0,0.6236559139784946
amazon,hgb_attributes,zero_exposure,severe,weighted_bh_rand,4,0.08028345764917194,0.6289130434782608,128.64,1.0,1074.88,204.26776390739374,7.515948216362108,149.21925670207645,1.0,0.633695652173913
amazon,hgb_attributes,zero_exposure,severe,weighted_bh_rand,5,0.07782604888251922,0.6217204301075269,128.52,1.0,988.24,195.7584132066695,7.388380134686008,146.70252669896013,1.0,0.6860215053763441
amazon,hgb_attributes,zero_exposure,severe,weighted_bh_rand,6,0.07768524297585398,0.6120212765957447,127.58,1.0,1217.66,224.41020897002673,7.453568707665197,147.9880596525796,1.0,0.5691489361702128
amazon,hgb_attributes,zero_exposure,severe,weighted_bh_rand,7,0.10249463273810583,0.6884491978609626,147.94,1.0,992.1,196.4074804393623,7.357200945099115,146.08840102341878,1.0,0.6032085561497326
amazon,hgb_attributes,zero_exposure,severe,weighted_bh_rand,8,0.09665894948804672,0.6435675675675675,134.48,0.96,1024.66,199.86912583083978,7.372567801978935,146.39144159438518,1.0,0.6508108108108108
amazon,hgb_attributes,zero_exposure,severe,weighted_bh_rand,9,0.08058447881731863,0.6460215053763442,133.24,1.0,1096.64,206.9236177458381,7.547181476320244,149.83224043308644,1.0,0.589247311827957
amazon,hgb_attributes,zero_exposure,severe,weighted_by,0,0.0,0.0,0.0,0.0,1069.22,204.47858366393203,7.441155699809167,147.74414465871374,1.0,0.6205405405405405
amazon,hgb_attributes,zero_exposure,severe,weighted_by,1,0.0,0.0,0.0,0.0,962.72,193.29836645700576,7.362048274058814,146.1834427435423,1.0,0.698360655737705
amazon,hgb_attributes,zero_exposure,severe,weighted_by,2,0.0,0.0,0.0,0.0,1066.32,205.24221266584524,7.325501629168221,145.46418992544253,1.0,0.684153005464481
amazon,hgb_attributes,zero_exposure,severe,weighted_by,3,0.0,0.005591397849462365,1.04,0.02,1071.6,204.14593415613533,7.514546867765777,149.18948378663526,1.0,0.6236559139784946
amazon,hgb_attributes,zero_exposure,severe,weighted_by,4,0.0,0.0,0.0,0.0,1074.88,204.26776390739374,7.515948216362108,149.21925670207645,1.0,0.633695652173913
amazon,hgb_attributes,zero_exposure,severe,weighted_by,5,0.0,0.0,0.0,0.0,988.24,195.7584132066695,7.388380134686008,146.70252669896013,1.0,0.6860215053763441
amazon,hgb_attributes,zero_exposure,severe,weighted_by,6,0.001350877192982456,0.01202127659574468,2.34,0.04,1217.66,224.41020897002673,7.453568707665197,147.9880596525796,1.0,0.5691489361702128
amazon,hgb_attributes,zero_exposure,severe,weighted_by,7,0.0,0.0,0.0,0.0,992.1,196.4074804393623,7.357200945099115,146.08840102341878,1.0,0.6032085561497326
amazon,hgb_attributes,zero_exposure,severe,weighted_by,8,0.0,0.0,0.0,0.0,1024.66,199.86912583083978,7.372567801978935,146.39144159438518,1.0,0.6508108108108108
amazon,hgb_attributes,zero_exposure,severe,weighted_by,9,0.0,0.0,0.0,0.0,1096.64,206.9236177458381,7.547181476320244,149.83224043308644,1.0,0.589247311827957
amazon,hgb_graph_features,exposure_80,moderate,equal_alpha,0,0.05125045629255141,0.36324324324324325,71.56,0.86,2282.22,1578.756950997877,7.372561638682308,36.80694998171599,1.0,0.4908108108108108
amazon,hgb_graph_features,exposure_80,moderate,equal_alpha,1,0.0577786224958503,0.5133333333333333,100.16,0.98,2286.32,1571.244032293851,7.329681646799295,36.59319238437335,1.0,0.5409836065573771
amazon,hgb_graph_features,exposure_80,moderate,equal_alpha,2,0.05532370546549817,0.3954098360655738,77.82,0.86,2293.88,1585.597691677626,7.3338143808357525,36.6137966211343,1.0,0.546448087431694
amazon,hgb_graph_features,exposure_80,moderate,equal_alpha,3,0.0475736929451645,0.38064516129032255,75.22,1.0,2280.22,1571.225584584586,7.359428879684015,36.74148467353696,1.0,0.5021505376344085
amazon,hgb_graph_features,exposure_80,moderate,equal_alpha,4,0.0530370224773141,0.3930434782608696,76.84,1.0,2285.84,1596.5589140667455,7.4055936164099485,36.97161162283618,1.0,0.4826086956521739
amazon,hgb_graph_features,exposure_80,moderate,equal_alpha,5,0.053521658915484674,0.3050537634408602,60.52,1.0,2291.9,1589.7104723850646,7.354007471644958,36.714453649904684,1.0,0.5311827956989247
amazon,hgb_graph_features,exposure_80,moderate,equal_alpha,6,0.03495777793108197,0.3331914893617022,65.22,0.98,2279.7,1574.4101136374288,7.374910822560803,36.81866067135644,1.0,0.4691489361702128
amazon,hgb_graph_features,exposure_80,moderate,equal_alpha,7,0.04627783445557623,0.35090909090909095,69.82,1.0,2266.82,1559.899337478303,7.3938828625107025,36.913201593292655,1.0,0.4705882352941177
amazon,hgb_graph_features,exposure_80,moderate,equal_alpha,8,0.06305598471357655,0.2663783783783784,53.68,0.86,2287.28,1592.730096315932,7.3848444501562245,36.868144261867634,1.0,0.5351351351351351
amazon,hgb_graph_features,exposure_80,moderate,equal_alpha,9,0.04527963801982601,0.3668817204301075,72.2,1.0,2284.5,1582.6874758438573,7.37037035293871,36.79599881401252,1.0,0.4881720430107526
amazon,hgb_graph_features,exposure_80,moderate,pooled_reference,0,0.15025973629503647,0.8345945945945946,182.02,1.0,2282.22,1578.756950997877,7.372561638682308,36.80694998171599,1.0,0.4908108108108108
amazon,hgb_graph_features,exposure_80,moderate,pooled_reference,1,0.11313991371861834,0.8227322404371584,170.18,1.0,2286.32,1571.244032293851,7.329681646799295,36.59319238437335,1.0,0.5409836065573771
amazon,hgb_graph_features,exposure_80,moderate,pooled_reference,2,0.14126937565571107,0.8025136612021858,171.22,1.0,2293.88,1585.597691677626,7.3338143808357525,36.6137966211343,1.0,0.546448087431694
amazon,hgb_graph_features,exposure_80,moderate,pooled_reference,3,0.10210399513952974,0.8354838709677419,173.22,1.0,2280.22,1571.225584584586,7.359428879684015,36.74148467353696,1.0,0.5021505376344085
amazon,hgb_graph_features,exposure_80,moderate,pooled_reference,4,0.11620429009045363,0.7895652173913044,164.62,1.0,2285.84,1596.5589140667455,7.4055936164099485,36.97161162283618,1.0,0.4826086956521739
amazon,hgb_graph_features,exposure_80,moderate,pooled_reference,5,0.10766549729685314,0.7859139784946236,164.18,1.0,2291.9,1589.7104723850646,7.354007471644958,36.714453649904684,1.0,0.5311827956989247
amazon,hgb_graph_features,exposure_80,moderate,pooled_reference,6,0.0839920446643509,0.7819148936170213,160.6,1.0,2279.7,1574.4101136374288,7.374910822560803,36.81866067135644,1.0,0.4691489361702128
amazon,hgb_graph_features,exposure_80,moderate,pooled_reference,7,0.10149689227642876,0.8045989304812835,167.68,1.0,2266.82,1559.899337478303,7.3938828625107025,36.913201593292655,1.0,0.4705882352941177
amazon,hgb_graph_features,exposure_80,moderate,pooled_reference,8,0.13019950841390593,0.7945945945945947,169.22,1.0,2287.28,1592.730096315932,7.3848444501562245,36.868144261867634,1.0,0.5351351351351351
amazon,hgb_graph_features,exposure_80,moderate,pooled_reference,9,0.1059411104016535,0.806236559139785,168.02,1.0,2284.5,1582.6874758438573,7.37037035293871,36.79599881401252,1.0,0.4881720430107526
amazon,hgb_graph_features,exposure_80,moderate,pooled_stratum,0,0.09793205447169986,0.35491891891891897,73.88,1.0,2282.22,1578.756950997877,7.372561638682308,36.80694998171599,1.0,0.4908108108108108
amazon,hgb_graph_features,exposure_80,moderate,pooled_stratum,1,0.06220465466200976,0.3028415300546448,59.66,1.0,2286.32,1571.244032293851,7.329681646799295,36.59319238437335,1.0,0.5409836065573771
amazon,hgb_graph_features,exposure_80,moderate,pooled_stratum,2,0.08619944443875084,0.2559562841530055,51.4,1.0,2293.88,1585.597691677626,7.3338143808357525,36.6137966211343,1.0,0.546448087431694
amazon,hgb_graph_features,exposure_80,moderate,pooled_stratum,3,0.07188789809927716,0.36451612903225805,73.38,1.0,2280.22,1571.225584584586,7.359428879684015,36.74148467353696,1.0,0.5021505376344085
amazon,hgb_graph_features,exposure_80,moderate,pooled_stratum,4,0.08083506361170356,0.3247826086956522,65.28,1.0,2285.84,1596.5589140667455,7.4055936164099485,36.97161162283618,1.0,0.4826086956521739
amazon,hgb_graph_features,exposure_80,moderate,pooled_stratum,5,0.07624046359361844,0.24096774193548387,49.04,1.0,2291.9,1589.7104723850646,7.354007471644958,36.714453649904684,1.0,0.5311827956989247
amazon,hgb_graph_features,exposure_80,moderate,pooled_stratum,6,0.06560454981001579,0.3637234042553192,73.46,1.0,2279.7,1574.4101136374288,7.374910822560803,36.81866067135644,1.0,0.4691489361702128
amazon,hgb_graph_features,exposure_80,moderate,pooled_stratum,7,0.09345703787146376,0.37058823529411766,77.06,1.0,2266.82,1559.899337478303,7.3938828625107025,36.913201593292655,1.0,0.4705882352941177
amazon,hgb_graph_features,exposure_80,moderate,pooled_stratum,8,0.09386738027876948,0.2772972972972973,57.02,1.0,2287.28,1592.730096315932,7.3848444501562245,36.868144261867634,1.0,0.5351351351351351
amazon,hgb_graph_features,exposure_80,moderate,pooled_stratum,9,0.07500082501974786,0.32870967741935486,66.58,1.0,2284.5,1582.6874758438573,7.37037035293871,36.79599881401252,1.0,0.4881720430107526
amazon,hgb_graph_features,exposure_80,moderate,size_alpha,0,0.09724778857586963,0.3348108108108109,69.36,1.0,2282.22,1578.756950997877,7.372561638682308,36.80694998171599,1.0,0.4908108108108108
amazon,hgb_graph_features,exposure_80,moderate,size_alpha,1,0.06235581330728604,0.292568306010929,57.42,1.0,2286.32,1571.244032293851,7.329681646799295,36.59319238437335,1.0,0.5409836065573771
amazon,hgb_graph_features,exposure_80,moderate,size_alpha,2,0.08619944443875084,0.2559562841530055,51.4,1.0,2293.88,1585.597691677626,7.3338143808357525,36.6137966211343,1.0,0.546448087431694
amazon,hgb_graph_features,exposure_80,moderate,size_alpha,3,0.07188789809927716,0.36451612903225805,73.38,1.0,2280.22,1571.225584584586,7.359428879684015,36.74148467353696,1.0,0.5021505376344085
amazon,hgb_graph_features,exposure_80,moderate,size_alpha,4,0.08083506361170356,0.3247826086956522,65.28,1.0,2285.84,1596.5589140667455,7.4055936164099485,36.97161162283618,1.0,0.4826086956521739
amazon,hgb_graph_features,exposure_80,moderate,size_alpha,5,0.07624046359361844,0.24096774193548387,49.04,1.0,2291.9,1589.7104723850646,7.354007471644958,36.714453649904684,1.0,0.5311827956989247
amazon,hgb_graph_features,exposure_80,moderate,size_alpha,6,0.06560454981001579,0.3637234042553192,73.46,1.0,2279.7,1574.4101136374288,7.374910822560803,36.81866067135644,1.0,0.4691489361702128
amazon,hgb_graph_features,exposure_80,moderate,size_alpha,7,0.0917890260339604,0.3607486631016043,74.78,1.0,2266.82,1559.899337478303,7.3938828625107025,36.913201593292655,1.0,0.4705882352941177
amazon,hgb_graph_features,exposure_80,moderate,size_alpha,8,0.09386738027876948,0.2772972972972973,57.02,1.0,2287.28,1592.730096315932,7.3848444501562245,36.868144261867634,1.0,0.5351351351351351
amazon,hgb_graph_features,exposure_80,moderate,size_alpha,9,0.07500082501974786,0.32870967741935486,66.58,1.0,2284.5,1582.6874758438573,7.37037035293871,36.79599881401252,1.0,0.4881720430107526
amazon,hgb_graph_features,exposure_80,moderate,wcs_deterministic,0,0.02419127721703741,0.17697297297297296,36.86,0.22,2282.22,1578.756950997877,7.372561638682308,36.80694998171599,1.0,0.4908108108108108
amazon,hgb_graph_features,exposure_80,moderate,wcs_deterministic,1,0.03582974019611676,0.2875409836065574,58.68,0.36,2286.32,1571.244032293851,7.329681646799295,36.59319238437335,1.0,0.5409836065573771
amazon,hgb_graph_features,exposure_80,moderate,wcs_deterministic,2,0.02705798212080164,0.18743169398907103,38.76,0.24,2293.88,1585.597691677626,7.3338143808357525,36.6137966211343,1.0,0.546448087431694
amazon,hgb_graph_features,exposure_80,moderate,wcs_deterministic,3,0.025490942343849663,0.2753763440860215,55.6,0.34,2280.22,1571.225584584586,7.359428879684015,36.74148467353696,1.0,0.5021505376344085
amazon,hgb_graph_features,exposure_80,moderate,wcs_deterministic,4,0.03489874507042982,0.2977173913043478,60.48,0.38,2285.84,1596.5589140667455,7.4055936164099485,36.97161162283618,1.0,0.4826086956521739
amazon,hgb_graph_features,exposure_80,moderate,wcs_deterministic,5,0.012937618856200468,0.13666666666666666,27.46,0.18,2291.9,1589.7104723850646,7.354007471644958,36.714453649904684,1.0,0.5311827956989247
amazon,hgb_graph_features,exposure_80,moderate,wcs_deterministic,6,0.014770691275493247,0.21265957446808512,42.28,0.28,2279.7,1574.4101136374288,7.374910822560803,36.81866067135644,1.0,0.4691489361702128
amazon,hgb_graph_features,exposure_80,moderate,wcs_deterministic,7,0.02541273398753773,0.2616042780748663,52.92,0.34,2266.82,1559.899337478303,7.3938828625107025,36.913201593292655,1.0,0.4705882352941177
amazon,hgb_graph_features,exposure_80,moderate,wcs_deterministic,8,0.023351451314865025,0.17308108108108108,35.9,0.22,2287.28,1592.730096315932,7.3848444501562245,36.868144261867634,1.0,0.5351351351351351
amazon,hgb_graph_features,exposure_80,moderate,wcs_deterministic,9,0.04227549126703849,0.3661290322580645,75.36,0.46,2284.5,1582.6874758438573,7.37037035293871,36.79599881401252,1.0,0.4881720430107526
amazon,hgb_graph_features,exposure_80,moderate,wcs_homogeneous,0,0.11358055748884306,0.7895135135135135,165.76,0.98,2282.22,1578.756950997877,7.372561638682308,36.80694998171599,1.0,0.4908108108108108
amazon,hgb_graph_features,exposure_80,moderate,wcs_homogeneous,1,0.08795301585338786,0.7634972677595628,153.98,0.98,2286.32,1571.244032293851,7.329681646799295,36.59319238437335,1.0,0.5409836065573771
amazon,hgb_graph_features,exposure_80,moderate,wcs_homogeneous,2,0.11554073592023599,0.767103825136612,159.58,0.98,2293.88,1585.597691677626,7.3338143808357525,36.6137966211343,1.0,0.546448087431694
amazon,hgb_graph_features,exposure_80,moderate,wcs_homogeneous,3,0.07080471412608091,0.773010752688172,155.7,0.98,2280.22,1571.225584584586,7.359428879684015,36.74148467353696,1.0,0.5021505376344085
amazon,hgb_graph_features,exposure_80,moderate,wcs_homogeneous,4,0.07925425980886727,0.733695652173913,147.52,0.96,2285.84,1596.5589140667455,7.4055936164099485,36.97161162283618,1.0,0.4826086956521739
amazon,hgb_graph_features,exposure_80,moderate,wcs_homogeneous,5,0.08167257626427243,0.7113978494623656,145.14,0.96,2291.9,1589.7104723850646,7.354007471644958,36.714453649904684,1.0,0.5311827956989247
amazon,hgb_graph_features,exposure_80,moderate,wcs_homogeneous,6,0.06877022985679539,0.742127659574468,150.4,0.98,2279.7,1574.4101136374288,7.374910822560803,36.81866067135644,1.0,0.4691489361702128
amazon,hgb_graph_features,exposure_80,moderate,wcs_homogeneous,7,0.0858267025153748,0.7694117647058824,158.02,0.98,2266.82,1559.899337478303,7.3938828625107025,36.913201593292655,1.0,0.4705882352941177
amazon,hgb_graph_features,exposure_80,moderate,wcs_homogeneous,8,0.09796036857627037,0.7431351351351352,153.3,0.98,2287.28,1592.730096315932,7.3848444501562245,36.868144261867634,1.0,0.5351351351351351
amazon,hgb_graph_features,exposure_80,moderate,wcs_homogeneous,9,0.08616932716275075,0.7821505376344087,160.0,1.0,2284.5,1582.6874758438573,7.37037035293871,36.79599881401252,1.0,0.4881720430107526
amazon,hgb_graph_features,exposure_80,moderate,wcs_rand_deterministic,0,0.05101710232422817,0.3433513513513513,72.52,0.42,2282.22,1578.756950997877,7.372561638682308,36.80694998171599,1.0,0.4908108108108108
amazon,hgb_graph_features,exposure_80,moderate,wcs_rand_deterministic,1,0.06071778876034115,0.5234972677595628,105.86,0.68,2286.32,1571.244032293851,7.329681646799295,36.59319238437335,1.0,0.5409836065573771
amazon,hgb_graph_features,exposure_80,moderate,wcs_rand_deterministic,2,0.06113368475135183,0.37868852459016394,79.58,0.48,2293.88,1585.597691677626,7.3338143808357525,36.6137966211343,1.0,0.546448087431694
amazon,hgb_graph_features,exposure_80,moderate,wcs_rand_deterministic,3,0.04253617622341343,0.40913978494623654,83.48,0.5,2280.22,1571.225584584586,7.359428879684015,36.74148467353696,1.0,0.5021505376344085
amazon,hgb_graph_features,exposure_80,moderate,wcs_rand_deterministic,4,0.0522484200768871,0.44967391304347826,91.12,0.58,2285.84,1596.5589140667455,7.4055936164099485,36.97161162283618,1.0,0.4826086956521739
amazon,hgb_graph_features,exposure_80,moderate,wcs_rand_deterministic,5,0.03962761946268332,0.3347311827956989,68.6,0.44,2291.9,1589.7104723850646,7.354007471644958,36.714453649904684,1.0,0.5311827956989247
amazon,hgb_graph_features,exposure_80,moderate,wcs_rand_deterministic,6,0.03539181469876416,0.41372340425531917,83.4,0.54,2279.7,1574.4101136374288,7.374910822560803,36.81866067135644,1.0,0.4691489361702128
amazon,hgb_graph_features,exposure_80,moderate,wcs_rand_deterministic,7,0.039644950003889026,0.38705882352941173,78.72,0.5,2266.82,1559.899337478303,7.3938828625107025,36.913201593292655,1.0,0.4705882352941177
amazon,hgb_graph_features,exposure_80,moderate,wcs_rand_deterministic,8,0.049846573079779403,0.3579459459459459,74.48,0.46,2287.28,1592.730096315932,7.3848444501562245,36.868144261867634,1.0,0.5351351351351351
amazon,hgb_graph_features,exposure_80,moderate,wcs_rand_deterministic,9,0.05432451772202163,0.4925806451612903,100.86,0.62,2284.5,1582.6874758438573,7.37037035293871,36.79599881401252,1.0,0.4881720430107526
amazon,hgb_graph_features,exposure_80,moderate,wcs_rand_homogeneous,0,0.12137539668314141,0.8109189189189189,171.32,1.0,2282.22,1578.756950997877,7.372561638682308,36.80694998171599,1.0,0.4908108108108108
amazon,hgb_graph_features,exposure_80,moderate,wcs_rand_homogeneous,1,0.09291088013020785,0.7865573770491804,159.16,1.0,2286.32,1571.244032293851,7.329681646799295,36.59319238437335,1.0,0.5409836065573771
amazon,hgb_graph_features,exposure_80,moderate,wcs_rand_homogeneous,2,0.1186117441407942,0.772896174863388,161.34,0.98,2293.88,1585.597691677626,7.3338143808357525,36.6137966211343,1.0,0.546448087431694
amazon,hgb_graph_features,exposure_80,moderate,wcs_rand_homogeneous,3,0.07346817127450764,0.7826881720430108,158.08,0.98,2280.22,1571.225584584586,7.359428879684015,36.74148467353696,1.0,0.5021505376344085
amazon,hgb_graph_features,exposure_80,moderate,wcs_rand_homogeneous,4,0.08272504930245411,0.7375,148.86,0.96,2285.84,1596.5589140667455,7.4055936164099485,36.97161162283618,1.0,0.4826086956521739
amazon,hgb_graph_features,exposure_80,moderate,wcs_rand_homogeneous,5,0.08703453658517907,0.7472043010752688,152.8,1.0,2291.9,1589.7104723850646,7.354007471644958,36.714453649904684,1.0,0.5311827956989247
amazon,hgb_graph_features,exposure_80,moderate,wcs_rand_homogeneous,6,0.07349638547780918,0.7631914893617021,155.2,1.0,2279.7,1574.4101136374288,7.374910822560803,36.81866067135644,1.0,0.4691489361702128
amazon,hgb_graph_features,exposure_80,moderate,wcs_rand_homogeneous,7,0.0885679692840259,0.772620320855615,159.18,0.98,2266.82,1559.899337478303,7.3938828625107025,36.913201593292655,1.0,0.4705882352941177
amazon,hgb_graph_features,exposure_80,moderate,wcs_rand_homogeneous,8,0.10490424592792985,0.768972972972973,159.5,1.0,2287.28,1592.730096315932,7.3848444501562245,36.868144261867634,1.0,0.5351351351351351
amazon,hgb_graph_features,exposure_80,moderate,wcs_rand_homogeneous,9,0.08853204822633788,0.7844086021505376,160.86,1.0,2284.5,1582.6874758438573,7.37037035293871,36.79599881401252,1.0,0.4881720430107526
amazon,hgb_graph_features,exposure_80,moderate,weighted_bh,0,0.11621407546050085,0.805081081081081,169.12,1.0,2282.22,1578.756950997877,7.372561638682308,36.80694998171599,1.0,0.4908108108108108
amazon,hgb_graph_features,exposure_80,moderate,weighted_bh,1,0.08846306266602809,0.7735519125683061,156.04,1.0,2286.32,1571.244032293851,7.329681646799295,36.59319238437335,1.0,0.5409836065573771
amazon,hgb_graph_features,exposure_80,moderate,weighted_bh,2,0.11600671294784431,0.7820765027322405,162.4,1.0,2293.88,1585.597691677626,7.3338143808357525,36.6137966211343,1.0,0.546448087431694
amazon,hgb_graph_features,exposure_80,moderate,weighted_bh,3,0.07048935351706191,0.793225806451613,159.44,1.0,2280.22,1571.225584584586,7.359428879684015,36.74148467353696,1.0,0.5021505376344085
amazon,hgb_graph_features,exposure_80,moderate,weighted_bh,4,0.08014745693379792,0.7481521739130435,150.34,1.0,2285.84,1596.5589140667455,7.4055936164099485,36.97161162283618,1.0,0.4826086956521739
amazon,hgb_graph_features,exposure_80,moderate,weighted_bh,5,0.08110226978242803,0.7364516129032258,149.64,1.0,2291.9,1589.7104723850646,7.354007471644958,36.714453649904684,1.0,0.5311827956989247
amazon,hgb_graph_features,exposure_80,moderate,weighted_bh,6,0.07034940096546909,0.7577659574468085,153.6,1.0,2279.7,1574.4101136374288,7.374910822560803,36.81866067135644,1.0,0.4691489361702128
amazon,hgb_graph_features,exposure_80,moderate,weighted_bh,7,0.08636259089474024,0.7789304812834225,159.86,1.0,2266.82,1559.899337478303,7.3938828625107025,36.913201593292655,1.0,0.4705882352941177
amazon,hgb_graph_features,exposure_80,moderate,weighted_bh,8,0.09803300611377909,0.7621621621621621,156.92,1.0,2287.28,1592.730096315932,7.3848444501562245,36.868144261867634,1.0,0.5351351351351351
amazon,hgb_graph_features,exposure_80,moderate,weighted_bh,9,0.08505365955571823,0.7786021505376344,159.2,1.0,2284.5,1582.6874758438573,7.37037035293871,36.79599881401252,1.0,0.4881720430107526
amazon,hgb_graph_features,exposure_80,moderate,weighted_bh_rand,0,0.12065314058079073,0.8098378378378378,171.0,1.0,2282.22,1578.756950997877,7.372561638682308,36.80694998171599,1.0,0.4908108108108108
amazon,hgb_graph_features,exposure_80,moderate,weighted_bh_rand,1,0.09252595157221044,0.7938797814207651,160.56,1.0,2286.32,1571.244032293851,7.329681646799295,36.59319238437335,1.0,0.5409836065573771
amazon,hgb_graph_features,exposure_80,moderate,weighted_bh_rand,2,0.11999878879511107,0.7880874316939891,164.36,1.0,2293.88,1585.597691677626,7.3338143808357525,36.6137966211343,1.0,0.546448087431694
amazon,hgb_graph_features,exposure_80,moderate,weighted_bh_rand,3,0.07468900621670654,0.8008602150537635,161.68,1.0,2280.22,1571.225584584586,7.359428879684015,36.74148467353696,1.0,0.5021505376344085
amazon,hgb_graph_features,exposure_80,moderate,weighted_bh_rand,4,0.08331759822300056,0.7521739130434782,151.66,1.0,2285.84,1596.5589140667455,7.4055936164099485,36.97161162283618,1.0,0.4826086956521739
amazon,hgb_graph_features,exposure_80,moderate,weighted_bh_rand,5,0.08675166508545304,0.7491397849462365,153.16,1.0,2291.9,1589.7104723850646,7.354007471644958,36.714453649904684,1.0,0.5311827956989247
amazon,hgb_graph_features,exposure_80,moderate,weighted_bh_rand,6,0.07300066762723836,0.7638297872340425,155.24,1.0,2279.7,1574.4101136374288,7.374910822560803,36.81866067135644,1.0,0.4691489361702128
amazon,hgb_graph_features,exposure_80,moderate,weighted_bh_rand,7,0.08916809744323613,0.782566844919786,161.12,1.0,2266.82,1559.899337478303,7.3938828625107025,36.913201593292655,1.0,0.4705882352941177
amazon,hgb_graph_features,exposure_80,moderate,weighted_bh_rand,8,0.10462620861139088,0.7715675675675676,160.0,1.0,2287.28,1592.730096315932,7.3848444501562245,36.868144261867634,1.0,0.5351351351351351
amazon,hgb_graph_features,exposure_80,moderate,weighted_bh_rand,9,0.08877406068600306,0.7835483870967742,160.76,1.0,2284.5,1582.6874758438573,7.37037035293871,36.79599881401252,1.0,0.4881720430107526
amazon,hgb_graph_features,exposure_80,moderate,weighted_by,0,0.0,0.0,0.0,0.0,2282.22,1578.756950997877,7.372561638682308,36.80694998171599,1.0,0.4908108108108108
amazon,hgb_graph_features,exposure_80,moderate,weighted_by,1,0.0,0.0,0.0,0.0,2286.32,1571.244032293851,7.329681646799295,36.59319238437335,1.0,0.5409836065573771
amazon,hgb_graph_features,exposure_80,moderate,weighted_by,2,0.0,0.0,0.0,0.0,2293.88,1585.597691677626,7.3338143808357525,36.6137966211343,1.0,0.546448087431694
amazon,hgb_graph_features,exposure_80,moderate,weighted_by,3,0.002847374847374847,0.01956989247311828,3.82,0.06,2280.22,1571.225584584586,7.359428879684015,36.74148467353696,1.0,0.5021505376344085
amazon,hgb_graph_features,exposure_80,moderate,weighted_by,4,0.0,0.0,0.0,0.0,2285.84,1596.5589140667455,7.4055936164099485,36.97161162283618,1.0,0.4826086956521739
amazon,hgb_graph_features,exposure_80,moderate,weighted_by,5,0.0,0.0,0.0,0.0,2291.9,1589.7104723850646,7.354007471644958,36.714453649904684,1.0,0.5311827956989247
amazon,hgb_graph_features,exposure_80,moderate,weighted_by,6,0.0,0.0,0.0,0.0,2279.7,1574.4101136374288,7.374910822560803,36.81866067135644,1.0,0.4691489361702128
amazon,hgb_graph_features,exposure_80,moderate,weighted_by,7,0.0008450704225352112,0.007272727272727273,1.42,0.02,2266.82,1559.899337478303,7.3938828625107025,36.913201593292655,1.0,0.4705882352941177
amazon,hgb_graph_features,exposure_80,moderate,weighted_by,8,0.0,0.0,0.0,0.0,2287.28,1592.730096315932,7.3848444501562245,36.868144261867634,1.0,0.5351351351351351
amazon,hgb_graph_features,exposure_80,moderate,weighted_by,9,0.0,0.0,0.0,0.0,2284.5,1582.6874758438573,7.37037035293871,36.79599881401252,1.0,0.4881720430107526
amazon,hgb_graph_features,exposure_80,neutral,equal_alpha,0,0.04289676928224962,0.6391351351351351,123.62,1.0,2640.02,2640.02,7.362152445012349,7.362152445012349,1.0,0.4908108108108108
amazon,hgb_graph_features,exposure_80,neutral,equal_alpha,1,0.05240664935815686,0.6767213114754098,131.02,0.98,2642.92,2642.92,7.354225776727902,7.354225776727902,1.0,0.5409836065573771
amazon,hgb_graph_features,exposure_80,neutral,equal_alpha,2,0.04888452470361834,0.6440437158469945,124.24,1.0,2644.44,2644.44,7.349976085289562,7.349976085289562,1.0,0.546448087431694
amazon,hgb_graph_features,exposure_80,neutral,equal_alpha,3,0.038187768623610154,0.6146236559139785,119.44,1.0,2633.38,2633.38,7.380518556225116,7.380518556225116,1.0,0.5021505376344085
amazon,hgb_graph_features,exposure_80,neutral,equal_alpha,4,0.04658185832208124,0.5830434782608696,112.42,1.0,2637.28,2637.28,7.370233767228159,7.370233767228159,1.0,0.4826086956521739
amazon,hgb_graph_features,exposure_80,neutral,equal_alpha,5,0.0405073790903778,0.5378494623655914,104.56,1.0,2645.1,2645.1,7.348172164814602,7.348172164814602,1.0,0.5311827956989247
amazon,hgb_graph_features,exposure_80,neutral,equal_alpha,6,0.03575287393572036,0.5972340425531916,116.54,1.0,2636.14,2636.14,7.372662492765529,7.372662492765529,1.0,0.4691489361702128
amazon,hgb_graph_features,exposure_80,neutral,equal_alpha,7,0.042784565717265216,0.6213903743315509,121.56,1.0,2628.12,2628.12,7.3923190280664155,7.3923190280664155,1.0,0.4705882352941177
amazon,hgb_graph_features,exposure_80,neutral,equal_alpha,8,0.04153646565829274,0.5475675675675675,106.02,0.98,2635.88,2635.88,7.370112978283829,7.370112978283829,1.0,0.5351351351351351
amazon,hgb_graph_features,exposure_80,neutral,equal_alpha,9,0.03609318492074584,0.6362365591397849,123.1,1.0,2632.18,2632.18,7.380203435879367,7.380203435879367,1.0,0.4881720430107526
amazon,hgb_graph_features,exposure_80,neutral,pooled_reference,0,0.11753374036744715,0.8162162162162163,171.4,1.0,2640.02,2640.02,7.362152445012349,7.362152445012349,1.0,0.4908108108108108
amazon,hgb_graph_features,exposure_80,neutral,pooled_reference,1,0.09154283294995151,0.7963934426229509,160.82,1.0,2642.92,2642.92,7.354225776727902,7.354225776727902,1.0,0.5409836065573771
amazon,hgb_graph_features,exposure_80,neutral,pooled_reference,2,0.12211104987025052,0.7898360655737704,164.84,1.0,2644.44,2644.44,7.349976085289562,7.349976085289562,1.0,0.546448087431694
amazon,hgb_graph_features,exposure_80,neutral,pooled_reference,3,0.06651892708562172,0.8161290322580644,162.92,1.0,2633.38,2633.38,7.380518556225116,7.380518556225116,1.0,0.5021505376344085
amazon,hgb_graph_features,exposure_80,neutral,pooled_reference,4,0.07787852604259032,0.7636956521739131,152.54,1.0,2637.28,2637.28,7.370233767228159,7.370233767228159,1.0,0.4826086956521739
amazon,hgb_graph_features,exposure_80,neutral,pooled_reference,5,0.0858633851644867,0.7640860215053763,155.68,1.0,2645.1,2645.1,7.348172164814602,7.348172164814602,1.0,0.5311827956989247
amazon,hgb_graph_features,exposure_80,neutral,pooled_reference,6,0.06821553999924572,0.77,155.46,1.0,2636.14,2636.14,7.372662492765529,7.372662492765529,1.0,0.4691489361702128
amazon,hgb_graph_features,exposure_80,neutral,pooled_reference,7,0.08651241420686344,0.7917647058823529,162.28,1.0,2628.12,2628.12,7.3923190280664155,7.3923190280664155,1.0,0.4705882352941177
amazon,hgb_graph_features,exposure_80,neutral,pooled_reference,8,0.10162199308969341,0.7796756756756758,160.7,1.0,2635.88,2635.88,7.370112978283829,7.370112978283829,1.0,0.5351351351351351
amazon,hgb_graph_features,exposure_80,neutral,pooled_reference,9,0.08659205470807173,0.8026881720430107,163.86,1.0,2632.18,2632.18,7.380203435879367,7.380203435879367,1.0,0.4881720430107526
amazon,hgb_graph_features,exposure_80,neutral,pooled_stratum,0,0.12357645684092367,0.7934054054054055,167.64,1.0,2640.02,2640.02,7.362152445012349,7.362152445012349,1.0,0.4908108108108108
amazon,hgb_graph_features,exposure_80,neutral,pooled_stratum,1,0.08561389479437946,0.6367213114754098,128.12,1.0,2642.92,2642.92,7.354225776727902,7.354225776727902,1.0,0.5409836065573771
amazon,hgb_graph_features,exposure_80,neutral,pooled_stratum,2,0.11220487035084646,0.6946448087431694,143.48,1.0,2644.44,2644.44,7.349976085289562,7.349976085289562,1.0,0.546448087431694
amazon,hgb_graph_features,exposure_80,neutral,pooled_stratum,3,0.09091836041719797,0.7132258064516129,146.12,1.0,2633.38,2633.38,7.380518556225116,7.380518556225116,1.0,0.5021505376344085
amazon,hgb_graph_features,exposure_80,neutral,pooled_stratum,4,0.0899194297665802,0.6093478260869565,123.42,1.0,2637.28,2637.28,7.370233767228159,7.370233767228159,1.0,0.4826086956521739
amazon,hgb_graph_features,exposure_80,neutral,pooled_stratum,5,0.08463578093944742,0.6351612903225806,129.28,1.0,2645.1,2645.1,7.348172164814602,7.348172164814602,1.0,0.5311827956989247
amazon,hgb_graph_features,exposure_80,neutral,pooled_stratum,6,0.07655442771628723,0.6531914893617021,133.38,1.0,2636.14,2636.14,7.372662492765529,7.372662492765529,1.0,0.4691489361702128
amazon,hgb_graph_features,exposure_80,neutral,pooled_stratum,7,0.09409862113271869,0.7203208556149733,148.78,1.0,2628.12,2628.12,7.3923190280664155,7.3923190280664155,1.0,0.4705882352941177
amazon,hgb_graph_features,exposure_80,neutral,pooled_stratum,8,0.10120709045772591,0.6445405405405406,133.12,1.0,2635.88,2635.88,7.370112978283829,7.370112978283829,1.0,0.5351351351351351
amazon,hgb_graph_features,exposure_80,neutral,pooled_stratum,9,0.08569102127051485,0.7304301075268818,148.88,1.0,2632.18,2632.18,7.380203435879367,7.380203435879367,1.0,0.4881720430107526
amazon,hgb_graph_features,exposure_80,neutral,size_alpha,0,0.08020929362687872,0.5766486486486486,114.78,1.0,2640.02,2640.02,7.362152445012349,7.362152445012349,1.0,0.4908108108108108
amazon,hgb_graph_features,exposure_80,neutral,size_alpha,1,0.06385098150643044,0.3589071038251366,70.3,1.0,2642.92,2642.92,7.354225776727902,7.354225776727902,1.0,0.5409836065573771
amazon,hgb_graph_features,exposure_80,neutral,size_alpha,2,0.07469176020633185,0.39224043715846996,77.04,1.0,2644.44,2644.44,7.349976085289562,7.349976085289562,1.0,0.546448087431694
amazon,hgb_graph_features,exposure_80,neutral,size_alpha,3,0.06671403952534047,0.4646236559139785,92.86,1.0,2633.38,2633.38,7.380518556225116,7.380518556225116,1.0,0.5021505376344085
amazon,hgb_graph_features,exposure_80,neutral,size_alpha,4,0.08018442249774514,0.36119565217391303,72.18,1.0,2637.28,2637.28,7.370233767228159,7.370233767228159,1.0,0.4826086956521739
amazon,hgb_graph_features,exposure_80,neutral,size_alpha,5,0.06772869465641441,0.34505376344086025,68.84,1.0,2645.1,2645.1,7.348172164814602,7.348172164814602,1.0,0.5311827956989247
amazon,hgb_graph_features,exposure_80,neutral,size_alpha,6,0.06456333820887857,0.3762765957446808,75.9,1.0,2636.14,2636.14,7.372662492765529,7.372662492765529,1.0,0.4691489361702128
amazon,hgb_graph_features,exposure_80,neutral,size_alpha,7,0.08893157340670128,0.41839572192513363,85.84,1.0,2628.12,2628.12,7.3923190280664155,7.3923190280664155,1.0,0.4705882352941177
amazon,hgb_graph_features,exposure_80,neutral,size_alpha,8,0.08081210562746857,0.3834594594594595,77.24,1.0,2635.88,2635.88,7.370112978283829,7.370112978283829,1.0,0.5351351351351351
amazon,hgb_graph_features,exposure_80,neutral,size_alpha,9,0.06810127224131757,0.44946236559139785,89.56,1.0,2632.18,2632.18,7.380203435879367,7.380203435879367,1.0,0.4881720430107526
amazon,hgb_graph_features,exposure_80,neutral,wcs_deterministic,0,0.11753374036744715,0.8162162162162163,171.4,1.0,2640.02,2640.02,7.362152445012349,7.362152445012349,1.0,0.4908108108108108
amazon,hgb_graph_features,exposure_80,neutral,wcs_deterministic,1,0.09154283294995151,0.7963934426229509,160.82,1.0,2642.92,2642.92,7.354225776727902,7.354225776727902,1.0,0.5409836065573771
amazon,hgb_graph_features,exposure_80,neutral,wcs_deterministic,2,0.12211104987025052,0.7898360655737704,164.84,1.0,2644.44,2644.44,7.349976085289562,7.349976085289562,1.0,0.546448087431694
amazon,hgb_graph_features,exposure_80,neutral,wcs_deterministic,3,0.06651892708562172,0.8161290322580644,162.92,1.0,2633.38,2633.38,7.380518556225116,7.380518556225116,1.0,0.5021505376344085
amazon,hgb_graph_features,exposure_80,neutral,wcs_deterministic,4,0.07787852604259032,0.7636956521739131,152.54,1.0,2637.28,2637.28,7.370233767228159,7.370233767228159,1.0,0.4826086956521739
amazon,hgb_graph_features,exposure_80,neutral,wcs_deterministic,5,0.0858633851644867,0.7640860215053763,155.68,1.0,2645.1,2645.1,7.348172164814602,7.348172164814602,1.0,0.5311827956989247
amazon,hgb_graph_features,exposure_80,neutral,wcs_deterministic,6,0.06821553999924572,0.77,155.46,1.0,2636.14,2636.14,7.372662492765529,7.372662492765529,1.0,0.4691489361702128
amazon,hgb_graph_features,exposure_80,neutral,wcs_deterministic,7,0.08651241420686344,0.7917647058823529,162.28,1.0,2628.12,2628.12,7.3923190280664155,7.3923190280664155,1.0,0.4705882352941177
amazon,hgb_graph_features,exposure_80,neutral,wcs_deterministic,8,0.10162199308969341,0.7796756756756758,160.7,1.0,2635.88,2635.88,7.370112978283829,7.370112978283829,1.0,0.5351351351351351
amazon,hgb_graph_features,exposure_80,neutral,wcs_deterministic,9,0.08659205470807173,0.8026881720430107,163.86,1.0,2632.18,2632.18,7.380203435879367,7.380203435879367,1.0,0.4881720430107526
amazon,hgb_graph_features,exposure_80,neutral,wcs_homogeneous,0,0.11753374036744715,0.8162162162162163,171.4,1.0,2640.02,2640.02,7.362152445012349,7.362152445012349,1.0,0.4908108108108108
amazon,hgb_graph_features,exposure_80,neutral,wcs_homogeneous,1,0.09154283294995151,0.7963934426229509,160.82,1.0,2642.92,2642.92,7.354225776727902,7.354225776727902,1.0,0.5409836065573771
amazon,hgb_graph_features,exposure_80,neutral,wcs_homogeneous,2,0.12211104987025052,0.7898360655737704,164.84,1.0,2644.44,2644.44,7.349976085289562,7.349976085289562,1.0,0.546448087431694
amazon,hgb_graph_features,exposure_80,neutral,wcs_homogeneous,3,0.06651892708562172,0.8161290322580644,162.92,1.0,2633.38,2633.38,7.380518556225116,7.380518556225116,1.0,0.5021505376344085
amazon,hgb_graph_features,exposure_80,neutral,wcs_homogeneous,4,0.07787852604259032,0.7636956521739131,152.54,1.0,2637.28,2637.28,7.370233767228159,7.370233767228159,1.0,0.4826086956521739
amazon,hgb_graph_features,exposure_80,neutral,wcs_homogeneous,5,0.0858633851644867,0.7640860215053763,155.68,1.0,2645.1,2645.1,7.348172164814602,7.348172164814602,1.0,0.5311827956989247
amazon,hgb_graph_features,exposure_80,neutral,wcs_homogeneous,6,0.06821553999924572,0.77,155.46,1.0,2636.14,2636.14,7.372662492765529,7.372662492765529,1.0,0.4691489361702128
amazon,hgb_graph_features,exposure_80,neutral,wcs_homogeneous,7,0.08651241420686344,0.7917647058823529,162.28,1.0,2628.12,2628.12,7.3923190280664155,7.3923190280664155,1.0,0.4705882352941177
amazon,hgb_graph_features,exposure_80,neutral,wcs_homogeneous,8,0.10162199308969341,0.7796756756756758,160.7,1.0,2635.88,2635.88,7.370112978283829,7.370112978283829,1.0,0.5351351351351351
amazon,hgb_graph_features,exposure_80,neutral,wcs_homogeneous,9,0.08659205470807173,0.8026881720430107,163.86,1.0,2632.18,2632.18,7.380203435879367,7.380203435879367,1.0,0.4881720430107526
amazon,hgb_graph_features,exposure_80,neutral,wcs_rand_deterministic,0,0.11810352874294493,0.816972972972973,171.66,1.0,2640.02,2640.02,7.362152445012349,7.362152445012349,1.0,0.4908108108108108
amazon,hgb_graph_features,exposure_80,neutral,wcs_rand_deterministic,1,0.0924754415625178,0.797049180327869,161.12,1.0,2642.92,2642.92,7.354225776727902,7.354225776727902,1.0,0.5409836065573771
amazon,hgb_graph_features,exposure_80,neutral,wcs_rand_deterministic,2,0.12325476126615825,0.7908196721311476,165.26,1.0,2644.44,2644.44,7.349976085289562,7.349976085289562,1.0,0.546448087431694
amazon,hgb_graph_features,exposure_80,neutral,wcs_rand_deterministic,3,0.06701898552003294,0.8167741935483871,163.14,1.0,2633.38,2633.38,7.380518556225116,7.380518556225116,1.0,0.5021505376344085
amazon,hgb_graph_features,exposure_80,neutral,wcs_rand_deterministic,4,0.07955593663980984,0.7641304347826088,152.9,1.0,2637.28,2637.28,7.370233767228159,7.370233767228159,1.0,0.4826086956521739
amazon,hgb_graph_features,exposure_80,neutral,wcs_rand_deterministic,5,0.08672734042780875,0.7650537634408602,156.02,1.0,2645.1,2645.1,7.348172164814602,7.348172164814602,1.0,0.5311827956989247
amazon,hgb_graph_features,exposure_80,neutral,wcs_rand_deterministic,6,0.0689855549964198,0.771063829787234,155.8,1.0,2636.14,2636.14,7.372662492765529,7.372662492765529,1.0,0.4691489361702128
amazon,hgb_graph_features,exposure_80,neutral,wcs_rand_deterministic,7,0.08734041373231691,0.7924064171122994,162.56,1.0,2628.12,2628.12,7.3923190280664155,7.3923190280664155,1.0,0.4705882352941177
amazon,hgb_graph_features,exposure_80,neutral,wcs_rand_deterministic,8,0.10280843210743004,0.7803243243243243,161.04,1.0,2635.88,2635.88,7.370112978283829,7.370112978283829,1.0,0.5351351351351351
amazon,hgb_graph_features,exposure_80,neutral,wcs_rand_deterministic,9,0.08721488199951194,0.8031182795698925,164.06,1.0,2632.18,2632.18,7.380203435879367,7.380203435879367,1.0,0.4881720430107526
amazon,hgb_graph_features,exposure_80,neutral,wcs_rand_homogeneous,0,0.11869915471790872,0.8171891891891891,171.82,1.0,2640.02,2640.02,7.362152445012349,7.362152445012349,1.0,0.4908108108108108
amazon,hgb_graph_features,exposure_80,neutral,wcs_rand_homogeneous,1,0.0930664354983126,0.7978142076502732,161.38,1.0,2642.92,2642.92,7.354225776727902,7.354225776727902,1.0,0.5409836065573771
amazon,hgb_graph_features,exposure_80,neutral,wcs_rand_homogeneous,2,0.12437220748139899,0.7914754098360656,165.6,1.0,2644.44,2644.44,7.349976085289562,7.349976085289562,1.0,0.546448087431694
amazon,hgb_graph_features,exposure_80,neutral,wcs_rand_homogeneous,3,0.06790033700449576,0.8179569892473119,163.52,1.0,2633.38,2633.38,7.380518556225116,7.380518556225116,1.0,0.5021505376344085
amazon,hgb_graph_features,exposure_80,neutral,wcs_rand_homogeneous,4,0.07980860037813389,0.7641304347826088,152.94,1.0,2637.28,2637.28,7.370233767228159,7.370233767228159,1.0,0.4826086956521739
amazon,hgb_graph_features,exposure_80,neutral,wcs_rand_homogeneous,5,0.0870369609009375,0.7655913978494624,156.18,1.0,2645.1,2645.1,7.348172164814602,7.348172164814602,1.0,0.5311827956989247
amazon,hgb_graph_features,exposure_80,neutral,wcs_rand_homogeneous,6,0.06930279944937946,0.7714893617021277,155.94,1.0,2636.14,2636.14,7.372662492765529,7.372662492765529,1.0,0.4691489361702128
amazon,hgb_graph_features,exposure_80,neutral,wcs_rand_homogeneous,7,0.08742850496717257,0.7927272727272726,162.64,1.0,2628.12,2628.12,7.3923190280664155,7.3923190280664155,1.0,0.4705882352941177
amazon,hgb_graph_features,exposure_80,neutral,wcs_rand_homogeneous,8,0.1030822084160394,0.7810810810810811,161.24,1.0,2635.88,2635.88,7.370112978283829,7.370112978283829,1.0,0.5351351351351351
amazon,hgb_graph_features,exposure_80,neutral,wcs_rand_homogeneous,9,0.08790267935046231,0.8033333333333332,164.22,1.0,2632.18,2632.18,7.380203435879367,7.380203435879367,1.0,0.4881720430107526
amazon,hgb_graph_features,exposure_80,neutral,weighted_bh,0,0.11753374036744715,0.8162162162162163,171.4,1.0,2640.02,2640.02,7.362152445012349,7.362152445012349,1.0,0.4908108108108108
amazon,hgb_graph_features,exposure_80,neutral,weighted_bh,1,0.09154283294995151,0.7963934426229509,160.82,1.0,2642.92,2642.92,7.354225776727902,7.354225776727902,1.0,0.5409836065573771
amazon,hgb_graph_features,exposure_80,neutral,weighted_bh,2,0.12211104987025052,0.7898360655737704,164.84,1.0,2644.44,2644.44,7.349976085289562,7.349976085289562,1.0,0.546448087431694
amazon,hgb_graph_features,exposure_80,neutral,weighted_bh,3,0.06651892708562172,0.8161290322580644,162.92,1.0,2633.38,2633.38,7.380518556225116,7.380518556225116,1.0,0.5021505376344085
amazon,hgb_graph_features,exposure_80,neutral,weighted_bh,4,0.07787852604259032,0.7636956521739131,152.54,1.0,2637.28,2637.28,7.370233767228159,7.370233767228159,1.0,0.4826086956521739
amazon,hgb_graph_features,exposure_80,neutral,weighted_bh,5,0.0858633851644867,0.7640860215053763,155.68,1.0,2645.1,2645.1,7.348172164814602,7.348172164814602,1.0,0.5311827956989247
amazon,hgb_graph_features,exposure_80,neutral,weighted_bh,6,0.06821553999924572,0.77,155.46,1.0,2636.14,2636.14,7.372662492765529,7.372662492765529,1.0,0.4691489361702128
amazon,hgb_graph_features,exposure_80,neutral,weighted_bh,7,0.08651241420686344,0.7917647058823529,162.28,1.0,2628.12,2628.12,7.3923190280664155,7.3923190280664155,1.0,0.4705882352941177
amazon,hgb_graph_features,exposure_80,neutral,weighted_bh,8,0.10162199308969341,0.7796756756756758,160.7,1.0,2635.88,2635.88,7.370112978283829,7.370112978283829,1.0,0.5351351351351351
amazon,hgb_graph_features,exposure_80,neutral,weighted_bh,9,0.08659205470807173,0.8026881720430107,163.86,1.0,2632.18,2632.18,7.380203435879367,7.380203435879367,1.0,0.4881720430107526
amazon,hgb_graph_features,exposure_80,neutral,weighted_bh_rand,0,0.11848722458999285,0.8174054054054054,171.82,1.0,2640.02,2640.02,7.362152445012349,7.362152445012349,1.0,0.4908108108108108
amazon,hgb_graph_features,exposure_80,neutral,weighted_bh_rand,1,0.0929855330642173,0.7979234972677596,161.38,1.0,2642.92,2642.92,7.354225776727902,7.354225776727902,1.0,0.5409836065573771
amazon,hgb_graph_features,exposure_80,neutral,weighted_bh_rand,2,0.12399816369762152,0.7916939890710383,165.58,1.0,2644.44,2644.44,7.349976085289562,7.349976085289562,1.0,0.546448087431694
amazon,hgb_graph_features,exposure_80,neutral,weighted_bh_rand,3,0.0679889641290011,0.8179569892473119,163.54,1.0,2633.38,2633.38,7.380518556225116,7.380518556225116,1.0,0.5021505376344085
amazon,hgb_graph_features,exposure_80,neutral,weighted_bh_rand,4,0.07955593663980984,0.7641304347826088,152.9,1.0,2637.28,2637.28,7.370233767228159,7.370233767228159,1.0,0.4826086956521739
amazon,hgb_graph_features,exposure_80,neutral,weighted_bh_rand,5,0.08691234965422356,0.765483870967742,156.14,1.0,2645.1,2645.1,7.348172164814602,7.348172164814602,1.0,0.5311827956989247
amazon,hgb_graph_features,exposure_80,neutral,weighted_bh_rand,6,0.06942403792699134,0.7714893617021277,155.96,1.0,2636.14,2636.14,7.372662492765529,7.372662492765529,1.0,0.4691489361702128
amazon,hgb_graph_features,exposure_80,neutral,weighted_bh_rand,7,0.0874393810300794,0.7925133689839572,162.6,1.0,2628.12,2628.12,7.3923190280664155,7.3923190280664155,1.0,0.4705882352941177
amazon,hgb_graph_features,exposure_80,neutral,weighted_bh_rand,8,0.10322708101115427,0.7807567567567568,161.2,1.0,2635.88,2635.88,7.370112978283829,7.370112978283829,1.0,0.5351351351351351
amazon,hgb_graph_features,exposure_80,neutral,weighted_bh_rand,9,0.0874606331153051,0.8033333333333332,164.14,1.0,2632.18,2632.18,7.380203435879367,7.380203435879367,1.0,0.4881720430107526
amazon,hgb_graph_features,exposure_80,neutral,weighted_by,0,0.004873560226230146,0.11956756756756758,22.54,0.26,2640.02,2640.02,7.362152445012349,7.362152445012349,1.0,0.4908108108108108
amazon,hgb_graph_features,exposure_80,neutral,weighted_by,1,0.0026266848619789797,0.040109289617486346,7.68,0.06,2642.92,2642.92,7.354225776727902,7.354225776727902,1.0,0.5409836065573771
amazon,hgb_graph_features,exposure_80,neutral,weighted_by,2,0.0032022262328373348,0.06306010928961749,11.92,0.1,2644.44,2644.44,7.349976085289562,7.349976085289562,1.0,0.546448087431694
amazon,hgb_graph_features,exposure_80,neutral,weighted_by,3,0.007652328474937789,0.1353763440860215,25.92,0.3,2633.38,2633.38,7.380518556225116,7.380518556225116,1.0,0.5021505376344085
amazon,hgb_graph_features,exposure_80,neutral,weighted_by,4,0.0035756604967568423,0.0667391304347826,12.62,0.14,2637.28,2637.28,7.370233767228159,7.370233767228159,1.0,0.4826086956521739
amazon,hgb_graph_features,exposure_80,neutral,weighted_by,5,0.00764777801342984,0.14870967741935484,28.28,0.36,2645.1,2645.1,7.348172164814602,7.348172164814602,1.0,0.5311827956989247
amazon,hgb_graph_features,exposure_80,neutral,weighted_by,6,0.0017477253928866831,0.03893617021276596,7.52,0.08,2636.14,2636.14,7.372662492765529,7.372662492765529,1.0,0.4691489361702128
amazon,hgb_graph_features,exposure_80,neutral,weighted_by,7,0.0,0.0,0.0,0.0,2628.12,2628.12,7.3923190280664155,7.3923190280664155,1.0,0.4705882352941177
amazon,hgb_graph_features,exposure_80,neutral,weighted_by,8,0.005823638624696471,0.08151351351351352,15.68,0.16,2635.88,2635.88,7.370112978283829,7.370112978283829,1.0,0.5351351351351351
amazon,hgb_graph_features,exposure_80,neutral,weighted_by,9,0.004363724357552637,0.20376344086021503,38.32,0.46,2632.18,2632.18,7.380203435879367,7.380203435879367,1.0,0.4881720430107526
amazon,hgb_graph_features,exposure_80,severe,equal_alpha,0,0.050342544053615476,0.22443243243243244,44.48,0.8,2216.0,636.1113744332866,7.363062952228585,146.20784379600275,1.0,0.4908108108108108
amazon,hgb_graph_features,exposure_80,severe,equal_alpha,1,0.03967872067032244,0.23792349726775958,45.84,0.9,2218.3,623.8883514349446,7.3014330336764734,144.99239960514856,1.0,0.5409836065573771
amazon,hgb_graph_features,exposure_80,severe,equal_alpha,2,0.0474440636015521,0.17814207650273226,34.78,0.8,2226.64,645.0213421502258,7.354781371215738,146.04468675135303,1.0,0.546448087431694
amazon,hgb_graph_features,exposure_80,severe,equal_alpha,3,0.04647975570067965,0.308494623655914,60.68,1.0,2212.58,637.3328513570253,7.365245994102637,146.25000894434595,1.0,0.5021505376344085
amazon,hgb_graph_features,exposure_80,severe,equal_alpha,4,0.04880040622497059,0.29869565217391303,58.08,1.0,2221.76,665.1670882162539,7.440471033858699,147.73375993050698,1.0,0.4826086956521739
amazon,hgb_graph_features,exposure_80,severe,equal_alpha,5,0.0408934657579946,0.1567741935483871,30.82,1.0,2227.2,637.1586151527549,7.297068822113796,144.90546583959383,1.0,0.5311827956989247
amazon,hgb_graph_features,exposure_80,severe,equal_alpha,6,0.03526413681896099,0.3167021276595745,62.08,0.98,2213.36,631.6337758223488,7.358047036558198,146.10846426624414,1.0,0.4691489361702128
amazon,hgb_graph_features,exposure_80,severe,equal_alpha,7,0.04379973994949321,0.2853475935828877,56.6,1.0,2199.24,628.394998175652,7.394353192464573,146.8237117565539,1.0,0.4705882352941177
amazon,hgb_graph_features,exposure_80,severe,equal_alpha,8,0.05677474395907485,0.19200000000000003,38.38,0.84,2223.18,646.9781678196155,7.3697818042516765,146.339358796483,1.0,0.5351351351351351
amazon,hgb_graph_features,exposure_80,severe,equal_alpha,9,0.0371038063557868,0.26086021505376344,50.76,1.0,2218.38,645.3159143062136,7.388622128789998,146.71074860852022,1.0,0.4881720430107526
amazon,hgb_graph_features,exposure_80,severe,pooled_reference,0,0.15337796522499172,0.8363243243243244,183.1,1.0,2216.0,636.1113744332866,7.363062952228585,146.20784379600275,1.0,0.4908108108108108
amazon,hgb_graph_features,exposure_80,severe,pooled_reference,1,0.11907099384191369,0.8269945355191257,172.2,1.0,2218.3,623.8883514349446,7.3014330336764734,144.99239960514856,1.0,0.5409836065573771
amazon,hgb_graph_features,exposure_80,severe,pooled_reference,2,0.14583776601018456,0.806775956284153,173.06,1.0,2226.64,645.0213421502258,7.354781371215738,146.04468675135303,1.0,0.546448087431694
amazon,hgb_graph_features,exposure_80,severe,pooled_reference,3,0.1116266019413622,0.839247311827957,175.88,1.0,2212.58,637.3328513570253,7.365245994102637,146.25000894434595,1.0,0.5021505376344085
amazon,hgb_graph_features,exposure_80,severe,pooled_reference,4,0.12300058658973172,0.7928260869565217,166.6,1.0,2221.76,665.1670882162539,7.440471033858699,147.73375993050698,1.0,0.4826086956521739
amazon,hgb_graph_features,exposure_80,severe,pooled_reference,5,0.11671333797908146,0.793225806451613,167.38,1.0,2227.2,637.1586151527549,7.297068822113796,144.90546583959383,1.0,0.5311827956989247
amazon,hgb_graph_features,exposure_80,severe,pooled_reference,6,0.08853277930272388,0.7856382978723404,162.18,1.0,2213.36,631.6337758223488,7.358047036558198,146.10846426624414,1.0,0.4691489361702128
amazon,hgb_graph_features,exposure_80,severe,pooled_reference,7,0.1060263116413757,0.807379679144385,169.1,1.0,2199.24,628.394998175652,7.394353192464573,146.8237117565539,1.0,0.4705882352941177
amazon,hgb_graph_features,exposure_80,severe,pooled_reference,8,0.13994994464755386,0.799027027027027,172.1,1.0,2223.18,646.9781678196155,7.3697818042516765,146.339358796483,1.0,0.5351351351351351
amazon,hgb_graph_features,exposure_80,severe,pooled_reference,9,0.11018199868355578,0.8063440860215054,168.82,1.0,2218.38,645.3159143062136,7.388622128789998,146.71074860852022,1.0,0.4881720430107526
amazon,hgb_graph_features,exposure_80,severe,pooled_stratum,0,0.09724778857586963,0.3348108108108109,69.36,1.0,2216.0,636.1113744332866,7.363062952228585,146.20784379600275,1.0,0.4908108108108108
amazon,hgb_graph_features,exposure_80,severe,pooled_stratum,1,0.06235581330728604,0.292568306010929,57.42,1.0,2218.3,623.8883514349446,7.3014330336764734,144.99239960514856,1.0,0.5409836065573771
amazon,hgb_graph_features,exposure_80,severe,pooled_stratum,2,0.08619944443875084,0.2559562841530055,51.4,1.0,2226.64,645.0213421502258,7.354781371215738,146.04468675135303,1.0,0.546448087431694
amazon,hgb_graph_features,exposure_80,severe,pooled_stratum,3,0.07188789809927716,0.36451612903225805,73.38,1.0,2212.58,637.3328513570253,7.365245994102637,146.25000894434595,1.0,0.5021505376344085
amazon,hgb_graph_features,exposure_80,severe,pooled_stratum,4,0.08083506361170356,0.3247826086956522,65.28,1.0,2221.76,665.1670882162539,7.440471033858699,147.73375993050698,1.0,0.4826086956521739
amazon,hgb_graph_features,exposure_80,severe,pooled_stratum,5,0.07624046359361844,0.24096774193548387,49.04,1.0,2227.2,637.1586151527549,7.297068822113796,144.90546583959383,1.0,0.5311827956989247
amazon,hgb_graph_features,exposure_80,severe,pooled_stratum,6,0.06560454981001579,0.3637234042553192,73.46,1.0,2213.36,631.6337758223488,7.358047036558198,146.10846426624414,1.0,0.4691489361702128
amazon,hgb_graph_features,exposure_80,severe,pooled_stratum,7,0.0917890260339604,0.3607486631016043,74.78,1.0,2199.24,628.394998175652,7.394353192464573,146.8237117565539,1.0,0.4705882352941177
amazon,hgb_graph_features,exposure_80,severe,pooled_stratum,8,0.09386738027876948,0.2772972972972973,57.02,1.0,2223.18,646.9781678196155,7.3697818042516765,146.339358796483,1.0,0.5351351351351351
amazon,hgb_graph_features,exposure_80,severe,pooled_stratum,9,0.07500082501974786,0.32870967741935486,66.58,1.0,2218.38,645.3159143062136,7.388622128789998,146.71074860852022,1.0,0.4881720430107526
amazon,hgb_graph_features,exposure_80,severe,size_alpha,0,0.09724778857586963,0.3348108108108109,69.36,1.0,2216.0,636.1113744332866,7.363062952228585,146.20784379600275,1.0,0.4908108108108108
amazon,hgb_graph_features,exposure_80,severe,size_alpha,1,0.06235581330728604,0.292568306010929,57.42,1.0,2218.3,623.8883514349446,7.3014330336764734,144.99239960514856,1.0,0.5409836065573771
amazon,hgb_graph_features,exposure_80,severe,size_alpha,2,0.08619944443875084,0.2559562841530055,51.4,1.0,2226.64,645.0213421502258,7.354781371215738,146.04468675135303,1.0,0.546448087431694
amazon,hgb_graph_features,exposure_80,severe,size_alpha,3,0.07188789809927716,0.36451612903225805,73.38,1.0,2212.58,637.3328513570253,7.365245994102637,146.25000894434595,1.0,0.5021505376344085
amazon,hgb_graph_features,exposure_80,severe,size_alpha,4,0.08083506361170356,0.3247826086956522,65.28,1.0,2221.76,665.1670882162539,7.440471033858699,147.73375993050698,1.0,0.4826086956521739
amazon,hgb_graph_features,exposure_80,severe,size_alpha,5,0.07624046359361844,0.24096774193548387,49.04,1.0,2227.2,637.1586151527549,7.297068822113796,144.90546583959383,1.0,0.5311827956989247
amazon,hgb_graph_features,exposure_80,severe,size_alpha,6,0.06560454981001579,0.3637234042553192,73.46,1.0,2213.36,631.6337758223488,7.358047036558198,146.10846426624414,1.0,0.4691489361702128
amazon,hgb_graph_features,exposure_80,severe,size_alpha,7,0.0917890260339604,0.3607486631016043,74.78,1.0,2199.24,628.394998175652,7.394353192464573,146.8237117565539,1.0,0.4705882352941177
amazon,hgb_graph_features,exposure_80,severe,size_alpha,8,0.09386738027876948,0.2772972972972973,57.02,1.0,2223.18,646.9781678196155,7.3697818042516765,146.339358796483,1.0,0.5351351351351351
amazon,hgb_graph_features,exposure_80,severe,size_alpha,9,0.07500082501974786,0.32870967741935486,66.58,1.0,2218.38,645.3159143062136,7.388622128789998,146.71074860852022,1.0,0.4881720430107526
amazon,hgb_graph_features,exposure_80,severe,wcs_deterministic,0,0.0,0.0,0.0,0.0,2216.0,636.1113744332866,7.363062952228585,146.20784379600275,1.0,0.4908108108108108
amazon,hgb_graph_features,exposure_80,severe,wcs_deterministic,1,0.003887001425277009,0.04568306010928962,8.94,0.06,2218.3,623.8883514349446,7.3014330336764734,144.99239960514856,1.0,0.5409836065573771
amazon,hgb_graph_features,exposure_80,severe,wcs_deterministic,2,0.0,0.0,0.0,0.0,2226.64,645.0213421502258,7.354781371215738,146.04468675135303,1.0,0.546448087431694
amazon,hgb_graph_features,exposure_80,severe,wcs_deterministic,3,0.0,0.0,0.0,0.0,2212.58,637.3328513570253,7.365245994102637,146.25000894434595,1.0,0.5021505376344085
amazon,hgb_graph_features,exposure_80,severe,wcs_deterministic,4,0.0,0.0,0.0,0.0,2221.76,665.1670882162539,7.440471033858699,147.73375993050698,1.0,0.4826086956521739
amazon,hgb_graph_features,exposure_80,severe,wcs_deterministic,5,0.0,0.0,0.0,0.0,2227.2,637.1586151527549,7.297068822113796,144.90546583959383,1.0,0.5311827956989247
amazon,hgb_graph_features,exposure_80,severe,wcs_deterministic,6,0.0,0.0,0.0,0.0,2213.36,631.6337758223488,7.358047036558198,146.10846426624414,1.0,0.4691489361702128
amazon,hgb_graph_features,exposure_80,severe,wcs_deterministic,7,0.0006622516556291391,0.015614973262032086,3.02,0.02,2199.24,628.394998175652,7.394353192464573,146.8237117565539,1.0,0.4705882352941177
amazon,hgb_graph_features,exposure_80,severe,wcs_deterministic,8,0.0,0.0,0.0,0.0,2223.18,646.9781678196155,7.3697818042516765,146.339358796483,1.0,0.5351351351351351
amazon,hgb_graph_features,exposure_80,severe,wcs_deterministic,9,0.0,0.0,0.0,0.0,2218.38,645.3159143062136,7.388622128789998,146.71074860852022,1.0,0.4881720430107526
amazon,hgb_graph_features,exposure_80,severe,wcs_homogeneous,0,0.09332241690967576,0.1757837837837838,41.32,0.46,2216.0,636.1113744332866,7.363062952228585,146.20784379600275,1.0,0.4908108108108108
amazon,hgb_graph_features,exposure_80,severe,wcs_homogeneous,1,0.0514393805347699,0.1684153005464481,34.84,0.48,2218.3,623.8883514349446,7.3014330336764734,144.99239960514856,1.0,0.5409836065573771
amazon,hgb_graph_features,exposure_80,severe,wcs_homogeneous,2,0.09542195514865057,0.13027322404371586,30.92,0.44,2226.64,645.0213421502258,7.354781371215738,146.04468675135303,1.0,0.546448087431694
amazon,hgb_graph_features,exposure_80,severe,wcs_homogeneous,3,0.047304992459718954,0.20440860215053763,43.3,0.44,2212.58,637.3328513570253,7.365245994102637,146.25000894434595,1.0,0.5021505376344085
amazon,hgb_graph_features,exposure_80,severe,wcs_homogeneous,4,0.06246241192432864,0.1572826086956522,34.08,0.46,2221.76,665.1670882162539,7.440471033858699,147.73375993050698,1.0,0.4826086956521739
amazon,hgb_graph_features,exposure_80,severe,wcs_homogeneous,5,0.054224598696369225,0.10150537634408602,22.8,0.34,2227.2,637.1586151527549,7.297068822113796,144.90546583959383,1.0,0.5311827956989247
amazon,hgb_graph_features,exposure_80,severe,wcs_homogeneous,6,0.04555863696712574,0.11340425531914894,25.38,0.34,2213.36,631.6337758223488,7.358047036558198,146.10846426624414,1.0,0.4691489361702128
amazon,hgb_graph_features,exposure_80,severe,wcs_homogeneous,7,0.06263994052008853,0.18149732620320855,39.54,0.5,2199.24,628.394998175652,7.394353192464573,146.8237117565539,1.0,0.4705882352941177
amazon,hgb_graph_features,exposure_80,severe,wcs_homogeneous,8,0.09265934448876466,0.16854054054054055,39.18,0.48,2223.18,646.9781678196155,7.3697818042516765,146.339358796483,1.0,0.5351351351351351
amazon,hgb_graph_features,exposure_80,severe,wcs_homogeneous,9,0.07568661251444633,0.20301075268817204,44.08,0.6,2218.38,645.3159143062136,7.388622128789998,146.71074860852022,1.0,0.4881720430107526
amazon,hgb_graph_features,exposure_80,severe,wcs_rand_deterministic,0,0.0,0.0,0.0,0.0,2216.0,636.1113744332866,7.363062952228585,146.20784379600275,1.0,0.4908108108108108
amazon,hgb_graph_features,exposure_80,severe,wcs_rand_deterministic,1,0.003887001425277009,0.045792349726775955,8.96,0.08,2218.3,623.8883514349446,7.3014330336764734,144.99239960514856,1.0,0.5409836065573771
amazon,hgb_graph_features,exposure_80,severe,wcs_rand_deterministic,2,0.0,0.0,0.0,0.0,2226.64,645.0213421502258,7.354781371215738,146.04468675135303,1.0,0.546448087431694
amazon,hgb_graph_features,exposure_80,severe,wcs_rand_deterministic,3,0.005045067397422604,0.04817204301075269,9.78,0.06,2212.58,637.3328513570253,7.365245994102637,146.25000894434595,1.0,0.5021505376344085
amazon,hgb_graph_features,exposure_80,severe,wcs_rand_deterministic,4,0.0,0.0,0.0,0.0,2221.76,665.1670882162539,7.440471033858699,147.73375993050698,1.0,0.4826086956521739
amazon,hgb_graph_features,exposure_80,severe,wcs_rand_deterministic,5,0.0,0.00010752688172043012,0.02,0.02,2227.2,637.1586151527549,7.297068822113796,144.90546583959383,1.0,0.5311827956989247
amazon,hgb_graph_features,exposure_80,severe,wcs_rand_deterministic,6,0.0,0.0,0.0,0.0,2213.36,631.6337758223488,7.358047036558198,146.10846426624414,1.0,0.4691489361702128
amazon,hgb_graph_features,exposure_80,severe,wcs_rand_deterministic,7,0.0006622516556291391,0.015614973262032086,3.02,0.02,2199.24,628.394998175652,7.394353192464573,146.8237117565539,1.0,0.4705882352941177
amazon,hgb_graph_features,exposure_80,severe,wcs_rand_deterministic,8,0.0,0.0,0.0,0.0,2223.18,646.9781678196155,7.3697818042516765,146.339358796483,1.0,0.5351351351351351
amazon,hgb_graph_features,exposure_80,severe,wcs_rand_deterministic,9,0.0,0.0,0.0,0.0,2218.38,645.3159143062136,7.388622128789998,146.71074860852022,1.0,0.4881720430107526
amazon,hgb_graph_features,exposure_80,severe,wcs_rand_homogeneous,0,0.11094529164260977,0.3545945945945946,79.82,0.68,2216.0,636.1113744332866,7.363062952228585,146.20784379600275,1.0,0.4908108108108108
amazon,hgb_graph_features,exposure_80,severe,wcs_rand_homogeneous,1,0.09202358398817158,0.3789071038251366,80.2,0.72,2218.3,623.8883514349446,7.3014330336764734,144.99239960514856,1.0,0.5409836065573771
amazon,hgb_graph_features,exposure_80,severe,wcs_rand_homogeneous,2,0.10243279157865517,0.3016393442622951,67.3,0.6,2226.64,645.0213421502258,7.354781371215738,146.04468675135303,1.0,0.546448087431694
amazon,hgb_graph_features,exposure_80,severe,wcs_rand_homogeneous,3,0.054693552785333326,0.3188172043010753,66.74,0.58,2212.58,637.3328513570253,7.365245994102637,146.25000894434595,1.0,0.5021505376344085
amazon,hgb_graph_features,exposure_80,severe,wcs_rand_homogeneous,4,0.0713958572105617,0.3194565217391304,67.14,0.66,2221.76,665.1670882162539,7.440471033858699,147.73375993050698,1.0,0.4826086956521739
amazon,hgb_graph_features,exposure_80,severe,wcs_rand_homogeneous,5,0.06884591809092981,0.26731182795698927,57.2,0.6,2227.2,637.1586151527549,7.297068822113796,144.90546583959383,1.0,0.5311827956989247
amazon,hgb_graph_features,exposure_80,severe,wcs_rand_homogeneous,6,0.062237232857720495,0.2908510638297872,62.36,0.58,2213.36,631.6337758223488,7.358047036558198,146.10846426624414,1.0,0.4691489361702128
amazon,hgb_graph_features,exposure_80,severe,wcs_rand_homogeneous,7,0.06557317582347494,0.3083422459893048,65.8,0.6,2199.24,628.394998175652,7.394353192464573,146.8237117565539,1.0,0.4705882352941177
amazon,hgb_graph_features,exposure_80,severe,wcs_rand_homogeneous,8,0.10789784042157834,0.35686486486486485,79.42,0.68,2223.18,646.9781678196155,7.3697818042516765,146.339358796483,1.0,0.5351351351351351
amazon,hgb_graph_features,exposure_80,severe,wcs_rand_homogeneous,9,0.09259221765184668,0.4160215053763441,88.7,0.82,2218.38,645.3159143062136,7.388622128789998,146.71074860852022,1.0,0.4881720430107526
amazon,hgb_graph_features,exposure_80,severe,weighted_bh,0,0.10232036078310366,0.5472432432432432,115.34,0.98,2216.0,636.1113744332866,7.363062952228585,146.20784379600275,1.0,0.4908108108108108
amazon,hgb_graph_features,exposure_80,severe,weighted_bh,1,0.06792540260870135,0.43868852459016394,88.92,0.96,2218.3,623.8883514349446,7.3014330336764734,144.99239960514856,1.0,0.5409836065573771
amazon,hgb_graph_features,exposure_80,severe,weighted_bh,2,0.10059513191529508,0.39147540983606555,81.02,1.0,2226.64,645.0213421502258,7.354781371215738,146.04468675135303,1.0,0.546448087431694
amazon,hgb_graph_features,exposure_80,severe,weighted_bh,3,0.07212565459915356,0.5709677419354839,117.12,1.0,2212.58,637.3328513570253,7.365245994102637,146.25000894434595,1.0,0.5021505376344085
amazon,hgb_graph_features,exposure_80,severe,weighted_bh,4,0.06831984441278137,0.41032608695652173,82.9,1.0,2221.76,665.1670882162539,7.440471033858699,147.73375993050698,1.0,0.4826086956521739
amazon,hgb_graph_features,exposure_80,severe,weighted_bh,5,0.07993055312672424,0.2820430107526882,57.96,0.96,2227.2,637.1586151527549,7.297068822113796,144.90546583959383,1.0,0.5311827956989247
amazon,hgb_graph_features,exposure_80,severe,weighted_bh,6,0.06168670442712578,0.4768085106382978,97.44,1.0,2213.36,631.6337758223488,7.358047036558198,146.10846426624414,1.0,0.4691489361702128
amazon,hgb_graph_features,exposure_80,severe,weighted_bh,7,0.08904502808543455,0.4444919786096257,92.62,1.0,2199.24,628.394998175652,7.394353192464573,146.8237117565539,1.0,0.4705882352941177
amazon,hgb_graph_features,exposure_80,severe,weighted_bh,8,0.09461049623311603,0.35329729729729725,73.96,0.96,2223.18,646.9781678196155,7.3697818042516765,146.339358796483,1.0,0.5351351351351351
amazon,hgb_graph_features,exposure_80,severe,weighted_bh,9,0.06951271024552909,0.4458064516129032,91.36,1.0,2218.38,645.3159143062136,7.388622128789998,146.71074860852022,1.0,0.4881720430107526
amazon,hgb_graph_features,exposure_80,severe,weighted_bh_rand,0,0.12276209015258534,0.7497297297297297,160.46,0.98,2216.0,636.1113744332866,7.363062952228585,146.20784379600275,1.0,0.4908108108108108
amazon,hgb_graph_features,exposure_80,severe,weighted_bh_rand,1,0.0978237023983343,0.7296174863387977,150.16,1.0,2218.3,623.8883514349446,7.3014330336764734,144.99239960514856,1.0,0.5409836065573771
amazon,hgb_graph_features,exposure_80,severe,weighted_bh_rand,2,0.12073651144675851,0.7460109289617486,156.9,1.0,2226.64,645.0213421502258,7.354781371215738,146.04468675135303,1.0,0.546448087431694
amazon,hgb_graph_features,exposure_80,severe,weighted_bh_rand,3,0.07940875265898467,0.7109677419354838,146.06,1.0,2212.58,637.3328513570253,7.365245994102637,146.25000894434595,1.0,0.5021505376344085
amazon,hgb_graph_features,exposure_80,severe,weighted_bh_rand,4,0.08215492015818347,0.661195652173913,134.76,1.0,2221.76,665.1670882162539,7.440471033858699,147.73375993050698,1.0,0.4826086956521739
amazon,hgb_graph_features,exposure_80,severe,weighted_bh_rand,5,0.08558944205391807,0.64752688172043,133.56,0.98,2227.2,637.1586151527549,7.297068822113796,144.90546583959383,1.0,0.5311827956989247
amazon,hgb_graph_features,exposure_80,severe,weighted_bh_rand,6,0.077142058260614,0.66,136.62,1.0,2213.36,631.6337758223488,7.358047036558198,146.10846426624414,1.0,0.4691489361702128
amazon,hgb_graph_features,exposure_80,severe,weighted_bh_rand,7,0.0922955071501594,0.7011764705882354,146.36,1.0,2199.24,628.394998175652,7.394353192464573,146.8237117565539,1.0,0.4705882352941177
amazon,hgb_graph_features,exposure_80,severe,weighted_bh_rand,8,0.11069475297046295,0.6598918918918919,140.36,0.98,2223.18,646.9781678196155,7.3697818042516765,146.339358796483,1.0,0.5351351351351351
amazon,hgb_graph_features,exposure_80,severe,weighted_bh_rand,9,0.08482071905910356,0.7007526881720431,144.6,1.0,2218.38,645.3159143062136,7.388622128789998,146.71074860852022,1.0,0.4881720430107526
amazon,hgb_graph_features,exposure_80,severe,weighted_by,0,0.0,0.0,0.0,0.0,2216.0,636.1113744332866,7.363062952228585,146.20784379600275,1.0,0.4908108108108108
amazon,hgb_graph_features,exposure_80,severe,weighted_by,1,0.0016393442622950817,0.006120218579234973,1.22,0.02,2218.3,623.8883514349446,7.3014330336764734,144.99239960514856,1.0,0.5409836065573771
amazon,hgb_graph_features,exposure_80,severe,weighted_by,2,0.0,0.0,0.0,0.0,2226.64,645.0213421502258,7.354781371215738,146.04468675135303,1.0,0.546448087431694
amazon,hgb_graph_features,exposure_80,severe,weighted_by,3,0.006041404698121116,0.03978494623655914,7.8,0.12,2212.58,637.3328513570253,7.365245994102637,146.25000894434595,1.0,0.5021505376344085
amazon,hgb_graph_features,exposure_80,severe,weighted_by,4,0.0009523809523809524,0.006521739130434783,1.26,0.02,2221.76,665.1670882162539,7.440471033858699,147.73375993050698,1.0,0.4826086956521739
amazon,hgb_graph_features,exposure_80,severe,weighted_by,5,0.0,0.0,0.0,0.0,2227.2,637.1586151527549,7.297068822113796,144.90546583959383,1.0,0.5311827956989247
amazon,hgb_graph_features,exposure_80,severe,weighted_by,6,0.0,0.0,0.0,0.0,2213.36,631.6337758223488,7.358047036558198,146.10846426624414,1.0,0.4691489361702128
amazon,hgb_graph_features,exposure_80,severe,weighted_by,7,0.0013333333333333333,0.0074866310160427805,1.5,0.02,2199.24,628.394998175652,7.394353192464573,146.8237117565539,1.0,0.4705882352941177
amazon,hgb_graph_features,exposure_80,severe,weighted_by,8,0.002105263157894737,0.005513513513513514,1.14,0.02,2223.18,646.9781678196155,7.3697818042516765,146.339358796483,1.0,0.5351351351351351
amazon,hgb_graph_features,exposure_80,severe,weighted_by,9,0.0,0.0,0.0,0.0,2218.38,645.3159143062136,7.388622128789998,146.71074860852022,1.0,0.4881720430107526
amazon,hgb_graph_features,zero_exposure,moderate,equal_alpha,0,0.05481014429176834,0.4812972972972973,94.14,0.94,1318.12,753.783728804786,7.36844494112657,36.78637926359171,1.0,0.6205405405405405
amazon,hgb_graph_features,zero_exposure,moderate,equal_alpha,1,0.05762819647868371,0.5440437158469945,106.02,1.0,1227.76,718.9256077345322,7.357036659484124,36.72952832774213,1.0,0.698360655737705
amazon,hgb_graph_features,zero_exposure,moderate,equal_alpha,2,0.05433996946089811,0.5185792349726777,101.32,0.92,1317.1,754.6327154853358,7.323094219935613,36.56032102184188,1.0,0.684153005464481
amazon,hgb_graph_features,zero_exposure,moderate,equal_alpha,3,0.0417892034713934,0.5012903225806451,98.14,1.0,1317.24,751.8782657521597,7.42360801070572,37.06134591426214,1.0,0.6236559139784946
amazon,hgb_graph_features,zero_exposure,moderate,equal_alpha,4,0.05065908890834209,0.49163043478260865,95.74,1.0,1318.64,751.7339041214806,7.442076797451718,37.153441224976305,1.0,0.633695652173913
amazon,hgb_graph_features,zero_exposure,moderate,equal_alpha,5,0.04717131795058264,0.38806451612903226,75.74,1.0,1249.9,727.4016296082891,7.355018932337455,36.71945736220691,1.0,0.6860215053763441
amazon,hgb_graph_features,zero_exposure,moderate,equal_alpha,6,0.03928390920132545,0.44308510638297877,87.04,1.0,1441.7,807.3812950299867,7.387629319574172,36.882026753374745,1.0,0.5691489361702128
amazon,hgb_graph_features,zero_exposure,moderate,equal_alpha,7,0.04407757737603408,0.4360427807486631,86.64,0.88,1249.66,725.8253485400244,7.395503912077412,36.92124111799683,1.0,0.6032085561497326
amazon,hgb_graph_features,zero_exposure,moderate,equal_alpha,8,0.05002041603230782,0.3290810810810811,65.38,0.8,1278.64,737.6178884831231,7.378238404655715,36.835168259052836,1.0,0.6508108108108108
amazon,hgb_graph_features,zero_exposure,moderate,equal_alpha,9,0.035495599260728414,0.5264516129032258,102.28,1.0,1340.22,761.8942868793015,7.396722784573089,36.92733136135524,1.0,0.589247311827957
amazon,hgb_graph_features,zero_exposure,moderate,pooled_reference,0,0.09224520798467378,0.7914594594594595,161.94,1.0,1318.12,753.783728804786,7.36844494112657,36.78637926359171,1.0,0.6205405405405405
amazon,hgb_graph_features,zero_exposure,moderate,pooled_reference,1,0.09567337729639108,0.799672131147541,162.26,1.0,1227.76,718.9256077345322,7.357036659484124,36.72952832774213,1.0,0.698360655737705
amazon,hgb_graph_features,zero_exposure,moderate,pooled_reference,2,0.0968998468836367,0.7668852459016393,155.64,1.0,1317.1,754.6327154853358,7.323094219935613,36.56032102184188,1.0,0.684153005464481
amazon,hgb_graph_features,zero_exposure,moderate,pooled_reference,3,0.07087482346920691,0.8175268817204301,163.86,1.0,1317.24,751.8782657521597,7.42360801070572,37.06134591426214,1.0,0.6236559139784946
amazon,hgb_graph_features,zero_exposure,moderate,pooled_reference,4,0.07664089258564782,0.7609782608695652,151.78,1.0,1318.64,751.7339041214806,7.442076797451718,37.153441224976305,1.0,0.633695652173913
amazon,hgb_graph_features,zero_exposure,moderate,pooled_reference,5,0.07675882216919176,0.7452688172043012,150.42,1.0,1249.9,727.4016296082891,7.355018932337455,36.71945736220691,1.0,0.6860215053763441
amazon,hgb_graph_features,zero_exposure,moderate,pooled_reference,6,0.06196897019886069,0.7614893617021277,152.7,1.0,1441.7,807.3812950299867,7.387629319574172,36.882026753374745,1.0,0.5691489361702128
amazon,hgb_graph_features,zero_exposure,moderate,pooled_reference,7,0.08147514795582822,0.7834224598930482,159.72,1.0,1249.66,725.8253485400244,7.395503912077412,36.92124111799683,1.0,0.6032085561497326
amazon,hgb_graph_features,zero_exposure,moderate,pooled_reference,8,0.09194109946576512,0.7617297297297297,155.7,1.0,1278.64,737.6178884831231,7.378238404655715,36.835168259052836,1.0,0.6508108108108108
amazon,hgb_graph_features,zero_exposure,moderate,pooled_reference,9,0.07674136926518832,0.7933333333333333,160.24,1.0,1340.22,761.8942868793015,7.396722784573089,36.92733136135524,1.0,0.589247311827957
amazon,hgb_graph_features,zero_exposure,moderate,pooled_stratum,0,0.10661891675740068,0.7929729729729731,165.04,1.0,1318.12,753.783728804786,7.36844494112657,36.78637926359171,1.0,0.6205405405405405
amazon,hgb_graph_features,zero_exposure,moderate,pooled_stratum,1,0.0803648139019367,0.7536612021857924,150.76,1.0,1227.76,718.9256077345322,7.357036659484124,36.72952832774213,1.0,0.698360655737705
amazon,hgb_graph_features,zero_exposure,moderate,pooled_stratum,2,0.09179828990331679,0.7468852459016394,151.54,0.98,1317.1,754.6327154853358,7.323094219935613,36.56032102184188,1.0,0.684153005464481
amazon,hgb_graph_features,zero_exposure,moderate,pooled_stratum,3,0.06568382507742658,0.7795698924731183,155.74,1.0,1317.24,751.8782657521597,7.42360801070572,37.06134591426214,1.0,0.6236559139784946
amazon,hgb_graph_features,zero_exposure,moderate,pooled_stratum,4,0.07227828216252939,0.7191304347826087,143.02,1.0,1318.64,751.7339041214806,7.442076797451718,37.153441224976305,1.0,0.633695652173913
amazon,hgb_graph_features,zero_exposure,moderate,pooled_stratum,5,0.0787502879236283,0.6797849462365592,138.0,1.0,1249.9,727.4016296082891,7.355018932337455,36.71945736220691,1.0,0.6860215053763441
amazon,hgb_graph_features,zero_exposure,moderate,pooled_stratum,6,0.06858887817828732,0.7002127659574469,142.28,1.0,1441.7,807.3812950299867,7.387629319574172,36.882026753374745,1.0,0.5691489361702128
amazon,hgb_graph_features,zero_exposure,moderate,pooled_stratum,7,0.07704529299825677,0.747379679144385,152.22,0.98,1249.66,725.8253485400244,7.395503912077412,36.92124111799683,1.0,0.6032085561497326
amazon,hgb_graph_features,zero_exposure,moderate,pooled_stratum,8,0.0914510464463128,0.7152432432432433,146.58,0.98,1278.64,737.6178884831231,7.378238404655715,36.835168259052836,1.0,0.6508108108108108
amazon,hgb_graph_features,zero_exposure,moderate,pooled_stratum,9,0.07622892534771701,0.7566666666666667,153.4,1.0,1340.22,761.8942868793015,7.396722784573089,36.92733136135524,1.0,0.589247311827957
amazon,hgb_graph_features,zero_exposure,moderate,size_alpha,0,0.041633612235905997,0.5184864864864864,100.48,1.0,1318.12,753.783728804786,7.36844494112657,36.78637926359171,1.0,0.6205405405405405
amazon,hgb_graph_features,zero_exposure,moderate,size_alpha,1,0.061012515305872324,0.5370491803278689,105.62,1.0,1227.76,718.9256077345322,7.357036659484124,36.72952832774213,1.0,0.698360655737705
amazon,hgb_graph_features,zero_exposure,moderate,size_alpha,2,0.06294648654181444,0.4939890710382514,97.46,0.96,1317.1,754.6327154853358,7.323094219935613,36.56032102184188,1.0,0.684153005464481
amazon,hgb_graph_features,zero_exposure,moderate,size_alpha,3,0.0346401330922075,0.5267741935483872,102.46,0.98,1317.24,751.8782657521597,7.42360801070572,37.06134591426214,1.0,0.6236559139784946
amazon,hgb_graph_features,zero_exposure,moderate,size_alpha,4,0.04036506710425855,0.4755434782608696,92.08,0.92,1318.64,751.7339041214806,7.442076797451718,37.153441224976305,1.0,0.633695652173913
amazon,hgb_graph_features,zero_exposure,moderate,size_alpha,5,0.04552087514241209,0.42354838709677417,82.52,0.98,1249.9,727.4016296082891,7.355018932337455,36.71945736220691,1.0,0.6860215053763441
amazon,hgb_graph_features,zero_exposure,moderate,size_alpha,6,0.034418514530416465,0.4654255319148936,91.0,1.0,1441.7,807.3812950299867,7.387629319574172,36.882026753374745,1.0,0.5691489361702128
amazon,hgb_graph_features,zero_exposure,moderate,size_alpha,7,0.04028500879833314,0.3431016042780749,68.68,0.68,1249.66,725.8253485400244,7.395503912077412,36.92124111799683,1.0,0.6032085561497326
amazon,hgb_graph_features,zero_exposure,moderate,size_alpha,8,0.04435478248200875,0.3635675675675676,71.34,0.84,1278.64,737.6178884831231,7.378238404655715,36.835168259052836,1.0,0.6508108108108108
amazon,hgb_graph_features,zero_exposure,moderate,size_alpha,9,0.035178006242035036,0.5436559139784947,105.64,1.0,1340.22,761.8942868793015,7.396722784573089,36.92733136135524,1.0,0.589247311827957
amazon,hgb_graph_features,zero_exposure,moderate,wcs_deterministic,0,0.019518378039745342,0.15935135135135137,32.94,0.2,1318.12,753.783728804786,7.36844494112657,36.78637926359171,1.0,0.6205405405405405
amazon,hgb_graph_features,zero_exposure,moderate,wcs_deterministic,1,0.03836368888059154,0.36076502732240434,72.32,0.46,1227.76,718.9256077345322,7.357036659484124,36.72952832774213,1.0,0.698360655737705
amazon,hgb_graph_features,zero_exposure,moderate,wcs_deterministic,2,0.029306992756136928,0.19060109289617486,39.78,0.24,1317.1,754.6327154853358,7.323094219935613,36.56032102184188,1.0,0.684153005464481
amazon,hgb_graph_features,zero_exposure,moderate,wcs_deterministic,3,0.028056862977697102,0.28397849462365593,57.64,0.34,1317.24,751.8782657521597,7.42360801070572,37.06134591426214,1.0,0.6236559139784946
amazon,hgb_graph_features,zero_exposure,moderate,wcs_deterministic,4,0.027184138286215243,0.27597826086956523,55.0,0.36,1318.64,751.7339041214806,7.442076797451718,37.153441224976305,1.0,0.633695652173913
amazon,hgb_graph_features,zero_exposure,moderate,wcs_deterministic,5,0.018357390006849893,0.15526881720430108,31.9,0.2,1249.9,727.4016296082891,7.355018932337455,36.71945736220691,1.0,0.6860215053763441
amazon,hgb_graph_features,zero_exposure,moderate,wcs_deterministic,6,0.012219594629270388,0.13585106382978723,27.46,0.18,1441.7,807.3812950299867,7.387629319574172,36.882026753374745,1.0,0.5691489361702128
amazon,hgb_graph_features,zero_exposure,moderate,wcs_deterministic,7,0.020408205022943125,0.20224598930481286,41.1,0.26,1249.66,725.8253485400244,7.395503912077412,36.92124111799683,1.0,0.6032085561497326
amazon,hgb_graph_features,zero_exposure,moderate,wcs_deterministic,8,0.022305190272805694,0.13891891891891892,29.52,0.18,1278.64,737.6178884831231,7.378238404655715,36.835168259052836,1.0,0.6508108108108108
amazon,hgb_graph_features,zero_exposure,moderate,wcs_deterministic,9,0.039922470754644605,0.33698924731182794,69.38,0.42,1340.22,761.8942868793015,7.396722784573089,36.92733136135524,1.0,0.589247311827957
amazon,hgb_graph_features,zero_exposure,moderate,wcs_homogeneous,0,0.11545395443450586,0.8015135135135135,168.38,1.0,1318.12,753.783728804786,7.36844494112657,36.78637926359171,1.0,0.6205405405405405
amazon,hgb_graph_features,zero_exposure,moderate,wcs_homogeneous,1,0.08408649906840834,0.7830601092896176,157.02,1.0,1227.76,718.9256077345322,7.357036659484124,36.72952832774213,1.0,0.698360655737705
amazon,hgb_graph_features,zero_exposure,moderate,wcs_homogeneous,2,0.11000378320724376,0.7473224043715847,154.92,0.96,1317.1,754.6327154853358,7.323094219935613,36.56032102184188,1.0,0.684153005464481
amazon,hgb_graph_features,zero_exposure,moderate,wcs_homogeneous,3,0.06455940786060356,0.7456989247311828,149.54,0.94,1317.24,751.8782657521597,7.42360801070572,37.06134591426214,1.0,0.6236559139784946
amazon,hgb_graph_features,zero_exposure,moderate,wcs_homogeneous,4,0.07949617218442827,0.7329347826086956,147.44,0.96,1318.64,751.7339041214806,7.442076797451718,37.153441224976305,1.0,0.633695652173913
amazon,hgb_graph_features,zero_exposure,moderate,wcs_homogeneous,5,0.08212706715521685,0.6997849462365592,142.86,0.96,1249.9,727.4016296082891,7.355018932337455,36.71945736220691,1.0,0.6860215053763441
amazon,hgb_graph_features,zero_exposure,moderate,wcs_homogeneous,6,0.0731027689434352,0.7397872340425532,150.74,0.98,1441.7,807.3812950299867,7.387629319574172,36.882026753374745,1.0,0.5691489361702128
amazon,hgb_graph_features,zero_exposure,moderate,wcs_homogeneous,7,0.08027103051386161,0.7500534759358288,153.58,0.96,1249.66,725.8253485400244,7.395503912077412,36.92124111799683,1.0,0.6032085561497326
amazon,hgb_graph_features,zero_exposure,moderate,wcs_homogeneous,8,0.09691193457453821,0.7375135135135135,152.42,0.98,1278.64,737.6178884831231,7.378238404655715,36.835168259052836,1.0,0.6508108108108108
amazon,hgb_graph_features,zero_exposure,moderate,wcs_homogeneous,9,0.08260278761421716,0.7784946236559139,158.66,1.0,1340.22,761.8942868793015,7.396722784573089,36.92733136135524,1.0,0.589247311827957
amazon,hgb_graph_features,zero_exposure,moderate,wcs_rand_deterministic,0,0.034255164996733284,0.2585945945945946,53.9,0.32,1318.12,753.783728804786,7.36844494112657,36.78637926359171,1.0,0.6205405405405405
amazon,hgb_graph_features,zero_exposure,moderate,wcs_rand_deterministic,1,0.051822135422999877,0.4873224043715847,97.64,0.62,1227.76,718.9256077345322,7.357036659484124,36.72952832774213,1.0,0.698360655737705
amazon,hgb_graph_features,zero_exposure,moderate,wcs_rand_deterministic,2,0.04428855384958047,0.28469945355191256,59.58,0.36,1317.1,754.6327154853358,7.323094219935613,36.56032102184188,1.0,0.684153005464481
amazon,hgb_graph_features,zero_exposure,moderate,wcs_rand_deterministic,3,0.04793654772466252,0.4780645161290322,97.1,0.58,1317.24,751.8782657521597,7.42360801070572,37.06134591426214,1.0,0.6236559139784946
amazon,hgb_graph_features,zero_exposure,moderate,wcs_rand_deterministic,4,0.04852239615797248,0.44630434782608697,89.8,0.58,1318.64,751.7339041214806,7.442076797451718,37.153441224976305,1.0,0.633695652173913
amazon,hgb_graph_features,zero_exposure,moderate,wcs_rand_deterministic,5,0.034730975436868865,0.30870967741935484,63.04,0.4,1249.9,727.4016296082891,7.355018932337455,36.71945736220691,1.0,0.6860215053763441
amazon,hgb_graph_features,zero_exposure,moderate,wcs_rand_deterministic,6,0.03426681365502855,0.3079787234042553,63.5,0.4,1441.7,807.3812950299867,7.387629319574172,36.882026753374745,1.0,0.5691489361702128
amazon,hgb_graph_features,zero_exposure,moderate,wcs_rand_deterministic,7,0.04373129170454102,0.40609625668449195,83.1,0.52,1249.66,725.8253485400244,7.395503912077412,36.92124111799683,1.0,0.6032085561497326
amazon,hgb_graph_features,zero_exposure,moderate,wcs_rand_deterministic,8,0.03777871453162341,0.2505945945945946,52.86,0.32,1278.64,737.6178884831231,7.378238404655715,36.835168259052836,1.0,0.6508108108108108
amazon,hgb_graph_features,zero_exposure,moderate,wcs_rand_deterministic,9,0.062211321514160804,0.5282795698924732,108.8,0.66,1340.22,761.8942868793015,7.396722784573089,36.92733136135524,1.0,0.589247311827957
amazon,hgb_graph_features,zero_exposure,moderate,wcs_rand_homogeneous,0,0.12303643704562464,0.8092972972972973,171.54,1.0,1318.12,753.783728804786,7.36844494112657,36.78637926359171,1.0,0.6205405405405405
amazon,hgb_graph_features,zero_exposure,moderate,wcs_rand_homogeneous,1,0.08749335688089997,0.7866666666666667,158.32,1.0,1227.76,718.9256077345322,7.357036659484124,36.72952832774213,1.0,0.698360655737705
amazon,hgb_graph_features,zero_exposure,moderate,wcs_rand_homogeneous,2,0.11559366124250023,0.7539890710382514,157.34,0.96,1317.1,754.6327154853358,7.323094219935613,36.56032102184188,1.0,0.684153005464481
amazon,hgb_graph_features,zero_exposure,moderate,wcs_rand_homogeneous,3,0.06907660402590875,0.7791397849462366,156.58,0.98,1317.24,751.8782657521597,7.42360801070572,37.06134591426214,1.0,0.6236559139784946
amazon,hgb_graph_features,zero_exposure,moderate,wcs_rand_homogeneous,4,0.08446051998072836,0.7372826086956522,149.14,0.96,1318.64,751.7339041214806,7.442076797451718,37.153441224976305,1.0,0.633695652173913
amazon,hgb_graph_features,zero_exposure,moderate,wcs_rand_homogeneous,5,0.08944477291307615,0.7381720430107527,151.42,1.0,1249.9,727.4016296082891,7.355018932337455,36.71945736220691,1.0,0.6860215053763441
amazon,hgb_graph_features,zero_exposure,moderate,wcs_rand_homogeneous,6,0.0761757626734624,0.7611702127659575,155.38,1.0,1441.7,807.3812950299867,7.387629319574172,36.882026753374745,1.0,0.5691489361702128
amazon,hgb_graph_features,zero_exposure,moderate,wcs_rand_homogeneous,7,0.08799828381940532,0.7705882352941177,158.86,0.98,1249.66,725.8253485400244,7.395503912077412,36.92124111799683,1.0,0.6032085561497326
amazon,hgb_graph_features,zero_exposure,moderate,wcs_rand_homogeneous,8,0.10494463906816132,0.7609729729729731,158.24,1.0,1278.64,737.6178884831231,7.378238404655715,36.835168259052836,1.0,0.6508108108108108
amazon,hgb_graph_features,zero_exposure,moderate,wcs_rand_homogeneous,9,0.08604316589373433,0.7834408602150538,160.22,1.0,1340.22,761.8942868793015,7.396722784573089,36.92733136135524,1.0,0.589247311827957
amazon,hgb_graph_features,zero_exposure,moderate,weighted_bh,0,0.11163615970865677,0.8016216216216216,167.74,1.0,1318.12,753.783728804786,7.36844494112657,36.78637926359171,1.0,0.6205405405405405
amazon,hgb_graph_features,zero_exposure,moderate,weighted_bh,1,0.0832143439973271,0.7815300546448087,156.56,1.0,1227.76,718.9256077345322,7.357036659484124,36.72952832774213,1.0,0.698360655737705
amazon,hgb_graph_features,zero_exposure,moderate,weighted_bh,2,0.11023314964404635,0.77551912568306,160.08,1.0,1317.1,754.6327154853358,7.323094219935613,36.56032102184188,1.0,0.684153005464481
amazon,hgb_graph_features,zero_exposure,moderate,weighted_bh,3,0.06745038184631681,0.7872043010752688,157.78,1.0,1317.24,751.8782657521597,7.42360801070572,37.06134591426214,1.0,0.6236559139784946
amazon,hgb_graph_features,zero_exposure,moderate,weighted_bh,4,0.07987874901145264,0.7465217391304348,150.02,1.0,1318.64,751.7339041214806,7.442076797451718,37.153441224976305,1.0,0.633695652173913
amazon,hgb_graph_features,zero_exposure,moderate,weighted_bh,5,0.08334992605577654,0.7209677419354839,147.16,0.98,1249.9,727.4016296082891,7.355018932337455,36.71945736220691,1.0,0.6860215053763441
amazon,hgb_graph_features,zero_exposure,moderate,weighted_bh,6,0.07268722146007248,0.7496808510638298,152.52,1.0,1441.7,807.3812950299867,7.387629319574172,36.882026753374745,1.0,0.5691489361702128
amazon,hgb_graph_features,zero_exposure,moderate,weighted_bh,7,0.08136932347729725,0.7761497326203208,158.58,1.0,1249.66,725.8253485400244,7.395503912077412,36.92124111799683,1.0,0.6032085561497326
amazon,hgb_graph_features,zero_exposure,moderate,weighted_bh,8,0.09757947556621911,0.7514594594594596,155.04,1.0,1278.64,737.6178884831231,7.378238404655715,36.835168259052836,1.0,0.6508108108108108
amazon,hgb_graph_features,zero_exposure,moderate,weighted_bh,9,0.08248294478128372,0.7773118279569893,158.42,1.0,1340.22,761.8942868793015,7.396722784573089,36.92733136135524,1.0,0.589247311827957
amazon,hgb_graph_features,zero_exposure,moderate,weighted_bh_rand,0,0.12116308524116844,0.809945945945946,171.32,1.0,1318.12,753.783728804786,7.36844494112657,36.78637926359171,1.0,0.6205405405405405
amazon,hgb_graph_features,zero_exposure,moderate,weighted_bh_rand,1,0.08709869043296281,0.787103825136612,158.32,1.0,1227.76,718.9256077345322,7.357036659484124,36.72952832774213,1.0,0.698360655737705
amazon,hgb_graph_features,zero_exposure,moderate,weighted_bh_rand,2,0.11618036066113219,0.7837158469945354,162.84,1.0,1317.1,754.6327154853358,7.323094219935613,36.56032102184188,1.0,0.684153005464481
amazon,hgb_graph_features,zero_exposure,moderate,weighted_bh_rand,3,0.07223533797249097,0.7988172043010754,160.82,1.0,1317.24,751.8782657521597,7.42360801070572,37.06134591426214,1.0,0.6236559139784946
amazon,hgb_graph_features,zero_exposure,moderate,weighted_bh_rand,4,0.08404779218995176,0.7534782608695652,152.08,1.0,1318.64,751.7339041214806,7.442076797451718,37.153441224976305,1.0,0.633695652173913
amazon,hgb_graph_features,zero_exposure,moderate,weighted_bh_rand,5,0.08875297155986887,0.7438709677419355,152.52,1.0,1249.9,727.4016296082891,7.355018932337455,36.71945736220691,1.0,0.6860215053763441
amazon,hgb_graph_features,zero_exposure,moderate,weighted_bh_rand,6,0.0754004347479189,0.765,155.96,1.0,1441.7,807.3812950299867,7.387629319574172,36.882026753374745,1.0,0.5691489361702128
amazon,hgb_graph_features,zero_exposure,moderate,weighted_bh_rand,7,0.08881911365914417,0.7823529411764706,161.18,1.0,1249.66,725.8253485400244,7.395503912077412,36.92124111799683,1.0,0.6032085561497326
amazon,hgb_graph_features,zero_exposure,moderate,weighted_bh_rand,8,0.10477144487898257,0.7658378378378379,159.18,1.0,1278.64,737.6178884831231,7.378238404655715,36.835168259052836,1.0,0.6508108108108108
amazon,hgb_graph_features,zero_exposure,moderate,weighted_bh_rand,9,0.08607755424864019,0.7821505376344087,160.0,1.0,1340.22,761.8942868793015,7.396722784573089,36.92733136135524,1.0,0.589247311827957
amazon,hgb_graph_features,zero_exposure,moderate,weighted_by,0,0.0,0.0,0.0,0.0,1318.12,753.783728804786,7.36844494112657,36.78637926359171,1.0,0.6205405405405405
amazon,hgb_graph_features,zero_exposure,moderate,weighted_by,1,0.0,0.0,0.0,0.0,1227.76,718.9256077345322,7.357036659484124,36.72952832774213,1.0,0.698360655737705
amazon,hgb_graph_features,zero_exposure,moderate,weighted_by,2,0.0,0.0,0.0,0.0,1317.1,754.6327154853358,7.323094219935613,36.56032102184188,1.0,0.684153005464481
amazon,hgb_graph_features,zero_exposure,moderate,weighted_by,3,0.0003278688524590164,0.0064516129032258064,1.22,0.02,1317.24,751.8782657521597,7.42360801070572,37.06134591426214,1.0,0.6236559139784946
amazon,hgb_graph_features,zero_exposure,moderate,weighted_by,4,0.0,0.0,0.0,0.0,1318.64,751.7339041214806,7.442076797451718,37.153441224976305,1.0,0.633695652173913
amazon,hgb_graph_features,zero_exposure,moderate,weighted_by,5,0.0,0.0,0.0,0.0,1249.9,727.4016296082891,7.355018932337455,36.71945736220691,1.0,0.6860215053763441
amazon,hgb_graph_features,zero_exposure,moderate,weighted_by,6,0.0,0.0,0.0,0.0,1441.7,807.3812950299867,7.387629319574172,36.882026753374745,1.0,0.5691489361702128
amazon,hgb_graph_features,zero_exposure,moderate,weighted_by,7,0.001016949152542373,0.005989304812834224,1.18,0.02,1249.66,725.8253485400244,7.395503912077412,36.92124111799683,1.0,0.6032085561497326
amazon,hgb_graph_features,zero_exposure,moderate,weighted_by,8,0.0,0.0,0.0,0.0,1278.64,737.6178884831231,7.378238404655715,36.835168259052836,1.0,0.6508108108108108
amazon,hgb_graph_features,zero_exposure,moderate,weighted_by,9,0.0,0.0,0.0,0.0,1340.22,761.8942868793015,7.396722784573089,36.92733136135524,1.0,0.589247311827957
amazon,hgb_graph_features,zero_exposure,neutral,equal_alpha,0,0.04804599566631792,0.6512432432432432,126.62,1.0,2640.02,2640.02,7.362152445012349,7.362152445012349,1.0,0.6205405405405405
amazon,hgb_graph_features,zero_exposure,neutral,equal_alpha,1,0.0513988067268846,0.6954098360655737,134.44,1.0,2642.92,2642.92,7.354225776727902,7.354225776727902,1.0,0.698360655737705
amazon,hgb_graph_features,zero_exposure,neutral,equal_alpha,2,0.0637101192827087,0.6481967213114754,126.82,1.0,2644.44,2644.44,7.349976085289562,7.349976085289562,1.0,0.684153005464481
amazon,hgb_graph_features,zero_exposure,neutral,equal_alpha,3,0.03680255817622899,0.6811827956989248,132.12,1.0,2633.38,2633.38,7.380518556225116,7.380518556225116,1.0,0.6236559139784946
amazon,hgb_graph_features,zero_exposure,neutral,equal_alpha,4,0.04537870545217508,0.639891304347826,123.3,1.0,2637.28,2637.28,7.370233767228159,7.370233767228159,1.0,0.633695652173913
amazon,hgb_graph_features,zero_exposure,neutral,equal_alpha,5,0.046618097235048464,0.5965591397849462,116.62,1.0,2645.1,2645.1,7.348172164814602,7.348172164814602,1.0,0.6860215053763441
amazon,hgb_graph_features,zero_exposure,neutral,equal_alpha,6,0.037821500508446466,0.6256382978723404,122.24,1.0,2636.14,2636.14,7.372662492765529,7.372662492765529,1.0,0.5691489361702128
amazon,hgb_graph_features,zero_exposure,neutral,equal_alpha,7,0.04677663385499486,0.6195721925133689,121.68,1.0,2628.12,2628.12,7.3923190280664155,7.3923190280664155,1.0,0.6032085561497326
amazon,hgb_graph_features,zero_exposure,neutral,equal_alpha,8,0.035859582156370064,0.5697297297297298,109.8,1.0,2635.88,2635.88,7.370112978283829,7.370112978283829,1.0,0.6508108108108108
amazon,hgb_graph_features,zero_exposure,neutral,equal_alpha,9,0.040659937954560944,0.6655913978494624,129.56,1.0,2632.18,2632.18,7.380203435879367,7.380203435879367,1.0,0.589247311827957
amazon,hgb_graph_features,zero_exposure,neutral,pooled_reference,0,0.11753374036744715,0.8162162162162163,171.4,1.0,2640.02,2640.02,7.362152445012349,7.362152445012349,1.0,0.6205405405405405
amazon,hgb_graph_features,zero_exposure,neutral,pooled_reference,1,0.09154283294995151,0.7963934426229509,160.82,1.0,2642.92,2642.92,7.354225776727902,7.354225776727902,1.0,0.698360655737705
amazon,hgb_graph_features,zero_exposure,neutral,pooled_reference,2,0.12211104987025052,0.7898360655737704,164.84,1.0,2644.44,2644.44,7.349976085289562,7.349976085289562,1.0,0.684153005464481
amazon,hgb_graph_features,zero_exposure,neutral,pooled_reference,3,0.06651892708562172,0.8161290322580644,162.92,1.0,2633.38,2633.38,7.380518556225116,7.380518556225116,1.0,0.6236559139784946
amazon,hgb_graph_features,zero_exposure,neutral,pooled_reference,4,0.07787852604259032,0.7636956521739131,152.54,1.0,2637.28,2637.28,7.370233767228159,7.370233767228159,1.0,0.633695652173913
amazon,hgb_graph_features,zero_exposure,neutral,pooled_reference,5,0.0858633851644867,0.7640860215053763,155.68,1.0,2645.1,2645.1,7.348172164814602,7.348172164814602,1.0,0.6860215053763441
amazon,hgb_graph_features,zero_exposure,neutral,pooled_reference,6,0.06821553999924572,0.77,155.46,1.0,2636.14,2636.14,7.372662492765529,7.372662492765529,1.0,0.5691489361702128
amazon,hgb_graph_features,zero_exposure,neutral,pooled_reference,7,0.08651241420686344,0.7917647058823529,162.28,1.0,2628.12,2628.12,7.3923190280664155,7.3923190280664155,1.0,0.6032085561497326
amazon,hgb_graph_features,zero_exposure,neutral,pooled_reference,8,0.10162199308969341,0.7796756756756758,160.7,1.0,2635.88,2635.88,7.370112978283829,7.370112978283829,1.0,0.6508108108108108
amazon,hgb_graph_features,zero_exposure,neutral,pooled_reference,9,0.08659205470807173,0.8026881720430107,163.86,1.0,2632.18,2632.18,7.380203435879367,7.380203435879367,1.0,0.589247311827957
amazon,hgb_graph_features,zero_exposure,neutral,pooled_stratum,0,0.11068245457098479,0.8060540540540541,167.96,1.0,2640.02,2640.02,7.362152445012349,7.362152445012349,1.0,0.6205405405405405
amazon,hgb_graph_features,zero_exposure,neutral,pooled_stratum,1,0.09048413667144814,0.7927868852459017,159.84,1.0,2642.92,2642.92,7.354225776727902,7.354225776727902,1.0,0.698360655737705
amazon,hgb_graph_features,zero_exposure,neutral,pooled_stratum,2,0.1131239592184693,0.792568306010929,163.78,1.0,2644.44,2644.44,7.349976085289562,7.349976085289562,1.0,0.684153005464481
amazon,hgb_graph_features,zero_exposure,neutral,pooled_stratum,3,0.06993549657029569,0.8135483870967742,162.88,1.0,2633.38,2633.38,7.380518556225116,7.380518556225116,1.0,0.6236559139784946
amazon,hgb_graph_features,zero_exposure,neutral,pooled_stratum,4,0.07668158262863528,0.7605434782608695,151.74,1.0,2637.28,2637.28,7.370233767228159,7.370233767228159,1.0,0.633695652173913
amazon,hgb_graph_features,zero_exposure,neutral,pooled_stratum,5,0.0806145720504834,0.7538709677419355,152.76,1.0,2645.1,2645.1,7.348172164814602,7.348172164814602,1.0,0.6860215053763441
amazon,hgb_graph_features,zero_exposure,neutral,pooled_stratum,6,0.0700264002805696,0.7659574468085107,155.02,1.0,2636.14,2636.14,7.372662492765529,7.372662492765529,1.0,0.5691489361702128
amazon,hgb_graph_features,zero_exposure,neutral,pooled_stratum,7,0.08425163689371232,0.7840641711229946,160.24,1.0,2628.12,2628.12,7.3923190280664155,7.3923190280664155,1.0,0.6032085561497326
amazon,hgb_graph_features,zero_exposure,neutral,pooled_stratum,8,0.09362642552970195,0.765945945945946,156.6,1.0,2635.88,2635.88,7.370112978283829,7.370112978283829,1.0,0.6508108108108108
amazon,hgb_graph_features,zero_exposure,neutral,pooled_stratum,9,0.09057613171122442,0.7963440860215054,163.46,1.0,2632.18,2632.18,7.380203435879367,7.380203435879367,1.0,0.589247311827957
amazon,hgb_graph_features,zero_exposure,neutral,size_alpha,0,0.050838087659595396,0.5836756756756757,113.9,1.0,2640.02,2640.02,7.362152445012349,7.362152445012349,1.0,0.6205405405405405
amazon,hgb_graph_features,zero_exposure,neutral,size_alpha,1,0.061025374901355484,0.7052459016393442,137.56,1.0,2642.92,2642.92,7.354225776727902,7.354225776727902,1.0,0.698360655737705
amazon,hgb_graph_features,zero_exposure,neutral,size_alpha,2,0.08356051215061157,0.606448087431694,121.18,1.0,2644.44,2644.44,7.349976085289562,7.349976085289562,1.0,0.684153005464481
amazon,hgb_graph_features,zero_exposure,neutral,size_alpha,3,0.04064884636812791,0.6618279569892473,128.86,1.0,2633.38,2633.38,7.380518556225116,7.380518556225116,1.0,0.6236559139784946
amazon,hgb_graph_features,zero_exposure,neutral,size_alpha,4,0.04235134473852795,0.6228260869565218,119.8,1.0,2637.28,2637.28,7.370233767228159,7.370233767228159,1.0,0.633695652173913
amazon,hgb_graph_features,zero_exposure,neutral,size_alpha,5,0.0523331516329382,0.595268817204301,116.88,1.0,2645.1,2645.1,7.348172164814602,7.348172164814602,1.0,0.6860215053763441
amazon,hgb_graph_features,zero_exposure,neutral,size_alpha,6,0.034569690562532986,0.6551063829787235,127.72,1.0,2636.14,2636.14,7.372662492765529,7.372662492765529,1.0,0.5691489361702128
amazon,hgb_graph_features,zero_exposure,neutral,size_alpha,7,0.05856172102373394,0.5293048128342246,105.06,1.0,2628.12,2628.12,7.3923190280664155,7.3923190280664155,1.0,0.6032085561497326
amazon,hgb_graph_features,zero_exposure,neutral,size_alpha,8,0.03961171581730167,0.5528648648648649,106.94,1.0,2635.88,2635.88,7.370112978283829,7.370112978283829,1.0,0.6508108108108108
amazon,hgb_graph_features,zero_exposure,neutral,size_alpha,9,0.04776446697539209,0.6563440860215054,128.76,1.0,2632.18,2632.18,7.380203435879367,7.380203435879367,1.0,0.589247311827957
amazon,hgb_graph_features,zero_exposure,neutral,wcs_deterministic,0,0.11753374036744715,0.8162162162162163,171.4,1.0,2640.02,2640.02,7.362152445012349,7.362152445012349,1.0,0.6205405405405405
amazon,hgb_graph_features,zero_exposure,neutral,wcs_deterministic,1,0.09154283294995151,0.7963934426229509,160.82,1.0,2642.92,2642.92,7.354225776727902,7.354225776727902,1.0,0.698360655737705
amazon,hgb_graph_features,zero_exposure,neutral,wcs_deterministic,2,0.12211104987025052,0.7898360655737704,164.84,1.0,2644.44,2644.44,7.349976085289562,7.349976085289562,1.0,0.684153005464481
amazon,hgb_graph_features,zero_exposure,neutral,wcs_deterministic,3,0.06651892708562172,0.8161290322580644,162.92,1.0,2633.38,2633.38,7.380518556225116,7.380518556225116,1.0,0.6236559139784946
amazon,hgb_graph_features,zero_exposure,neutral,wcs_deterministic,4,0.07787852604259032,0.7636956521739131,152.54,1.0,2637.28,2637.28,7.370233767228159,7.370233767228159,1.0,0.633695652173913
amazon,hgb_graph_features,zero_exposure,neutral,wcs_deterministic,5,0.0858633851644867,0.7640860215053763,155.68,1.0,2645.1,2645.1,7.348172164814602,7.348172164814602,1.0,0.6860215053763441
amazon,hgb_graph_features,zero_exposure,neutral,wcs_deterministic,6,0.06821553999924572,0.77,155.46,1.0,2636.14,2636.14,7.372662492765529,7.372662492765529,1.0,0.5691489361702128
amazon,hgb_graph_features,zero_exposure,neutral,wcs_deterministic,7,0.08651241420686344,0.7917647058823529,162.28,1.0,2628.12,2628.12,7.3923190280664155,7.3923190280664155,1.0,0.6032085561497326
amazon,hgb_graph_features,zero_exposure,neutral,wcs_deterministic,8,0.10162199308969341,0.7796756756756758,160.7,1.0,2635.88,2635.88,7.370112978283829,7.370112978283829,1.0,0.6508108108108108
amazon,hgb_graph_features,zero_exposure,neutral,wcs_deterministic,9,0.08659205470807173,0.8026881720430107,163.86,1.0,2632.18,2632.18,7.380203435879367,7.380203435879367,1.0,0.589247311827957
amazon,hgb_graph_features,zero_exposure,neutral,wcs_homogeneous,0,0.11753374036744715,0.8162162162162163,171.4,1.0,2640.02,2640.02,7.362152445012349,7.362152445012349,1.0,0.6205405405405405
amazon,hgb_graph_features,zero_exposure,neutral,wcs_homogeneous,1,0.09154283294995151,0.7963934426229509,160.82,1.0,2642.92,2642.92,7.354225776727902,7.354225776727902,1.0,0.698360655737705
amazon,hgb_graph_features,zero_exposure,neutral,wcs_homogeneous,2,0.12211104987025052,0.7898360655737704,164.84,1.0,2644.44,2644.44,7.349976085289562,7.349976085289562,1.0,0.684153005464481
amazon,hgb_graph_features,zero_exposure,neutral,wcs_homogeneous,3,0.06651892708562172,0.8161290322580644,162.92,1.0,2633.38,2633.38,7.380518556225116,7.380518556225116,1.0,0.6236559139784946
amazon,hgb_graph_features,zero_exposure,neutral,wcs_homogeneous,4,0.07787852604259032,0.7636956521739131,152.54,1.0,2637.28,2637.28,7.370233767228159,7.370233767228159,1.0,0.633695652173913
amazon,hgb_graph_features,zero_exposure,neutral,wcs_homogeneous,5,0.0858633851644867,0.7640860215053763,155.68,1.0,2645.1,2645.1,7.348172164814602,7.348172164814602,1.0,0.6860215053763441
amazon,hgb_graph_features,zero_exposure,neutral,wcs_homogeneous,6,0.06821553999924572,0.77,155.46,1.0,2636.14,2636.14,7.372662492765529,7.372662492765529,1.0,0.5691489361702128
amazon,hgb_graph_features,zero_exposure,neutral,wcs_homogeneous,7,0.08651241420686344,0.7917647058823529,162.28,1.0,2628.12,2628.12,7.3923190280664155,7.3923190280664155,1.0,0.6032085561497326
amazon,hgb_graph_features,zero_exposure,neutral,wcs_homogeneous,8,0.10162199308969341,0.7796756756756758,160.7,1.0,2635.88,2635.88,7.370112978283829,7.370112978283829,1.0,0.6508108108108108
amazon,hgb_graph_features,zero_exposure,neutral,wcs_homogeneous,9,0.08659205470807173,0.8026881720430107,163.86,1.0,2632.18,2632.18,7.380203435879367,7.380203435879367,1.0,0.589247311827957
amazon,hgb_graph_features,zero_exposure,neutral,wcs_rand_deterministic,0,0.1179793354697399,0.8168648648648649,171.62,1.0,2640.02,2640.02,7.362152445012349,7.362152445012349,1.0,0.6205405405405405
amazon,hgb_graph_features,zero_exposure,neutral,wcs_rand_deterministic,1,0.09282043241419799,0.7971584699453552,161.2,1.0,2642.92,2642.92,7.354225776727902,7.354225776727902,1.0,0.698360655737705
amazon,hgb_graph_features,zero_exposure,neutral,wcs_rand_deterministic,2,0.12366660931412111,0.7911475409836065,165.4,1.0,2644.44,2644.44,7.349976085289562,7.349976085289562,1.0,0.684153005464481
amazon,hgb_graph_features,zero_exposure,neutral,wcs_rand_deterministic,3,0.06744382995777201,0.8173118279569893,163.32,1.0,2633.38,2633.38,7.380518556225116,7.380518556225116,1.0,0.6236559139784946
amazon,hgb_graph_features,zero_exposure,neutral,wcs_rand_deterministic,4,0.07981499264225991,0.7643478260869565,152.98,1.0,2637.28,2637.28,7.370233767228159,7.370233767228159,1.0,0.633695652173913
amazon,hgb_graph_features,zero_exposure,neutral,wcs_rand_deterministic,5,0.08677823224681984,0.7651612903225806,156.06,1.0,2645.1,2645.1,7.348172164814602,7.348172164814602,1.0,0.6860215053763441
amazon,hgb_graph_features,zero_exposure,neutral,wcs_rand_deterministic,6,0.06922766997050182,0.7711702127659575,155.86,1.0,2636.14,2636.14,7.372662492765529,7.372662492765529,1.0,0.5691489361702128
amazon,hgb_graph_features,zero_exposure,neutral,wcs_rand_deterministic,7,0.08757084982819087,0.7924064171122994,162.6,1.0,2628.12,2628.12,7.3923190280664155,7.3923190280664155,1.0,0.6032085561497326
amazon,hgb_graph_features,zero_exposure,neutral,wcs_rand_deterministic,8,0.10311151651226032,0.7804324324324324,161.12,1.0,2635.88,2635.88,7.370112978283829,7.370112978283829,1.0,0.6508108108108108
amazon,hgb_graph_features,zero_exposure,neutral,wcs_rand_deterministic,9,0.0867700371442437,0.8032258064516129,164.0,1.0,2632.18,2632.18,7.380203435879367,7.380203435879367,1.0,0.589247311827957
amazon,hgb_graph_features,zero_exposure,neutral,wcs_rand_homogeneous,0,0.11875725340711966,0.8175135135135136,171.9,1.0,2640.02,2640.02,7.362152445012349,7.362152445012349,1.0,0.6205405405405405
amazon,hgb_graph_features,zero_exposure,neutral,wcs_rand_homogeneous,1,0.09330687386436164,0.7977049180327869,161.4,1.0,2642.92,2642.92,7.354225776727902,7.354225776727902,1.0,0.698360655737705
amazon,hgb_graph_features,zero_exposure,neutral,wcs_rand_homogeneous,2,0.12427507399486469,0.7914754098360656,165.58,1.0,2644.44,2644.44,7.349976085289562,7.349976085289562,1.0,0.684153005464481
amazon,hgb_graph_features,zero_exposure,neutral,wcs_rand_homogeneous,3,0.06864562058449905,0.8181720430107526,163.68,1.0,2633.38,2633.38,7.380518556225116,7.380518556225116,1.0,0.6236559139784946
amazon,hgb_graph_features,zero_exposure,neutral,wcs_rand_homogeneous,4,0.08039315090059779,0.7644565217391305,153.1,1.0,2637.28,2637.28,7.370233767228159,7.370233767228159,1.0,0.633695652173913
amazon,hgb_graph_features,zero_exposure,neutral,wcs_rand_homogeneous,5,0.0873795572040399,0.7658064516129032,156.28,1.0,2645.1,2645.1,7.348172164814602,7.348172164814602,1.0,0.6860215053763441
amazon,hgb_graph_features,zero_exposure,neutral,wcs_rand_homogeneous,6,0.06932109406094047,0.7713829787234043,155.92,1.0,2636.14,2636.14,7.372662492765529,7.372662492765529,1.0,0.5691489361702128
amazon,hgb_graph_features,zero_exposure,neutral,wcs_rand_homogeneous,7,0.08755188072476672,0.792620320855615,162.64,1.0,2628.12,2628.12,7.3923190280664155,7.3923190280664155,1.0,0.6032085561497326
amazon,hgb_graph_features,zero_exposure,neutral,wcs_rand_homogeneous,8,0.10329271610112448,0.7810810810810811,161.28,1.0,2635.88,2635.88,7.370112978283829,7.370112978283829,1.0,0.6508108108108108
amazon,hgb_graph_features,zero_exposure,neutral,wcs_rand_homogeneous,9,0.08752373043876689,0.8034408602150538,164.18,1.0,2632.18,2632.18,7.380203435879367,7.380203435879367,1.0,0.589247311827957
amazon,hgb_graph_features,zero_exposure,neutral,weighted_bh,0,0.11753374036744715,0.8162162162162163,171.4,1.0,2640.02,2640.02,7.362152445012349,7.362152445012349,1.0,0.6205405405405405
amazon,hgb_graph_features,zero_exposure,neutral,weighted_bh,1,0.09154283294995151,0.7963934426229509,160.82,1.0,2642.92,2642.92,7.354225776727902,7.354225776727902,1.0,0.698360655737705
amazon,hgb_graph_features,zero_exposure,neutral,weighted_bh,2,0.12211104987025052,0.7898360655737704,164.84,1.0,2644.44,2644.44,7.349976085289562,7.349976085289562,1.0,0.684153005464481
amazon,hgb_graph_features,zero_exposure,neutral,weighted_bh,3,0.06651892708562172,0.8161290322580644,162.92,1.0,2633.38,2633.38,7.380518556225116,7.380518556225116,1.0,0.6236559139784946
amazon,hgb_graph_features,zero_exposure,neutral,weighted_bh,4,0.07787852604259032,0.7636956521739131,152.54,1.0,2637.28,2637.28,7.370233767228159,7.370233767228159,1.0,0.633695652173913
amazon,hgb_graph_features,zero_exposure,neutral,weighted_bh,5,0.0858633851644867,0.7640860215053763,155.68,1.0,2645.1,2645.1,7.348172164814602,7.348172164814602,1.0,0.6860215053763441
amazon,hgb_graph_features,zero_exposure,neutral,weighted_bh,6,0.06821553999924572,0.77,155.46,1.0,2636.14,2636.14,7.372662492765529,7.372662492765529,1.0,0.5691489361702128
amazon,hgb_graph_features,zero_exposure,neutral,weighted_bh,7,0.08651241420686344,0.7917647058823529,162.28,1.0,2628.12,2628.12,7.3923190280664155,7.3923190280664155,1.0,0.6032085561497326
amazon,hgb_graph_features,zero_exposure,neutral,weighted_bh,8,0.10162199308969341,0.7796756756756758,160.7,1.0,2635.88,2635.88,7.370112978283829,7.370112978283829,1.0,0.6508108108108108
amazon,hgb_graph_features,zero_exposure,neutral,weighted_bh,9,0.08659205470807173,0.8026881720430107,163.86,1.0,2632.18,2632.18,7.380203435879367,7.380203435879367,1.0,0.589247311827957
amazon,hgb_graph_features,zero_exposure,neutral,weighted_bh_rand,0,0.11875080968291318,0.8175135135135134,171.9,1.0,2640.02,2640.02,7.362152445012349,7.362152445012349,1.0,0.6205405405405405
amazon,hgb_graph_features,zero_exposure,neutral,weighted_bh_rand,1,0.09309061762541931,0.7978142076502732,161.38,1.0,2642.92,2642.92,7.354225776727902,7.354225776727902,1.0,0.698360655737705
amazon,hgb_graph_features,zero_exposure,neutral,weighted_bh_rand,2,0.12408933040107893,0.7916939890710383,165.6,1.0,2644.44,2644.44,7.349976085289562,7.349976085289562,1.0,0.684153005464481
amazon,hgb_graph_features,zero_exposure,neutral,weighted_bh_rand,3,0.06848738735106343,0.8179569892473119,163.62,1.0,2633.38,2633.38,7.380518556225116,7.380518556225116,1.0,0.6236559139784946
amazon,hgb_graph_features,zero_exposure,neutral,weighted_bh_rand,4,0.08016673315577239,0.7644565217391305,153.06,1.0,2637.28,2637.28,7.370233767228159,7.370233767228159,1.0,0.633695652173913
amazon,hgb_graph_features,zero_exposure,neutral,weighted_bh_rand,5,0.08746023621895344,0.7663440860215053,156.4,1.0,2645.1,2645.1,7.348172164814602,7.348172164814602,1.0,0.6860215053763441
amazon,hgb_graph_features,zero_exposure,neutral,weighted_bh_rand,6,0.06920631418672665,0.7713829787234043,155.9,1.0,2636.14,2636.14,7.372662492765529,7.372662492765529,1.0,0.5691489361702128
amazon,hgb_graph_features,zero_exposure,neutral,weighted_bh_rand,7,0.08766094830389419,0.792620320855615,162.66,1.0,2628.12,2628.12,7.3923190280664155,7.3923190280664155,1.0,0.6032085561497326
amazon,hgb_graph_features,zero_exposure,neutral,weighted_bh_rand,8,0.10307920656387859,0.780864864864865,161.2,1.0,2635.88,2635.88,7.370112978283829,7.370112978283829,1.0,0.6508108108108108
amazon,hgb_graph_features,zero_exposure,neutral,weighted_bh_rand,9,0.08732967019905478,0.8035483870967742,164.16,1.0,2632.18,2632.18,7.380203435879367,7.380203435879367,1.0,0.589247311827957
amazon,hgb_graph_features,zero_exposure,neutral,weighted_by,0,0.004873560226230146,0.11956756756756758,22.54,0.26,2640.02,2640.02,7.362152445012349,7.362152445012349,1.0,0.6205405405405405
amazon,hgb_graph_features,zero_exposure,neutral,weighted_by,1,0.0026266848619789797,0.040109289617486346,7.68,0.06,2642.92,2642.92,7.354225776727902,7.354225776727902,1.0,0.698360655737705
amazon,hgb_graph_features,zero_exposure,neutral,weighted_by,2,0.0032022262328373348,0.06306010928961749,11.92,0.1,2644.44,2644.44,7.349976085289562,7.349976085289562,1.0,0.684153005464481
amazon,hgb_graph_features,zero_exposure,neutral,weighted_by,3,0.007652328474937789,0.1353763440860215,25.92,0.3,2633.38,2633.38,7.380518556225116,7.380518556225116,1.0,0.6236559139784946
amazon,hgb_graph_features,zero_exposure,neutral,weighted_by,4,0.0035756604967568423,0.0667391304347826,12.62,0.14,2637.28,2637.28,7.370233767228159,7.370233767228159,1.0,0.633695652173913
amazon,hgb_graph_features,zero_exposure,neutral,weighted_by,5,0.00764777801342984,0.14870967741935484,28.28,0.36,2645.1,2645.1,7.348172164814602,7.348172164814602,1.0,0.6860215053763441
amazon,hgb_graph_features,zero_exposure,neutral,weighted_by,6,0.0017477253928866831,0.03893617021276596,7.52,0.08,2636.14,2636.14,7.372662492765529,7.372662492765529,1.0,0.5691489361702128
amazon,hgb_graph_features,zero_exposure,neutral,weighted_by,7,0.0,0.0,0.0,0.0,2628.12,2628.12,7.3923190280664155,7.3923190280664155,1.0,0.6032085561497326
amazon,hgb_graph_features,zero_exposure,neutral,weighted_by,8,0.005823638624696471,0.08151351351351352,15.68,0.16,2635.88,2635.88,7.370112978283829,7.370112978283829,1.0,0.6508108108108108
amazon,hgb_graph_features,zero_exposure,neutral,weighted_by,9,0.004363724357552637,0.20376344086021503,38.32,0.46,2632.18,2632.18,7.380203435879367,7.380203435879367,1.0,0.589247311827957
amazon,hgb_graph_features,zero_exposure,severe,equal_alpha,0,0.048436795087498076,0.19513513513513517,38.78,0.74,1069.22,204.47858366393203,7.441155699809167,147.74414465871374,1.0,0.6205405405405405
amazon,hgb_graph_features,zero_exposure,severe,equal_alpha,1,0.042902032298711125,0.22994535519125683,44.12,1.0,962.72,193.29836645700576,7.362048274058814,146.1834427435423,1.0,0.698360655737705
amazon,hgb_graph_features,zero_exposure,severe,equal_alpha,2,0.02393520602664183,0.12480874316939891,23.84,0.64,1066.32,205.24221266584524,7.325501629168221,145.46418992544253,1.0,0.684153005464481
amazon,hgb_graph_features,zero_exposure,severe,equal_alpha,3,0.03031276081975358,0.2831182795698925,54.56,1.0,1071.6,204.14593415613533,7.514546867765777,149.18948378663526,1.0,0.6236559139784946
amazon,hgb_graph_features,zero_exposure,severe,equal_alpha,4,0.046895659097798144,0.23456521739130434,45.64,1.0,1074.88,204.26776390739374,7.515948216362108,149.21925670207645,1.0,0.633695652173913
amazon,hgb_graph_features,zero_exposure,severe,equal_alpha,5,0.04204597637049611,0.1478494623655914,29.18,1.0,988.24,195.7584132066695,7.388380134686008,146.70252669896013,1.0,0.6860215053763441
amazon,hgb_graph_features,zero_exposure,severe,equal_alpha,6,0.035533588719847506,0.3148936170212766,61.5,1.0,1217.66,224.41020897002673,7.453568707665197,147.9880596525796,1.0,0.5691489361702128
amazon,hgb_graph_features,zero_exposure,severe,equal_alpha,7,0.032586042677293384,0.18737967914438503,37.08,0.8,992.1,196.4074804393623,7.357200945099115,146.08840102341878,1.0,0.6032085561497326
amazon,hgb_graph_features,zero_exposure,severe,equal_alpha,8,0.04563241677442985,0.13545945945945947,27.0,0.7,1024.66,199.86912583083978,7.372567801978935,146.39144159438518,1.0,0.6508108108108108
amazon,hgb_graph_features,zero_exposure,severe,equal_alpha,9,0.029268526925448738,0.23387096774193547,45.08,1.0,1096.64,206.9236177458381,7.547181476320244,149.83224043308644,1.0,0.589247311827957
amazon,hgb_graph_features,zero_exposure,severe,pooled_reference,0,0.08005205145157916,0.7792432432432433,157.34,1.0,1069.22,204.47858366393203,7.441155699809167,147.74414465871374,1.0,0.6205405405405405
amazon,hgb_graph_features,zero_exposure,severe,pooled_reference,1,0.1016987549213418,0.8102732240437159,165.52,1.0,962.72,193.29836645700576,7.362048274058814,146.1834427435423,1.0,0.698360655737705
amazon,hgb_graph_features,zero_exposure,severe,pooled_reference,2,0.08623302509072336,0.7571584699453553,151.86,1.0,1066.32,205.24221266584524,7.325501629168221,145.46418992544253,1.0,0.684153005464481
amazon,hgb_graph_features,zero_exposure,severe,pooled_reference,3,0.0739742204840233,0.8195698924731183,164.78,1.0,1071.6,204.14593415613533,7.514546867765777,149.18948378663526,1.0,0.6236559139784946
amazon,hgb_graph_features,zero_exposure,severe,pooled_reference,4,0.0753213755966944,0.7594565217391305,151.26,1.0,1074.88,204.26776390739374,7.515948216362108,149.21925670207645,1.0,0.633695652173913
amazon,hgb_graph_features,zero_exposure,severe,pooled_reference,5,0.0726191525928921,0.7353763440860215,147.72,1.0,988.24,195.7584132066695,7.388380134686008,146.70252669896013,1.0,0.6860215053763441
amazon,hgb_graph_features,zero_exposure,severe,pooled_reference,6,0.06028108122129731,0.7610638297872341,152.32,1.0,1217.66,224.41020897002673,7.453568707665197,147.9880596525796,1.0,0.5691489361702128
amazon,hgb_graph_features,zero_exposure,severe,pooled_reference,7,0.081812588595787,0.7816042780748663,159.4,1.0,992.1,196.4074804393623,7.357200945099115,146.08840102341878,1.0,0.6032085561497326
amazon,hgb_graph_features,zero_exposure,severe,pooled_reference,8,0.08762690212021179,0.7561081081081081,153.82,1.0,1024.66,199.86912583083978,7.372567801978935,146.39144159438518,1.0,0.6508108108108108
amazon,hgb_graph_features,zero_exposure,severe,pooled_reference,9,0.07125168497591985,0.7872043010752688,158.1,1.0,1096.64,206.9236177458381,7.547181476320244,149.83224043308644,1.0,0.589247311827957
amazon,hgb_graph_features,zero_exposure,severe,pooled_stratum,0,0.03502160599683355,0.13081081081081083,26.54,0.52,1069.22,204.47858366393203,7.441155699809167,147.74414465871374,1.0,0.6205405405405405
amazon,hgb_graph_features,zero_exposure,severe,pooled_stratum,1,0.04421725931524634,0.23147540983606557,46.74,1.0,962.72,193.29836645700576,7.362048274058814,146.1834427435423,1.0,0.698360655737705
amazon,hgb_graph_features,zero_exposure,severe,pooled_stratum,2,0.013654442176181307,0.06327868852459016,12.14,0.34,1066.32,205.24221266584524,7.325501629168221,145.46418992544253,1.0,0.684153005464481
amazon,hgb_graph_features,zero_exposure,severe,pooled_stratum,3,0.032798673711207205,0.27301075268817204,55.34,0.94,1071.6,204.14593415613533,7.514546867765777,149.18948378663526,1.0,0.6236559139784946
amazon,hgb_graph_features,zero_exposure,severe,pooled_stratum,4,0.029044066950652744,0.1728260869565217,33.12,0.88,1074.88,204.26776390739374,7.515948216362108,149.21925670207645,1.0,0.633695652173913
amazon,hgb_graph_features,zero_exposure,severe,pooled_stratum,5,0.03057671881201293,0.09483870967741936,18.68,0.64,988.24,195.7584132066695,7.388380134686008,146.70252669896013,1.0,0.6860215053763441
amazon,hgb_graph_features,zero_exposure,severe,pooled_stratum,6,0.03354714021946699,0.3130851063829787,62.06,0.98,1217.66,224.41020897002673,7.453568707665197,147.9880596525796,1.0,0.5691489361702128
amazon,hgb_graph_features,zero_exposure,severe,pooled_stratum,7,0.0239380376936823,0.10791443850267379,23.38,0.36,992.1,196.4074804393623,7.357200945099115,146.08840102341878,1.0,0.6032085561497326
amazon,hgb_graph_features,zero_exposure,severe,pooled_stratum,8,0.043900200344871604,0.11902702702702703,26.68,0.54,1024.66,199.86912583083978,7.372567801978935,146.39144159438518,1.0,0.6508108108108108
amazon,hgb_graph_features,zero_exposure,severe,pooled_stratum,9,0.017353100061433403,0.200752688172043,38.2,1.0,1096.64,206.9236177458381,7.547181476320244,149.83224043308644,1.0,0.589247311827957
amazon,hgb_graph_features,zero_exposure,severe,size_alpha,0,0.03111916697244331,0.11783783783783784,23.34,0.52,1069.22,204.47858366393203,7.441155699809167,147.74414465871374,1.0,0.6205405405405405
amazon,hgb_graph_features,zero_exposure,severe,size_alpha,1,0.0318284855076621,0.18721311475409838,35.58,1.0,962.72,193.29836645700576,7.362048274058814,146.1834427435423,1.0,0.698360655737705
amazon,hgb_graph_features,zero_exposure,severe,size_alpha,2,0.013654442176181307,0.06327868852459016,12.14,0.34,1066.32,205.24221266584524,7.325501629168221,145.46418992544253,1.0,0.684153005464481
amazon,hgb_graph_features,zero_exposure,severe,size_alpha,3,0.017669879610295515,0.2278494623655914,43.44,0.92,1071.6,204.14593415613533,7.514546867765777,149.18948378663526,1.0,0.6236559139784946
amazon,hgb_graph_features,zero_exposure,severe,size_alpha,4,0.029044066950652744,0.1728260869565217,33.12,0.88,1074.88,204.26776390739374,7.515948216362108,149.21925670207645,1.0,0.633695652173913
amazon,hgb_graph_features,zero_exposure,severe,size_alpha,5,0.03057671881201293,0.09483870967741936,18.68,0.64,988.24,195.7584132066695,7.388380134686008,146.70252669896013,1.0,0.6860215053763441
amazon,hgb_graph_features,zero_exposure,severe,size_alpha,6,0.02781233458161799,0.300531914893617,58.26,0.98,1217.66,224.41020897002673,7.453568707665197,147.9880596525796,1.0,0.5691489361702128
amazon,hgb_graph_features,zero_exposure,severe,size_alpha,7,0.013927426508933168,0.07925133689839572,15.6,0.34,992.1,196.4074804393623,7.357200945099115,146.08840102341878,1.0,0.6032085561497326
amazon,hgb_graph_features,zero_exposure,severe,size_alpha,8,0.03221588137436842,0.0905945945945946,17.98,0.52,1024.66,199.86912583083978,7.372567801978935,146.39144159438518,1.0,0.6508108108108108
amazon,hgb_graph_features,zero_exposure,severe,size_alpha,9,0.017353100061433403,0.200752688172043,38.2,1.0,1096.64,206.9236177458381,7.547181476320244,149.83224043308644,1.0,0.589247311827957
amazon,hgb_graph_features,zero_exposure,severe,wcs_deterministic,0,0.0,0.0,0.0,0.0,1069.22,204.47858366393203,7.441155699809167,147.74414465871374,1.0,0.6205405405405405
amazon,hgb_graph_features,zero_exposure,severe,wcs_deterministic,1,0.002762411807990304,0.03092896174863388,6.08,0.04,962.72,193.29836645700576,7.362048274058814,146.1834427435423,1.0,0.698360655737705
amazon,hgb_graph_features,zero_exposure,severe,wcs_deterministic,2,0.0,0.0,0.0,0.0,1066.32,205.24221266584524,7.325501629168221,145.46418992544253,1.0,0.684153005464481
amazon,hgb_graph_features,zero_exposure,severe,wcs_deterministic,3,0.0007947019867549669,0.015591397849462365,3.02,0.02,1071.6,204.14593415613533,7.514546867765777,149.18948378663526,1.0,0.6236559139784946
amazon,hgb_graph_features,zero_exposure,severe,wcs_deterministic,4,0.0,0.0,0.0,0.0,1074.88,204.26776390739374,7.515948216362108,149.21925670207645,1.0,0.633695652173913
amazon,hgb_graph_features,zero_exposure,severe,wcs_deterministic,5,0.0,0.0,0.0,0.0,988.24,195.7584132066695,7.388380134686008,146.70252669896013,1.0,0.6860215053763441
amazon,hgb_graph_features,zero_exposure,severe,wcs_deterministic,6,0.00014925373134328358,0.014148936170212767,2.68,0.02,1217.66,224.41020897002673,7.453568707665197,147.9880596525796,1.0,0.5691489361702128
amazon,hgb_graph_features,zero_exposure,severe,wcs_deterministic,7,0.002922138661278857,0.03240641711229947,6.56,0.04,992.1,196.4074804393623,7.357200945099115,146.08840102341878,1.0,0.6032085561497326
amazon,hgb_graph_features,zero_exposure,severe,wcs_deterministic,8,0.0,0.0,0.0,0.0,1024.66,199.86912583083978,7.372567801978935,146.39144159438518,1.0,0.6508108108108108
amazon,hgb_graph_features,zero_exposure,severe,wcs_deterministic,9,0.0,0.0,0.0,0.0,1096.64,206.9236177458381,7.547181476320244,149.83224043308644,1.0,0.589247311827957
amazon,hgb_graph_features,zero_exposure,severe,wcs_homogeneous,0,0.06198932943785561,0.1296216216216216,29.02,0.38,1069.22,204.47858366393203,7.441155699809167,147.74414465871374,1.0,0.6205405405405405
amazon,hgb_graph_features,zero_exposure,severe,wcs_homogeneous,1,0.044502374338453735,0.17562841530054643,36.26,0.44,962.72,193.29836645700576,7.362048274058814,146.1834427435423,1.0,0.698360655737705
amazon,hgb_graph_features,zero_exposure,severe,wcs_homogeneous,2,0.05020288641587443,0.07147540983606557,16.18,0.26,1066.32,205.24221266584524,7.325501629168221,145.46418992544253,1.0,0.684153005464481
amazon,hgb_graph_features,zero_exposure,severe,wcs_homogeneous,3,0.033173936754339745,0.25763440860215053,52.12,0.52,1071.6,204.14593415613533,7.514546867765777,149.18948378663526,1.0,0.6236559139784946
amazon,hgb_graph_features,zero_exposure,severe,wcs_homogeneous,4,0.05801386512811837,0.15434782608695652,33.4,0.42,1074.88,204.26776390739374,7.515948216362108,149.21925670207645,1.0,0.633695652173913
amazon,hgb_graph_features,zero_exposure,severe,wcs_homogeneous,5,0.054968605575693635,0.09709677419354838,21.62,0.36,988.24,195.7584132066695,7.388380134686008,146.70252669896013,1.0,0.6860215053763441
amazon,hgb_graph_features,zero_exposure,severe,wcs_homogeneous,6,0.06532479499402191,0.18393617021276598,40.04,0.54,1217.66,224.41020897002673,7.453568707665197,147.9880596525796,1.0,0.5691489361702128
amazon,hgb_graph_features,zero_exposure,severe,wcs_homogeneous,7,0.0445477658750237,0.17700534759358288,36.8,0.46,992.1,196.4074804393623,7.357200945099115,146.08840102341878,1.0,0.6032085561497326
amazon,hgb_graph_features,zero_exposure,severe,wcs_homogeneous,8,0.03741508465325591,0.05762162162162163,13.08,0.26,1024.66,199.86912583083978,7.372567801978935,146.39144159438518,1.0,0.6508108108108108
amazon,hgb_graph_features,zero_exposure,severe,wcs_homogeneous,9,0.03601724266577959,0.10774193548387095,22.84,0.32,1096.64,206.9236177458381,7.547181476320244,149.83224043308644,1.0,0.589247311827957
amazon,hgb_graph_features,zero_exposure,severe,wcs_rand_deterministic,0,0.0,0.0,0.0,0.0,1069.22,204.47858366393203,7.441155699809167,147.74414465871374,1.0,0.6205405405405405
amazon,hgb_graph_features,zero_exposure,severe,wcs_rand_deterministic,1,0.004397631933776468,0.046885245901639346,9.26,0.06,962.72,193.29836645700576,7.362048274058814,146.1834427435423,1.0,0.698360655737705
amazon,hgb_graph_features,zero_exposure,severe,wcs_rand_deterministic,2,0.001276595744680851,0.014535519125683061,2.84,0.04,1066.32,205.24221266584524,7.325501629168221,145.46418992544253,1.0,0.684153005464481
amazon,hgb_graph_features,zero_exposure,severe,wcs_rand_deterministic,3,0.004065512501541385,0.04935483870967742,9.86,0.06,1071.6,204.14593415613533,7.514546867765777,149.18948378663526,1.0,0.6236559139784946
amazon,hgb_graph_features,zero_exposure,severe,wcs_rand_deterministic,4,0.002696629213483146,0.01673913043478261,3.56,0.02,1074.88,204.26776390739374,7.515948216362108,149.21925670207645,1.0,0.633695652173913
amazon,hgb_graph_features,zero_exposure,severe,wcs_rand_deterministic,5,0.0,0.0,0.0,0.0,988.24,195.7584132066695,7.388380134686008,146.70252669896013,1.0,0.6860215053763441
amazon,hgb_graph_features,zero_exposure,severe,wcs_rand_deterministic,6,0.00014925373134328358,0.014148936170212767,2.68,0.02,1217.66,224.41020897002673,7.453568707665197,147.9880596525796,1.0,0.5691489361702128
amazon,hgb_graph_features,zero_exposure,severe,wcs_rand_deterministic,7,0.002922138661278857,0.03240641711229947,6.56,0.04,992.1,196.4074804393623,7.357200945099115,146.08840102341878,1.0,0.6032085561497326
amazon,hgb_graph_features,zero_exposure,severe,wcs_rand_deterministic,8,0.0,0.00010810810810810812,0.02,0.02,1024.66,199.86912583083978,7.372567801978935,146.39144159438518,1.0,0.6508108108108108
amazon,hgb_graph_features,zero_exposure,severe,wcs_rand_deterministic,9,0.002458100558659218,0.01698924731182796,3.6,0.04,1096.64,206.9236177458381,7.547181476320244,149.83224043308644,1.0,0.589247311827957
amazon,hgb_graph_features,zero_exposure,severe,wcs_rand_homogeneous,0,0.10028281485157173,0.2987027027027027,68.36,0.56,1069.22,204.47858366393203,7.441155699809167,147.74414465871374,1.0,0.6205405405405405
amazon,hgb_graph_features,zero_exposure,severe,wcs_rand_homogeneous,1,0.0778194916578315,0.3355191256830601,71.4,0.6,962.72,193.29836645700576,7.362048274058814,146.1834427435423,1.0,0.698360655737705
amazon,hgb_graph_features,zero_exposure,severe,wcs_rand_homogeneous,2,0.09266906663145984,0.26928961748633884,60.04,0.58,1066.32,205.24221266584524,7.325501629168221,145.46418992544253,1.0,0.684153005464481
amazon,hgb_graph_features,zero_exposure,severe,wcs_rand_homogeneous,3,0.07666049289955675,0.44322580645161286,93.26,0.76,1071.6,204.14593415613533,7.514546867765777,149.18948378663526,1.0,0.6236559139784946
amazon,hgb_graph_features,zero_exposure,severe,wcs_rand_homogeneous,4,0.08731158774948311,0.34043478260869564,73.18,0.68,1074.88,204.26776390739374,7.515948216362108,149.21925670207645,1.0,0.633695652173913
amazon,hgb_graph_features,zero_exposure,severe,wcs_rand_homogeneous,5,0.07041862425551386,0.25903225806451613,55.74,0.58,988.24,195.7584132066695,7.388380134686008,146.70252669896013,1.0,0.6860215053763441
amazon,hgb_graph_features,zero_exposure,severe,wcs_rand_homogeneous,6,0.07659770519691517,0.38085106382978723,81.04,0.76,1217.66,224.41020897002673,7.453568707665197,147.9880596525796,1.0,0.5691489361702128
amazon,hgb_graph_features,zero_exposure,severe,wcs_rand_homogeneous,7,0.06766824224887326,0.31272727272727274,67.02,0.58,992.1,196.4074804393623,7.357200945099115,146.08840102341878,1.0,0.6032085561497326
amazon,hgb_graph_features,zero_exposure,severe,wcs_rand_homogeneous,8,0.0912135730853498,0.27664864864864863,62.92,0.6,1024.66,199.86912583083978,7.372567801978935,146.39144159438518,1.0,0.6508108108108108
amazon,hgb_graph_features,zero_exposure,severe,wcs_rand_homogeneous,9,0.06951527270308484,0.34397849462365593,72.62,0.68,1096.64,206.9236177458381,7.547181476320244,149.83224043308644,1.0,0.589247311827957
amazon,hgb_graph_features,zero_exposure,severe,weighted_bh,0,0.08715909134921931,0.40681081081081083,84.46,0.98,1069.22,204.47858366393203,7.441155699809167,147.74414465871374,1.0,0.6205405405405405
amazon,hgb_graph_features,zero_exposure,severe,weighted_bh,1,0.067339752299908,0.3978142076502732,80.82,0.92,962.72,193.29836645700576,7.362048274058814,146.1834427435423,1.0,0.698360655737705
amazon,hgb_graph_features,zero_exposure,severe,weighted_bh,2,0.06643471006611257,0.3146448087431694,63.2,1.0,1066.32,205.24221266584524,7.325501629168221,145.46418992544253,1.0,0.684153005464481
amazon,hgb_graph_features,zero_exposure,severe,weighted_bh,3,0.04894136854135996,0.4831182795698925,96.98,1.0,1071.6,204.14593415613533,7.514546867765777,149.18948378663526,1.0,0.6236559139784946
amazon,hgb_graph_features,zero_exposure,severe,weighted_bh,4,0.06114721587167681,0.32663043478260867,65.54,1.0,1074.88,204.26776390739374,7.515948216362108,149.21925670207645,1.0,0.633695652173913
amazon,hgb_graph_features,zero_exposure,severe,weighted_bh,5,0.07697855256221177,0.21634408602150537,44.48,0.96,988.24,195.7584132066695,7.388380134686008,146.70252669896013,1.0,0.6860215053763441
amazon,hgb_graph_features,zero_exposure,severe,weighted_bh,6,0.05473219514283432,0.44234042553191494,90.1,1.0,1217.66,224.41020897002673,7.453568707665197,147.9880596525796,1.0,0.5691489361702128
amazon,hgb_graph_features,zero_exposure,severe,weighted_bh,7,0.07393203883759356,0.3794652406417112,77.9,1.0,992.1,196.4074804393623,7.357200945099115,146.08840102341878,1.0,0.6032085561497326
amazon,hgb_graph_features,zero_exposure,severe,weighted_bh,8,0.09728601655394571,0.3288648648648649,69.24,0.94,1024.66,199.86912583083978,7.372567801978935,146.39144159438518,1.0,0.6508108108108108
amazon,hgb_graph_features,zero_exposure,severe,weighted_bh,9,0.05633805549382451,0.3696774193548387,74.24,1.0,1096.64,206.9236177458381,7.547181476320244,149.83224043308644,1.0,0.589247311827957
amazon,hgb_graph_features,zero_exposure,severe,weighted_bh_rand,0,0.11750736361534543,0.7176216216216217,153.9,1.0,1069.22,204.47858366393203,7.441155699809167,147.74414465871374,1.0,0.6205405405405405
amazon,hgb_graph_features,zero_exposure,severe,weighted_bh_rand,1,0.09492160823469563,0.6963934426229508,143.78,1.0,962.72,193.29836645700576,7.362048274058814,146.1834427435423,1.0,0.698360655737705
amazon,hgb_graph_features,zero_exposure,severe,weighted_bh_rand,2,0.12314665621247309,0.7298360655737705,154.36,1.0,1066.32,205.24221266584524,7.325501629168221,145.46418992544253,1.0,0.684153005464481
amazon,hgb_graph_features,zero_exposure,severe,weighted_bh_rand,3,0.07991238859222914,0.6978494623655913,144.06,1.0,1071.6,204.14593415613533,7.514546867765777,149.18948378663526,1.0,0.6236559139784946
amazon,hgb_graph_features,zero_exposure,severe,weighted_bh_rand,4,0.08418658767784018,0.6479347826086956,132.88,1.0,1074.88,204.26776390739374,7.515948216362108,149.21925670207645,1.0,0.633695652173913
amazon,hgb_graph_features,zero_exposure,severe,weighted_bh_rand,5,0.087148669657866,0.62,128.44,0.96,988.24,195.7584132066695,7.388380134686008,146.70252669896013,1.0,0.6860215053763441
amazon,hgb_graph_features,zero_exposure,severe,weighted_bh_rand,6,0.07186426559916873,0.6313829787234042,130.42,1.0,1217.66,224.41020897002673,7.453568707665197,147.9880596525796,1.0,0.5691489361702128
amazon,hgb_graph_features,zero_exposure,severe,weighted_bh_rand,7,0.09840056988469127,0.7098395721925134,149.74,1.0,992.1,196.4074804393623,7.357200945099115,146.08840102341878,1.0,0.6032085561497326
amazon,hgb_graph_features,zero_exposure,severe,weighted_bh_rand,8,0.10754544877740607,0.6331891891891892,135.44,0.96,1024.66,199.86912583083978,7.372567801978935,146.39144159438518,1.0,0.6508108108108108
amazon,hgb_graph_features,zero_exposure,severe,weighted_bh_rand,9,0.07934623180845805,0.6734408602150538,138.52,1.0,1096.64,206.9236177458381,7.547181476320244,149.83224043308644,1.0,0.589247311827957
amazon,hgb_graph_features,zero_exposure,severe,weighted_by,0,0.0,0.0,0.0,0.0,1069.22,204.47858366393203,7.441155699809167,147.74414465871374,1.0,0.6205405405405405
amazon,hgb_graph_features,zero_exposure,severe,weighted_by,1,0.0,0.0,0.0,0.0,962.72,193.29836645700576,7.362048274058814,146.1834427435423,1.0,0.698360655737705
amazon,hgb_graph_features,zero_exposure,severe,weighted_by,2,0.0,0.0,0.0,0.0,1066.32,205.24221266584524,7.325501629168221,145.46418992544253,1.0,0.684153005464481
amazon,hgb_graph_features,zero_exposure,severe,weighted_by,3,0.0009339294585196226,0.01913978494623656,3.62,0.06,1071.6,204.14593415613533,7.514546867765777,149.18948378663526,1.0,0.6236559139784946
amazon,hgb_graph_features,zero_exposure,severe,weighted_by,4,0.0,0.0,0.0,0.0,1074.88,204.26776390739374,7.515948216362108,149.21925670207645,1.0,0.633695652173913
amazon,hgb_graph_features,zero_exposure,severe,weighted_by,5,0.0,0.0,0.0,0.0,988.24,195.7584132066695,7.388380134686008,146.70252669896013,1.0,0.6860215053763441
amazon,hgb_graph_features,zero_exposure,severe,weighted_by,6,0.0013148584905660376,0.01202127659574468,2.34,0.04,1217.66,224.41020897002673,7.453568707665197,147.9880596525796,1.0,0.5691489361702128
amazon,hgb_graph_features,zero_exposure,severe,weighted_by,7,0.0015873015873015873,0.006203208556149733,1.26,0.02,992.1,196.4074804393623,7.357200945099115,146.08840102341878,1.0,0.6032085561497326
amazon,hgb_graph_features,zero_exposure,severe,weighted_by,8,0.0,0.0,0.0,0.0,1024.66,199.86912583083978,7.372567801978935,146.39144159438518,1.0,0.6508108108108108
amazon,hgb_graph_features,zero_exposure,severe,weighted_by,9,0.0,0.0,0.0,0.0,1096.64,206.9236177458381,7.547181476320244,149.83224043308644,1.0,0.589247311827957
tfinance,hgb_attributes,exposure_80,moderate,equal_alpha,0,0.028396959357943577,0.5945049504950495,247.48,1.0,10971.28,7565.3830602507405,6.977512812054766,34.8765715289729,1.0,0.8826732673267327
tfinance,hgb_attributes,exposure_80,moderate,equal_alpha,1,0.039281800326647145,0.6132673267326733,258.3,1.0,10990.66,7607.1459384205555,6.980797795353648,34.89298506776286,1.0,0.8886138613861386
tfinance,hgb_attributes,exposure_80,moderate,equal_alpha,2,0.035056830771482146,0.6095098039215686,258.12,1.0,10978.52,7605.313970917731,6.9923062225682475,34.950490883397684,1.0,0.8745098039215686
tfinance,hgb_attributes,exposure_80,moderate,equal_alpha,3,0.03289823546200378,0.6157213930348259,256.26,1.0,10935.7,7578.5737988564115,7.021334100319536,35.09553827460635,1.0,0.8796019900497513
tfinance,hgb_attributes,exposure_80,moderate,equal_alpha,4,0.04085545882647052,0.5917241379310345,251.16,1.0,10970.68,7563.254572797873,6.976038948245869,34.869205890970846,1.0,0.8630541871921181
tfinance,hgb_attributes,exposure_80,moderate,equal_alpha,5,0.03652145665155643,0.6466172839506172,272.18,1.0,10966.14,7585.791824419743,6.993500604326284,34.956459068345154,1.0,0.8958024691358024
tfinance,hgb_attributes,exposure_80,moderate,equal_alpha,6,0.03338112533683303,0.5956265356265357,251.3,1.0,10975.94,7583.780065892023,6.9822986736089305,34.900484379101236,1.0,0.8786240786240787
tfinance,hgb_attributes,exposure_80,moderate,equal_alpha,7,0.022145562004546964,0.5910837438423645,245.68,1.0,10981.68,7588.291971933367,6.979166979387528,34.88483594629257,1.0,0.8847290640394089
tfinance,hgb_attributes,exposure_80,moderate,equal_alpha,8,0.027527038771848346,0.6183168316831683,257.18,1.0,10972.6,7602.157939310115,6.996458306560561,34.97123798032418,1.0,0.8831683168316832
tfinance,hgb_attributes,exposure_80,moderate,equal_alpha,9,0.03223913165990728,0.6167156862745098,260.28,1.0,10969.24,7584.934135444109,6.990552073153261,34.941726893521626,1.0,0.8872549019607844
tfinance,hgb_attributes,exposure_80,moderate,pooled_reference,0,0.09151363520589814,0.6480693069306931,288.58,1.0,10971.28,7565.3830602507405,6.977512812054766,34.8765715289729,1.0,0.8826732673267327
tfinance,hgb_attributes,exposure_80,moderate,pooled_reference,1,0.09584450908510007,0.6600495049504951,295.42,1.0,10990.66,7607.1459384205555,6.980797795353648,34.89298506776286,1.0,0.8886138613861386
tfinance,hgb_attributes,exposure_80,moderate,pooled_reference,2,0.118187678222818,0.662843137254902,307.2,1.0,10978.52,7605.313970917731,6.9923062225682475,34.950490883397684,1.0,0.8745098039215686
tfinance,hgb_attributes,exposure_80,moderate,pooled_reference,3,0.10287833057707457,0.6594029850746268,295.74,1.0,10935.7,7578.5737988564115,7.021334100319536,35.09553827460635,1.0,0.8796019900497513
tfinance,hgb_attributes,exposure_80,moderate,pooled_reference,4,0.11369702698138245,0.6552709359605912,300.72,1.0,10970.68,7563.254572797873,6.976038948245869,34.869205890970846,1.0,0.8630541871921181
tfinance,hgb_attributes,exposure_80,moderate,pooled_reference,5,0.11227389864202586,0.6697777777777777,305.86,1.0,10966.14,7585.791824419743,6.993500604326284,34.956459068345154,1.0,0.8958024691358024
tfinance,hgb_attributes,exposure_80,moderate,pooled_reference,6,0.11550379170708508,0.652088452088452,300.42,1.0,10975.94,7583.780065892023,6.9822986736089305,34.900484379101236,1.0,0.8786240786240787
tfinance,hgb_attributes,exposure_80,moderate,pooled_reference,7,0.10539028833603721,0.6577832512315271,298.6,1.0,10981.68,7588.291971933367,6.979166979387528,34.88483594629257,1.0,0.8847290640394089
tfinance,hgb_attributes,exposure_80,moderate,pooled_reference,8,0.12364757248255609,0.6641584158415842,306.88,1.0,10972.6,7602.157939310115,6.996458306560561,34.97123798032418,1.0,0.8831683168316832
tfinance,hgb_attributes,exposure_80,moderate,pooled_reference,9,0.10644657677415387,0.6661274509803922,304.32,1.0,10969.24,7584.934135444109,6.990552073153261,34.941726893521626,1.0,0.8872549019607844
tfinance,hgb_attributes,exposure_80,moderate,pooled_stratum,0,0.0717110734163066,0.5642574257425743,246.22,0.98,10971.28,7565.3830602507405,6.977512812054766,34.8765715289729,1.0,0.8826732673267327
tfinance,hgb_attributes,exposure_80,moderate,pooled_stratum,1,0.07604762126175807,0.587029702970297,257.86,0.96,10990.66,7607.1459384205555,6.980797795353648,34.89298506776286,1.0,0.8886138613861386
tfinance,hgb_attributes,exposure_80,moderate,pooled_stratum,2,0.10082912752758044,0.557843137254902,252.1,0.98,10978.52,7605.313970917731,6.9923062225682475,34.950490883397684,1.0,0.8745098039215686
tfinance,hgb_attributes,exposure_80,moderate,pooled_stratum,3,0.095636219204846,0.5695522388059702,253.16,0.94,10935.7,7578.5737988564115,7.021334100319536,35.09553827460635,1.0,0.8796019900497513
tfinance,hgb_attributes,exposure_80,moderate,pooled_stratum,4,0.09271885386726751,0.526256157635468,237.0,1.0,10970.68,7563.254572797873,6.976038948245869,34.869205890970846,1.0,0.8630541871921181
tfinance,hgb_attributes,exposure_80,moderate,pooled_stratum,5,0.10435297789454603,0.6464197530864197,292.7,1.0,10966.14,7585.791824419743,6.993500604326284,34.956459068345154,1.0,0.8958024691358024
tfinance,hgb_attributes,exposure_80,moderate,pooled_stratum,6,0.07616032415656153,0.4913513513513514,220.64,0.82,10975.94,7583.780065892023,6.9822986736089305,34.900484379101236,1.0,0.8786240786240787
tfinance,hgb_attributes,exposure_80,moderate,pooled_stratum,7,0.0810722268236051,0.5031527093596059,226.2,0.84,10981.68,7588.291971933367,6.979166979387528,34.88483594629257,1.0,0.8847290640394089
tfinance,hgb_attributes,exposure_80,moderate,pooled_stratum,8,0.10142668617629592,0.5668811881188119,257.88,0.92,10972.6,7602.157939310115,6.996458306560561,34.97123798032418,1.0,0.8831683168316832
tfinance,hgb_attributes,exposure_80,moderate,pooled_stratum,9,0.09979957775234477,0.5822058823529411,263.46,0.98,10969.24,7584.934135444109,6.990552073153261,34.941726893521626,1.0,0.8872549019607844
tfinance,hgb_attributes,exposure_80,moderate,size_alpha,0,0.013396212432368668,0.4132673267326733,169.66,0.78,10971.28,7565.3830602507405,6.977512812054766,34.8765715289729,1.0,0.8826732673267327
tfinance,hgb_attributes,exposure_80,moderate,size_alpha,1,0.015205858407610882,0.5112871287128713,210.4,0.88,10990.66,7607.1459384205555,6.980797795353648,34.89298506776286,1.0,0.8886138613861386
tfinance,hgb_attributes,exposure_80,moderate,size_alpha,2,0.03391208374462554,0.4686764705882353,195.72,0.88,10978.52,7605.313970917731,6.9923062225682475,34.950490883397684,1.0,0.8745098039215686
tfinance,hgb_attributes,exposure_80,moderate,size_alpha,3,0.023943277806283133,0.5014925373134329,205.5,0.88,10935.7,7578.5737988564115,7.021334100319536,35.09553827460635,1.0,0.8796019900497513
tfinance,hgb_attributes,exposure_80,moderate,size_alpha,4,0.03763639416740286,0.3442857142857143,143.98,0.98,10970.68,7563.254572797873,6.976038948245869,34.869205890970846,1.0,0.8630541871921181
tfinance,hgb_attributes,exposure_80,moderate,size_alpha,5,0.020018084031629805,0.6196049382716049,256.26,1.0,10966.14,7585.791824419743,6.993500604326284,34.956459068345154,1.0,0.8958024691358024
tfinance,hgb_attributes,exposure_80,moderate,size_alpha,6,0.016919021629852923,0.3906633906633907,161.6,0.7,10975.94,7583.780065892023,6.9822986736089305,34.900484379101236,1.0,0.8786240786240787
tfinance,hgb_attributes,exposure_80,moderate,size_alpha,7,0.008135102498660054,0.39487684729064043,162.28,0.7,10981.68,7588.291971933367,6.979166979387528,34.88483594629257,1.0,0.8847290640394089
tfinance,hgb_attributes,exposure_80,moderate,size_alpha,8,0.011248123115809921,0.5185148514851485,212.3,0.88,10972.6,7602.157939310115,6.996458306560561,34.97123798032418,1.0,0.8831683168316832
tfinance,hgb_attributes,exposure_80,moderate,size_alpha,9,0.026187476108615274,0.5364215686274509,223.18,0.96,10969.24,7584.934135444109,6.990552073153261,34.941726893521626,1.0,0.8872549019607844
tfinance,hgb_attributes,exposure_80,moderate,wcs_deterministic,0,0.004816900889254431,0.0503960396039604,21.68,0.08,10971.28,7565.3830602507405,6.977512812054766,34.8765715289729,1.0,0.8826732673267327
tfinance,hgb_attributes,exposure_80,moderate,wcs_deterministic,1,0.010562729352032126,0.0910891089108911,39.86,0.14,10990.66,7607.1459384205555,6.980797795353648,34.89298506776286,1.0,0.8886138613861386
tfinance,hgb_attributes,exposure_80,moderate,wcs_deterministic,2,0.02707278761405542,0.19823529411764707,89.02,0.3,10978.52,7605.313970917731,6.9923062225682475,34.950490883397684,1.0,0.8745098039215686
tfinance,hgb_attributes,exposure_80,moderate,wcs_deterministic,3,0.024690695380249466,0.16805970149253732,74.66,0.26,10935.7,7578.5737988564115,7.021334100319536,35.09553827460635,1.0,0.8796019900497513
tfinance,hgb_attributes,exposure_80,moderate,wcs_deterministic,4,0.011594004778627098,0.07876847290640394,35.48,0.12,10970.68,7563.254572797873,6.976038948245869,34.869205890970846,1.0,0.8630541871921181
tfinance,hgb_attributes,exposure_80,moderate,wcs_deterministic,5,0.016453635386959077,0.09333333333333334,42.86,0.14,10966.14,7585.791824419743,6.993500604326284,34.956459068345154,1.0,0.8958024691358024
tfinance,hgb_attributes,exposure_80,moderate,wcs_deterministic,6,0.022101395441885566,0.16501228501228504,73.64,0.26,10975.94,7583.780065892023,6.9822986736089305,34.900484379101236,1.0,0.8786240786240787
tfinance,hgb_attributes,exposure_80,moderate,wcs_deterministic,7,0.01773467188953726,0.11605911330049262,52.3,0.18,10981.68,7588.291971933367,6.979166979387528,34.88483594629257,1.0,0.8847290640394089
tfinance,hgb_attributes,exposure_80,moderate,wcs_deterministic,8,0.028441076027759613,0.1933663366336634,86.42,0.3,10972.6,7602.157939310115,6.996458306560561,34.97123798032418,1.0,0.8831683168316832
tfinance,hgb_attributes,exposure_80,moderate,wcs_deterministic,9,0.018536854961200677,0.11990196078431373,54.58,0.18,10969.24,7584.934135444109,6.990552073153261,34.941726893521626,1.0,0.8872549019607844
tfinance,hgb_attributes,exposure_80,moderate,wcs_homogeneous,0,0.07486172762047412,0.615990099009901,269.86,0.98,10971.28,7565.3830602507405,6.977512812054766,34.8765715289729,1.0,0.8826732673267327
tfinance,hgb_attributes,exposure_80,moderate,wcs_homogeneous,1,0.07797843449974157,0.5984653465346534,264.62,0.92,10990.66,7607.1459384205555,6.980797795353648,34.89298506776286,1.0,0.8886138613861386
tfinance,hgb_attributes,exposure_80,moderate,wcs_homogeneous,2,0.09793809055982919,0.6458823529411766,292.62,1.0,10978.52,7605.313970917731,6.9923062225682475,34.950490883397684,1.0,0.8745098039215686
tfinance,hgb_attributes,exposure_80,moderate,wcs_homogeneous,3,0.09464917044479634,0.647860696517413,287.98,1.0,10935.7,7578.5737988564115,7.021334100319536,35.09553827460635,1.0,0.8796019900497513
tfinance,hgb_attributes,exposure_80,moderate,wcs_homogeneous,4,0.1032020884393098,0.6386699507389162,289.76,1.0,10970.68,7563.254572797873,6.976038948245869,34.869205890970846,1.0,0.8630541871921181
tfinance,hgb_attributes,exposure_80,moderate,wcs_homogeneous,5,0.11073127161786343,0.6654814814814815,303.52,1.0,10966.14,7585.791824419743,6.993500604326284,34.956459068345154,1.0,0.8958024691358024
tfinance,hgb_attributes,exposure_80,moderate,wcs_homogeneous,6,0.09100362108408193,0.6375429975429976,286.02,1.0,10975.94,7583.780065892023,6.9822986736089305,34.900484379101236,1.0,0.8786240786240787
tfinance,hgb_attributes,exposure_80,moderate,wcs_homogeneous,7,0.08986504746175951,0.640935960591133,286.1,1.0,10981.68,7588.291971933367,6.979166979387528,34.88483594629257,1.0,0.8847290640394089
tfinance,hgb_attributes,exposure_80,moderate,wcs_homogeneous,8,0.10277611480169177,0.6475247524752475,292.0,1.0,10972.6,7602.157939310115,6.996458306560561,34.97123798032418,1.0,0.8831683168316832
tfinance,hgb_attributes,exposure_80,moderate,wcs_homogeneous,9,0.09646056749523108,0.6438235294117648,291.54,0.98,10969.24,7584.934135444109,6.990552073153261,34.941726893521626,1.0,0.8872549019607844
tfinance,hgb_attributes,exposure_80,moderate,wcs_rand_deterministic,0,0.016089235948678043,0.13821782178217823,60.3,0.22,10971.28,7565.3830602507405,6.977512812054766,34.8765715289729,1.0,0.8826732673267327
tfinance,hgb_attributes,exposure_80,moderate,wcs_rand_deterministic,1,0.03639689903388694,0.2872772277227723,126.78,0.44,10990.66,7607.1459384205555,6.980797795353648,34.89298506776286,1.0,0.8886138613861386
tfinance,hgb_attributes,exposure_80,moderate,wcs_rand_deterministic,2,0.04294223160010991,0.3016666666666667,135.9,0.46,10978.52,7605.313970917731,6.9923062225682475,34.950490883397684,1.0,0.8745098039215686
tfinance,hgb_attributes,exposure_80,moderate,wcs_rand_deterministic,3,0.0471718630681416,0.3123880597014925,139.38,0.48,10935.7,7578.5737988564115,7.021334100319536,35.09553827460635,1.0,0.8796019900497513
tfinance,hgb_attributes,exposure_80,moderate,wcs_rand_deterministic,4,0.0398299167036932,0.2566995073891626,115.94,0.4,10970.68,7563.254572797873,6.976038948245869,34.869205890970846,1.0,0.8630541871921181
tfinance,hgb_attributes,exposure_80,moderate,wcs_rand_deterministic,5,0.05000520327786924,0.2820740740740741,129.76,0.42,10966.14,7585.791824419743,6.993500604326284,34.956459068345154,1.0,0.8958024691358024
tfinance,hgb_attributes,exposure_80,moderate,wcs_rand_deterministic,6,0.04518256104219072,0.32044226044226043,143.68,0.5,10975.94,7583.780065892023,6.9822986736089305,34.900484379101236,1.0,0.8786240786240787
tfinance,hgb_attributes,exposure_80,moderate,wcs_rand_deterministic,7,0.027234865189533025,0.19482758620689655,87.04,0.3,10981.68,7588.291971933367,6.979166979387528,34.88483594629257,1.0,0.8847290640394089
tfinance,hgb_attributes,exposure_80,moderate,wcs_rand_deterministic,8,0.058407223043466454,0.3758910891089109,169.22,0.58,10972.6,7602.157939310115,6.996458306560561,34.97123798032418,1.0,0.8831683168316832
tfinance,hgb_attributes,exposure_80,moderate,wcs_rand_deterministic,9,0.046938829188490426,0.3048529411764706,138.62,0.46,10969.24,7584.934135444109,6.990552073153261,34.941726893521626,1.0,0.8872549019607844
tfinance,hgb_attributes,exposure_80,moderate,wcs_rand_homogeneous,0,0.07661117681956002,0.6207425742574257,272.46,0.98,10971.28,7565.3830602507405,6.977512812054766,34.8765715289729,1.0,0.8826732673267327
tfinance,hgb_attributes,exposure_80,moderate,wcs_rand_homogeneous,1,0.08275400138801059,0.627029702970297,277.68,0.96,10990.66,7607.1459384205555,6.980797795353648,34.89298506776286,1.0,0.8886138613861386
tfinance,hgb_attributes,exposure_80,moderate,wcs_rand_homogeneous,2,0.0995276331648835,0.6485294117647059,294.36,1.0,10978.52,7605.313970917731,6.9923062225682475,34.950490883397684,1.0,0.8745098039215686
tfinance,hgb_attributes,exposure_80,moderate,wcs_rand_homogeneous,3,0.09633752102102465,0.6511442786069652,290.0,1.0,10935.7,7578.5737988564115,7.021334100319536,35.09553827460635,1.0,0.8796019900497513
tfinance,hgb_attributes,exposure_80,moderate,wcs_rand_homogeneous,4,0.10476357124570608,0.6429556650246306,292.24,1.0,10970.68,7563.254572797873,6.976038948245869,34.869205890970846,1.0,0.8630541871921181
tfinance,hgb_attributes,exposure_80,moderate,wcs_rand_homogeneous,5,0.11198140249837416,0.6674074074074073,304.82,1.0,10966.14,7585.791824419743,6.993500604326284,34.956459068345154,1.0,0.8958024691358024
tfinance,hgb_attributes,exposure_80,moderate,wcs_rand_homogeneous,6,0.09325698995262618,0.6398525798525799,287.78,1.0,10975.94,7583.780065892023,6.9822986736089305,34.900484379101236,1.0,0.8786240786240787
tfinance,hgb_attributes,exposure_80,moderate,wcs_rand_homogeneous,7,0.09203145865100382,0.6439408866995073,288.14,1.0,10981.68,7588.291971933367,6.979166979387528,34.88483594629257,1.0,0.8847290640394089
tfinance,hgb_attributes,exposure_80,moderate,wcs_rand_homogeneous,8,0.1044820915476691,0.6502475247524753,293.82,1.0,10972.6,7602.157939310115,6.996458306560561,34.97123798032418,1.0,0.8831683168316832
tfinance,hgb_attributes,exposure_80,moderate,wcs_rand_homogeneous,9,0.09966625028545603,0.6604901960784314,299.5,1.0,10969.24,7584.934135444109,6.990552073153261,34.941726893521626,1.0,0.8872549019607844
tfinance,hgb_attributes,exposure_80,moderate,weighted_bh,0,0.07470479007624733,0.6294554455445545,275.24,1.0,10971.28,7565.3830602507405,6.977512812054766,34.8765715289729,1.0,0.8826732673267327
tfinance,hgb_attributes,exposure_80,moderate,weighted_bh,1,0.08032464229259906,0.6506930693069307,286.34,1.0,10990.66,7607.1459384205555,6.980797795353648,34.89298506776286,1.0,0.8886138613861386
tfinance,hgb_attributes,exposure_80,moderate,weighted_bh,2,0.09624025248848649,0.646470588235294,292.36,1.0,10978.52,7605.313970917731,6.9923062225682475,34.950490883397684,1.0,0.8745098039215686
tfinance,hgb_attributes,exposure_80,moderate,weighted_bh,3,0.09355855343916077,0.6485572139303483,287.94,1.0,10935.7,7578.5737988564115,7.021334100319536,35.09553827460635,1.0,0.8796019900497513
tfinance,hgb_attributes,exposure_80,moderate,weighted_bh,4,0.10243500051415973,0.6388669950738916,289.6,1.0,10970.68,7563.254572797873,6.976038948245869,34.869205890970846,1.0,0.8630541871921181
tfinance,hgb_attributes,exposure_80,moderate,weighted_bh,5,0.11085341942266665,0.6658271604938271,303.74,1.0,10966.14,7585.791824419743,6.993500604326284,34.956459068345154,1.0,0.8958024691358024
tfinance,hgb_attributes,exposure_80,moderate,weighted_bh,6,0.09041693430096322,0.6375921375921376,285.86,1.0,10975.94,7583.780065892023,6.9822986736089305,34.900484379101236,1.0,0.8786240786240787
tfinance,hgb_attributes,exposure_80,moderate,weighted_bh,7,0.08827899868869218,0.6409852216748768,285.66,1.0,10981.68,7588.291971933367,6.979166979387528,34.88483594629257,1.0,0.8847290640394089
tfinance,hgb_attributes,exposure_80,moderate,weighted_bh,8,0.10244388557340818,0.6482178217821783,292.22,1.0,10972.6,7602.157939310115,6.996458306560561,34.97123798032418,1.0,0.8831683168316832
tfinance,hgb_attributes,exposure_80,moderate,weighted_bh,9,0.09766075559816895,0.6581372549019607,297.76,1.0,10969.24,7584.934135444109,6.990552073153261,34.941726893521626,1.0,0.8872549019607844
tfinance,hgb_attributes,exposure_80,moderate,weighted_bh_rand,0,0.07741577758925362,0.6346534653465347,278.32,1.0,10971.28,7565.3830602507405,6.977512812054766,34.8765715289729,1.0,0.8826732673267327
tfinance,hgb_attributes,exposure_80,moderate,weighted_bh_rand,1,0.084637974150783,0.6526237623762376,288.54,1.0,10990.66,7607.1459384205555,6.980797795353648,34.89298506776286,1.0,0.8886138613861386
tfinance,hgb_attributes,exposure_80,moderate,weighted_bh_rand,2,0.09953654760236309,0.6488235294117647,294.5,1.0,10978.52,7605.313970917731,6.9923062225682475,34.950490883397684,1.0,0.8745098039215686
tfinance,hgb_attributes,exposure_80,moderate,weighted_bh_rand,3,0.09569803802009108,0.651592039800995,290.0,1.0,10935.7,7578.5737988564115,7.021334100319536,35.09553827460635,1.0,0.8796019900497513
tfinance,hgb_attributes,exposure_80,moderate,weighted_bh_rand,4,0.1046140126362338,0.6433990147783252,292.4,1.0,10970.68,7563.254572797873,6.976038948245869,34.869205890970846,1.0,0.8630541871921181
tfinance,hgb_attributes,exposure_80,moderate,weighted_bh_rand,5,0.11221695813496169,0.6674567901234567,304.92,1.0,10966.14,7585.791824419743,6.993500604326284,34.956459068345154,1.0,0.8958024691358024
tfinance,hgb_attributes,exposure_80,moderate,weighted_bh_rand,6,0.09332573665178254,0.6398034398034398,287.8,1.0,10975.94,7583.780065892023,6.9822986736089305,34.900484379101236,1.0,0.8786240786240787
tfinance,hgb_attributes,exposure_80,moderate,weighted_bh_rand,7,0.09064626702520527,0.6438916256157635,287.7,1.0,10981.68,7588.291971933367,6.979166979387528,34.88483594629257,1.0,0.8847290640394089
tfinance,hgb_attributes,exposure_80,moderate,weighted_bh_rand,8,0.1041027057766582,0.6506930693069307,293.9,1.0,10972.6,7602.157939310115,6.996458306560561,34.97123798032418,1.0,0.8831683168316832
tfinance,hgb_attributes,exposure_80,moderate,weighted_bh_rand,9,0.09938877235682567,0.6606372549019608,299.48,1.0,10969.24,7584.934135444109,6.990552073153261,34.941726893521626,1.0,0.8872549019607844
tfinance,hgb_attributes,exposure_80,moderate,weighted_by,0,0.0,0.0,0.0,0.0,10971.28,7565.3830602507405,6.977512812054766,34.8765715289729,1.0,0.8826732673267327
tfinance,hgb_attributes,exposure_80,moderate,weighted_by,1,0.0,0.0,0.0,0.0,10990.66,7607.1459384205555,6.980797795353648,34.89298506776286,1.0,0.8886138613861386
tfinance,hgb_attributes,exposure_80,moderate,weighted_by,2,0.0,0.0,0.0,0.0,10978.52,7605.313970917731,6.9923062225682475,34.950490883397684,1.0,0.8745098039215686
tfinance,hgb_attributes,exposure_80,moderate,weighted_by,3,0.0,0.0,0.0,0.0,10935.7,7578.5737988564115,7.021334100319536,35.09553827460635,1.0,0.8796019900497513
tfinance,hgb_attributes,exposure_80,moderate,weighted_by,4,0.0,0.0,0.0,0.0,10970.68,7563.254572797873,6.976038948245869,34.869205890970846,1.0,0.8630541871921181
tfinance,hgb_attributes,exposure_80,moderate,weighted_by,5,0.0,0.0,0.0,0.0,10966.14,7585.791824419743,6.993500604326284,34.956459068345154,1.0,0.8958024691358024
tfinance,hgb_attributes,exposure_80,moderate,weighted_by,6,0.0,0.0,0.0,0.0,10975.94,7583.780065892023,6.9822986736089305,34.900484379101236,1.0,0.8786240786240787
tfinance,hgb_attributes,exposure_80,moderate,weighted_by,7,0.0,0.0,0.0,0.0,10981.68,7588.291971933367,6.979166979387528,34.88483594629257,1.0,0.8847290640394089
tfinance,hgb_attributes,exposure_80,moderate,weighted_by,8,0.0,0.0,0.0,0.0,10972.6,7602.157939310115,6.996458306560561,34.97123798032418,1.0,0.8831683168316832
tfinance,hgb_attributes,exposure_80,moderate,weighted_by,9,0.0,0.0,0.0,0.0,10969.24,7584.934135444109,6.990552073153261,34.941726893521626,1.0,0.8872549019607844
tfinance,hgb_attributes,exposure_80,neutral,equal_alpha,0,0.03402197809867555,0.6132178217821782,256.58,1.0,12682.28,12682.28,6.98270316676686,6.98270316676686,1.0,0.8826732673267327
tfinance,hgb_attributes,exposure_80,neutral,equal_alpha,1,0.036784493917306475,0.6200990099009901,260.22,1.0,12676.42,12676.42,6.985148205065472,6.985148205065472,1.0,0.8886138613861386
tfinance,hgb_attributes,exposure_80,neutral,equal_alpha,2,0.043852638175183464,0.6216176470588235,265.34,1.0,12686.82,12686.82,6.979410975201996,6.979410975201996,1.0,0.8745098039215686
tfinance,hgb_attributes,exposure_80,neutral,equal_alpha,3,0.038988846480022134,0.630547263681592,263.88,1.0,12643.14,12643.14,7.003549530816895,7.003549530816895,1.0,0.8796019900497513
tfinance,hgb_attributes,exposure_80,neutral,equal_alpha,4,0.043662310611051455,0.6135960591133005,260.74,1.0,12680.16,12680.16,6.983056000538485,6.983056000538485,1.0,0.8630541871921181
tfinance,hgb_attributes,exposure_80,neutral,equal_alpha,5,0.04092463537011718,0.6537777777777778,276.16,1.0,12654.9,12654.9,6.996989594471989,6.996989594471989,1.0,0.8958024691358024
tfinance,hgb_attributes,exposure_80,neutral,equal_alpha,6,0.036615867906564056,0.6103194103194103,257.9,1.0,12666.72,12666.72,6.990474968192263,6.990474968192263,1.0,0.8786240786240787
tfinance,hgb_attributes,exposure_80,neutral,equal_alpha,7,0.030932340664639,0.6169950738916257,258.58,1.0,12679.76,12679.76,6.983370383645106,6.983370383645106,1.0,0.8847290640394089
tfinance,hgb_attributes,exposure_80,neutral,equal_alpha,8,0.03027003192755796,0.6289108910891089,262.14,1.0,12665.22,12665.22,6.991348870161514,6.991348870161514,1.0,0.8831683168316832
tfinance,hgb_attributes,exposure_80,neutral,equal_alpha,9,0.03221055888789229,0.6245098039215686,263.38,1.0,12664.7,12664.7,6.99235597093424,6.99235597093424,1.0,0.8872549019607844
tfinance,hgb_attributes,exposure_80,neutral,pooled_reference,0,0.0743432265669553,0.6363366336633663,278.06,1.0,12682.28,12682.28,6.98270316676686,6.98270316676686,1.0,0.8826732673267327
tfinance,hgb_attributes,exposure_80,neutral,pooled_reference,1,0.07882226557196208,0.6530693069306931,286.82,1.0,12676.42,12676.42,6.985148205065472,6.985148205065472,1.0,0.8886138613861386
tfinance,hgb_attributes,exposure_80,neutral,pooled_reference,2,0.1008959145385548,0.6525490196078431,296.4,1.0,12686.82,12686.82,6.979410975201996,6.979410975201996,1.0,0.8745098039215686
tfinance,hgb_attributes,exposure_80,neutral,pooled_reference,3,0.09520847991183806,0.6524378109452736,290.1,1.0,12643.14,12643.14,7.003549530816895,7.003549530816895,1.0,0.8796019900497513
tfinance,hgb_attributes,exposure_80,neutral,pooled_reference,4,0.10130600770636955,0.6462561576354681,292.38,1.0,12680.16,12680.16,6.983056000538485,6.983056000538485,1.0,0.8630541871921181
tfinance,hgb_attributes,exposure_80,neutral,pooled_reference,5,0.10995304669123313,0.6684444444444445,304.42,1.0,12654.9,12654.9,6.996989594471989,6.996989594471989,1.0,0.8958024691358024
tfinance,hgb_attributes,exposure_80,neutral,pooled_reference,6,0.09193091527758454,0.6437346437346437,288.7,1.0,12666.72,12666.72,6.990474968192263,6.990474968192263,1.0,0.8786240786240787
tfinance,hgb_attributes,exposure_80,neutral,pooled_reference,7,0.0970007066500557,0.6519704433497537,293.16,1.0,12679.76,12679.76,6.983370383645106,6.983370383645106,1.0,0.8847290640394089
tfinance,hgb_attributes,exposure_80,neutral,pooled_reference,8,0.10489354105146205,0.6531188118811881,295.18,1.0,12665.22,12665.22,6.991348870161514,6.991348870161514,1.0,0.8831683168316832
tfinance,hgb_attributes,exposure_80,neutral,pooled_reference,9,0.09469610140301706,0.6606862745098039,297.78,1.0,12664.7,12664.7,6.99235597093424,6.99235597093424,1.0,0.8872549019607844
tfinance,hgb_attributes,exposure_80,neutral,pooled_stratum,0,0.07607425689930696,0.6022277227722772,263.6,1.0,12682.28,12682.28,6.98270316676686,6.98270316676686,1.0,0.8826732673267327
tfinance,hgb_attributes,exposure_80,neutral,pooled_stratum,1,0.08119517894130344,0.6234158415841584,274.52,1.0,12676.42,12676.42,6.985148205065472,6.985148205065472,1.0,0.8886138613861386
tfinance,hgb_attributes,exposure_80,neutral,pooled_stratum,2,0.10126668905281808,0.6217156862745098,282.32,1.0,12686.82,12686.82,6.979410975201996,6.979410975201996,1.0,0.8745098039215686
tfinance,hgb_attributes,exposure_80,neutral,pooled_stratum,3,0.09570397559402018,0.6397014925373135,284.54,1.0,12643.14,12643.14,7.003549530816895,7.003549530816895,1.0,0.8796019900497513
tfinance,hgb_attributes,exposure_80,neutral,pooled_stratum,4,0.10401004515107934,0.5970443349753695,270.94,1.0,12680.16,12680.16,6.983056000538485,6.983056000538485,1.0,0.8630541871921181
tfinance,hgb_attributes,exposure_80,neutral,pooled_stratum,5,0.10630729717492356,0.6593580246913581,299.14,1.0,12654.9,12654.9,6.996989594471989,6.996989594471989,1.0,0.8958024691358024
tfinance,hgb_attributes,exposure_80,neutral,pooled_stratum,6,0.09101111771436883,0.6075675675675676,272.16,1.0,12666.72,12666.72,6.990474968192263,6.990474968192263,1.0,0.8786240786240787
tfinance,hgb_attributes,exposure_80,neutral,pooled_stratum,7,0.0967829012254379,0.615615763546798,276.76,1.0,12679.76,12679.76,6.983370383645106,6.983370383645106,1.0,0.8847290640394089
tfinance,hgb_attributes,exposure_80,neutral,pooled_stratum,8,0.11148094399856003,0.6316831683168317,287.62,1.0,12665.22,12665.22,6.991348870161514,6.991348870161514,1.0,0.8831683168316832
tfinance,hgb_attributes,exposure_80,neutral,pooled_stratum,9,0.09688728616979217,0.6403921568627452,289.36,1.0,12664.7,12664.7,6.99235597093424,6.99235597093424,1.0,0.8872549019607844
tfinance,hgb_attributes,exposure_80,neutral,size_alpha,0,0.012835940730341507,0.5577722772277228,228.3,1.0,12682.28,12682.28,6.98270316676686,6.98270316676686,1.0,0.8826732673267327
tfinance,hgb_attributes,exposure_80,neutral,size_alpha,1,0.017202624551906007,0.5832673267326733,239.88,1.0,12676.42,12676.42,6.985148205065472,6.985148205065472,1.0,0.8886138613861386
tfinance,hgb_attributes,exposure_80,neutral,size_alpha,2,0.0192247266179155,0.5965196078431372,248.22,1.0,12686.82,12686.82,6.979410975201996,6.979410975201996,1.0,0.8745098039215686
tfinance,hgb_attributes,exposure_80,neutral,size_alpha,3,0.0175802662841153,0.5914427860696517,242.1,1.0,12643.14,12643.14,7.003549530816895,7.003549530816895,1.0,0.8796019900497513
tfinance,hgb_attributes,exposure_80,neutral,size_alpha,4,0.02249669071580361,0.5465024630541871,227.2,1.0,12680.16,12680.16,6.983056000538485,6.983056000538485,1.0,0.8630541871921181
tfinance,hgb_attributes,exposure_80,neutral,size_alpha,5,0.021275510837964622,0.6288395061728395,260.32,1.0,12654.9,12654.9,6.996989594471989,6.996989594471989,1.0,0.8958024691358024
tfinance,hgb_attributes,exposure_80,neutral,size_alpha,6,0.009157435907412453,0.5622113022113022,230.98,1.0,12666.72,12666.72,6.990474968192263,6.990474968192263,1.0,0.8786240786240787
tfinance,hgb_attributes,exposure_80,neutral,size_alpha,7,0.009563007232747524,0.5631034482758621,230.84,1.0,12679.76,12679.76,6.983370383645106,6.983370383645106,1.0,0.8847290640394089
tfinance,hgb_attributes,exposure_80,neutral,size_alpha,8,0.014034855644369217,0.5972772277227723,244.8,1.0,12665.22,12665.22,6.991348870161514,6.991348870161514,1.0,0.8831683168316832
tfinance,hgb_attributes,exposure_80,neutral,size_alpha,9,0.017863093967187316,0.5963235294117647,247.82,1.0,12664.7,12664.7,6.99235597093424,6.99235597093424,1.0,0.8872549019607844
tfinance,hgb_attributes,exposure_80,neutral,wcs_deterministic,0,0.0743432265669553,0.6363366336633663,278.06,1.0,12682.28,12682.28,6.98270316676686,6.98270316676686,1.0,0.8826732673267327
tfinance,hgb_attributes,exposure_80,neutral,wcs_deterministic,1,0.07882226557196208,0.6530693069306931,286.82,1.0,12676.42,12676.42,6.985148205065472,6.985148205065472,1.0,0.8886138613861386
tfinance,hgb_attributes,exposure_80,neutral,wcs_deterministic,2,0.1008959145385548,0.6525490196078431,296.4,1.0,12686.82,12686.82,6.979410975201996,6.979410975201996,1.0,0.8745098039215686
tfinance,hgb_attributes,exposure_80,neutral,wcs_deterministic,3,0.09520847991183806,0.6524378109452736,290.1,1.0,12643.14,12643.14,7.003549530816895,7.003549530816895,1.0,0.8796019900497513
tfinance,hgb_attributes,exposure_80,neutral,wcs_deterministic,4,0.10130600770636955,0.6462561576354681,292.38,1.0,12680.16,12680.16,6.983056000538485,6.983056000538485,1.0,0.8630541871921181
tfinance,hgb_attributes,exposure_80,neutral,wcs_deterministic,5,0.10995304669123313,0.6684444444444445,304.42,1.0,12654.9,12654.9,6.996989594471989,6.996989594471989,1.0,0.8958024691358024
tfinance,hgb_attributes,exposure_80,neutral,wcs_deterministic,6,0.09193091527758454,0.6437346437346437,288.7,1.0,12666.72,12666.72,6.990474968192263,6.990474968192263,1.0,0.8786240786240787
tfinance,hgb_attributes,exposure_80,neutral,wcs_deterministic,7,0.0970007066500557,0.6519704433497537,293.16,1.0,12679.76,12679.76,6.983370383645106,6.983370383645106,1.0,0.8847290640394089
tfinance,hgb_attributes,exposure_80,neutral,wcs_deterministic,8,0.10489354105146205,0.6531188118811881,295.18,1.0,12665.22,12665.22,6.991348870161514,6.991348870161514,1.0,0.8831683168316832
tfinance,hgb_attributes,exposure_80,neutral,wcs_deterministic,9,0.09469610140301706,0.6606862745098039,297.78,1.0,12664.7,12664.7,6.99235597093424,6.99235597093424,1.0,0.8872549019607844
tfinance,hgb_attributes,exposure_80,neutral,wcs_homogeneous,0,0.0743432265669553,0.6363366336633663,278.06,1.0,12682.28,12682.28,6.98270316676686,6.98270316676686,1.0,0.8826732673267327
tfinance,hgb_attributes,exposure_80,neutral,wcs_homogeneous,1,0.07882226557196208,0.6530693069306931,286.82,1.0,12676.42,12676.42,6.985148205065472,6.985148205065472,1.0,0.8886138613861386
tfinance,hgb_attributes,exposure_80,neutral,wcs_homogeneous,2,0.1008959145385548,0.6525490196078431,296.4,1.0,12686.82,12686.82,6.979410975201996,6.979410975201996,1.0,0.8745098039215686
tfinance,hgb_attributes,exposure_80,neutral,wcs_homogeneous,3,0.09520847991183806,0.6524378109452736,290.1,1.0,12643.14,12643.14,7.003549530816895,7.003549530816895,1.0,0.8796019900497513
tfinance,hgb_attributes,exposure_80,neutral,wcs_homogeneous,4,0.10130600770636955,0.6462561576354681,292.38,1.0,12680.16,12680.16,6.983056000538485,6.983056000538485,1.0,0.8630541871921181
tfinance,hgb_attributes,exposure_80,neutral,wcs_homogeneous,5,0.10995304669123313,0.6684444444444445,304.42,1.0,12654.9,12654.9,6.996989594471989,6.996989594471989,1.0,0.8958024691358024
tfinance,hgb_attributes,exposure_80,neutral,wcs_homogeneous,6,0.09193091527758454,0.6437346437346437,288.7,1.0,12666.72,12666.72,6.990474968192263,6.990474968192263,1.0,0.8786240786240787
tfinance,hgb_attributes,exposure_80,neutral,wcs_homogeneous,7,0.0970007066500557,0.6519704433497537,293.16,1.0,12679.76,12679.76,6.983370383645106,6.983370383645106,1.0,0.8847290640394089
tfinance,hgb_attributes,exposure_80,neutral,wcs_homogeneous,8,0.10489354105146205,0.6531188118811881,295.18,1.0,12665.22,12665.22,6.991348870161514,6.991348870161514,1.0,0.8831683168316832
tfinance,hgb_attributes,exposure_80,neutral,wcs_homogeneous,9,0.09469610140301706,0.6606862745098039,297.78,1.0,12664.7,12664.7,6.99235597093424,6.99235597093424,1.0,0.8872549019607844
tfinance,hgb_attributes,exposure_80,neutral,wcs_rand_deterministic,0,0.07491423846755974,0.636980198019802,278.52,1.0,12682.28,12682.28,6.98270316676686,6.98270316676686,1.0,0.8826732673267327
tfinance,hgb_attributes,exposure_80,neutral,wcs_rand_deterministic,1,0.07966853665519805,0.6533663366336634,287.22,1.0,12676.42,12676.42,6.985148205065472,6.985148205065472,1.0,0.8886138613861386
tfinance,hgb_attributes,exposure_80,neutral,wcs_rand_deterministic,2,0.10160214414205783,0.652843137254902,296.76,1.0,12686.82,12686.82,6.979410975201996,6.979410975201996,1.0,0.8745098039215686
tfinance,hgb_attributes,exposure_80,neutral,wcs_rand_deterministic,3,0.0954704365249444,0.6530845771144278,290.48,1.0,12643.14,12643.14,7.003549530816895,7.003549530816895,1.0,0.8796019900497513
tfinance,hgb_attributes,exposure_80,neutral,wcs_rand_deterministic,4,0.10194707607295372,0.6470443349753694,292.94,1.0,12680.16,12680.16,6.983056000538485,6.983056000538485,1.0,0.8630541871921181
tfinance,hgb_attributes,exposure_80,neutral,wcs_rand_deterministic,5,0.11082275155623701,0.6685925925925926,304.78,1.0,12654.9,12654.9,6.996989594471989,6.996989594471989,1.0,0.8958024691358024
tfinance,hgb_attributes,exposure_80,neutral,wcs_rand_deterministic,6,0.09259428309471861,0.6438820638820638,288.98,1.0,12666.72,12666.72,6.990474968192263,6.990474968192263,1.0,0.8786240786240787
tfinance,hgb_attributes,exposure_80,neutral,wcs_rand_deterministic,7,0.0977440809032154,0.6520689655172415,293.44,1.0,12679.76,12679.76,6.983370383645106,6.983370383645106,1.0,0.8847290640394089
tfinance,hgb_attributes,exposure_80,neutral,wcs_rand_deterministic,8,0.10517942736704505,0.6533168316831683,295.36,1.0,12665.22,12665.22,6.991348870161514,6.991348870161514,1.0,0.8831683168316832
tfinance,hgb_attributes,exposure_80,neutral,wcs_rand_deterministic,9,0.09523892847018339,0.661029411764706,298.12,1.0,12664.7,12664.7,6.99235597093424,6.99235597093424,1.0,0.8872549019607844
tfinance,hgb_attributes,exposure_80,neutral,wcs_rand_homogeneous,0,0.07523141142756516,0.6371782178217822,278.7,1.0,12682.28,12682.28,6.98270316676686,6.98270316676686,1.0,0.8826732673267327
tfinance,hgb_attributes,exposure_80,neutral,wcs_rand_homogeneous,1,0.08001896163155217,0.6534653465346536,287.38,1.0,12676.42,12676.42,6.985148205065472,6.985148205065472,1.0,0.8886138613861386
tfinance,hgb_attributes,exposure_80,neutral,wcs_rand_homogeneous,2,0.10185558568172376,0.6530392156862744,296.94,1.0,12686.82,12686.82,6.979410975201996,6.979410975201996,1.0,0.8745098039215686
tfinance,hgb_attributes,exposure_80,neutral,wcs_rand_homogeneous,3,0.09595787508387797,0.653681592039801,290.9,1.0,12643.14,12643.14,7.003549530816895,7.003549530816895,1.0,0.8796019900497513
tfinance,hgb_attributes,exposure_80,neutral,wcs_rand_homogeneous,4,0.10247684651400926,0.6475369458128079,293.34,1.0,12680.16,12680.16,6.983056000538485,6.983056000538485,1.0,0.8630541871921181
tfinance,hgb_attributes,exposure_80,neutral,wcs_rand_homogeneous,5,0.11094036572670131,0.668641975308642,304.84,1.0,12654.9,12654.9,6.996989594471989,6.996989594471989,1.0,0.8958024691358024
tfinance,hgb_attributes,exposure_80,neutral,wcs_rand_homogeneous,6,0.09306793824132813,0.6440786240786242,289.22,1.0,12666.72,12666.72,6.990474968192263,6.990474968192263,1.0,0.8786240786240787
tfinance,hgb_attributes,exposure_80,neutral,wcs_rand_homogeneous,7,0.09788324509125591,0.6523645320197045,293.62,1.0,12679.76,12679.76,6.983370383645106,6.983370383645106,1.0,0.8847290640394089
tfinance,hgb_attributes,exposure_80,neutral,wcs_rand_homogeneous,8,0.1056546342225052,0.6536138613861386,295.66,1.0,12665.22,12665.22,6.991348870161514,6.991348870161514,1.0,0.8831683168316832
tfinance,hgb_attributes,exposure_80,neutral,wcs_rand_homogeneous,9,0.09546673662065402,0.6611274509803922,298.24,1.0,12664.7,12664.7,6.99235597093424,6.99235597093424,1.0,0.8872549019607844
tfinance,hgb_attributes,exposure_80,neutral,weighted_bh,0,0.0743432265669553,0.6363366336633663,278.06,1.0,12682.28,12682.28,6.98270316676686,6.98270316676686,1.0,0.8826732673267327
tfinance,hgb_attributes,exposure_80,neutral,weighted_bh,1,0.07882226557196208,0.6530693069306931,286.82,1.0,12676.42,12676.42,6.985148205065472,6.985148205065472,1.0,0.8886138613861386
tfinance,hgb_attributes,exposure_80,neutral,weighted_bh,2,0.1008959145385548,0.6525490196078431,296.4,1.0,12686.82,12686.82,6.979410975201996,6.979410975201996,1.0,0.8745098039215686
tfinance,hgb_attributes,exposure_80,neutral,weighted_bh,3,0.09520847991183806,0.6524378109452736,290.1,1.0,12643.14,12643.14,7.003549530816895,7.003549530816895,1.0,0.8796019900497513
tfinance,hgb_attributes,exposure_80,neutral,weighted_bh,4,0.10130600770636955,0.6462561576354681,292.38,1.0,12680.16,12680.16,6.983056000538485,6.983056000538485,1.0,0.8630541871921181
tfinance,hgb_attributes,exposure_80,neutral,weighted_bh,5,0.10995304669123313,0.6684444444444445,304.42,1.0,12654.9,12654.9,6.996989594471989,6.996989594471989,1.0,0.8958024691358024
tfinance,hgb_attributes,exposure_80,neutral,weighted_bh,6,0.09193091527758454,0.6437346437346437,288.7,1.0,12666.72,12666.72,6.990474968192263,6.990474968192263,1.0,0.8786240786240787
tfinance,hgb_attributes,exposure_80,neutral,weighted_bh,7,0.0970007066500557,0.6519704433497537,293.16,1.0,12679.76,12679.76,6.983370383645106,6.983370383645106,1.0,0.8847290640394089
tfinance,hgb_attributes,exposure_80,neutral,weighted_bh,8,0.10489354105146205,0.6531188118811881,295.18,1.0,12665.22,12665.22,6.991348870161514,6.991348870161514,1.0,0.8831683168316832
tfinance,hgb_attributes,exposure_80,neutral,weighted_bh,9,0.09469610140301706,0.6606862745098039,297.78,1.0,12664.7,12664.7,6.99235597093424,6.99235597093424,1.0,0.8872549019607844
tfinance,hgb_attributes,exposure_80,neutral,weighted_bh_rand,0,0.07497052012361966,0.6370792079207921,278.58,1.0,12682.28,12682.28,6.98270316676686,6.98270316676686,1.0,0.8826732673267327
tfinance,hgb_attributes,exposure_80,neutral,weighted_bh_rand,1,0.07987067912979336,0.6535643564356435,287.38,1.0,12676.42,12676.42,6.985148205065472,6.985148205065472,1.0,0.8886138613861386
tfinance,hgb_attributes,exposure_80,neutral,weighted_bh_rand,2,0.10185810207487053,0.6530392156862744,296.94,1.0,12686.82,12686.82,6.979410975201996,6.979410975201996,1.0,0.8745098039215686
tfinance,hgb_attributes,exposure_80,neutral,weighted_bh_rand,3,0.0958207614361083,0.6536318407960199,290.84,1.0,12643.14,12643.14,7.003549530816895,7.003549530816895,1.0,0.8796019900497513
tfinance,hgb_attributes,exposure_80,neutral,weighted_bh_rand,4,0.10244417599715855,0.6475369458128079,293.34,1.0,12680.16,12680.16,6.983056000538485,6.983056000538485,1.0,0.8630541871921181
tfinance,hgb_attributes,exposure_80,neutral,weighted_bh_rand,5,0.11088844607671679,0.6685925925925926,304.8,1.0,12654.9,12654.9,6.996989594471989,6.996989594471989,1.0,0.8958024691358024
tfinance,hgb_attributes,exposure_80,neutral,weighted_bh_rand,6,0.09336239043057123,0.6441277641277641,289.34,1.0,12666.72,12666.72,6.990474968192263,6.990474968192263,1.0,0.8786240786240787
tfinance,hgb_attributes,exposure_80,neutral,weighted_bh_rand,7,0.0978957148901435,0.6522167487684729,293.56,1.0,12679.76,12679.76,6.983370383645106,6.983370383645106,1.0,0.8847290640394089
tfinance,hgb_attributes,exposure_80,neutral,weighted_bh_rand,8,0.10574293978855383,0.6537623762376238,295.76,1.0,12665.22,12665.22,6.991348870161514,6.991348870161514,1.0,0.8831683168316832
tfinance,hgb_attributes,exposure_80,neutral,weighted_bh_rand,9,0.0954183486952879,0.6611274509803922,298.22,1.0,12664.7,12664.7,6.99235597093424,6.99235597093424,1.0,0.8872549019607844
tfinance,hgb_attributes,exposure_80,neutral,weighted_by,0,0.00813340960457576,0.4389108910891089,178.96,0.98,12682.28,12682.28,6.98270316676686,6.98270316676686,1.0,0.8826732673267327
tfinance,hgb_attributes,exposure_80,neutral,weighted_by,1,0.008951485259395865,0.4071782178217822,166.4,0.84,12676.42,12676.42,6.985148205065472,6.985148205065472,1.0,0.8886138613861386
tfinance,hgb_attributes,exposure_80,neutral,weighted_by,2,0.010957937660393628,0.5098529411764706,210.4,1.0,12686.82,12686.82,6.979410975201996,6.979410975201996,1.0,0.8745098039215686
tfinance,hgb_attributes,exposure_80,neutral,weighted_by,3,0.011473562896632062,0.3093532338308458,126.84,0.62,12643.14,12643.14,7.003549530816895,7.003549530816895,1.0,0.8796019900497513
tfinance,hgb_attributes,exposure_80,neutral,weighted_by,4,0.008416684347758704,0.4205911330049261,172.4,0.92,12680.16,12680.16,6.983056000538485,6.983056000538485,1.0,0.8630541871921181
tfinance,hgb_attributes,exposure_80,neutral,weighted_by,5,0.018012352729077436,0.5335802469135803,220.5,1.0,12654.9,12654.9,6.996989594471989,6.996989594471989,1.0,0.8958024691358024
tfinance,hgb_attributes,exposure_80,neutral,weighted_by,6,0.0072021833769161225,0.4252088452088452,174.48,1.0,12666.72,12666.72,6.990474968192263,6.990474968192263,1.0,0.8786240786240787
tfinance,hgb_attributes,exposure_80,neutral,weighted_by,7,0.00611363086136309,0.24729064039408868,101.74,0.5,12679.76,12679.76,6.983370383645106,6.983370383645106,1.0,0.8847290640394089
tfinance,hgb_attributes,exposure_80,neutral,weighted_by,8,0.009763749068883476,0.40554455445544557,166.06,0.8,12665.22,12665.22,6.991348870161514,6.991348870161514,1.0,0.8831683168316832
tfinance,hgb_attributes,exposure_80,neutral,weighted_by,9,0.011730235769947963,0.46127450980392154,190.78,1.0,12664.7,12664.7,6.99235597093424,6.99235597093424,1.0,0.8872549019607844
tfinance,hgb_attributes,exposure_80,severe,equal_alpha,0,0.008909148489685555,0.05643564356435643,25.68,0.08,10649.36,3009.7016943600674,6.970612839471196,139.20400416785404,1.0,0.8826732673267327
tfinance,hgb_attributes,exposure_80,severe,equal_alpha,1,0.008,0.0004455445544554455,0.3,0.02,10674.08,3036.058143882892,6.970433729263817,139.2004280900081,1.0,0.8886138613861386
tfinance,hgb_attributes,exposure_80,severe,equal_alpha,2,0.023590241282436607,0.07014705882352941,32.34,0.16,10662.46,3059.692706070604,6.99504877343956,139.6912305027877,1.0,0.8745098039215686
tfinance,hgb_attributes,exposure_80,severe,equal_alpha,3,0.01504976804501702,0.02955223880597015,14.72,0.06,10619.44,3071.940099365809,7.044875906674661,140.6848063188918,1.0,0.8796019900497513
tfinance,hgb_attributes,exposure_80,severe,equal_alpha,4,0.031175748946979956,0.038275862068965515,17.54,0.38,10649.36,2992.5683332059816,6.958797379255733,138.96840147510628,1.0,0.8630541871921181
tfinance,hgb_attributes,exposure_80,severe,equal_alpha,5,0.05009738127985223,0.06123456790123456,28.82,0.22,10647.92,3041.564617280667,6.997863079230316,139.74738537217044,1.0,0.8958024691358024
tfinance,hgb_attributes,exposure_80,severe,equal_alpha,6,0.013375700393893263,0.0652088452088452,30.72,0.1,10655.84,3035.632385448951,6.984697356807244,139.48485244974825,1.0,0.8786240786240787
tfinance,hgb_attributes,exposure_80,severe,equal_alpha,7,0.005376708769151937,0.043103448275862065,19.3,0.06,10659.92,3063.3402201603394,7.0012002682521235,139.8139011673198,1.0,0.8847290640394089
tfinance,hgb_attributes,exposure_80,severe,equal_alpha,8,0.0,0.0,0.0,0.0,10656.56,3058.3278850935294,7.001133840401426,139.81258382326297,1.0,0.8831683168316832
tfinance,hgb_attributes,exposure_80,severe,equal_alpha,9,0.03040321543144037,0.04426470588235294,20.98,0.14,10650.34,3041.517795690383,6.994984200346032,139.6899918204568,1.0,0.8872549019607844
tfinance,hgb_attributes,exposure_80,severe,pooled_reference,0,0.09434572006580165,0.6495049504950495,290.1,1.0,10649.36,3009.7016943600674,6.970612839471196,139.20400416785404,1.0,0.8826732673267327
tfinance,hgb_attributes,exposure_80,severe,pooled_reference,1,0.09937665982270115,0.6612376237623763,297.08,1.0,10674.08,3036.058143882892,6.970433729263817,139.2004280900081,1.0,0.8886138613861386
tfinance,hgb_attributes,exposure_80,severe,pooled_reference,2,0.12323510876540662,0.6666176470588234,310.74,1.0,10662.46,3059.692706070604,6.99504877343956,139.6912305027877,1.0,0.8745098039215686
tfinance,hgb_attributes,exposure_80,severe,pooled_reference,3,0.1046370970605953,0.6611442786069652,297.08,1.0,10619.44,3071.940099365809,7.044875906674661,140.6848063188918,1.0,0.8796019900497513
tfinance,hgb_attributes,exposure_80,severe,pooled_reference,4,0.11966911581518498,0.6589162561576355,304.46,1.0,10649.36,2992.5683332059816,6.958797379255733,138.96840147510628,1.0,0.8630541871921181
tfinance,hgb_attributes,exposure_80,severe,pooled_reference,5,0.11273092326451878,0.6698271604938272,306.08,1.0,10647.92,3041.564617280667,6.997863079230316,139.74738537217044,1.0,0.8958024691358024
tfinance,hgb_attributes,exposure_80,severe,pooled_reference,6,0.12212621847164556,0.6546928746928746,303.98,1.0,10655.84,3035.632385448951,6.984697356807244,139.48485244974825,1.0,0.8786240786240787
tfinance,hgb_attributes,exposure_80,severe,pooled_reference,7,0.10820014689707502,0.6610344827586206,301.04,1.0,10659.92,3063.3402201603394,7.0012002682521235,139.8139011673198,1.0,0.8847290640394089
tfinance,hgb_attributes,exposure_80,severe,pooled_reference,8,0.12846926949373205,0.6674752475247524,310.14,1.0,10656.56,3058.3278850935294,7.001133840401426,139.81258382326297,1.0,0.8831683168316832
tfinance,hgb_attributes,exposure_80,severe,pooled_reference,9,0.11004873493045782,0.6673039215686275,306.2,1.0,10650.34,3041.517795690383,6.994984200346032,139.6899918204568,1.0,0.8872549019607844
tfinance,hgb_attributes,exposure_80,severe,pooled_stratum,0,0.01505982905982906,0.002722772277227723,1.26,0.12,10649.36,3009.7016943600674,6.970612839471196,139.20400416785404,1.0,0.8826732673267327
tfinance,hgb_attributes,exposure_80,severe,pooled_stratum,1,0.040965034965034966,0.00400990099009901,2.1,0.2,10674.08,3036.058143882892,6.970433729263817,139.2004280900081,1.0,0.8886138613861386
tfinance,hgb_attributes,exposure_80,severe,pooled_stratum,2,0.05906493506493506,0.015196078431372549,6.86,0.64,10662.46,3059.692706070604,6.99504877343956,139.6912305027877,1.0,0.8745098039215686
tfinance,hgb_attributes,exposure_80,severe,pooled_stratum,3,0.05311111111111111,0.003930348258706468,2.34,0.18,10619.44,3071.940099365809,7.044875906674661,140.6848063188918,1.0,0.8796019900497513
tfinance,hgb_attributes,exposure_80,severe,pooled_stratum,4,0.05808053221288516,0.02704433497536946,11.82,0.86,10649.36,2992.5683332059816,6.958797379255733,138.96840147510628,1.0,0.8630541871921181
tfinance,hgb_attributes,exposure_80,severe,pooled_stratum,5,0.09777980602129208,0.006814814814814814,4.4,0.28,10647.92,3041.564617280667,6.997863079230316,139.74738537217044,1.0,0.8958024691358024
tfinance,hgb_attributes,exposure_80,severe,pooled_stratum,6,0.006666666666666666,0.00029484029484029485,0.18,0.02,10655.84,3035.632385448951,6.984697356807244,139.48485244974825,1.0,0.8786240786240787
tfinance,hgb_attributes,exposure_80,severe,pooled_stratum,7,0.009914529914529915,0.0007881773399014779,0.44,0.04,10659.92,3063.3402201603394,7.0012002682521235,139.8139011673198,1.0,0.8847290640394089
tfinance,hgb_attributes,exposure_80,severe,pooled_stratum,8,0.016444444444444442,0.0010396039603960397,0.58,0.06,10656.56,3058.3278850935294,7.001133840401426,139.81258382326297,1.0,0.8831683168316832
tfinance,hgb_attributes,exposure_80,severe,pooled_stratum,9,0.06997083961789845,0.008186274509803922,4.38,0.3,10650.34,3041.517795690383,6.994984200346032,139.6899918204568,1.0,0.8872549019607844
tfinance,hgb_attributes,exposure_80,severe,size_alpha,0,0.01505982905982906,0.002722772277227723,1.26,0.12,10649.36,3009.7016943600674,6.970612839471196,139.20400416785404,1.0,0.8826732673267327
tfinance,hgb_attributes,exposure_80,severe,size_alpha,1,0.040965034965034966,0.00400990099009901,2.1,0.2,10674.08,3036.058143882892,6.970433729263817,139.2004280900081,1.0,0.8886138613861386
tfinance,hgb_attributes,exposure_80,severe,size_alpha,2,0.05906493506493506,0.015196078431372549,6.86,0.64,10662.46,3059.692706070604,6.99504877343956,139.6912305027877,1.0,0.8745098039215686
tfinance,hgb_attributes,exposure_80,severe,size_alpha,3,0.05311111111111111,0.003930348258706468,2.34,0.18,10619.44,3071.940099365809,7.044875906674661,140.6848063188918,1.0,0.8796019900497513
tfinance,hgb_attributes,exposure_80,severe,size_alpha,4,0.05808053221288516,0.02704433497536946,11.82,0.86,10649.36,2992.5683332059816,6.958797379255733,138.96840147510628,1.0,0.8630541871921181
tfinance,hgb_attributes,exposure_80,severe,size_alpha,5,0.09777980602129208,0.006814814814814814,4.4,0.28,10647.92,3041.564617280667,6.997863079230316,139.74738537217044,1.0,0.8958024691358024
tfinance,hgb_attributes,exposure_80,severe,size_alpha,6,0.006666666666666666,0.00029484029484029485,0.18,0.02,10655.84,3035.632385448951,6.984697356807244,139.48485244974825,1.0,0.8786240786240787
tfinance,hgb_attributes,exposure_80,severe,size_alpha,7,0.009914529914529915,0.0007881773399014779,0.44,0.04,10659.92,3063.3402201603394,7.0012002682521235,139.8139011673198,1.0,0.8847290640394089
tfinance,hgb_attributes,exposure_80,severe,size_alpha,8,0.016444444444444442,0.0010396039603960397,0.58,0.06,10656.56,3058.3278850935294,7.001133840401426,139.81258382326297,1.0,0.8831683168316832
tfinance,hgb_attributes,exposure_80,severe,size_alpha,9,0.06997083961789845,0.008186274509803922,4.38,0.3,10650.34,3041.517795690383,6.994984200346032,139.6899918204568,1.0,0.8872549019607844
tfinance,hgb_attributes,exposure_80,severe,wcs_deterministic,0,0.001670461013090495,0.023861386138613862,10.06,0.04,10649.36,3009.7016943600674,6.970612839471196,139.20400416785404,1.0,0.8826732673267327
tfinance,hgb_attributes,exposure_80,severe,wcs_deterministic,1,0.002333333333333333,0.025445544554455447,10.92,0.04,10674.08,3036.058143882892,6.970433729263817,139.2004280900081,1.0,0.8886138613861386
tfinance,hgb_attributes,exposure_80,severe,wcs_deterministic,2,0.004053913576610334,0.03784313725490196,16.56,0.06,10662.46,3059.692706070604,6.99504877343956,139.6912305027877,1.0,0.8745098039215686
tfinance,hgb_attributes,exposure_80,severe,wcs_deterministic,3,0.002649266122069469,0.035323383084577116,14.86,0.06,10619.44,3071.940099365809,7.044875906674661,140.6848063188918,1.0,0.8796019900497513
tfinance,hgb_attributes,exposure_80,severe,wcs_deterministic,4,0.0010980392156862745,0.01187192118226601,5.1,0.02,10649.36,2992.5683332059816,6.958797379255733,138.96840147510628,1.0,0.8630541871921181
tfinance,hgb_attributes,exposure_80,severe,wcs_deterministic,5,0.0,0.0,0.0,0.0,10647.92,3041.564617280667,6.997863079230316,139.74738537217044,1.0,0.8958024691358024
tfinance,hgb_attributes,exposure_80,severe,wcs_deterministic,6,0.0038224740721178106,0.036904176904176904,16.08,0.06,10655.84,3035.632385448951,6.984697356807244,139.48485244974825,1.0,0.8786240786240787
tfinance,hgb_attributes,exposure_80,severe,wcs_deterministic,7,0.0,0.0,0.0,0.0,10659.92,3063.3402201603394,7.0012002682521235,139.8139011673198,1.0,0.8847290640394089
tfinance,hgb_attributes,exposure_80,severe,wcs_deterministic,8,0.0,0.0,0.0,0.0,10656.56,3058.3278850935294,7.001133840401426,139.81258382326297,1.0,0.8831683168316832
tfinance,hgb_attributes,exposure_80,severe,wcs_deterministic,9,0.004509645499275555,0.039754901960784315,17.54,0.06,10650.34,3041.517795690383,6.994984200346032,139.6899918204568,1.0,0.8872549019607844
tfinance,hgb_attributes,exposure_80,severe,wcs_homogeneous,0,0.0734797215019982,0.576930693069307,253.0,0.98,10649.36,3009.7016943600674,6.970612839471196,139.20400416785404,1.0,0.8826732673267327
tfinance,hgb_attributes,exposure_80,severe,wcs_homogeneous,1,0.06925359208722527,0.573069306930693,251.06,0.92,10674.08,3036.058143882892,6.970433729263817,139.2004280900081,1.0,0.8886138613861386
tfinance,hgb_attributes,exposure_80,severe,wcs_homogeneous,2,0.10719448151068411,0.6049019607843138,275.22,0.98,10662.46,3059.692706070604,6.99504877343956,139.6912305027877,1.0,0.8745098039215686
tfinance,hgb_attributes,exposure_80,severe,wcs_homogeneous,3,0.09189279380628707,0.593681592039801,264.42,0.96,10619.44,3071.940099365809,7.044875906674661,140.6848063188918,1.0,0.8796019900497513
tfinance,hgb_attributes,exposure_80,severe,wcs_homogeneous,4,0.11333662425577642,0.5862068965517241,270.66,0.96,10649.36,2992.5683332059816,6.958797379255733,138.96840147510628,1.0,0.8630541871921181
tfinance,hgb_attributes,exposure_80,severe,wcs_homogeneous,5,0.09974271869322723,0.6215308641975309,281.46,0.96,10647.92,3041.564617280667,6.997863079230316,139.74738537217044,1.0,0.8958024691358024
tfinance,hgb_attributes,exposure_80,severe,wcs_homogeneous,6,0.09628026486375532,0.5647174447174447,255.36,0.94,10655.84,3035.632385448951,6.984697356807244,139.48485244974825,1.0,0.8786240786240787
tfinance,hgb_attributes,exposure_80,severe,wcs_homogeneous,7,0.08804311358377608,0.5850738916256158,262.54,0.94,10659.92,3063.3402201603394,7.0012002682521235,139.8139011673198,1.0,0.8847290640394089
tfinance,hgb_attributes,exposure_80,severe,wcs_homogeneous,8,0.09894606423826591,0.5771782178217822,262.06,0.92,10656.56,3058.3278850935294,7.001133840401426,139.81258382326297,1.0,0.8831683168316832
tfinance,hgb_attributes,exposure_80,severe,wcs_homogeneous,9,0.10266643228778766,0.6466666666666667,294.54,1.0,10650.34,3041.517795690383,6.994984200346032,139.6899918204568,1.0,0.8872549019607844
tfinance,hgb_attributes,exposure_80,severe,wcs_rand_deterministic,0,0.0038379466264595497,0.059158415841584155,24.86,0.1,10649.36,3009.7016943600674,6.970612839471196,139.20400416785404,1.0,0.8826732673267327
tfinance,hgb_attributes,exposure_80,severe,wcs_rand_deterministic,1,0.008203994274081134,0.06386138613861386,28.2,0.1,10674.08,3036.058143882892,6.970433729263817,139.2004280900081,1.0,0.8886138613861386
tfinance,hgb_attributes,exposure_80,severe,wcs_rand_deterministic,2,0.013142281716534452,0.1026470588235294,45.7,0.16,10662.46,3059.692706070604,6.99504877343956,139.6912305027877,1.0,0.8745098039215686
tfinance,hgb_attributes,exposure_80,severe,wcs_rand_deterministic,3,0.005340642803180751,0.060696517412935316,25.8,0.1,10619.44,3071.940099365809,7.044875906674661,140.6848063188918,1.0,0.8796019900497513
tfinance,hgb_attributes,exposure_80,severe,wcs_rand_deterministic,4,0.005949171777296778,0.03842364532019705,17.36,0.06,10649.36,2992.5683332059816,6.958797379255733,138.96840147510628,1.0,0.8630541871921181
tfinance,hgb_attributes,exposure_80,severe,wcs_rand_deterministic,5,0.013426024983130603,0.09150617283950617,41.08,0.14,10647.92,3041.564617280667,6.997863079230316,139.74738537217044,1.0,0.8958024691358024
tfinance,hgb_attributes,exposure_80,severe,wcs_rand_deterministic,6,0.0072408451772814604,0.06255528255528256,27.5,0.1,10655.84,3035.632385448951,6.984697356807244,139.48485244974825,1.0,0.8786240786240787
tfinance,hgb_attributes,exposure_80,severe,wcs_rand_deterministic,7,0.006407231042757145,0.038128078817733994,17.34,0.06,10659.92,3063.3402201603394,7.0012002682521235,139.8139011673198,1.0,0.8847290640394089
tfinance,hgb_attributes,exposure_80,severe,wcs_rand_deterministic,8,0.002185430463576159,0.013316831683168318,6.04,0.02,10656.56,3058.3278850935294,7.001133840401426,139.81258382326297,1.0,0.8831683168316832
tfinance,hgb_attributes,exposure_80,severe,wcs_rand_deterministic,9,0.018054347514211862,0.13230392156862744,59.36,0.2,10650.34,3041.517795690383,6.994984200346032,139.6899918204568,1.0,0.8872549019607844
tfinance,hgb_attributes,exposure_80,severe,wcs_rand_homogeneous,0,0.07853528971737199,0.6018811881188119,265.46,0.98,10649.36,3009.7016943600674,6.970612839471196,139.20400416785404,1.0,0.8826732673267327
tfinance,hgb_attributes,exposure_80,severe,wcs_rand_homogeneous,1,0.07545259894379024,0.5983663366336633,263.78,0.94,10674.08,3036.058143882892,6.970433729263817,139.2004280900081,1.0,0.8886138613861386
tfinance,hgb_attributes,exposure_80,severe,wcs_rand_homogeneous,2,0.10596367082003909,0.6237254901960785,286.22,0.98,10662.46,3059.692706070604,6.99504877343956,139.6912305027877,1.0,0.8745098039215686
tfinance,hgb_attributes,exposure_80,severe,wcs_rand_homogeneous,3,0.10033466606690228,0.6415920398009951,287.4,1.0,10619.44,3071.940099365809,7.044875906674661,140.6848063188918,1.0,0.8796019900497513
tfinance,hgb_attributes,exposure_80,severe,wcs_rand_homogeneous,4,0.12408576880854545,0.6382758620689655,296.92,1.0,10649.36,2992.5683332059816,6.958797379255733,138.96840147510628,1.0,0.8630541871921181
tfinance,hgb_attributes,exposure_80,severe,wcs_rand_homogeneous,5,0.10586177614387735,0.6450864197530864,293.5,0.98,10647.92,3041.564617280667,6.997863079230316,139.74738537217044,1.0,0.8958024691358024
tfinance,hgb_attributes,exposure_80,severe,wcs_rand_homogeneous,6,0.10095045313898943,0.595036855036855,272.16,0.96,10655.84,3035.632385448951,6.984697356807244,139.48485244974825,1.0,0.8786240786240787
tfinance,hgb_attributes,exposure_80,severe,wcs_rand_homogeneous,7,0.0924151028947786,0.5992118226600985,270.44,0.94,10659.92,3063.3402201603394,7.0012002682521235,139.8139011673198,1.0,0.8847290640394089
tfinance,hgb_attributes,exposure_80,severe,wcs_rand_homogeneous,8,0.10733851231975765,0.6044059405940594,276.68,0.94,10656.56,3058.3278850935294,7.001133840401426,139.81258382326297,1.0,0.8831683168316832
tfinance,hgb_attributes,exposure_80,severe,wcs_rand_homogeneous,9,0.10741839901007215,0.6563725490196078,300.64,1.0,10650.34,3041.517795690383,6.994984200346032,139.6899918204568,1.0,0.8872549019607844
tfinance,hgb_attributes,exposure_80,severe,weighted_bh,0,0.07330290153951535,0.5979207920792079,261.52,1.0,10649.36,3009.7016943600674,6.970612839471196,139.20400416785404,1.0,0.8826732673267327
tfinance,hgb_attributes,exposure_80,severe,weighted_bh,1,0.07012013931031562,0.6006435643564356,262.62,0.96,10674.08,3036.058143882892,6.970433729263817,139.2004280900081,1.0,0.8886138613861386
tfinance,hgb_attributes,exposure_80,severe,weighted_bh,2,0.09196468107747972,0.6070588235294118,275.14,0.96,10662.46,3059.692706070604,6.99504877343956,139.6912305027877,1.0,0.8745098039215686
tfinance,hgb_attributes,exposure_80,severe,weighted_bh,3,0.09236578275981323,0.6251741293532338,277.46,1.0,10619.44,3071.940099365809,7.044875906674661,140.6848063188918,1.0,0.8796019900497513
tfinance,hgb_attributes,exposure_80,severe,weighted_bh,4,0.11474317596386709,0.6199507389162562,285.38,1.0,10649.36,2992.5683332059816,6.958797379255733,138.96840147510628,1.0,0.8630541871921181
tfinance,hgb_attributes,exposure_80,severe,weighted_bh,5,0.10186907392627562,0.6504197530864197,293.88,1.0,10647.92,3041.564617280667,6.997863079230316,139.74738537217044,1.0,0.8958024691358024
tfinance,hgb_attributes,exposure_80,severe,weighted_bh,6,0.09348451754386389,0.6080098280098281,274.74,0.98,10655.84,3035.632385448951,6.984697356807244,139.48485244974825,1.0,0.8786240786240787
tfinance,hgb_attributes,exposure_80,severe,weighted_bh,7,0.08689811724790798,0.6114285714285714,272.92,0.98,10659.92,3063.3402201603394,7.0012002682521235,139.8139011673198,1.0,0.8847290640394089
tfinance,hgb_attributes,exposure_80,severe,weighted_bh,8,0.10239844688285181,0.616980198019802,279.2,0.98,10656.56,3058.3278850935294,7.001133840401426,139.81258382326297,1.0,0.8831683168316832
tfinance,hgb_attributes,exposure_80,severe,weighted_bh,9,0.09976270038454746,0.6479901960784313,294.24,1.0,10650.34,3041.517795690383,6.994984200346032,139.6899918204568,1.0,0.8872549019607844
tfinance,hgb_attributes,exposure_80,severe,weighted_bh_rand,0,0.07986072002039385,0.6181683168316832,272.42,1.0,10649.36,3009.7016943600674,6.970612839471196,139.20400416785404,1.0,0.8826732673267327
tfinance,hgb_attributes,exposure_80,severe,weighted_bh_rand,1,0.07603952152154678,0.6122772277227724,269.66,0.98,10674.08,3036.058143882892,6.970433729263817,139.2004280900081,1.0,0.8886138613861386
tfinance,hgb_attributes,exposure_80,severe,weighted_bh_rand,2,0.10017970798262123,0.6296078431372549,287.84,1.0,10662.46,3059.692706070604,6.99504877343956,139.6912305027877,1.0,0.8745098039215686
tfinance,hgb_attributes,exposure_80,severe,weighted_bh_rand,3,0.09906435383737007,0.6437810945273632,288.0,1.0,10619.44,3071.940099365809,7.044875906674661,140.6848063188918,1.0,0.8796019900497513
tfinance,hgb_attributes,exposure_80,severe,weighted_bh_rand,4,0.12170489756007197,0.6423152709359605,298.06,1.0,10649.36,2992.5683332059816,6.958797379255733,138.96840147510628,1.0,0.8630541871921181
tfinance,hgb_attributes,exposure_80,severe,weighted_bh_rand,5,0.10790721028052797,0.6591604938271606,299.88,1.0,10647.92,3041.564617280667,6.997863079230316,139.74738537217044,1.0,0.8958024691358024
tfinance,hgb_attributes,exposure_80,severe,weighted_bh_rand,6,0.10347492611273451,0.6201474201474201,283.74,1.0,10655.84,3035.632385448951,6.984697356807244,139.48485244974825,1.0,0.8786240786240787
tfinance,hgb_attributes,exposure_80,severe,weighted_bh_rand,7,0.09338797281125917,0.6241379310344828,280.82,0.98,10659.92,3063.3402201603394,7.0012002682521235,139.8139011673198,1.0,0.8847290640394089
tfinance,hgb_attributes,exposure_80,severe,weighted_bh_rand,8,0.10919976690280164,0.6315841584158416,288.2,0.98,10656.56,3058.3278850935294,7.001133840401426,139.81258382326297,1.0,0.8831683168316832
tfinance,hgb_attributes,exposure_80,severe,weighted_bh_rand,9,0.10413085999899746,0.6570588235294117,299.88,1.0,10650.34,3041.517795690383,6.994984200346032,139.6899918204568,1.0,0.8872549019607844
tfinance,hgb_attributes,exposure_80,severe,weighted_by,0,0.0,0.0,0.0,0.0,10649.36,3009.7016943600674,6.970612839471196,139.20400416785404,1.0,0.8826732673267327
tfinance,hgb_attributes,exposure_80,severe,weighted_by,1,0.0,0.0,0.0,0.0,10674.08,3036.058143882892,6.970433729263817,139.2004280900081,1.0,0.8886138613861386
tfinance,hgb_attributes,exposure_80,severe,weighted_by,2,0.0,0.0,0.0,0.0,10662.46,3059.692706070604,6.99504877343956,139.6912305027877,1.0,0.8745098039215686
tfinance,hgb_attributes,exposure_80,severe,weighted_by,3,0.0,0.0,0.0,0.0,10619.44,3071.940099365809,7.044875906674661,140.6848063188918,1.0,0.8796019900497513
tfinance,hgb_attributes,exposure_80,severe,weighted_by,4,0.0,0.0,0.0,0.0,10649.36,2992.5683332059816,6.958797379255733,138.96840147510628,1.0,0.8630541871921181
tfinance,hgb_attributes,exposure_80,severe,weighted_by,5,0.0,0.0,0.0,0.0,10647.92,3041.564617280667,6.997863079230316,139.74738537217044,1.0,0.8958024691358024
tfinance,hgb_attributes,exposure_80,severe,weighted_by,6,0.0,0.0,0.0,0.0,10655.84,3035.632385448951,6.984697356807244,139.48485244974825,1.0,0.8786240786240787
tfinance,hgb_attributes,exposure_80,severe,weighted_by,7,0.0,0.0,0.0,0.0,10659.92,3063.3402201603394,7.0012002682521235,139.8139011673198,1.0,0.8847290640394089
tfinance,hgb_attributes,exposure_80,severe,weighted_by,8,0.0,0.0,0.0,0.0,10656.56,3058.3278850935294,7.001133840401426,139.81258382326297,1.0,0.8831683168316832
tfinance,hgb_attributes,exposure_80,severe,weighted_by,9,0.0,0.0,0.0,0.0,10650.34,3041.517795690383,6.994984200346032,139.6899918204568,1.0,0.8872549019607844
tfinance,hgb_attributes,zero_exposure,moderate,equal_alpha,0,0.03312538783544969,0.6059405940594059,253.44,1.0,8827.56,5032.163090273796,6.977096767556094,34.87449143804897,1.0,0.899009900990099
tfinance,hgb_attributes,zero_exposure,moderate,equal_alpha,1,0.04079853344302457,0.620990099009901,261.9,1.0,8617.94,4871.595288401488,6.971860008788357,34.84832293144515,1.0,0.9084158415841584
tfinance,hgb_attributes,zero_exposure,moderate,equal_alpha,2,0.040171947434035245,0.6118627450980392,260.52,1.0,8981.82,5162.46086271646,6.995085964072164,34.964379898809014,1.0,0.8946078431372548
tfinance,hgb_attributes,zero_exposure,moderate,equal_alpha,3,0.03885794919613942,0.6255721393034825,262.1,1.0,8555.4,4830.786827434832,6.996242563542699,34.97015937766726,1.0,0.9059701492537313
tfinance,hgb_attributes,zero_exposure,moderate,equal_alpha,4,0.04490437963980965,0.5957635467980296,253.9,1.0,8638.3,4888.548036369333,6.980782353370707,34.89290707003676,1.0,0.8876847290640394
tfinance,hgb_attributes,zero_exposure,moderate,equal_alpha,5,0.037751880802517596,0.6447901234567901,271.76,1.0,8588.02,4854.939273453693,6.996806841539265,34.97297859895456,1.0,0.9249382716049382
tfinance,hgb_attributes,zero_exposure,moderate,equal_alpha,6,0.03206960458454935,0.5961179361179362,251.2,1.0,8194.74,4579.338257361864,6.973269706858644,34.85536719437652,1.0,0.9031941031941032
tfinance,hgb_attributes,zero_exposure,moderate,equal_alpha,7,0.02531072086783684,0.6028078817733991,251.34,1.0,8456.08,4753.170075084069,6.959298594790404,34.78555583588068,1.0,0.9054187192118226
tfinance,hgb_attributes,zero_exposure,moderate,equal_alpha,8,0.0317830286570607,0.6255940594059406,261.36,1.0,8380.48,4706.175305547269,6.9916628770722955,34.94727457226689,1.0,0.9143564356435644
tfinance,hgb_attributes,zero_exposure,moderate,equal_alpha,9,0.03441940444056688,0.6244117647058823,264.12,1.0,8931.16,5119.433796779763,6.990623126478203,34.9420804350435,1.0,0.9063725490196077
tfinance,hgb_attributes,zero_exposure,moderate,pooled_reference,0,0.06741105110921274,0.6308910891089109,273.6,1.0,8827.56,5032.163090273796,6.977096767556094,34.87449143804897,1.0,0.899009900990099
tfinance,hgb_attributes,zero_exposure,moderate,pooled_reference,1,0.06865836726153154,0.6473267326732673,281.12,1.0,8617.94,4871.595288401488,6.971860008788357,34.84832293144515,1.0,0.9084158415841584
tfinance,hgb_attributes,zero_exposure,moderate,pooled_reference,2,0.09654503687590049,0.6495588235294117,293.66,1.0,8981.82,5162.46086271646,6.995085964072164,34.964379898809014,1.0,0.8946078431372548
tfinance,hgb_attributes,zero_exposure,moderate,pooled_reference,3,0.08257456339281884,0.6417412935323383,281.4,1.0,8555.4,4830.786827434832,6.996242563542699,34.97015937766726,1.0,0.9059701492537313
tfinance,hgb_attributes,zero_exposure,moderate,pooled_reference,4,0.08818269240922894,0.6342857142857143,282.72,1.0,8638.3,4888.548036369333,6.980782353370707,34.89290707003676,1.0,0.8876847290640394
tfinance,hgb_attributes,zero_exposure,moderate,pooled_reference,5,0.090692512513384,0.6612345679012346,294.88,1.0,8588.02,4854.939273453693,6.996806841539265,34.97297859895456,1.0,0.9249382716049382
tfinance,hgb_attributes,zero_exposure,moderate,pooled_reference,6,0.08575418774071178,0.6396068796068797,284.94,1.0,8194.74,4579.338257361864,6.973269706858644,34.85536719437652,1.0,0.9031941031941032
tfinance,hgb_attributes,zero_exposure,moderate,pooled_reference,7,0.0782798463537678,0.6386699507389163,281.36,1.0,8456.08,4753.170075084069,6.959298594790404,34.78555583588068,1.0,0.9054187192118226
tfinance,hgb_attributes,zero_exposure,moderate,pooled_reference,8,0.09661626998407477,0.6472277227722771,289.82,1.0,8380.48,4706.175305547269,6.9916628770722955,34.94727457226689,1.0,0.9143564356435644
tfinance,hgb_attributes,zero_exposure,moderate,pooled_reference,9,0.0872584905713647,0.6557843137254902,293.16,1.0,8931.16,5119.433796779763,6.990623126478203,34.9420804350435,1.0,0.9063725490196077
tfinance,hgb_attributes,zero_exposure,moderate,pooled_stratum,0,0.06836066267250011,0.6306930693069307,273.96,1.0,8827.56,5032.163090273796,6.977096767556094,34.87449143804897,1.0,0.899009900990099
tfinance,hgb_attributes,zero_exposure,moderate,pooled_stratum,1,0.078060051363498,0.6526237623762376,286.48,1.0,8617.94,4871.595288401488,6.971860008788357,34.84832293144515,1.0,0.9084158415841584
tfinance,hgb_attributes,zero_exposure,moderate,pooled_stratum,2,0.09202657269322509,0.6371078431372549,286.98,1.0,8981.82,5162.46086271646,6.995085964072164,34.964379898809014,1.0,0.8946078431372548
tfinance,hgb_attributes,zero_exposure,moderate,pooled_stratum,3,0.09001022440106458,0.6590049751243781,291.62,1.0,8555.4,4830.786827434832,6.996242563542699,34.97015937766726,1.0,0.9059701492537313
tfinance,hgb_attributes,zero_exposure,moderate,pooled_stratum,4,0.09305249613471817,0.6397536945812807,287.04,1.0,8638.3,4888.548036369333,6.980782353370707,34.89290707003676,1.0,0.8876847290640394
tfinance,hgb_attributes,zero_exposure,moderate,pooled_stratum,5,0.10214568284782233,0.6714074074074073,303.32,1.0,8588.02,4854.939273453693,6.996806841539265,34.97297859895456,1.0,0.9249382716049382
tfinance,hgb_attributes,zero_exposure,moderate,pooled_stratum,6,0.0840451312689868,0.6267813267813268,279.16,1.0,8194.74,4579.338257361864,6.973269706858644,34.85536719437652,1.0,0.9031941031941032
tfinance,hgb_attributes,zero_exposure,moderate,pooled_stratum,7,0.08409413171594421,0.6379310344827587,282.98,1.0,8456.08,4753.170075084069,6.959298594790404,34.78555583588068,1.0,0.9054187192118226
tfinance,hgb_attributes,zero_exposure,moderate,pooled_stratum,8,0.09681037355758565,0.6483663366336634,290.5,1.0,8380.48,4706.175305547269,6.9916628770722955,34.94727457226689,1.0,0.9143564356435644
tfinance,hgb_attributes,zero_exposure,moderate,pooled_stratum,9,0.09411297786457525,0.6592156862745098,297.06,1.0,8931.16,5119.433796779763,6.990623126478203,34.9420804350435,1.0,0.9063725490196077
tfinance,hgb_attributes,zero_exposure,moderate,size_alpha,0,0.024598064724096546,0.5816336633663366,241.18,1.0,8827.56,5032.163090273796,6.977096767556094,34.87449143804897,1.0,0.899009900990099
tfinance,hgb_attributes,zero_exposure,moderate,size_alpha,1,0.037379739526605144,0.6143069306930693,258.24,1.0,8617.94,4871.595288401488,6.971860008788357,34.84832293144515,1.0,0.9084158415841584
tfinance,hgb_attributes,zero_exposure,moderate,size_alpha,2,0.03086136572903819,0.5994117647058823,252.86,1.0,8981.82,5162.46086271646,6.995085964072164,34.964379898809014,1.0,0.8946078431372548
tfinance,hgb_attributes,zero_exposure,moderate,size_alpha,3,0.036399281188619244,0.6181094527363183,258.32,1.0,8555.4,4830.786827434832,6.996242563542699,34.97015937766726,1.0,0.9059701492537313
tfinance,hgb_attributes,zero_exposure,moderate,size_alpha,4,0.03813493356561186,0.5852216748768473,247.78,1.0,8638.3,4888.548036369333,6.980782353370707,34.89290707003676,1.0,0.8876847290640394
tfinance,hgb_attributes,zero_exposure,moderate,size_alpha,5,0.035816827300488754,0.6435061728395062,270.68,1.0,8588.02,4854.939273453693,6.996806841539265,34.97297859895456,1.0,0.9249382716049382
tfinance,hgb_attributes,zero_exposure,moderate,size_alpha,6,0.030202412277171055,0.5923341523341523,249.04,1.0,8194.74,4579.338257361864,6.973269706858644,34.85536719437652,1.0,0.9031941031941032
tfinance,hgb_attributes,zero_exposure,moderate,size_alpha,7,0.02367929103773755,0.594679802955665,247.62,1.0,8456.08,4753.170075084069,6.959298594790404,34.78555583588068,1.0,0.9054187192118226
tfinance,hgb_attributes,zero_exposure,moderate,size_alpha,8,0.029226174251343932,0.6211386138613861,258.78,1.0,8380.48,4706.175305547269,6.9916628770722955,34.94727457226689,1.0,0.9143564356435644
tfinance,hgb_attributes,zero_exposure,moderate,size_alpha,9,0.02810850112476164,0.6128921568627451,257.6,1.0,8931.16,5119.433796779763,6.990623126478203,34.9420804350435,1.0,0.9063725490196077
tfinance,hgb_attributes,zero_exposure,moderate,wcs_deterministic,0,0.00633053257649723,0.07415841584158417,31.66,0.12,8827.56,5032.163090273796,6.977096767556094,34.87449143804897,1.0,0.899009900990099
tfinance,hgb_attributes,zero_exposure,moderate,wcs_deterministic,1,0.01642712398476222,0.14326732673267326,62.62,0.22,8617.94,4871.595288401488,6.971860008788357,34.84832293144515,1.0,0.9084158415841584
tfinance,hgb_attributes,zero_exposure,moderate,wcs_deterministic,2,0.019262418675589296,0.14416666666666667,64.54,0.22,8981.82,5162.46086271646,6.995085964072164,34.964379898809014,1.0,0.8946078431372548
tfinance,hgb_attributes,zero_exposure,moderate,wcs_deterministic,3,0.017691382918809714,0.1290547263681592,56.94,0.2,8555.4,4830.786827434832,6.996242563542699,34.97015937766726,1.0,0.9059701492537313
tfinance,hgb_attributes,zero_exposure,moderate,wcs_deterministic,4,0.02252888247998292,0.13147783251231526,60.26,0.2,8638.3,4888.548036369333,6.980782353370707,34.89290707003676,1.0,0.8876847290640394
tfinance,hgb_attributes,zero_exposure,moderate,wcs_deterministic,5,0.03173317729356412,0.2002469135802469,90.78,0.3,8588.02,4854.939273453693,6.996806841539265,34.97297859895456,1.0,0.9249382716049382
tfinance,hgb_attributes,zero_exposure,moderate,wcs_deterministic,6,0.021564442480193242,0.165995085995086,73.8,0.26,8194.74,4579.338257361864,6.973269706858644,34.85536719437652,1.0,0.9031941031941032
tfinance,hgb_attributes,zero_exposure,moderate,wcs_deterministic,7,0.016595832515403766,0.11650246305418718,52.12,0.18,8456.08,4753.170075084069,6.959298594790404,34.78555583588068,1.0,0.9054187192118226
tfinance,hgb_attributes,zero_exposure,moderate,wcs_deterministic,8,0.01896774408014075,0.12905940594059406,57.68,0.2,8380.48,4706.175305547269,6.9916628770722955,34.94727457226689,1.0,0.9143564356435644
tfinance,hgb_attributes,zero_exposure,moderate,wcs_deterministic,9,0.014235289536736551,0.09161764705882353,41.62,0.14,8931.16,5119.433796779763,6.990623126478203,34.9420804350435,1.0,0.9063725490196077
tfinance,hgb_attributes,zero_exposure,moderate,wcs_homogeneous,0,0.07360580219682067,0.5924257425742574,260.08,0.94,8827.56,5032.163090273796,6.977096767556094,34.87449143804897,1.0,0.899009900990099
tfinance,hgb_attributes,zero_exposure,moderate,wcs_homogeneous,1,0.08125756191819136,0.6500990099009901,286.38,1.0,8617.94,4871.595288401488,6.971860008788357,34.84832293144515,1.0,0.9084158415841584
tfinance,hgb_attributes,zero_exposure,moderate,wcs_homogeneous,2,0.09658434993317595,0.633578431372549,287.28,0.98,8981.82,5162.46086271646,6.995085964072164,34.964379898809014,1.0,0.8946078431372548
tfinance,hgb_attributes,zero_exposure,moderate,wcs_homogeneous,3,0.09509562975350341,0.6472139303482587,287.84,1.0,8555.4,4830.786827434832,6.996242563542699,34.97015937766726,1.0,0.9059701492537313
tfinance,hgb_attributes,zero_exposure,moderate,wcs_homogeneous,4,0.10135492634742187,0.6155172413793103,280.06,0.96,8638.3,4888.548036369333,6.980782353370707,34.89290707003676,1.0,0.8876847290640394
tfinance,hgb_attributes,zero_exposure,moderate,wcs_homogeneous,5,0.11030355096293581,0.6654814814814815,303.38,1.0,8588.02,4854.939273453693,6.996806841539265,34.97297859895456,1.0,0.9249382716049382
tfinance,hgb_attributes,zero_exposure,moderate,wcs_homogeneous,6,0.08676909487973264,0.6347420147420147,283.44,1.0,8194.74,4579.338257361864,6.973269706858644,34.85536719437652,1.0,0.9031941031941032
tfinance,hgb_attributes,zero_exposure,moderate,wcs_homogeneous,7,0.08504822685962614,0.6149753694581281,274.12,0.96,8456.08,4753.170075084069,6.959298594790404,34.78555583588068,1.0,0.9054187192118226
tfinance,hgb_attributes,zero_exposure,moderate,wcs_homogeneous,8,0.1035920520650979,0.6475247524752475,292.36,1.0,8380.48,4706.175305547269,6.9916628770722955,34.94727457226689,1.0,0.9143564356435644
tfinance,hgb_attributes,zero_exposure,moderate,wcs_homogeneous,9,0.09820482789626192,0.6580882352941176,297.92,1.0,8931.16,5119.433796779763,6.990623126478203,34.9420804350435,1.0,0.9063725490196077
tfinance,hgb_attributes,zero_exposure,moderate,wcs_rand_deterministic,0,0.012625616500757896,0.1244059405940594,53.7,0.2,8827.56,5032.163090273796,6.977096767556094,34.87449143804897,1.0,0.899009900990099
tfinance,hgb_attributes,zero_exposure,moderate,wcs_rand_deterministic,1,0.04259138035574704,0.3134158415841584,139.28,0.48,8617.94,4871.595288401488,6.971860008788357,34.84832293144515,1.0,0.9084158415841584
tfinance,hgb_attributes,zero_exposure,moderate,wcs_rand_deterministic,2,0.04910080376287761,0.3419117647058823,154.32,0.52,8981.82,5162.46086271646,6.995085964072164,34.964379898809014,1.0,0.8946078431372548
tfinance,hgb_attributes,zero_exposure,moderate,wcs_rand_deterministic,3,0.03177560120848012,0.24517412935323382,107.64,0.38,8555.4,4830.786827434832,6.996242563542699,34.97015937766726,1.0,0.9059701492537313
tfinance,hgb_attributes,zero_exposure,moderate,wcs_rand_deterministic,4,0.041869705922617975,0.25901477832512315,117.7,0.4,8638.3,4888.548036369333,6.980782353370707,34.89290707003676,1.0,0.8876847290640394
tfinance,hgb_attributes,zero_exposure,moderate,wcs_rand_deterministic,5,0.061879858653207,0.3853333333333333,174.96,0.58,8588.02,4854.939273453693,6.996806841539265,34.97297859895456,1.0,0.9249382716049382
tfinance,hgb_attributes,zero_exposure,moderate,wcs_rand_deterministic,6,0.04237862892722597,0.29464373464373467,132.3,0.46,8194.74,4579.338257361864,6.973269706858644,34.85536719437652,1.0,0.9031941031941032
tfinance,hgb_attributes,zero_exposure,moderate,wcs_rand_deterministic,7,0.03775539379366575,0.2709852216748769,120.94,0.42,8456.08,4753.170075084069,6.959298594790404,34.78555583588068,1.0,0.9054187192118226
tfinance,hgb_attributes,zero_exposure,moderate,wcs_rand_deterministic,8,0.03657494602246521,0.25693069306930694,114.36,0.4,8380.48,4706.175305547269,6.9916628770722955,34.94727457226689,1.0,0.9143564356435644
tfinance,hgb_attributes,zero_exposure,moderate,wcs_rand_deterministic,9,0.04229268898118757,0.27602941176470586,125.3,0.42,8931.16,5119.433796779763,6.990623126478203,34.9420804350435,1.0,0.9063725490196077
tfinance,hgb_attributes,zero_exposure,moderate,wcs_rand_homogeneous,0,0.0784639842639676,0.6102970297029703,268.94,0.96,8827.56,5032.163090273796,6.977096767556094,34.87449143804897,1.0,0.899009900990099
tfinance,hgb_attributes,zero_exposure,moderate,wcs_rand_homogeneous,1,0.08334615470233604,0.6524752475247524,288.1,1.0,8617.94,4871.595288401488,6.971860008788357,34.84832293144515,1.0,0.9084158415841584
tfinance,hgb_attributes,zero_exposure,moderate,wcs_rand_homogeneous,2,0.10007376796534671,0.6495588235294117,295.04,1.0,8981.82,5162.46086271646,6.995085964072164,34.964379898809014,1.0,0.8946078431372548
tfinance,hgb_attributes,zero_exposure,moderate,wcs_rand_homogeneous,3,0.09659684038776742,0.6513930348258706,290.2,1.0,8555.4,4830.786827434832,6.996242563542699,34.97015937766726,1.0,0.9059701492537313
tfinance,hgb_attributes,zero_exposure,moderate,wcs_rand_homogeneous,4,0.10428833637513257,0.6308866995073892,287.32,0.98,8638.3,4888.548036369333,6.980782353370707,34.89290707003676,1.0,0.8876847290640394
tfinance,hgb_attributes,zero_exposure,moderate,wcs_rand_homogeneous,5,0.11192136800322429,0.6678518518518518,305.02,1.0,8588.02,4854.939273453693,6.996806841539265,34.97297859895456,1.0,0.9249382716049382
tfinance,hgb_attributes,zero_exposure,moderate,wcs_rand_homogeneous,6,0.08976351618108358,0.6371007371007371,285.42,1.0,8194.74,4579.338257361864,6.973269706858644,34.85536719437652,1.0,0.9031941031941032
tfinance,hgb_attributes,zero_exposure,moderate,wcs_rand_homogeneous,7,0.09201382172592963,0.6447290640394088,288.48,1.0,8456.08,4753.170075084069,6.959298594790404,34.78555583588068,1.0,0.9054187192118226
tfinance,hgb_attributes,zero_exposure,moderate,wcs_rand_homogeneous,8,0.10565284795253267,0.6505940594059406,294.44,1.0,8380.48,4706.175305547269,6.9916628770722955,34.94727457226689,1.0,0.9143564356435644
tfinance,hgb_attributes,zero_exposure,moderate,wcs_rand_homogeneous,9,0.10052677907646153,0.6608333333333333,299.94,1.0,8931.16,5119.433796779763,6.990623126478203,34.9420804350435,1.0,0.9063725490196077
tfinance,hgb_attributes,zero_exposure,moderate,weighted_bh,0,0.07583180116854775,0.63,275.82,1.0,8827.56,5032.163090273796,6.977096767556094,34.87449143804897,1.0,0.899009900990099
tfinance,hgb_attributes,zero_exposure,moderate,weighted_bh,1,0.08077179437438772,0.6504455445544555,286.38,1.0,8617.94,4871.595288401488,6.971860008788357,34.84832293144515,1.0,0.9084158415841584
tfinance,hgb_attributes,zero_exposure,moderate,weighted_bh,2,0.09700393448393621,0.6459313725490197,292.4,1.0,8981.82,5162.46086271646,6.995085964072164,34.964379898809014,1.0,0.8946078431372548
tfinance,hgb_attributes,zero_exposure,moderate,weighted_bh,3,0.09426964607865088,0.6481592039800995,288.02,1.0,8555.4,4830.786827434832,6.996242563542699,34.97015937766726,1.0,0.9059701492537313
tfinance,hgb_attributes,zero_exposure,moderate,weighted_bh,4,0.10169656028203049,0.6397536945812807,289.82,1.0,8638.3,4888.548036369333,6.980782353370707,34.89290707003676,1.0,0.8876847290640394
tfinance,hgb_attributes,zero_exposure,moderate,weighted_bh,5,0.10943244169269048,0.6655308641975308,303.1,1.0,8588.02,4854.939273453693,6.996806841539265,34.97297859895456,1.0,0.9249382716049382
tfinance,hgb_attributes,zero_exposure,moderate,weighted_bh,6,0.08686788659157343,0.6346437346437347,283.42,1.0,8194.74,4579.338257361864,6.973269706858644,34.85536719437652,1.0,0.9031941031941032
tfinance,hgb_attributes,zero_exposure,moderate,weighted_bh,7,0.08805053714704104,0.6407881773399015,285.5,1.0,8456.08,4753.170075084069,6.959298594790404,34.78555583588068,1.0,0.9054187192118226
tfinance,hgb_attributes,zero_exposure,moderate,weighted_bh,8,0.10172731351246332,0.6479207920792079,291.9,1.0,8380.48,4706.175305547269,6.9916628770722955,34.94727457226689,1.0,0.9143564356435644
tfinance,hgb_attributes,zero_exposure,moderate,weighted_bh,9,0.0982200707482055,0.6584313725490196,298.1,1.0,8931.16,5119.433796779763,6.990623126478203,34.9420804350435,1.0,0.9063725490196077
tfinance,hgb_attributes,zero_exposure,moderate,weighted_bh_rand,0,0.08066809991047875,0.6355940594059406,279.8,1.0,8827.56,5032.163090273796,6.977096767556094,34.87449143804897,1.0,0.899009900990099
tfinance,hgb_attributes,zero_exposure,moderate,weighted_bh_rand,1,0.08323416953565818,0.6525742574257426,288.1,1.0,8617.94,4871.595288401488,6.971860008788357,34.84832293144515,1.0,0.9084158415841584
tfinance,hgb_attributes,zero_exposure,moderate,weighted_bh_rand,2,0.09947208796560573,0.6497549019607842,294.94,1.0,8981.82,5162.46086271646,6.995085964072164,34.964379898809014,1.0,0.8946078431372548
tfinance,hgb_attributes,zero_exposure,moderate,weighted_bh_rand,3,0.09654210508994893,0.6521393034825871,290.52,1.0,8555.4,4830.786827434832,6.996242563542699,34.97015937766726,1.0,0.9059701492537313
tfinance,hgb_attributes,zero_exposure,moderate,weighted_bh_rand,4,0.10407488401519982,0.6433004926108374,292.22,1.0,8638.3,4888.548036369333,6.980782353370707,34.89290707003676,1.0,0.8876847290640394
tfinance,hgb_attributes,zero_exposure,moderate,weighted_bh_rand,5,0.11145937476436611,0.6678518518518518,304.84,1.0,8588.02,4854.939273453693,6.996806841539265,34.97297859895456,1.0,0.9249382716049382
tfinance,hgb_attributes,zero_exposure,moderate,weighted_bh_rand,6,0.08946462164262754,0.6372481572481573,285.38,1.0,8194.74,4579.338257361864,6.973269706858644,34.85536719437652,1.0,0.9031941031941032
tfinance,hgb_attributes,zero_exposure,moderate,weighted_bh_rand,7,0.09088471621581222,0.6445320197044334,288.04,1.0,8456.08,4753.170075084069,6.959298594790404,34.78555583588068,1.0,0.9054187192118226
tfinance,hgb_attributes,zero_exposure,moderate,weighted_bh_rand,8,0.10439985604412445,0.6507425742574258,294.08,1.0,8380.48,4706.175305547269,6.9916628770722955,34.94727457226689,1.0,0.9143564356435644
tfinance,hgb_attributes,zero_exposure,moderate,weighted_bh_rand,9,0.10032024867120802,0.6611274509803922,300.02,1.0,8931.16,5119.433796779763,6.990623126478203,34.9420804350435,1.0,0.9063725490196077
tfinance,hgb_attributes,zero_exposure,moderate,weighted_by,0,0.0,0.0,0.0,0.0,8827.56,5032.163090273796,6.977096767556094,34.87449143804897,1.0,0.899009900990099
tfinance,hgb_attributes,zero_exposure,moderate,weighted_by,1,0.0,0.0,0.0,0.0,8617.94,4871.595288401488,6.971860008788357,34.84832293144515,1.0,0.9084158415841584
tfinance,hgb_attributes,zero_exposure,moderate,weighted_by,2,0.0,0.0,0.0,0.0,8981.82,5162.46086271646,6.995085964072164,34.964379898809014,1.0,0.8946078431372548
tfinance,hgb_attributes,zero_exposure,moderate,weighted_by,3,0.0,0.0,0.0,0.0,8555.4,4830.786827434832,6.996242563542699,34.97015937766726,1.0,0.9059701492537313
tfinance,hgb_attributes,zero_exposure,moderate,weighted_by,4,0.0,0.0,0.0,0.0,8638.3,4888.548036369333,6.980782353370707,34.89290707003676,1.0,0.8876847290640394
tfinance,hgb_attributes,zero_exposure,moderate,weighted_by,5,0.0,0.0,0.0,0.0,8588.02,4854.939273453693,6.996806841539265,34.97297859895456,1.0,0.9249382716049382
tfinance,hgb_attributes,zero_exposure,moderate,weighted_by,6,0.0,0.0,0.0,0.0,8194.74,4579.338257361864,6.973269706858644,34.85536719437652,1.0,0.9031941031941032
tfinance,hgb_attributes,zero_exposure,moderate,weighted_by,7,0.0,0.0,0.0,0.0,8456.08,4753.170075084069,6.959298594790404,34.78555583588068,1.0,0.9054187192118226
tfinance,hgb_attributes,zero_exposure,moderate,weighted_by,8,0.0,0.0,0.0,0.0,8380.48,4706.175305547269,6.9916628770722955,34.94727457226689,1.0,0.9143564356435644
tfinance,hgb_attributes,zero_exposure,moderate,weighted_by,9,0.0,0.0,0.0,0.0,8931.16,5119.433796779763,6.990623126478203,34.9420804350435,1.0,0.9063725490196077
tfinance,hgb_attributes,zero_exposure,neutral,equal_alpha,0,0.04035059838951059,0.624950495049505,263.2,1.0,12682.28,12682.28,6.98270316676686,6.98270316676686,1.0,0.899009900990099
tfinance,hgb_attributes,zero_exposure,neutral,equal_alpha,1,0.04124937976138186,0.6278712871287129,264.7,1.0,12676.42,12676.42,6.985148205065472,6.985148205065472,1.0,0.9084158415841584
tfinance,hgb_attributes,zero_exposure,neutral,equal_alpha,2,0.049978454776020455,0.6251960784313725,268.62,1.0,12686.82,12686.82,6.979410975201996,6.979410975201996,1.0,0.8946078431372548
tfinance,hgb_attributes,zero_exposure,neutral,equal_alpha,3,0.04731203637817685,0.6418905472636816,271.02,1.0,12643.14,12643.14,7.003549530816895,7.003549530816895,1.0,0.9059701492537313
tfinance,hgb_attributes,zero_exposure,neutral,equal_alpha,4,0.048191915020974176,0.6133990147783251,261.88,1.0,12680.16,12680.16,6.983056000538485,6.983056000538485,1.0,0.8876847290640394
tfinance,hgb_attributes,zero_exposure,neutral,equal_alpha,5,0.045692164766772396,0.6528395061728395,277.14,1.0,12654.9,12654.9,6.996989594471989,6.996989594471989,1.0,0.9249382716049382
tfinance,hgb_attributes,zero_exposure,neutral,equal_alpha,6,0.03939069376228397,0.6132186732186732,259.92,1.0,12666.72,12666.72,6.990474968192263,6.990474968192263,1.0,0.9031941031941032
tfinance,hgb_attributes,zero_exposure,neutral,equal_alpha,7,0.03744684866305116,0.625911330049261,264.1,1.0,12679.76,12679.76,6.983370383645106,6.983370383645106,1.0,0.9054187192118226
tfinance,hgb_attributes,zero_exposure,neutral,equal_alpha,8,0.03604643816898335,0.6352475247524753,266.42,1.0,12665.22,12665.22,6.991348870161514,6.991348870161514,1.0,0.9143564356435644
tfinance,hgb_attributes,zero_exposure,neutral,equal_alpha,9,0.03663402939318679,0.629313725490196,266.64,1.0,12664.7,12664.7,6.99235597093424,6.99235597093424,1.0,0.9063725490196077
tfinance,hgb_attributes,zero_exposure,neutral,pooled_reference,0,0.0743432265669553,0.6363366336633663,278.06,1.0,12682.28,12682.28,6.98270316676686,6.98270316676686,1.0,0.899009900990099
tfinance,hgb_attributes,zero_exposure,neutral,pooled_reference,1,0.07882226557196208,0.6530693069306931,286.82,1.0,12676.42,12676.42,6.985148205065472,6.985148205065472,1.0,0.9084158415841584
tfinance,hgb_attributes,zero_exposure,neutral,pooled_reference,2,0.1008959145385548,0.6525490196078431,296.4,1.0,12686.82,12686.82,6.979410975201996,6.979410975201996,1.0,0.8946078431372548
tfinance,hgb_attributes,zero_exposure,neutral,pooled_reference,3,0.09520847991183806,0.6524378109452736,290.1,1.0,12643.14,12643.14,7.003549530816895,7.003549530816895,1.0,0.9059701492537313
tfinance,hgb_attributes,zero_exposure,neutral,pooled_reference,4,0.10130600770636955,0.6462561576354681,292.38,1.0,12680.16,12680.16,6.983056000538485,6.983056000538485,1.0,0.8876847290640394
tfinance,hgb_attributes,zero_exposure,neutral,pooled_reference,5,0.10995304669123313,0.6684444444444445,304.42,1.0,12654.9,12654.9,6.996989594471989,6.996989594471989,1.0,0.9249382716049382
tfinance,hgb_attributes,zero_exposure,neutral,pooled_reference,6,0.09193091527758454,0.6437346437346437,288.7,1.0,12666.72,12666.72,6.990474968192263,6.990474968192263,1.0,0.9031941031941032
tfinance,hgb_attributes,zero_exposure,neutral,pooled_reference,7,0.0970007066500557,0.6519704433497537,293.16,1.0,12679.76,12679.76,6.983370383645106,6.983370383645106,1.0,0.9054187192118226
tfinance,hgb_attributes,zero_exposure,neutral,pooled_reference,8,0.10489354105146205,0.6531188118811881,295.18,1.0,12665.22,12665.22,6.991348870161514,6.991348870161514,1.0,0.9143564356435644
tfinance,hgb_attributes,zero_exposure,neutral,pooled_reference,9,0.09469610140301706,0.6606862745098039,297.78,1.0,12664.7,12664.7,6.99235597093424,6.99235597093424,1.0,0.9063725490196077
tfinance,hgb_attributes,zero_exposure,neutral,pooled_stratum,0,0.07373504208429521,0.6494059405940594,283.56,1.0,12682.28,12682.28,6.98270316676686,6.98270316676686,1.0,0.899009900990099
tfinance,hgb_attributes,zero_exposure,neutral,pooled_stratum,1,0.076901061406192,0.659009900990099,288.66,1.0,12676.42,12676.42,6.985148205065472,6.985148205065472,1.0,0.9084158415841584
tfinance,hgb_attributes,zero_exposure,neutral,pooled_stratum,2,0.09873951633795067,0.6527450980392158,295.7,1.0,12686.82,12686.82,6.979410975201996,6.979410975201996,1.0,0.8946078431372548
tfinance,hgb_attributes,zero_exposure,neutral,pooled_stratum,3,0.09427201179665218,0.6724875621890547,298.68,1.0,12643.14,12643.14,7.003549530816895,7.003549530816895,1.0,0.9059701492537313
tfinance,hgb_attributes,zero_exposure,neutral,pooled_stratum,4,0.09597808773331483,0.6570443349753694,295.38,1.0,12680.16,12680.16,6.983056000538485,6.983056000538485,1.0,0.8876847290640394
tfinance,hgb_attributes,zero_exposure,neutral,pooled_stratum,5,0.10772783190306695,0.678716049382716,308.28,1.0,12654.9,12654.9,6.996989594471989,6.996989594471989,1.0,0.9249382716049382
tfinance,hgb_attributes,zero_exposure,neutral,pooled_stratum,6,0.09288255354391112,0.6461916461916463,290.1,1.0,12666.72,12666.72,6.990474968192263,6.990474968192263,1.0,0.9031941031941032
tfinance,hgb_attributes,zero_exposure,neutral,pooled_stratum,7,0.09309307570542277,0.6603940886699508,295.74,1.0,12679.76,12679.76,6.983370383645106,6.983370383645106,1.0,0.9054187192118226
tfinance,hgb_attributes,zero_exposure,neutral,pooled_stratum,8,0.10104784813244988,0.6583168316831682,296.22,1.0,12665.22,12665.22,6.991348870161514,6.991348870161514,1.0,0.9143564356435644
tfinance,hgb_attributes,zero_exposure,neutral,pooled_stratum,9,0.09300607470732718,0.6631862745098038,298.38,1.0,12664.7,12664.7,6.99235597093424,6.99235597093424,1.0,0.9063725490196077
tfinance,hgb_attributes,zero_exposure,neutral,size_alpha,0,0.030642013270719567,0.6029207920792079,251.42,1.0,12682.28,12682.28,6.98270316676686,6.98270316676686,1.0,0.899009900990099
tfinance,hgb_attributes,zero_exposure,neutral,size_alpha,1,0.034460584728287086,0.6223762376237624,260.54,1.0,12676.42,12676.42,6.985148205065472,6.985148205065472,1.0,0.9084158415841584
tfinance,hgb_attributes,zero_exposure,neutral,size_alpha,2,0.04002974002109779,0.6188725490196079,263.1,1.0,12686.82,12686.82,6.979410975201996,6.979410975201996,1.0,0.8946078431372548
tfinance,hgb_attributes,zero_exposure,neutral,size_alpha,3,0.03832245653987805,0.6303482587064676,263.66,1.0,12643.14,12643.14,7.003549530816895,7.003549530816895,1.0,0.9059701492537313
tfinance,hgb_attributes,zero_exposure,neutral,size_alpha,4,0.039856734126078514,0.6108866995073892,258.48,1.0,12680.16,12680.16,6.983056000538485,6.983056000538485,1.0,0.8876847290640394
tfinance,hgb_attributes,zero_exposure,neutral,size_alpha,5,0.04140778758952315,0.6488395061728396,274.2,1.0,12654.9,12654.9,6.996989594471989,6.996989594471989,1.0,0.9249382716049382
tfinance,hgb_attributes,zero_exposure,neutral,size_alpha,6,0.035287934881211076,0.6101719901719902,257.52,1.0,12666.72,12666.72,6.990474968192263,6.990474968192263,1.0,0.9031941031941032
tfinance,hgb_attributes,zero_exposure,neutral,size_alpha,7,0.03055496599460562,0.6195073891625615,259.56,1.0,12679.76,12679.76,6.983370383645106,6.983370383645106,1.0,0.9054187192118226
tfinance,hgb_attributes,zero_exposure,neutral,size_alpha,8,0.03135692631275912,0.6289108910891089,262.48,1.0,12665.22,12665.22,6.991348870161514,6.991348870161514,1.0,0.9143564356435644
tfinance,hgb_attributes,zero_exposure,neutral,size_alpha,9,0.029457081915281534,0.6237745098039216,262.36,1.0,12664.7,12664.7,6.99235597093424,6.99235597093424,1.0,0.9063725490196077
tfinance,hgb_attributes,zero_exposure,neutral,wcs_deterministic,0,0.0743432265669553,0.6363366336633663,278.06,1.0,12682.28,12682.28,6.98270316676686,6.98270316676686,1.0,0.899009900990099
tfinance,hgb_attributes,zero_exposure,neutral,wcs_deterministic,1,0.07882226557196208,0.6530693069306931,286.82,1.0,12676.42,12676.42,6.985148205065472,6.985148205065472,1.0,0.9084158415841584
tfinance,hgb_attributes,zero_exposure,neutral,wcs_deterministic,2,0.1008959145385548,0.6525490196078431,296.4,1.0,12686.82,12686.82,6.979410975201996,6.979410975201996,1.0,0.8946078431372548
tfinance,hgb_attributes,zero_exposure,neutral,wcs_deterministic,3,0.09520847991183806,0.6524378109452736,290.1,1.0,12643.14,12643.14,7.003549530816895,7.003549530816895,1.0,0.9059701492537313
tfinance,hgb_attributes,zero_exposure,neutral,wcs_deterministic,4,0.10130600770636955,0.6462561576354681,292.38,1.0,12680.16,12680.16,6.983056000538485,6.983056000538485,1.0,0.8876847290640394
tfinance,hgb_attributes,zero_exposure,neutral,wcs_deterministic,5,0.10995304669123313,0.6684444444444445,304.42,1.0,12654.9,12654.9,6.996989594471989,6.996989594471989,1.0,0.9249382716049382
tfinance,hgb_attributes,zero_exposure,neutral,wcs_deterministic,6,0.09193091527758454,0.6437346437346437,288.7,1.0,12666.72,12666.72,6.990474968192263,6.990474968192263,1.0,0.9031941031941032
tfinance,hgb_attributes,zero_exposure,neutral,wcs_deterministic,7,0.0970007066500557,0.6519704433497537,293.16,1.0,12679.76,12679.76,6.983370383645106,6.983370383645106,1.0,0.9054187192118226
tfinance,hgb_attributes,zero_exposure,neutral,wcs_deterministic,8,0.10489354105146205,0.6531188118811881,295.18,1.0,12665.22,12665.22,6.991348870161514,6.991348870161514,1.0,0.9143564356435644
tfinance,hgb_attributes,zero_exposure,neutral,wcs_deterministic,9,0.09469610140301706,0.6606862745098039,297.78,1.0,12664.7,12664.7,6.99235597093424,6.99235597093424,1.0,0.9063725490196077
tfinance,hgb_attributes,zero_exposure,neutral,wcs_homogeneous,0,0.0743432265669553,0.6363366336633663,278.06,1.0,12682.28,12682.28,6.98270316676686,6.98270316676686,1.0,0.899009900990099
tfinance,hgb_attributes,zero_exposure,neutral,wcs_homogeneous,1,0.07882226557196208,0.6530693069306931,286.82,1.0,12676.42,12676.42,6.985148205065472,6.985148205065472,1.0,0.9084158415841584
tfinance,hgb_attributes,zero_exposure,neutral,wcs_homogeneous,2,0.1008959145385548,0.6525490196078431,296.4,1.0,12686.82,12686.82,6.979410975201996,6.979410975201996,1.0,0.8946078431372548
tfinance,hgb_attributes,zero_exposure,neutral,wcs_homogeneous,3,0.09520847991183806,0.6524378109452736,290.1,1.0,12643.14,12643.14,7.003549530816895,7.003549530816895,1.0,0.9059701492537313
tfinance,hgb_attributes,zero_exposure,neutral,wcs_homogeneous,4,0.10130600770636955,0.6462561576354681,292.38,1.0,12680.16,12680.16,6.983056000538485,6.983056000538485,1.0,0.8876847290640394
tfinance,hgb_attributes,zero_exposure,neutral,wcs_homogeneous,5,0.10995304669123313,0.6684444444444445,304.42,1.0,12654.9,12654.9,6.996989594471989,6.996989594471989,1.0,0.9249382716049382
tfinance,hgb_attributes,zero_exposure,neutral,wcs_homogeneous,6,0.09193091527758454,0.6437346437346437,288.7,1.0,12666.72,12666.72,6.990474968192263,6.990474968192263,1.0,0.9031941031941032
tfinance,hgb_attributes,zero_exposure,neutral,wcs_homogeneous,7,0.0970007066500557,0.6519704433497537,293.16,1.0,12679.76,12679.76,6.983370383645106,6.983370383645106,1.0,0.9054187192118226
tfinance,hgb_attributes,zero_exposure,neutral,wcs_homogeneous,8,0.10489354105146205,0.6531188118811881,295.18,1.0,12665.22,12665.22,6.991348870161514,6.991348870161514,1.0,0.9143564356435644
tfinance,hgb_attributes,zero_exposure,neutral,wcs_homogeneous,9,0.09469610140301706,0.6606862745098039,297.78,1.0,12664.7,12664.7,6.99235597093424,6.99235597093424,1.0,0.9063725490196077
tfinance,hgb_attributes,zero_exposure,neutral,wcs_rand_deterministic,0,0.0746868159666646,0.6367821782178218,278.36,1.0,12682.28,12682.28,6.98270316676686,6.98270316676686,1.0,0.899009900990099
tfinance,hgb_attributes,zero_exposure,neutral,wcs_rand_deterministic,1,0.07949579254250314,0.6533168316831683,287.14,1.0,12676.42,12676.42,6.985148205065472,6.985148205065472,1.0,0.9084158415841584
tfinance,hgb_attributes,zero_exposure,neutral,wcs_rand_deterministic,2,0.10171385635811468,0.6530882352941176,296.92,1.0,12686.82,12686.82,6.979410975201996,6.979410975201996,1.0,0.8946078431372548
tfinance,hgb_attributes,zero_exposure,neutral,wcs_rand_deterministic,3,0.09562567219431325,0.6528358208955224,290.42,1.0,12643.14,12643.14,7.003549530816895,7.003549530816895,1.0,0.9059701492537313
tfinance,hgb_attributes,zero_exposure,neutral,wcs_rand_deterministic,4,0.10176853255257519,0.6469458128078817,292.84,1.0,12680.16,12680.16,6.983056000538485,6.983056000538485,1.0,0.8876847290640394
tfinance,hgb_attributes,zero_exposure,neutral,wcs_rand_deterministic,5,0.11053951817443979,0.6685432098765431,304.66,1.0,12654.9,12654.9,6.996989594471989,6.996989594471989,1.0,0.9249382716049382
tfinance,hgb_attributes,zero_exposure,neutral,wcs_rand_deterministic,6,0.09301637780193309,0.643980343980344,289.16,1.0,12666.72,12666.72,6.990474968192263,6.990474968192263,1.0,0.9031941031941032
tfinance,hgb_attributes,zero_exposure,neutral,wcs_rand_deterministic,7,0.09767327908523389,0.6520689655172415,293.42,1.0,12679.76,12679.76,6.983370383645106,6.983370383645106,1.0,0.9054187192118226
tfinance,hgb_attributes,zero_exposure,neutral,wcs_rand_deterministic,8,0.10533409355306775,0.6534158415841584,295.46,1.0,12665.22,12665.22,6.991348870161514,6.991348870161514,1.0,0.9143564356435644
tfinance,hgb_attributes,zero_exposure,neutral,wcs_rand_deterministic,9,0.0952618157573682,0.6609803921568627,298.1,1.0,12664.7,12664.7,6.99235597093424,6.99235597093424,1.0,0.9063725490196077
tfinance,hgb_attributes,zero_exposure,neutral,wcs_rand_homogeneous,0,0.07527883973303182,0.6369306930693069,278.6,1.0,12682.28,12682.28,6.98270316676686,6.98270316676686,1.0,0.899009900990099
tfinance,hgb_attributes,zero_exposure,neutral,wcs_rand_homogeneous,1,0.0799283136938162,0.6534158415841584,287.32,1.0,12676.42,12676.42,6.985148205065472,6.985148205065472,1.0,0.9084158415841584
tfinance,hgb_attributes,zero_exposure,neutral,wcs_rand_homogeneous,2,0.10204756111177585,0.6531862745098038,297.08,1.0,12686.82,12686.82,6.979410975201996,6.979410975201996,1.0,0.8946078431372548
tfinance,hgb_attributes,zero_exposure,neutral,wcs_rand_homogeneous,3,0.09581423456994191,0.6533830845771145,290.72,1.0,12643.14,12643.14,7.003549530816895,7.003549530816895,1.0,0.9059701492537313
tfinance,hgb_attributes,zero_exposure,neutral,wcs_rand_homogeneous,4,0.10233187607833452,0.647487684729064,293.28,1.0,12680.16,12680.16,6.983056000538485,6.983056000538485,1.0,0.8876847290640394
tfinance,hgb_attributes,zero_exposure,neutral,wcs_rand_homogeneous,5,0.11076697560674827,0.6685925925925926,304.76,1.0,12654.9,12654.9,6.996989594471989,6.996989594471989,1.0,0.9249382716049382
tfinance,hgb_attributes,zero_exposure,neutral,wcs_rand_homogeneous,6,0.09330192818073237,0.6441769041769042,289.34,1.0,12666.72,12666.72,6.990474968192263,6.990474968192263,1.0,0.9031941031941032
tfinance,hgb_attributes,zero_exposure,neutral,wcs_rand_homogeneous,7,0.09813012147215261,0.6523152709359605,293.68,1.0,12679.76,12679.76,6.983370383645106,6.983370383645106,1.0,0.9054187192118226
tfinance,hgb_attributes,zero_exposure,neutral,wcs_rand_homogeneous,8,0.10567897270578698,0.6535148514851485,295.62,1.0,12665.22,12665.22,6.991348870161514,6.991348870161514,1.0,0.9143564356435644
tfinance,hgb_attributes,zero_exposure,neutral,wcs_rand_homogeneous,9,0.09543170389333185,0.661029411764706,298.18,1.0,12664.7,12664.7,6.99235597093424,6.99235597093424,1.0,0.9063725490196077
tfinance,hgb_attributes,zero_exposure,neutral,weighted_bh,0,0.0743432265669553,0.6363366336633663,278.06,1.0,12682.28,12682.28,6.98270316676686,6.98270316676686,1.0,0.899009900990099
tfinance,hgb_attributes,zero_exposure,neutral,weighted_bh,1,0.07882226557196208,0.6530693069306931,286.82,1.0,12676.42,12676.42,6.985148205065472,6.985148205065472,1.0,0.9084158415841584
tfinance,hgb_attributes,zero_exposure,neutral,weighted_bh,2,0.1008959145385548,0.6525490196078431,296.4,1.0,12686.82,12686.82,6.979410975201996,6.979410975201996,1.0,0.8946078431372548
tfinance,hgb_attributes,zero_exposure,neutral,weighted_bh,3,0.09520847991183806,0.6524378109452736,290.1,1.0,12643.14,12643.14,7.003549530816895,7.003549530816895,1.0,0.9059701492537313
tfinance,hgb_attributes,zero_exposure,neutral,weighted_bh,4,0.10130600770636955,0.6462561576354681,292.38,1.0,12680.16,12680.16,6.983056000538485,6.983056000538485,1.0,0.8876847290640394
tfinance,hgb_attributes,zero_exposure,neutral,weighted_bh,5,0.10995304669123313,0.6684444444444445,304.42,1.0,12654.9,12654.9,6.996989594471989,6.996989594471989,1.0,0.9249382716049382
tfinance,hgb_attributes,zero_exposure,neutral,weighted_bh,6,0.09193091527758454,0.6437346437346437,288.7,1.0,12666.72,12666.72,6.990474968192263,6.990474968192263,1.0,0.9031941031941032
tfinance,hgb_attributes,zero_exposure,neutral,weighted_bh,7,0.0970007066500557,0.6519704433497537,293.16,1.0,12679.76,12679.76,6.983370383645106,6.983370383645106,1.0,0.9054187192118226
tfinance,hgb_attributes,zero_exposure,neutral,weighted_bh,8,0.10489354105146205,0.6531188118811881,295.18,1.0,12665.22,12665.22,6.991348870161514,6.991348870161514,1.0,0.9143564356435644
tfinance,hgb_attributes,zero_exposure,neutral,weighted_bh,9,0.09469610140301706,0.6606862745098039,297.78,1.0,12664.7,12664.7,6.99235597093424,6.99235597093424,1.0,0.9063725490196077
tfinance,hgb_attributes,zero_exposure,neutral,weighted_bh_rand,0,0.07526751006606529,0.636980198019802,278.62,1.0,12682.28,12682.28,6.98270316676686,6.98270316676686,1.0,0.899009900990099
tfinance,hgb_attributes,zero_exposure,neutral,weighted_bh_rand,1,0.07980250918289043,0.6533663366336634,287.26,1.0,12676.42,12676.42,6.985148205065472,6.985148205065472,1.0,0.9084158415841584
tfinance,hgb_attributes,zero_exposure,neutral,weighted_bh_rand,2,0.10200004545667239,0.6532352941176471,297.08,1.0,12686.82,12686.82,6.979410975201996,6.979410975201996,1.0,0.8946078431372548
tfinance,hgb_attributes,zero_exposure,neutral,weighted_bh_rand,3,0.09574305751617608,0.6534825870646767,290.74,1.0,12643.14,12643.14,7.003549530816895,7.003549530816895,1.0,0.9059701492537313
tfinance,hgb_attributes,zero_exposure,neutral,weighted_bh_rand,4,0.10253322580587086,0.6473891625615764,293.3,1.0,12680.16,12680.16,6.983056000538485,6.983056000538485,1.0,0.8876847290640394
tfinance,hgb_attributes,zero_exposure,neutral,weighted_bh_rand,5,0.11070521711495566,0.6685925925925926,304.74,1.0,12654.9,12654.9,6.996989594471989,6.996989594471989,1.0,0.9249382716049382
tfinance,hgb_attributes,zero_exposure,neutral,weighted_bh_rand,6,0.0933027188717538,0.6441769041769042,289.34,1.0,12666.72,12666.72,6.990474968192263,6.990474968192263,1.0,0.9031941031941032
tfinance,hgb_attributes,zero_exposure,neutral,weighted_bh_rand,7,0.09801717981480802,0.6522660098522168,293.62,1.0,12679.76,12679.76,6.983370383645106,6.983370383645106,1.0,0.9054187192118226
tfinance,hgb_attributes,zero_exposure,neutral,weighted_bh_rand,8,0.1056306783808076,0.6534158415841584,295.56,1.0,12665.22,12665.22,6.991348870161514,6.991348870161514,1.0,0.9143564356435644
tfinance,hgb_attributes,zero_exposure,neutral,weighted_bh_rand,9,0.0954998745994097,0.661029411764706,298.2,1.0,12664.7,12664.7,6.99235597093424,6.99235597093424,1.0,0.9063725490196077
tfinance,hgb_attributes,zero_exposure,neutral,weighted_by,0,0.00813340960457576,0.4389108910891089,178.96,0.98,12682.28,12682.28,6.98270316676686,6.98270316676686,1.0,0.899009900990099
tfinance,hgb_attributes,zero_exposure,neutral,weighted_by,1,0.008951485259395865,0.4071782178217822,166.4,0.84,12676.42,12676.42,6.985148205065472,6.985148205065472,1.0,0.9084158415841584
tfinance,hgb_attributes,zero_exposure,neutral,weighted_by,2,0.010957937660393628,0.5098529411764706,210.4,1.0,12686.82,12686.82,6.979410975201996,6.979410975201996,1.0,0.8946078431372548
tfinance,hgb_attributes,zero_exposure,neutral,weighted_by,3,0.011473562896632062,0.3093532338308458,126.84,0.62,12643.14,12643.14,7.003549530816895,7.003549530816895,1.0,0.9059701492537313
tfinance,hgb_attributes,zero_exposure,neutral,weighted_by,4,0.008416684347758704,0.4205911330049261,172.4,0.92,12680.16,12680.16,6.983056000538485,6.983056000538485,1.0,0.8876847290640394
tfinance,hgb_attributes,zero_exposure,neutral,weighted_by,5,0.018012352729077436,0.5335802469135803,220.5,1.0,12654.9,12654.9,6.996989594471989,6.996989594471989,1.0,0.9249382716049382
tfinance,hgb_attributes,zero_exposure,neutral,weighted_by,6,0.0072021833769161225,0.4252088452088452,174.48,1.0,12666.72,12666.72,6.990474968192263,6.990474968192263,1.0,0.9031941031941032
tfinance,hgb_attributes,zero_exposure,neutral,weighted_by,7,0.00611363086136309,0.24729064039408868,101.74,0.5,12679.76,12679.76,6.983370383645106,6.983370383645106,1.0,0.9054187192118226
tfinance,hgb_attributes,zero_exposure,neutral,weighted_by,8,0.009763749068883476,0.40554455445544557,166.06,0.8,12665.22,12665.22,6.991348870161514,6.991348870161514,1.0,0.9143564356435644
tfinance,hgb_attributes,zero_exposure,neutral,weighted_by,9,0.011730235769947963,0.46127450980392154,190.78,1.0,12664.7,12664.7,6.99235597093424,6.99235597093424,1.0,0.9063725490196077
tfinance,hgb_attributes,zero_exposure,severe,equal_alpha,0,0.008953740779848967,0.06757425742574258,30.08,0.1,8105.64,1540.7752038507479,6.947073808215952,138.7345276447624,1.0,0.899009900990099
tfinance,hgb_attributes,zero_exposure,severe,equal_alpha,1,0.018103901759502824,0.0656930693069307,29.5,0.12,7854.34,1470.273882240367,6.949095263925675,138.7748816375075,1.0,0.9084158415841584
tfinance,hgb_attributes,zero_exposure,severe,equal_alpha,2,0.02947912118395996,0.148578431372549,67.76,0.26,8290.28,1607.6335037854658,7.020001118031285,140.18870949432926,1.0,0.8946078431372548
tfinance,hgb_attributes,zero_exposure,severe,equal_alpha,3,0.03212967793675973,0.19218905472636816,87.74,0.28,7784.98,1457.4757579482168,7.013029496867928,140.0497281681657,1.0,0.9059701492537313
tfinance,hgb_attributes,zero_exposure,severe,equal_alpha,4,0.03884834948540703,0.14940886699507389,67.04,0.4,7881.7,1478.7903898000088,6.9584631705833555,138.96166798454098,1.0,0.8876847290640394
tfinance,hgb_attributes,zero_exposure,severe,equal_alpha,5,0.032687262224528175,0.1642962962962963,73.18,0.26,7826.84,1465.82040347101,6.979884809654099,139.38882486700845,1.0,0.9249382716049382
tfinance,hgb_attributes,zero_exposure,severe,equal_alpha,6,0.014022729170805392,0.07842751842751844,36.34,0.12,7351.28,1347.952970767776,6.96175220732632,139.02727133194108,1.0,0.9031941031941032
tfinance,hgb_attributes,zero_exposure,severe,equal_alpha,7,0.020912240909663166,0.11014778325123153,51.6,0.16,7653.34,1421.0483221765608,6.986705646609416,139.5248589164229,1.0,0.9054187192118226
tfinance,hgb_attributes,zero_exposure,severe,equal_alpha,8,0.01749850728908067,0.1351980198019802,59.92,0.2,7575.88,1403.38285764892,7.004596924637995,139.88156478118032,1.0,0.9143564356435644
tfinance,hgb_attributes,zero_exposure,severe,equal_alpha,9,0.028588534893472954,0.13715686274509803,63.04,0.24,8228.34,1586.266897681608,7.012508514281073,140.03936566072053,1.0,0.9063725490196077
tfinance,hgb_attributes,zero_exposure,severe,pooled_reference,0,0.06563868911564316,0.6283663366336634,272.0,1.0,8105.64,1540.7752038507479,6.947073808215952,138.7345276447624,1.0,0.899009900990099
tfinance,hgb_attributes,zero_exposure,severe,pooled_reference,1,0.06410347937291637,0.6441584158415842,278.36,1.0,7854.34,1470.273882240367,6.949095263925675,138.7748816375075,1.0,0.9084158415841584
tfinance,hgb_attributes,zero_exposure,severe,pooled_reference,2,0.09576450185950729,0.6492156862745098,293.3,1.0,8290.28,1607.6335037854658,7.020001118031285,140.18870949432926,1.0,0.8946078431372548
tfinance,hgb_attributes,zero_exposure,severe,pooled_reference,3,0.07759787010367725,0.6389054726368159,278.64,1.0,7784.98,1457.4757579482168,7.013029496867928,140.0497281681657,1.0,0.9059701492537313
tfinance,hgb_attributes,zero_exposure,severe,pooled_reference,4,0.08568946908328727,0.6320197044334975,280.88,1.0,7881.7,1478.7903898000088,6.9584631705833555,138.96166798454098,1.0,0.8876847290640394
tfinance,hgb_attributes,zero_exposure,severe,pooled_reference,5,0.08750380014492506,0.6595555555555555,293.14,1.0,7826.84,1465.82040347101,6.979884809654099,139.38882486700845,1.0,0.9249382716049382
tfinance,hgb_attributes,zero_exposure,severe,pooled_reference,6,0.08553802947927715,0.6397542997542998,284.96,1.0,7351.28,1347.952970767776,6.96175220732632,139.02727133194108,1.0,0.9031941031941032
tfinance,hgb_attributes,zero_exposure,severe,pooled_reference,7,0.07591805050935817,0.636256157635468,279.58,1.0,7653.34,1421.0483221765608,6.986705646609416,139.5248589164229,1.0,0.9054187192118226
tfinance,hgb_attributes,zero_exposure,severe,pooled_reference,8,0.0940631626901336,0.6453465346534654,288.14,1.0,7575.88,1403.38285764892,7.004596924637995,139.88156478118032,1.0,0.9143564356435644
tfinance,hgb_attributes,zero_exposure,severe,pooled_reference,9,0.0858146671750838,0.6550980392156863,292.4,1.0,8228.34,1586.266897681608,7.012508514281073,140.03936566072053,1.0,0.9063725490196077
tfinance,hgb_attributes,zero_exposure,severe,pooled_stratum,0,0.008186813186813186,0.015297029702970297,7.54,0.04,8105.64,1540.7752038507479,6.947073808215952,138.7345276447624,1.0,0.899009900990099
tfinance,hgb_attributes,zero_exposure,severe,pooled_stratum,1,0.015736590174342355,0.028514851485148512,14.12,0.06,7854.34,1470.273882240367,6.949095263925675,138.7748816375075,1.0,0.9084158415841584
tfinance,hgb_attributes,zero_exposure,severe,pooled_stratum,2,0.034535985050548154,0.02063725490196078,10.72,0.22,8290.28,1607.6335037854658,7.020001118031285,140.18870949432926,1.0,0.8946078431372548
tfinance,hgb_attributes,zero_exposure,severe,pooled_stratum,3,0.03290117420654287,0.08975124378109452,45.6,0.14,7784.98,1457.4757579482168,7.013029496867928,140.0497281681657,1.0,0.9059701492537313
tfinance,hgb_attributes,zero_exposure,severe,pooled_stratum,4,0.03276479057654032,0.05758620689655172,26.82,0.54,7881.7,1478.7903898000088,6.9584631705833555,138.96166798454098,1.0,0.8876847290640394
tfinance,hgb_attributes,zero_exposure,severe,pooled_stratum,5,0.07988773489281795,0.1197037037037037,58.04,0.32,7826.84,1465.82040347101,6.979884809654099,139.38882486700845,1.0,0.9249382716049382
tfinance,hgb_attributes,zero_exposure,severe,pooled_stratum,6,0.029394259180719064,0.12152334152334152,59.52,0.18,7351.28,1347.952970767776,6.96175220732632,139.02727133194108,1.0,0.9031941031941032
tfinance,hgb_attributes,zero_exposure,severe,pooled_stratum,7,0.03362130046832684,0.10270935960591134,51.1,0.16,7653.34,1421.0483221765608,6.986705646609416,139.5248589164229,1.0,0.9054187192118226
tfinance,hgb_attributes,zero_exposure,severe,pooled_stratum,8,0.03344159119068284,0.15316831683168317,73.04,0.22,7575.88,1403.38285764892,7.004596924637995,139.88156478118032,1.0,0.9143564356435644
tfinance,hgb_attributes,zero_exposure,severe,pooled_stratum,9,0.04864936477381331,0.06215686274509804,31.88,0.18,8228.34,1586.266897681608,7.012508514281073,140.03936566072053,1.0,0.9063725490196077
tfinance,hgb_attributes,zero_exposure,severe,size_alpha,0,0.00788919413919414,0.014405940594059405,6.98,0.04,8105.64,1540.7752038507479,6.947073808215952,138.7345276447624,1.0,0.899009900990099
tfinance,hgb_attributes,zero_exposure,severe,size_alpha,1,0.016904761904761905,0.0007425742574257427,0.52,0.04,7854.34,1470.273882240367,6.949095263925675,138.7748816375075,1.0,0.9084158415841584
tfinance,hgb_attributes,zero_exposure,severe,size_alpha,2,0.03349783811988536,0.020441176470588233,10.1,0.22,8290.28,1607.6335037854658,7.020001118031285,140.18870949432926,1.0,0.8946078431372548
tfinance,hgb_attributes,zero_exposure,severe,size_alpha,3,0.0198878162666978,0.043681592039801,21.86,0.08,7784.98,1457.4757579482168,7.013029496867928,140.0497281681657,1.0,0.9059701492537313
tfinance,hgb_attributes,zero_exposure,severe,size_alpha,4,0.027788461538461543,0.015517241379310345,6.72,0.5,7881.7,1478.7903898000088,6.9584631705833555,138.96166798454098,1.0,0.8876847290640394
tfinance,hgb_attributes,zero_exposure,severe,size_alpha,5,0.05806639237871329,0.01787654320987654,9.1,0.18,7826.84,1465.82040347101,6.979884809654099,139.38882486700845,1.0,0.9249382716049382
tfinance,hgb_attributes,zero_exposure,severe,size_alpha,6,0.007311135829033023,0.026584766584766585,13.26,0.04,7351.28,1347.952970767776,6.96175220732632,139.02727133194108,1.0,0.9031941031941032
tfinance,hgb_attributes,zero_exposure,severe,size_alpha,7,0.01736520342511892,0.04349753694581281,20.92,0.08,7653.34,1421.0483221765608,6.986705646609416,139.5248589164229,1.0,0.9054187192118226
tfinance,hgb_attributes,zero_exposure,severe,size_alpha,8,0.002608695652173913,0.01386138613861386,6.44,0.02,7575.88,1403.38285764892,7.004596924637995,139.88156478118032,1.0,0.9143564356435644
tfinance,hgb_attributes,zero_exposure,severe,size_alpha,9,0.0327930892636775,0.002401960784313726,1.42,0.1,8228.34,1586.266897681608,7.012508514281073,140.03936566072053,1.0,0.9063725490196077
tfinance,hgb_attributes,zero_exposure,severe,wcs_deterministic,0,0.0,0.0,0.0,0.0,8105.64,1540.7752038507479,6.947073808215952,138.7345276447624,1.0,0.899009900990099
tfinance,hgb_attributes,zero_exposure,severe,wcs_deterministic,1,0.002722926516324282,0.038069306930693075,16.12,0.06,7854.34,1470.273882240367,6.949095263925675,138.7748816375075,1.0,0.9084158415841584
tfinance,hgb_attributes,zero_exposure,severe,wcs_deterministic,2,0.004053913576610334,0.03784313725490196,16.56,0.06,8290.28,1607.6335037854658,7.020001118031285,140.18870949432926,1.0,0.8946078431372548
tfinance,hgb_attributes,zero_exposure,severe,wcs_deterministic,3,0.0028563074352548033,0.024776119402985075,10.74,0.04,7784.98,1457.4757579482168,7.013029496867928,140.0497281681657,1.0,0.9059701492537313
tfinance,hgb_attributes,zero_exposure,severe,wcs_deterministic,4,0.0010980392156862745,0.01187192118226601,5.1,0.02,7881.7,1478.7903898000088,6.9584631705833555,138.96166798454098,1.0,0.8876847290640394
tfinance,hgb_attributes,zero_exposure,severe,wcs_deterministic,5,0.003228264890862005,0.02582716049382716,11.42,0.04,7826.84,1465.82040347101,6.979884809654099,139.38882486700845,1.0,0.9249382716049382
tfinance,hgb_attributes,zero_exposure,severe,wcs_deterministic,6,0.003627092050209205,0.03680589680589681,15.98,0.06,7351.28,1347.952970767776,6.96175220732632,139.02727133194108,1.0,0.9031941031941032
tfinance,hgb_attributes,zero_exposure,severe,wcs_deterministic,7,0.0,0.0,0.0,0.0,7653.34,1421.0483221765608,6.986705646609416,139.5248589164229,1.0,0.9054187192118226
tfinance,hgb_attributes,zero_exposure,severe,wcs_deterministic,8,0.0021768707482993197,0.012970297029702971,5.88,0.02,7575.88,1403.38285764892,7.004596924637995,139.88156478118032,1.0,0.9143564356435644
tfinance,hgb_attributes,zero_exposure,severe,wcs_deterministic,9,0.0029662371391469384,0.02568627450980392,11.32,0.04,8228.34,1586.266897681608,7.012508514281073,140.03936566072053,1.0,0.9063725490196077
tfinance,hgb_attributes,zero_exposure,severe,wcs_homogeneous,0,0.0725726209233058,0.5653465346534654,248.08,0.96,8105.64,1540.7752038507479,6.947073808215952,138.7345276447624,1.0,0.899009900990099
tfinance,hgb_attributes,zero_exposure,severe,wcs_homogeneous,1,0.08044443634639052,0.5748019801980199,252.24,0.94,7854.34,1470.273882240367,6.949095263925675,138.7748816375075,1.0,0.9084158415841584
tfinance,hgb_attributes,zero_exposure,severe,wcs_homogeneous,2,0.08686611957113792,0.5554411764705882,252.38,0.88,8290.28,1607.6335037854658,7.020001118031285,140.18870949432926,1.0,0.8946078431372548
tfinance,hgb_attributes,zero_exposure,severe,wcs_homogeneous,3,0.08457105869966323,0.5454228855721392,243.12,0.88,7784.98,1457.4757579482168,7.013029496867928,140.0497281681657,1.0,0.9059701492537313
tfinance,hgb_attributes,zero_exposure,severe,wcs_homogeneous,4,0.10919944567591364,0.5739901477832512,264.5,0.94,7881.7,1478.7903898000088,6.9584631705833555,138.96166798454098,1.0,0.8876847290640394
tfinance,hgb_attributes,zero_exposure,severe,wcs_homogeneous,5,0.0970613123244567,0.6227160493827161,281.12,0.96,7826.84,1465.82040347101,6.979884809654099,139.38882486700845,1.0,0.9249382716049382
tfinance,hgb_attributes,zero_exposure,severe,wcs_homogeneous,6,0.0924077523440757,0.5662899262899262,254.72,0.94,7351.28,1347.952970767776,6.96175220732632,139.02727133194108,1.0,0.9031941031941032
tfinance,hgb_attributes,zero_exposure,severe,wcs_homogeneous,7,0.08694217689116272,0.5941871921182266,265.78,0.96,7653.34,1421.0483221765608,6.986705646609416,139.5248589164229,1.0,0.9054187192118226
tfinance,hgb_attributes,zero_exposure,severe,wcs_homogeneous,8,0.10511204329551907,0.6159405940594059,279.62,0.98,7575.88,1403.38285764892,7.004596924637995,139.88156478118032,1.0,0.9143564356435644
tfinance,hgb_attributes,zero_exposure,severe,wcs_homogeneous,9,0.09684944570218361,0.6076470588235294,276.84,0.94,8228.34,1586.266897681608,7.012508514281073,140.03936566072053,1.0,0.9063725490196077
tfinance,hgb_attributes,zero_exposure,severe,wcs_rand_deterministic,0,0.0031981289972802186,0.03673267326732673,15.68,0.06,8105.64,1540.7752038507479,6.947073808215952,138.7345276447624,1.0,0.899009900990099
tfinance,hgb_attributes,zero_exposure,severe,wcs_rand_deterministic,1,0.011405206737119035,0.11391089108910891,49.32,0.18,7854.34,1470.273882240367,6.949095263925675,138.7748816375075,1.0,0.9084158415841584
tfinance,hgb_attributes,zero_exposure,severe,wcs_rand_deterministic,2,0.010610405630811632,0.09078431372549019,40.14,0.14,8290.28,1607.6335037854658,7.020001118031285,140.18870949432926,1.0,0.8946078431372548
tfinance,hgb_attributes,zero_exposure,severe,wcs_rand_deterministic,3,0.004411077753276005,0.037761194029850745,16.4,0.06,7784.98,1457.4757579482168,7.013029496867928,140.0497281681657,1.0,0.9059701492537313
tfinance,hgb_attributes,zero_exposure,severe,wcs_rand_deterministic,4,0.0025106786208907357,0.024187192118226602,10.48,0.04,7881.7,1478.7903898000088,6.9584631705833555,138.96166798454098,1.0,0.8876847290640394
tfinance,hgb_attributes,zero_exposure,severe,wcs_rand_deterministic,5,0.008458146115359224,0.06469135802469136,28.68,0.1,7826.84,1465.82040347101,6.979884809654099,139.38882486700845,1.0,0.9249382716049382
tfinance,hgb_attributes,zero_exposure,severe,wcs_rand_deterministic,6,0.006967368602136243,0.06304668304668304,27.66,0.1,7351.28,1347.952970767776,6.96175220732632,139.02727133194108,1.0,0.9031941031941032
tfinance,hgb_attributes,zero_exposure,severe,wcs_rand_deterministic,7,0.0063996502177850155,0.038177339901477834,17.36,0.06,7653.34,1421.0483221765608,6.986705646609416,139.5248589164229,1.0,0.9054187192118226
tfinance,hgb_attributes,zero_exposure,severe,wcs_rand_deterministic,8,0.0035947811960605138,0.0252970297029703,11.24,0.04,7575.88,1403.38285764892,7.004596924637995,139.88156478118032,1.0,0.9143564356435644
tfinance,hgb_attributes,zero_exposure,severe,wcs_rand_deterministic,9,0.009235770864425312,0.07965686274509803,35.22,0.12,8228.34,1586.266897681608,7.012508514281073,140.03936566072053,1.0,0.9063725490196077
tfinance,hgb_attributes,zero_exposure,severe,wcs_rand_homogeneous,0,0.08209248102864754,0.6052475247524752,267.92,0.98,8105.64,1540.7752038507479,6.947073808215952,138.7345276447624,1.0,0.899009900990099
tfinance,hgb_attributes,zero_exposure,severe,wcs_rand_homogeneous,1,0.08364607340042936,0.6024752475247525,266.54,0.96,7854.34,1470.273882240367,6.949095263925675,138.7748816375075,1.0,0.9084158415841584
tfinance,hgb_attributes,zero_exposure,severe,wcs_rand_homogeneous,2,0.09967642473960653,0.5952941176470589,273.74,0.92,8290.28,1607.6335037854658,7.020001118031285,140.18870949432926,1.0,0.8946078431372548
tfinance,hgb_attributes,zero_exposure,severe,wcs_rand_homogeneous,3,0.09937375147682576,0.6282089552238806,281.84,0.98,7784.98,1457.4757579482168,7.013029496867928,140.0497281681657,1.0,0.9059701492537313
tfinance,hgb_attributes,zero_exposure,severe,wcs_rand_homogeneous,4,0.11254836982907714,0.5966995073891626,276.26,0.94,7881.7,1478.7903898000088,6.9584631705833555,138.96166798454098,1.0,0.8876847290640394
tfinance,hgb_attributes,zero_exposure,severe,wcs_rand_homogeneous,5,0.10209139609496659,0.6318518518518519,287.02,0.96,7826.84,1465.82040347101,6.979884809654099,139.38882486700845,1.0,0.9249382716049382
tfinance,hgb_attributes,zero_exposure,severe,wcs_rand_homogeneous,6,0.09982783626300783,0.6077641277641278,276.64,0.98,7351.28,1347.952970767776,6.96175220732632,139.02727133194108,1.0,0.9031941031941032
tfinance,hgb_attributes,zero_exposure,severe,wcs_rand_homogeneous,7,0.0962982472429807,0.6252216748768472,282.18,0.98,7653.34,1421.0483221765608,6.986705646609416,139.5248589164229,1.0,0.9054187192118226
tfinance,hgb_attributes,zero_exposure,severe,wcs_rand_homogeneous,8,0.11285408778745029,0.6315346534653465,289.62,0.98,7575.88,1403.38285764892,7.004596924637995,139.88156478118032,1.0,0.9143564356435644
tfinance,hgb_attributes,zero_exposure,severe,wcs_rand_homogeneous,9,0.10838543915609959,0.6577941176470589,301.66,1.0,8228.34,1586.266897681608,7.012508514281073,140.03936566072053,1.0,0.9063725490196077
tfinance,hgb_attributes,zero_exposure,severe,weighted_bh,0,0.07370993956503842,0.5962871287128713,261.06,1.0,8105.64,1540.7752038507479,6.947073808215952,138.7345276447624,1.0,0.899009900990099
tfinance,hgb_attributes,zero_exposure,severe,weighted_bh,1,0.07050975997704796,0.6015841584158416,263.18,0.96,7854.34,1470.273882240367,6.949095263925675,138.7748816375075,1.0,0.9084158415841584
tfinance,hgb_attributes,zero_exposure,severe,weighted_bh,2,0.09268813038471663,0.608921568627451,276.16,0.96,8290.28,1607.6335037854658,7.020001118031285,140.18870949432926,1.0,0.8946078431372548
tfinance,hgb_attributes,zero_exposure,severe,weighted_bh,3,0.09300576513215232,0.6244278606965173,277.38,1.0,7784.98,1457.4757579482168,7.013029496867928,140.0497281681657,1.0,0.9059701492537313
tfinance,hgb_attributes,zero_exposure,severe,weighted_bh,4,0.1140048684839088,0.6189655172413793,284.84,1.0,7881.7,1478.7903898000088,6.9584631705833555,138.96166798454098,1.0,0.8876847290640394
tfinance,hgb_attributes,zero_exposure,severe,weighted_bh,5,0.09996121092808286,0.6506172839506174,293.32,1.0,7826.84,1465.82040347101,6.979884809654099,139.38882486700845,1.0,0.9249382716049382
tfinance,hgb_attributes,zero_exposure,severe,weighted_bh,6,0.08807210557466869,0.6062407862407863,272.34,0.98,7351.28,1347.952970767776,6.96175220732632,139.02727133194108,1.0,0.9031941031941032
tfinance,hgb_attributes,zero_exposure,severe,weighted_bh,7,0.08749441066167245,0.6110837438423645,272.92,0.98,7653.34,1421.0483221765608,6.986705646609416,139.5248589164229,1.0,0.9054187192118226
tfinance,hgb_attributes,zero_exposure,severe,weighted_bh,8,0.10178776726066116,0.6183168316831683,279.7,0.98,7575.88,1403.38285764892,7.004596924637995,139.88156478118032,1.0,0.9143564356435644
tfinance,hgb_attributes,zero_exposure,severe,weighted_bh,9,0.09989366854623835,0.6481372549019607,294.4,1.0,8228.34,1586.266897681608,7.012508514281073,140.03936566072053,1.0,0.9063725490196077
tfinance,hgb_attributes,zero_exposure,severe,weighted_bh_rand,0,0.08015577389903804,0.6191584158415842,273.02,1.0,8105.64,1540.7752038507479,6.947073808215952,138.7345276447624,1.0,0.899009900990099
tfinance,hgb_attributes,zero_exposure,severe,weighted_bh_rand,1,0.07666342745993206,0.6134653465346535,270.36,0.96,7854.34,1470.273882240367,6.949095263925675,138.7748816375075,1.0,0.9084158415841584
tfinance,hgb_attributes,zero_exposure,severe,weighted_bh_rand,2,0.10183639943296222,0.6270588235294118,287.48,1.0,8290.28,1607.6335037854658,7.020001118031285,140.18870949432926,1.0,0.8946078431372548
tfinance,hgb_attributes,zero_exposure,severe,weighted_bh_rand,3,0.10040173877661408,0.6438308457711444,288.52,1.0,7784.98,1457.4757579482168,7.013029496867928,140.0497281681657,1.0,0.9059701492537313
tfinance,hgb_attributes,zero_exposure,severe,weighted_bh_rand,4,0.12054685949727267,0.6410837438423646,297.28,1.0,7881.7,1478.7903898000088,6.9584631705833555,138.96166798454098,1.0,0.8876847290640394
tfinance,hgb_attributes,zero_exposure,severe,weighted_bh_rand,5,0.10593329411033241,0.6593580246913581,299.36,1.0,7826.84,1465.82040347101,6.979884809654099,139.38882486700845,1.0,0.9249382716049382
tfinance,hgb_attributes,zero_exposure,severe,weighted_bh_rand,6,0.09637493037133683,0.6181818181818182,280.52,1.0,7351.28,1347.952970767776,6.96175220732632,139.02727133194108,1.0,0.9031941031941032
tfinance,hgb_attributes,zero_exposure,severe,weighted_bh_rand,7,0.09376084113507764,0.6257635467980296,281.66,0.98,7653.34,1421.0483221765608,6.986705646609416,139.5248589164229,1.0,0.9054187192118226
tfinance,hgb_attributes,zero_exposure,severe,weighted_bh_rand,8,0.10967557053573239,0.6327722772277228,289.2,0.98,7575.88,1403.38285764892,7.004596924637995,139.88156478118032,1.0,0.9143564356435644
tfinance,hgb_attributes,zero_exposure,severe,weighted_bh_rand,9,0.10692945489819204,0.6586274509803921,301.58,1.0,8228.34,1586.266897681608,7.012508514281073,140.03936566072053,1.0,0.9063725490196077
tfinance,hgb_attributes,zero_exposure,severe,weighted_by,0,0.0,0.0,0.0,0.0,8105.64,1540.7752038507479,6.947073808215952,138.7345276447624,1.0,0.899009900990099
tfinance,hgb_attributes,zero_exposure,severe,weighted_by,1,0.0,0.0,0.0,0.0,7854.34,1470.273882240367,6.949095263925675,138.7748816375075,1.0,0.9084158415841584
tfinance,hgb_attributes,zero_exposure,severe,weighted_by,2,0.0,0.0,0.0,0.0,8290.28,1607.6335037854658,7.020001118031285,140.18870949432926,1.0,0.8946078431372548
tfinance,hgb_attributes,zero_exposure,severe,weighted_by,3,0.0,0.0,0.0,0.0,7784.98,1457.4757579482168,7.013029496867928,140.0497281681657,1.0,0.9059701492537313
tfinance,hgb_attributes,zero_exposure,severe,weighted_by,4,0.0,0.0,0.0,0.0,7881.7,1478.7903898000088,6.9584631705833555,138.96166798454098,1.0,0.8876847290640394
tfinance,hgb_attributes,zero_exposure,severe,weighted_by,5,0.0,0.0,0.0,0.0,7826.84,1465.82040347101,6.979884809654099,139.38882486700845,1.0,0.9249382716049382
tfinance,hgb_attributes,zero_exposure,severe,weighted_by,6,0.0,0.0,0.0,0.0,7351.28,1347.952970767776,6.96175220732632,139.02727133194108,1.0,0.9031941031941032
tfinance,hgb_attributes,zero_exposure,severe,weighted_by,7,0.0,0.0,0.0,0.0,7653.34,1421.0483221765608,6.986705646609416,139.5248589164229,1.0,0.9054187192118226
tfinance,hgb_attributes,zero_exposure,severe,weighted_by,8,0.0,0.0,0.0,0.0,7575.88,1403.38285764892,7.004596924637995,139.88156478118032,1.0,0.9143564356435644
tfinance,hgb_attributes,zero_exposure,severe,weighted_by,9,0.0,0.0,0.0,0.0,8228.34,1586.266897681608,7.012508514281073,140.03936566072053,1.0,0.9063725490196077
tfinance,hgb_graph_features,exposure_80,moderate,equal_alpha,0,0.029904745449430288,0.6976732673267327,290.94,1.0,10971.28,7565.3830602507405,6.977512812054766,34.8765715289729,1.0,0.8826732673267327
tfinance,hgb_graph_features,exposure_80,moderate,equal_alpha,1,0.029706998025336086,0.7120297029702971,296.7,1.0,10990.66,7607.1459384205555,6.980797795353648,34.89298506776286,1.0,0.8886138613861386
tfinance,hgb_graph_features,exposure_80,moderate,equal_alpha,2,0.03649622928289376,0.7129901960784314,302.28,1.0,10978.52,7605.313970917731,6.9923062225682475,34.950490883397684,1.0,0.8745098039215686
tfinance,hgb_graph_features,exposure_80,moderate,equal_alpha,3,0.031538681998026466,0.6962686567164179,289.42,1.0,10935.7,7578.5737988564115,7.021334100319536,35.09553827460635,1.0,0.8796019900497513
tfinance,hgb_graph_features,exposure_80,moderate,equal_alpha,4,0.03807377383951456,0.69128078817734,292.14,1.0,10970.68,7563.254572797873,6.976038948245869,34.869205890970846,1.0,0.8630541871921181
tfinance,hgb_graph_features,exposure_80,moderate,equal_alpha,5,0.030052965635721417,0.7249876543209877,303.06,1.0,10966.14,7585.791824419743,6.993500604326284,34.956459068345154,1.0,0.8958024691358024
tfinance,hgb_graph_features,exposure_80,moderate,equal_alpha,6,0.03684306599914683,0.7102702702702703,300.7,1.0,10975.94,7583.780065892023,6.9822986736089305,34.900484379101236,1.0,0.8786240786240787
tfinance,hgb_graph_features,exposure_80,moderate,equal_alpha,7,0.027505010345958803,0.6965024630541872,291.22,1.0,10981.68,7588.291971933367,6.979166979387528,34.88483594629257,1.0,0.8847290640394089
tfinance,hgb_graph_features,exposure_80,moderate,equal_alpha,8,0.039239125081519055,0.7353960396039604,309.82,1.0,10972.6,7602.157939310115,6.996458306560561,34.97123798032418,1.0,0.8831683168316832
tfinance,hgb_graph_features,exposure_80,moderate,equal_alpha,9,0.03554852267966507,0.6999509803921569,296.62,1.0,10969.24,7584.934135444109,6.990552073153261,34.941726893521626,1.0,0.8872549019607844
tfinance,hgb_graph_features,exposure_80,moderate,pooled_reference,0,0.13372519241823777,0.8050990099009901,376.02,1.0,10971.28,7565.3830602507405,6.977512812054766,34.8765715289729,1.0,0.8826732673267327
tfinance,hgb_graph_features,exposure_80,moderate,pooled_reference,1,0.1629751169972777,0.8291584158415841,400.6,1.0,10990.66,7607.1459384205555,6.980797795353648,34.89298506776286,1.0,0.8886138613861386
tfinance,hgb_graph_features,exposure_80,moderate,pooled_reference,2,0.1348218489286681,0.7998529411764705,377.52,1.0,10978.52,7605.313970917731,6.9923062225682475,34.950490883397684,1.0,0.8745098039215686
tfinance,hgb_graph_features,exposure_80,moderate,pooled_reference,3,0.16939917485752026,0.8173134328358209,396.04,1.0,10935.7,7578.5737988564115,7.021334100319536,35.09553827460635,1.0,0.8796019900497513
tfinance,hgb_graph_features,exposure_80,moderate,pooled_reference,4,0.1756441538787275,0.8253694581280788,406.84,1.0,10970.68,7563.254572797873,6.976038948245869,34.869205890970846,1.0,0.8630541871921181
tfinance,hgb_graph_features,exposure_80,moderate,pooled_reference,5,0.14775742457390184,0.8232592592592592,391.7,1.0,10966.14,7585.791824419743,6.993500604326284,34.956459068345154,1.0,0.8958024691358024
tfinance,hgb_graph_features,exposure_80,moderate,pooled_reference,6,0.1353997658805092,0.8027027027027027,378.56,1.0,10975.94,7583.780065892023,6.9822986736089305,34.900484379101236,1.0,0.8786240786240787
tfinance,hgb_graph_features,exposure_80,moderate,pooled_reference,7,0.14482541725195586,0.8107881773399015,385.26,1.0,10981.68,7588.291971933367,6.979166979387528,34.88483594629257,1.0,0.8847290640394089
tfinance,hgb_graph_features,exposure_80,moderate,pooled_reference,8,0.17342099530510896,0.8421782178217821,411.82,1.0,10972.6,7602.157939310115,6.996458306560561,34.97123798032418,1.0,0.8831683168316832
tfinance,hgb_graph_features,exposure_80,moderate,pooled_reference,9,0.1598454672537099,0.8272549019607842,402.38,1.0,10969.24,7584.934135444109,6.990552073153261,34.941726893521626,1.0,0.8872549019607844
tfinance,hgb_graph_features,exposure_80,moderate,pooled_stratum,0,0.08039242361659986,0.5814851485148514,257.8,0.9,10971.28,7565.3830602507405,6.977512812054766,34.8765715289729,1.0,0.8826732673267327
tfinance,hgb_graph_features,exposure_80,moderate,pooled_stratum,1,0.09001622740267087,0.6754950495049505,300.06,1.0,10990.66,7607.1459384205555,6.980797795353648,34.89298506776286,1.0,0.8886138613861386
tfinance,hgb_graph_features,exposure_80,moderate,pooled_stratum,2,0.0910428724302747,0.5851960784313726,263.56,0.92,10978.52,7605.313970917731,6.9923062225682475,34.950490883397684,1.0,0.8745098039215686
tfinance,hgb_graph_features,exposure_80,moderate,pooled_stratum,3,0.0954129137880426,0.6060199004975124,271.44,0.94,10935.7,7578.5737988564115,7.021334100319536,35.09553827460635,1.0,0.8796019900497513
tfinance,hgb_graph_features,exposure_80,moderate,pooled_stratum,4,0.09211784472878155,0.6815270935960591,305.08,1.0,10970.68,7563.254572797873,6.976038948245869,34.869205890970846,1.0,0.8630541871921181
tfinance,hgb_graph_features,exposure_80,moderate,pooled_stratum,5,0.09559304541666981,0.6825185185185185,306.04,1.0,10966.14,7585.791824419743,6.993500604326284,34.956459068345154,1.0,0.8958024691358024
tfinance,hgb_graph_features,exposure_80,moderate,pooled_stratum,6,0.08678702159438424,0.6377886977886977,286.0,0.96,10975.94,7583.780065892023,6.9822986736089305,34.900484379101236,1.0,0.8786240786240787
tfinance,hgb_graph_features,exposure_80,moderate,pooled_stratum,7,0.09632562919471979,0.6521674876847291,293.24,1.0,10981.68,7588.291971933367,6.979166979387528,34.88483594629257,1.0,0.8847290640394089
tfinance,hgb_graph_features,exposure_80,moderate,pooled_stratum,8,0.09619763002586401,0.6496534653465347,293.54,0.92,10972.6,7602.157939310115,6.996458306560561,34.97123798032418,1.0,0.8831683168316832
tfinance,hgb_graph_features,exposure_80,moderate,pooled_stratum,9,0.09840014744750449,0.6513725490196078,295.48,1.0,10969.24,7584.934135444109,6.990552073153261,34.941726893521626,1.0,0.8872549019607844
tfinance,hgb_graph_features,exposure_80,moderate,size_alpha,0,0.020374456100982704,0.46856435643564354,191.72,0.8,10971.28,7565.3830602507405,6.977512812054766,34.8765715289729,1.0,0.8826732673267327
tfinance,hgb_graph_features,exposure_80,moderate,size_alpha,1,0.009539043634566759,0.6205445544554455,253.34,0.98,10990.66,7607.1459384205555,6.980797795353648,34.89298506776286,1.0,0.8886138613861386
tfinance,hgb_graph_features,exposure_80,moderate,size_alpha,2,0.02200595583893826,0.4613725490196079,191.76,0.74,10978.52,7605.313970917731,6.9923062225682475,34.950490883397684,1.0,0.8745098039215686
tfinance,hgb_graph_features,exposure_80,moderate,size_alpha,3,0.011832867409243721,0.4924875621890547,201.22,0.78,10935.7,7578.5737988564115,7.021334100319536,35.09553827460635,1.0,0.8796019900497513
tfinance,hgb_graph_features,exposure_80,moderate,size_alpha,4,0.020335980132169366,0.622512315270936,257.8,1.0,10970.68,7563.254572797873,6.976038948245869,34.869205890970846,1.0,0.8630541871921181
tfinance,hgb_graph_features,exposure_80,moderate,size_alpha,5,0.012662039231489543,0.648641975308642,266.28,1.0,10966.14,7585.791824419743,6.993500604326284,34.956459068345154,1.0,0.8958024691358024
tfinance,hgb_graph_features,exposure_80,moderate,size_alpha,6,0.02841984802429733,0.5482555282555283,227.94,0.88,10975.94,7583.780065892023,6.9822986736089305,34.900484379101236,1.0,0.8786240786240787
tfinance,hgb_graph_features,exposure_80,moderate,size_alpha,7,0.008902268795642035,0.5614778325123153,230.4,0.9,10981.68,7588.291971933367,6.979166979387528,34.88483594629257,1.0,0.8847290640394089
tfinance,hgb_graph_features,exposure_80,moderate,size_alpha,8,0.013009755693245894,0.6145049504950495,252.16,0.92,10972.6,7602.157939310115,6.996458306560561,34.97123798032418,1.0,0.8831683168316832
tfinance,hgb_graph_features,exposure_80,moderate,size_alpha,9,0.018824774562168654,0.6146078431372549,255.48,1.0,10969.24,7584.934135444109,6.990552073153261,34.941726893521626,1.0,0.8872549019607844
tfinance,hgb_graph_features,exposure_80,moderate,wcs_deterministic,0,0.043452120849089074,0.3748019801980198,166.7,0.48,10971.28,7565.3830602507405,6.977512812054766,34.8765715289729,1.0,0.8826732673267327
tfinance,hgb_graph_features,exposure_80,moderate,wcs_deterministic,1,0.029379649093043435,0.2553960396039604,113.68,0.32,10990.66,7607.1459384205555,6.980797795353648,34.89298506776286,1.0,0.8886138613861386
tfinance,hgb_graph_features,exposure_80,moderate,wcs_deterministic,2,0.028562729240635087,0.26436274509803925,117.9,0.34,10978.52,7605.313970917731,6.9923062225682475,34.950490883397684,1.0,0.8745098039215686
tfinance,hgb_graph_features,exposure_80,moderate,wcs_deterministic,3,0.017509973251915893,0.15447761194029852,68.3,0.2,10935.7,7578.5737988564115,7.021334100319536,35.09553827460635,1.0,0.8796019900497513
tfinance,hgb_graph_features,exposure_80,moderate,wcs_deterministic,4,0.037227968242410904,0.2856650246305419,129.46,0.36,10970.68,7563.254572797873,6.976038948245869,34.869205890970846,1.0,0.8630541871921181
tfinance,hgb_graph_features,exposure_80,moderate,wcs_deterministic,5,0.03202587882772953,0.28503703703703703,126.9,0.36,10966.14,7585.791824419743,6.993500604326284,34.956459068345154,1.0,0.8958024691358024
tfinance,hgb_graph_features,exposure_80,moderate,wcs_deterministic,6,0.02503920999272202,0.18732186732186734,85.28,0.24,10975.94,7583.780065892023,6.9822986736089305,34.900484379101236,1.0,0.8786240786240787
tfinance,hgb_graph_features,exposure_80,moderate,wcs_deterministic,7,0.015453307926725977,0.1241871921182266,55.94,0.16,10981.68,7588.291971933367,6.979166979387528,34.88483594629257,1.0,0.8847290640394089
tfinance,hgb_graph_features,exposure_80,moderate,wcs_deterministic,8,0.03171842856334338,0.22767326732673268,104.0,0.28,10972.6,7602.157939310115,6.996458306560561,34.97123798032418,1.0,0.8831683168316832
tfinance,hgb_graph_features,exposure_80,moderate,wcs_deterministic,9,0.03182462290374626,0.22691176470588237,104.68,0.28,10969.24,7584.934135444109,6.990552073153261,34.941726893521626,1.0,0.8872549019607844
tfinance,hgb_graph_features,exposure_80,moderate,wcs_homogeneous,0,0.08502946225925019,0.7508415841584158,333.26,0.96,10971.28,7565.3830602507405,6.977512812054766,34.8765715289729,1.0,0.8826732673267327
tfinance,hgb_graph_features,exposure_80,moderate,wcs_homogeneous,1,0.0914896472374245,0.779950495049505,347.86,0.98,10990.66,7607.1459384205555,6.980797795353648,34.89298506776286,1.0,0.8886138613861386
tfinance,hgb_graph_features,exposure_80,moderate,wcs_homogeneous,2,0.09315446448910927,0.758921568627451,342.58,0.98,10978.52,7605.313970917731,6.9923062225682475,34.950490883397684,1.0,0.8745098039215686
tfinance,hgb_graph_features,exposure_80,moderate,wcs_homogeneous,3,0.094463205223265,0.773681592039801,344.38,1.0,10935.7,7578.5737988564115,7.021334100319536,35.09553827460635,1.0,0.8796019900497513
tfinance,hgb_graph_features,exposure_80,moderate,wcs_homogeneous,4,0.10427940928531902,0.7687192118226601,349.68,0.98,10970.68,7563.254572797873,6.976038948245869,34.869205890970846,1.0,0.8630541871921181
tfinance,hgb_graph_features,exposure_80,moderate,wcs_homogeneous,5,0.0951257624578432,0.7960493827160494,356.74,1.0,10966.14,7585.791824419743,6.993500604326284,34.956459068345154,1.0,0.8958024691358024
tfinance,hgb_graph_features,exposure_80,moderate,wcs_homogeneous,6,0.08858887876918066,0.7533660933660934,337.7,0.98,10975.94,7583.780065892023,6.9822986736089305,34.900484379101236,1.0,0.8786240786240787
tfinance,hgb_graph_features,exposure_80,moderate,wcs_homogeneous,7,0.08683583246560644,0.7579802955665025,338.12,0.98,10981.68,7588.291971933367,6.979166979387528,34.88483594629257,1.0,0.8847290640394089
tfinance,hgb_graph_features,exposure_80,moderate,wcs_homogeneous,8,0.10015689278521676,0.7917326732673267,356.98,0.98,10972.6,7602.157939310115,6.996458306560561,34.97123798032418,1.0,0.8831683168316832
tfinance,hgb_graph_features,exposure_80,moderate,wcs_homogeneous,9,0.09819052725651771,0.7948529411764705,360.68,1.0,10969.24,7584.934135444109,6.990552073153261,34.941726893521626,1.0,0.8872549019607844
tfinance,hgb_graph_features,exposure_80,moderate,wcs_rand_deterministic,0,0.061818584554831774,0.5188118811881188,231.58,0.66,10971.28,7565.3830602507405,6.977512812054766,34.8765715289729,1.0,0.8826732673267327
tfinance,hgb_graph_features,exposure_80,moderate,wcs_rand_deterministic,1,0.05353337669459071,0.4623267326732673,205.9,0.58,10990.66,7607.1459384205555,6.980797795353648,34.89298506776286,1.0,0.8886138613861386
tfinance,hgb_graph_features,exposure_80,moderate,wcs_rand_deterministic,2,0.04563231539441936,0.38833333333333336,174.6,0.5,10978.52,7605.313970917731,6.9923062225682475,34.950490883397684,1.0,0.8745098039215686
tfinance,hgb_graph_features,exposure_80,moderate,wcs_rand_deterministic,3,0.04376151064649424,0.37104477611940295,164.56,0.48,10935.7,7578.5737988564115,7.021334100319536,35.09553827460635,1.0,0.8796019900497513
tfinance,hgb_graph_features,exposure_80,moderate,wcs_rand_deterministic,4,0.056514822504517864,0.4266009852216749,193.6,0.54,10970.68,7563.254572797873,6.976038948245869,34.869205890970846,1.0,0.8630541871921181
tfinance,hgb_graph_features,exposure_80,moderate,wcs_rand_deterministic,5,0.04688865083249323,0.41229629629629627,183.8,0.52,10966.14,7585.791824419743,6.993500604326284,34.956459068345154,1.0,0.8958024691358024
tfinance,hgb_graph_features,exposure_80,moderate,wcs_rand_deterministic,6,0.04935056135004019,0.3875675675675676,175.36,0.5,10975.94,7583.780065892023,6.9822986736089305,34.900484379101236,1.0,0.8786240786240787
tfinance,hgb_graph_features,exposure_80,moderate,wcs_rand_deterministic,7,0.02095830474424351,0.1863054187192118,83.04,0.24,10981.68,7588.291971933367,6.979166979387528,34.88483594629257,1.0,0.8847290640394089
tfinance,hgb_graph_features,exposure_80,moderate,wcs_rand_deterministic,8,0.05342221051604347,0.40643564356435646,184.24,0.5,10972.6,7602.157939310115,6.996458306560561,34.97123798032418,1.0,0.8831683168316832
tfinance,hgb_graph_features,exposure_80,moderate,wcs_rand_deterministic,9,0.0454488797496881,0.33955882352941175,155.82,0.42,10969.24,7584.934135444109,6.990552073153261,34.941726893521626,1.0,0.8872549019607844
tfinance,hgb_graph_features,exposure_80,moderate,wcs_rand_homogeneous,0,0.08935224866406367,0.769059405940594,342.38,0.98,10971.28,7565.3830602507405,6.977512812054766,34.8765715289729,1.0,0.8826732673267327
tfinance,hgb_graph_features,exposure_80,moderate,wcs_rand_homogeneous,1,0.0939488599357031,0.7816336633663368,349.58,0.98,10990.66,7607.1459384205555,6.980797795353648,34.89298506776286,1.0,0.8886138613861386
tfinance,hgb_graph_features,exposure_80,moderate,wcs_rand_homogeneous,2,0.0974086350603502,0.777843137254902,352.1,1.0,10978.52,7605.313970917731,6.9923062225682475,34.950490883397684,1.0,0.8745098039215686
tfinance,hgb_graph_features,exposure_80,moderate,wcs_rand_homogeneous,3,0.09771225064077443,0.7765671641791044,346.94,1.0,10935.7,7578.5737988564115,7.021334100319536,35.09553827460635,1.0,0.8796019900497513
tfinance,hgb_graph_features,exposure_80,moderate,wcs_rand_homogeneous,4,0.1092940706507628,0.7869950738916256,359.14,1.0,10970.68,7563.254572797873,6.976038948245869,34.869205890970846,1.0,0.8630541871921181
tfinance,hgb_graph_features,exposure_80,moderate,wcs_rand_homogeneous,5,0.09737607577532989,0.7982716049382717,358.64,1.0,10966.14,7585.791824419743,6.993500604326284,34.956459068345154,1.0,0.8958024691358024
tfinance,hgb_graph_features,exposure_80,moderate,wcs_rand_homogeneous,6,0.09102514864975188,0.7563636363636363,339.96,0.98,10975.94,7583.780065892023,6.9822986736089305,34.900484379101236,1.0,0.8786240786240787
tfinance,hgb_graph_features,exposure_80,moderate,wcs_rand_homogeneous,7,0.08939291435135172,0.7619211822660098,340.88,0.98,10981.68,7588.291971933367,6.979166979387528,34.88483594629257,1.0,0.8847290640394089
tfinance,hgb_graph_features,exposure_80,moderate,wcs_rand_homogeneous,8,0.102446256005668,0.794059405940594,358.96,0.98,10972.6,7602.157939310115,6.996458306560561,34.97123798032418,1.0,0.8831683168316832
tfinance,hgb_graph_features,exposure_80,moderate,wcs_rand_homogeneous,9,0.09955268467322577,0.7969117647058823,362.12,1.0,10969.24,7584.934135444109,6.990552073153261,34.941726893521626,1.0,0.8872549019607844
tfinance,hgb_graph_features,exposure_80,moderate,weighted_bh,0,0.08923179296862338,0.7836138613861386,348.1,1.0,10971.28,7565.3830602507405,6.977512812054766,34.8765715289729,1.0,0.8826732673267327
tfinance,hgb_graph_features,exposure_80,moderate,weighted_bh,1,0.09284253712340121,0.7953960396039603,354.56,1.0,10990.66,7607.1459384205555,6.980797795353648,34.89298506776286,1.0,0.8886138613861386
tfinance,hgb_graph_features,exposure_80,moderate,weighted_bh,2,0.0951957969704656,0.7752450980392157,350.0,1.0,10978.52,7605.313970917731,6.9923062225682475,34.950490883397684,1.0,0.8745098039215686
tfinance,hgb_graph_features,exposure_80,moderate,weighted_bh,3,0.09411542259754149,0.7734825870646767,344.16,1.0,10935.7,7578.5737988564115,7.021334100319536,35.09553827460635,1.0,0.8796019900497513
tfinance,hgb_graph_features,exposure_80,moderate,weighted_bh,4,0.10503206206192404,0.7838916256157635,356.04,1.0,10970.68,7563.254572797873,6.976038948245869,34.869205890970846,1.0,0.8630541871921181
tfinance,hgb_graph_features,exposure_80,moderate,weighted_bh,5,0.0946314599679943,0.7961975308641975,356.62,1.0,10966.14,7585.791824419743,6.993500604326284,34.956459068345154,1.0,0.8958024691358024
tfinance,hgb_graph_features,exposure_80,moderate,weighted_bh,6,0.08975827601944017,0.7683538083538083,344.18,1.0,10975.94,7583.780065892023,6.9822986736089305,34.900484379101236,1.0,0.8786240786240787
tfinance,hgb_graph_features,exposure_80,moderate,weighted_bh,7,0.08922925467251952,0.7745320197044334,345.82,1.0,10981.68,7588.291971933367,6.979166979387528,34.88483594629257,1.0,0.8847290640394089
tfinance,hgb_graph_features,exposure_80,moderate,weighted_bh,8,0.10253373996464912,0.8084158415841585,364.64,1.0,10972.6,7602.157939310115,6.996458306560561,34.97123798032418,1.0,0.8831683168316832
tfinance,hgb_graph_features,exposure_80,moderate,weighted_bh,9,0.09776140150750544,0.795,360.58,1.0,10969.24,7584.934135444109,6.990552073153261,34.941726893521626,1.0,0.8872549019607844
tfinance,hgb_graph_features,exposure_80,moderate,weighted_bh_rand,0,0.091032303977396,0.7852970297029703,349.54,1.0,10971.28,7565.3830602507405,6.977512812054766,34.8765715289729,1.0,0.8826732673267327
tfinance,hgb_graph_features,exposure_80,moderate,weighted_bh_rand,1,0.09566684311369895,0.7977722772277228,356.72,1.0,10990.66,7607.1459384205555,6.980797795353648,34.89298506776286,1.0,0.8886138613861386
tfinance,hgb_graph_features,exposure_80,moderate,weighted_bh_rand,2,0.0973137172428553,0.7779901960784313,352.14,1.0,10978.52,7605.313970917731,6.9923062225682475,34.950490883397684,1.0,0.8745098039215686
tfinance,hgb_graph_features,exposure_80,moderate,weighted_bh_rand,3,0.09733895031673662,0.7768656716417911,346.94,1.0,10935.7,7578.5737988564115,7.021334100319536,35.09553827460635,1.0,0.8796019900497513
tfinance,hgb_graph_features,exposure_80,moderate,weighted_bh_rand,4,0.10884792124969034,0.7870935960591133,359.02,1.0,10970.68,7563.254572797873,6.976038948245869,34.869205890970846,1.0,0.8630541871921181
tfinance,hgb_graph_features,exposure_80,moderate,weighted_bh_rand,5,0.09739973832767733,0.7985679012345679,358.78,1.0,10966.14,7585.791824419743,6.993500604326284,34.956459068345154,1.0,0.8958024691358024
tfinance,hgb_graph_features,exposure_80,moderate,weighted_bh_rand,6,0.09274118256399719,0.7713022113022113,346.62,1.0,10975.94,7583.780065892023,6.9822986736089305,34.900484379101236,1.0,0.8786240786240787
tfinance,hgb_graph_features,exposure_80,moderate,weighted_bh_rand,7,0.09310784892299574,0.7783251231527093,349.02,1.0,10981.68,7588.291971933367,6.979166979387528,34.88483594629257,1.0,0.8847290640394089
tfinance,hgb_graph_features,exposure_80,moderate,weighted_bh_rand,8,0.10493848636598141,0.8106435643564356,366.62,1.0,10972.6,7602.157939310115,6.996458306560561,34.97123798032418,1.0,0.8831683168316832
tfinance,hgb_graph_features,exposure_80,moderate,weighted_bh_rand,9,0.0993274530172479,0.7972058823529412,362.16,1.0,10969.24,7584.934135444109,6.990552073153261,34.941726893521626,1.0,0.8872549019607844
tfinance,hgb_graph_features,exposure_80,moderate,weighted_by,0,0.0,0.0,0.0,0.0,10971.28,7565.3830602507405,6.977512812054766,34.8765715289729,1.0,0.8826732673267327
tfinance,hgb_graph_features,exposure_80,moderate,weighted_by,1,0.0,0.0,0.0,0.0,10990.66,7607.1459384205555,6.980797795353648,34.89298506776286,1.0,0.8886138613861386
tfinance,hgb_graph_features,exposure_80,moderate,weighted_by,2,0.0,0.0,0.0,0.0,10978.52,7605.313970917731,6.9923062225682475,34.950490883397684,1.0,0.8745098039215686
tfinance,hgb_graph_features,exposure_80,moderate,weighted_by,3,0.0,0.0,0.0,0.0,10935.7,7578.5737988564115,7.021334100319536,35.09553827460635,1.0,0.8796019900497513
tfinance,hgb_graph_features,exposure_80,moderate,weighted_by,4,0.0,0.0,0.0,0.0,10970.68,7563.254572797873,6.976038948245869,34.869205890970846,1.0,0.8630541871921181
tfinance,hgb_graph_features,exposure_80,moderate,weighted_by,5,0.0,0.0,0.0,0.0,10966.14,7585.791824419743,6.993500604326284,34.956459068345154,1.0,0.8958024691358024
tfinance,hgb_graph_features,exposure_80,moderate,weighted_by,6,0.0,0.0,0.0,0.0,10975.94,7583.780065892023,6.9822986736089305,34.900484379101236,1.0,0.8786240786240787
tfinance,hgb_graph_features,exposure_80,moderate,weighted_by,7,0.0,0.0,0.0,0.0,10981.68,7588.291971933367,6.979166979387528,34.88483594629257,1.0,0.8847290640394089
tfinance,hgb_graph_features,exposure_80,moderate,weighted_by,8,0.0,0.0,0.0,0.0,10972.6,7602.157939310115,6.996458306560561,34.97123798032418,1.0,0.8831683168316832
tfinance,hgb_graph_features,exposure_80,moderate,weighted_by,9,0.0,0.0,0.0,0.0,10969.24,7584.934135444109,6.990552073153261,34.941726893521626,1.0,0.8872549019607844
tfinance,hgb_graph_features,exposure_80,neutral,equal_alpha,0,0.036006317278061736,0.7169306930693069,300.56,1.0,12682.28,12682.28,6.98270316676686,6.98270316676686,1.0,0.8826732673267327
tfinance,hgb_graph_features,exposure_80,neutral,equal_alpha,1,0.03713091674733004,0.7291089108910892,306.02,1.0,12676.42,12676.42,6.985148205065472,6.985148205065472,1.0,0.8886138613861386
tfinance,hgb_graph_features,exposure_80,neutral,equal_alpha,2,0.04023128831759659,0.722892156862745,307.46,1.0,12686.82,12686.82,6.979410975201996,6.979410975201996,1.0,0.8745098039215686
tfinance,hgb_graph_features,exposure_80,neutral,equal_alpha,3,0.040688417110433465,0.7211940298507463,302.32,1.0,12643.14,12643.14,7.003549530816895,7.003549530816895,1.0,0.8796019900497513
tfinance,hgb_graph_features,exposure_80,neutral,equal_alpha,4,0.05236477013972332,0.7109852216748769,304.68,1.0,12680.16,12680.16,6.983056000538485,6.983056000538485,1.0,0.8630541871921181
tfinance,hgb_graph_features,exposure_80,neutral,equal_alpha,5,0.036039724516800445,0.7437530864197531,312.54,1.0,12654.9,12654.9,6.996989594471989,6.996989594471989,1.0,0.8958024691358024
tfinance,hgb_graph_features,exposure_80,neutral,equal_alpha,6,0.041433561936216806,0.7223095823095824,306.84,1.0,12666.72,12666.72,6.990474968192263,6.990474968192263,1.0,0.8786240786240787
tfinance,hgb_graph_features,exposure_80,neutral,equal_alpha,7,0.0335773783098694,0.7236945812807882,304.06,1.0,12679.76,12679.76,6.983370383645106,6.983370383645106,1.0,0.8847290640394089
tfinance,hgb_graph_features,exposure_80,neutral,equal_alpha,8,0.04207628190250411,0.7489603960396038,316.06,1.0,12665.22,12665.22,6.991348870161514,6.991348870161514,1.0,0.8831683168316832
tfinance,hgb_graph_features,exposure_80,neutral,equal_alpha,9,0.04000436218849646,0.7181862745098039,305.38,1.0,12664.7,12664.7,6.99235597093424,6.99235597093424,1.0,0.8872549019607844
tfinance,hgb_graph_features,exposure_80,neutral,pooled_reference,0,0.08614592778633737,0.7875742574257426,348.42,1.0,12682.28,12682.28,6.98270316676686,6.98270316676686,1.0,0.8826732673267327
tfinance,hgb_graph_features,exposure_80,neutral,pooled_reference,1,0.09448407275646814,0.7980198019801981,356.16,1.0,12676.42,12676.42,6.985148205065472,6.985148205065472,1.0,0.8886138613861386
tfinance,hgb_graph_features,exposure_80,neutral,pooled_reference,2,0.0974041672577028,0.7791176470588235,352.26,1.0,12686.82,12686.82,6.979410975201996,6.979410975201996,1.0,0.8745098039215686
tfinance,hgb_graph_features,exposure_80,neutral,pooled_reference,3,0.09937295307876286,0.7804975124378108,348.78,1.0,12643.14,12643.14,7.003549530816895,7.003549530816895,1.0,0.8796019900497513
tfinance,hgb_graph_features,exposure_80,neutral,pooled_reference,4,0.11326048419579926,0.7922167487684729,363.02,1.0,12680.16,12680.16,6.983056000538485,6.983056000538485,1.0,0.8630541871921181
tfinance,hgb_graph_features,exposure_80,neutral,pooled_reference,5,0.0969513884429548,0.802320987654321,359.98,1.0,12654.9,12654.9,6.996989594471989,6.996989594471989,1.0,0.8958024691358024
tfinance,hgb_graph_features,exposure_80,neutral,pooled_reference,6,0.09428442146803037,0.7757739557739558,349.04,1.0,12666.72,12666.72,6.990474968192263,6.990474968192263,1.0,0.8786240786240787
tfinance,hgb_graph_features,exposure_80,neutral,pooled_reference,7,0.09141150880356433,0.7807881773399015,349.0,1.0,12679.76,12679.76,6.983370383645106,6.983370383645106,1.0,0.8847290640394089
tfinance,hgb_graph_features,exposure_80,neutral,pooled_reference,8,0.10409265716928078,0.8104950495049504,365.8,1.0,12665.22,12665.22,6.991348870161514,6.991348870161514,1.0,0.8831683168316832
tfinance,hgb_graph_features,exposure_80,neutral,pooled_reference,9,0.09977529471087983,0.7995588235294118,363.06,1.0,12664.7,12664.7,6.99235597093424,6.99235597093424,1.0,0.8872549019607844
tfinance,hgb_graph_features,exposure_80,neutral,pooled_stratum,0,0.09230041315702754,0.7155940594059406,318.72,1.0,12682.28,12682.28,6.98270316676686,6.98270316676686,1.0,0.8826732673267327
tfinance,hgb_graph_features,exposure_80,neutral,pooled_stratum,1,0.0935582374446496,0.7148514851485149,318.72,1.0,12676.42,12676.42,6.985148205065472,6.985148205065472,1.0,0.8886138613861386
tfinance,hgb_graph_features,exposure_80,neutral,pooled_stratum,2,0.10143998211490728,0.7340686274509803,333.58,1.0,12686.82,12686.82,6.979410975201996,6.979410975201996,1.0,0.8745098039215686
tfinance,hgb_graph_features,exposure_80,neutral,pooled_stratum,3,0.10628671861763168,0.7069651741293532,318.26,1.0,12643.14,12643.14,7.003549530816895,7.003549530816895,1.0,0.8796019900497513
tfinance,hgb_graph_features,exposure_80,neutral,pooled_stratum,4,0.09805656932446982,0.7308866995073892,329.12,1.0,12680.16,12680.16,6.983056000538485,6.983056000538485,1.0,0.8630541871921181
tfinance,hgb_graph_features,exposure_80,neutral,pooled_stratum,5,0.10076231780443454,0.7361975308641975,331.84,1.0,12654.9,12654.9,6.996989594471989,6.996989594471989,1.0,0.8958024691358024
tfinance,hgb_graph_features,exposure_80,neutral,pooled_stratum,6,0.09353188122808524,0.7246191646191646,325.68,1.0,12666.72,12666.72,6.990474968192263,6.990474968192263,1.0,0.8786240786240787
tfinance,hgb_graph_features,exposure_80,neutral,pooled_stratum,7,0.09978641029743328,0.7056650246305419,318.24,1.0,12679.76,12679.76,6.983370383645106,6.983370383645106,1.0,0.8847290640394089
tfinance,hgb_graph_features,exposure_80,neutral,pooled_stratum,8,0.10638876898009833,0.7376732673267327,333.8,1.0,12665.22,12665.22,6.991348870161514,6.991348870161514,1.0,0.8831683168316832
tfinance,hgb_graph_features,exposure_80,neutral,pooled_stratum,9,0.10589716964776119,0.7131862745098039,326.06,1.0,12664.7,12664.7,6.99235597093424,6.99235597093424,1.0,0.8872549019607844
tfinance,hgb_graph_features,exposure_80,neutral,size_alpha,0,0.011110280855303599,0.6510396039603961,266.06,1.0,12682.28,12682.28,6.98270316676686,6.98270316676686,1.0,0.8826732673267327
tfinance,hgb_graph_features,exposure_80,neutral,size_alpha,1,0.010303685753833584,0.6546534653465347,267.28,1.0,12676.42,12676.42,6.985148205065472,6.985148205065472,1.0,0.8886138613861386
tfinance,hgb_graph_features,exposure_80,neutral,size_alpha,2,0.01896410375573756,0.6777941176470589,281.98,1.0,12686.82,12686.82,6.979410975201996,6.979410975201996,1.0,0.8745098039215686
tfinance,hgb_graph_features,exposure_80,neutral,size_alpha,3,0.015961656196123157,0.6521393034825871,266.52,1.0,12643.14,12643.14,7.003549530816895,7.003549530816895,1.0,0.8796019900497513
tfinance,hgb_graph_features,exposure_80,neutral,size_alpha,4,0.019610796577248464,0.6762561576354681,280.1,1.0,12680.16,12680.16,6.983056000538485,6.983056000538485,1.0,0.8630541871921181
tfinance,hgb_graph_features,exposure_80,neutral,size_alpha,5,0.015439576417348309,0.695604938271605,286.2,1.0,12654.9,12654.9,6.996989594471989,6.996989594471989,1.0,0.8958024691358024
tfinance,hgb_graph_features,exposure_80,neutral,size_alpha,6,0.018121787448473252,0.6819164619164618,282.72,1.0,12666.72,12666.72,6.990474968192263,6.990474968192263,1.0,0.8786240786240787
tfinance,hgb_graph_features,exposure_80,neutral,size_alpha,7,0.011798466442474837,0.6546798029556651,269.02,1.0,12679.76,12679.76,6.983370383645106,6.983370383645106,1.0,0.8847290640394089
tfinance,hgb_graph_features,exposure_80,neutral,size_alpha,8,0.014282137389543622,0.6887623762376238,282.46,1.0,12665.22,12665.22,6.991348870161514,6.991348870161514,1.0,0.8831683168316832
tfinance,hgb_graph_features,exposure_80,neutral,size_alpha,9,0.022155505981007927,0.6621568627450981,276.44,1.0,12664.7,12664.7,6.99235597093424,6.99235597093424,1.0,0.8872549019607844
tfinance,hgb_graph_features,exposure_80,neutral,wcs_deterministic,0,0.08614592778633737,0.7875742574257426,348.42,1.0,12682.28,12682.28,6.98270316676686,6.98270316676686,1.0,0.8826732673267327
tfinance,hgb_graph_features,exposure_80,neutral,wcs_deterministic,1,0.09448407275646814,0.7980198019801981,356.16,1.0,12676.42,12676.42,6.985148205065472,6.985148205065472,1.0,0.8886138613861386
tfinance,hgb_graph_features,exposure_80,neutral,wcs_deterministic,2,0.0974041672577028,0.7791176470588235,352.26,1.0,12686.82,12686.82,6.979410975201996,6.979410975201996,1.0,0.8745098039215686
tfinance,hgb_graph_features,exposure_80,neutral,wcs_deterministic,3,0.09937295307876286,0.7804975124378108,348.78,1.0,12643.14,12643.14,7.003549530816895,7.003549530816895,1.0,0.8796019900497513
tfinance,hgb_graph_features,exposure_80,neutral,wcs_deterministic,4,0.11326048419579926,0.7922167487684729,363.02,1.0,12680.16,12680.16,6.983056000538485,6.983056000538485,1.0,0.8630541871921181
tfinance,hgb_graph_features,exposure_80,neutral,wcs_deterministic,5,0.0969513884429548,0.802320987654321,359.98,1.0,12654.9,12654.9,6.996989594471989,6.996989594471989,1.0,0.8958024691358024
tfinance,hgb_graph_features,exposure_80,neutral,wcs_deterministic,6,0.09428442146803037,0.7757739557739558,349.04,1.0,12666.72,12666.72,6.990474968192263,6.990474968192263,1.0,0.8786240786240787
tfinance,hgb_graph_features,exposure_80,neutral,wcs_deterministic,7,0.09141150880356433,0.7807881773399015,349.0,1.0,12679.76,12679.76,6.983370383645106,6.983370383645106,1.0,0.8847290640394089
tfinance,hgb_graph_features,exposure_80,neutral,wcs_deterministic,8,0.10409265716928078,0.8104950495049504,365.8,1.0,12665.22,12665.22,6.991348870161514,6.991348870161514,1.0,0.8831683168316832
tfinance,hgb_graph_features,exposure_80,neutral,wcs_deterministic,9,0.09977529471087983,0.7995588235294118,363.06,1.0,12664.7,12664.7,6.99235597093424,6.99235597093424,1.0,0.8872549019607844
tfinance,hgb_graph_features,exposure_80,neutral,wcs_homogeneous,0,0.08614592778633737,0.7875742574257426,348.42,1.0,12682.28,12682.28,6.98270316676686,6.98270316676686,1.0,0.8826732673267327
tfinance,hgb_graph_features,exposure_80,neutral,wcs_homogeneous,1,0.09448407275646814,0.7980198019801981,356.16,1.0,12676.42,12676.42,6.985148205065472,6.985148205065472,1.0,0.8886138613861386
tfinance,hgb_graph_features,exposure_80,neutral,wcs_homogeneous,2,0.0974041672577028,0.7791176470588235,352.26,1.0,12686.82,12686.82,6.979410975201996,6.979410975201996,1.0,0.8745098039215686
tfinance,hgb_graph_features,exposure_80,neutral,wcs_homogeneous,3,0.09937295307876286,0.7804975124378108,348.78,1.0,12643.14,12643.14,7.003549530816895,7.003549530816895,1.0,0.8796019900497513
tfinance,hgb_graph_features,exposure_80,neutral,wcs_homogeneous,4,0.11326048419579926,0.7922167487684729,363.02,1.0,12680.16,12680.16,6.983056000538485,6.983056000538485,1.0,0.8630541871921181
tfinance,hgb_graph_features,exposure_80,neutral,wcs_homogeneous,5,0.0969513884429548,0.802320987654321,359.98,1.0,12654.9,12654.9,6.996989594471989,6.996989594471989,1.0,0.8958024691358024
tfinance,hgb_graph_features,exposure_80,neutral,wcs_homogeneous,6,0.09428442146803037,0.7757739557739558,349.04,1.0,12666.72,12666.72,6.990474968192263,6.990474968192263,1.0,0.8786240786240787
tfinance,hgb_graph_features,exposure_80,neutral,wcs_homogeneous,7,0.09141150880356433,0.7807881773399015,349.0,1.0,12679.76,12679.76,6.983370383645106,6.983370383645106,1.0,0.8847290640394089
tfinance,hgb_graph_features,exposure_80,neutral,wcs_homogeneous,8,0.10409265716928078,0.8104950495049504,365.8,1.0,12665.22,12665.22,6.991348870161514,6.991348870161514,1.0,0.8831683168316832
tfinance,hgb_graph_features,exposure_80,neutral,wcs_homogeneous,9,0.09977529471087983,0.7995588235294118,363.06,1.0,12664.7,12664.7,6.99235597093424,6.99235597093424,1.0,0.8872549019607844
tfinance,hgb_graph_features,exposure_80,neutral,wcs_rand_deterministic,0,0.08643584655129785,0.7877227722772276,348.6,1.0,12682.28,12682.28,6.98270316676686,6.98270316676686,1.0,0.8826732673267327
tfinance,hgb_graph_features,exposure_80,neutral,wcs_rand_deterministic,1,0.09494945911323613,0.7983168316831682,356.48,1.0,12676.42,12676.42,6.985148205065472,6.985148205065472,1.0,0.8886138613861386
tfinance,hgb_graph_features,exposure_80,neutral,wcs_rand_deterministic,2,0.09792764123588177,0.7795098039215687,352.64,1.0,12686.82,12686.82,6.979410975201996,6.979410975201996,1.0,0.8745098039215686
tfinance,hgb_graph_features,exposure_80,neutral,wcs_rand_deterministic,3,0.09974247919988828,0.7809452736318409,349.12,1.0,12643.14,12643.14,7.003549530816895,7.003549530816895,1.0,0.8796019900497513
tfinance,hgb_graph_features,exposure_80,neutral,wcs_rand_deterministic,4,0.11365958855896376,0.7926600985221675,363.38,1.0,12680.16,12680.16,6.983056000538485,6.983056000538485,1.0,0.8630541871921181
tfinance,hgb_graph_features,exposure_80,neutral,wcs_rand_deterministic,5,0.09728034881568465,0.8025185185185185,360.2,1.0,12654.9,12654.9,6.996989594471989,6.996989594471989,1.0,0.8958024691358024
tfinance,hgb_graph_features,exposure_80,neutral,wcs_rand_deterministic,6,0.09447103261186535,0.7762653562653563,349.34,1.0,12666.72,12666.72,6.990474968192263,6.990474968192263,1.0,0.8786240786240787
tfinance,hgb_graph_features,exposure_80,neutral,wcs_rand_deterministic,7,0.09177289170213826,0.781231527093596,349.34,1.0,12679.76,12679.76,6.983370383645106,6.983370383645106,1.0,0.8847290640394089
tfinance,hgb_graph_features,exposure_80,neutral,wcs_rand_deterministic,8,0.10469249229408234,0.8107425742574257,366.16,1.0,12665.22,12665.22,6.991348870161514,6.991348870161514,1.0,0.8831683168316832
tfinance,hgb_graph_features,exposure_80,neutral,wcs_rand_deterministic,9,0.10013720886699813,0.799950980392157,363.38,1.0,12664.7,12664.7,6.99235597093424,6.99235597093424,1.0,0.8872549019607844
tfinance,hgb_graph_features,exposure_80,neutral,wcs_rand_homogeneous,0,0.08680954621075722,0.7877722772277228,348.76,1.0,12682.28,12682.28,6.98270316676686,6.98270316676686,1.0,0.8826732673267327
tfinance,hgb_graph_features,exposure_80,neutral,wcs_rand_homogeneous,1,0.0950397536348866,0.7984158415841585,356.56,1.0,12676.42,12676.42,6.985148205065472,6.985148205065472,1.0,0.8886138613861386
tfinance,hgb_graph_features,exposure_80,neutral,wcs_rand_homogeneous,2,0.09811399363062855,0.779656862745098,352.78,1.0,12686.82,12686.82,6.979410975201996,6.979410975201996,1.0,0.8745098039215686
tfinance,hgb_graph_features,exposure_80,neutral,wcs_rand_homogeneous,3,0.10000187641763608,0.7811940298507463,349.34,1.0,12643.14,12643.14,7.003549530816895,7.003549530816895,1.0,0.8796019900497513
tfinance,hgb_graph_features,exposure_80,neutral,wcs_rand_homogeneous,4,0.1140429506812337,0.792807881773399,363.6,1.0,12680.16,12680.16,6.983056000538485,6.983056000538485,1.0,0.8630541871921181
tfinance,hgb_graph_features,exposure_80,neutral,wcs_rand_homogeneous,5,0.09744825674474479,0.8026666666666666,360.34,1.0,12654.9,12654.9,6.996989594471989,6.996989594471989,1.0,0.8958024691358024
tfinance,hgb_graph_features,exposure_80,neutral,wcs_rand_homogeneous,6,0.09477625834334169,0.7768550368550369,349.72,1.0,12666.72,12666.72,6.990474968192263,6.990474968192263,1.0,0.8786240786240787
tfinance,hgb_graph_features,exposure_80,neutral,wcs_rand_homogeneous,7,0.09196450802359984,0.7814285714285714,349.5,1.0,12679.76,12679.76,6.983370383645106,6.983370383645106,1.0,0.8847290640394089
tfinance,hgb_graph_features,exposure_80,neutral,wcs_rand_homogeneous,8,0.10492790409781268,0.8108910891089108,366.32,1.0,12665.22,12665.22,6.991348870161514,6.991348870161514,1.0,0.8831683168316832
tfinance,hgb_graph_features,exposure_80,neutral,wcs_rand_homogeneous,9,0.10029044264657051,0.8,363.46,1.0,12664.7,12664.7,6.99235597093424,6.99235597093424,1.0,0.8872549019607844
tfinance,hgb_graph_features,exposure_80,neutral,weighted_bh,0,0.08614592778633737,0.7875742574257426,348.42,1.0,12682.28,12682.28,6.98270316676686,6.98270316676686,1.0,0.8826732673267327
tfinance,hgb_graph_features,exposure_80,neutral,weighted_bh,1,0.09448407275646814,0.7980198019801981,356.16,1.0,12676.42,12676.42,6.985148205065472,6.985148205065472,1.0,0.8886138613861386
tfinance,hgb_graph_features,exposure_80,neutral,weighted_bh,2,0.0974041672577028,0.7791176470588235,352.26,1.0,12686.82,12686.82,6.979410975201996,6.979410975201996,1.0,0.8745098039215686
tfinance,hgb_graph_features,exposure_80,neutral,weighted_bh,3,0.09937295307876286,0.7804975124378108,348.78,1.0,12643.14,12643.14,7.003549530816895,7.003549530816895,1.0,0.8796019900497513
tfinance,hgb_graph_features,exposure_80,neutral,weighted_bh,4,0.11326048419579926,0.7922167487684729,363.02,1.0,12680.16,12680.16,6.983056000538485,6.983056000538485,1.0,0.8630541871921181
tfinance,hgb_graph_features,exposure_80,neutral,weighted_bh,5,0.0969513884429548,0.802320987654321,359.98,1.0,12654.9,12654.9,6.996989594471989,6.996989594471989,1.0,0.8958024691358024
tfinance,hgb_graph_features,exposure_80,neutral,weighted_bh,6,0.09428442146803037,0.7757739557739558,349.04,1.0,12666.72,12666.72,6.990474968192263,6.990474968192263,1.0,0.8786240786240787
tfinance,hgb_graph_features,exposure_80,neutral,weighted_bh,7,0.09141150880356433,0.7807881773399015,349.0,1.0,12679.76,12679.76,6.983370383645106,6.983370383645106,1.0,0.8847290640394089
tfinance,hgb_graph_features,exposure_80,neutral,weighted_bh,8,0.10409265716928078,0.8104950495049504,365.8,1.0,12665.22,12665.22,6.991348870161514,6.991348870161514,1.0,0.8831683168316832
tfinance,hgb_graph_features,exposure_80,neutral,weighted_bh,9,0.09977529471087983,0.7995588235294118,363.06,1.0,12664.7,12664.7,6.99235597093424,6.99235597093424,1.0,0.8872549019607844
tfinance,hgb_graph_features,exposure_80,neutral,weighted_bh_rand,0,0.08696605936148749,0.7877227722772276,348.8,1.0,12682.28,12682.28,6.98270316676686,6.98270316676686,1.0,0.8826732673267327
tfinance,hgb_graph_features,exposure_80,neutral,weighted_bh_rand,1,0.09513637280708082,0.7984653465346535,356.62,1.0,12676.42,12676.42,6.985148205065472,6.985148205065472,1.0,0.8886138613861386
tfinance,hgb_graph_features,exposure_80,neutral,weighted_bh_rand,2,0.09859535160377698,0.779656862745098,352.98,1.0,12686.82,12686.82,6.979410975201996,6.979410975201996,1.0,0.8745098039215686
tfinance,hgb_graph_features,exposure_80,neutral,weighted_bh_rand,3,0.10018652354843934,0.7812437810945273,349.44,1.0,12643.14,12643.14,7.003549530816895,7.003549530816895,1.0,0.8796019900497513
tfinance,hgb_graph_features,exposure_80,neutral,weighted_bh_rand,4,0.1137862318394875,0.7929064039408867,363.54,1.0,12680.16,12680.16,6.983056000538485,6.983056000538485,1.0,0.8630541871921181
tfinance,hgb_graph_features,exposure_80,neutral,weighted_bh_rand,5,0.09753907998229053,0.8026666666666666,360.38,1.0,12654.9,12654.9,6.996989594471989,6.996989594471989,1.0,0.8958024691358024
tfinance,hgb_graph_features,exposure_80,neutral,weighted_bh_rand,6,0.09492674365023969,0.7766093366093366,349.66,1.0,12666.72,12666.72,6.990474968192263,6.990474968192263,1.0,0.8786240786240787
tfinance,hgb_graph_features,exposure_80,neutral,weighted_bh_rand,7,0.09196202634771534,0.7814285714285714,349.5,1.0,12679.76,12679.76,6.983370383645106,6.983370383645106,1.0,0.8847290640394089
tfinance,hgb_graph_features,exposure_80,neutral,weighted_bh_rand,8,0.10492878354589182,0.8108910891089108,366.32,1.0,12665.22,12665.22,6.991348870161514,6.991348870161514,1.0,0.8831683168316832
tfinance,hgb_graph_features,exposure_80,neutral,weighted_bh_rand,9,0.10035290458197166,0.8000490196078431,363.5,1.0,12664.7,12664.7,6.99235597093424,6.99235597093424,1.0,0.8872549019607844
tfinance,hgb_graph_features,exposure_80,neutral,weighted_by,0,0.005224293593832976,0.5736633663366336,233.12,1.0,12682.28,12682.28,6.98270316676686,6.98270316676686,1.0,0.8826732673267327
tfinance,hgb_graph_features,exposure_80,neutral,weighted_by,1,0.006083680377226543,0.6311881188118812,256.58,1.0,12676.42,12676.42,6.985148205065472,6.985148205065472,1.0,0.8886138613861386
tfinance,hgb_graph_features,exposure_80,neutral,weighted_by,2,0.009126720764598402,0.5965196078431373,245.86,1.0,12686.82,12686.82,6.979410975201996,6.979410975201996,1.0,0.8745098039215686
tfinance,hgb_graph_features,exposure_80,neutral,weighted_by,3,0.009458093232112379,0.5949253731343284,241.58,1.0,12643.14,12643.14,7.003549530816895,7.003549530816895,1.0,0.8796019900497513
tfinance,hgb_graph_features,exposure_80,neutral,weighted_by,4,0.008180391425647844,0.6146798029556649,251.76,1.0,12680.16,12680.16,6.983056000538485,6.983056000538485,1.0,0.8630541871921181
tfinance,hgb_graph_features,exposure_80,neutral,weighted_by,5,0.013243097763426262,0.617679012345679,253.68,1.0,12654.9,12654.9,6.996989594471989,6.996989594471989,1.0,0.8958024691358024
tfinance,hgb_graph_features,exposure_80,neutral,weighted_by,6,0.011497437965564114,0.6031941031941033,248.52,1.0,12666.72,12666.72,6.990474968192263,6.990474968192263,1.0,0.8786240786240787
tfinance,hgb_graph_features,exposure_80,neutral,weighted_by,7,0.007687321147269464,0.5783251231527093,236.7,1.0,12679.76,12679.76,6.983370383645106,6.983370383645106,1.0,0.8847290640394089
tfinance,hgb_graph_features,exposure_80,neutral,weighted_by,8,0.005196604312259857,0.6403960396039604,260.14,1.0,12665.22,12665.22,6.991348870161514,6.991348870161514,1.0,0.8831683168316832
tfinance,hgb_graph_features,exposure_80,neutral,weighted_by,9,0.012731484077591266,0.6059803921568627,250.58,1.0,12664.7,12664.7,6.99235597093424,6.99235597093424,1.0,0.8872549019607844
tfinance,hgb_graph_features,exposure_80,severe,equal_alpha,0,0.0175581552836872,0.2206930693069307,94.92,0.3,10649.36,3009.7016943600674,6.970612839471196,139.20400416785404,1.0,0.8826732673267327
tfinance,hgb_graph_features,exposure_80,severe,equal_alpha,1,0.013060526322500148,0.13797029702970298,60.28,0.18,10674.08,3036.058143882892,6.970433729263817,139.2004280900081,1.0,0.8886138613861386
tfinance,hgb_graph_features,exposure_80,severe,equal_alpha,2,0.026257847151895955,0.19328431372549018,85.52,0.28,10662.46,3059.692706070604,6.99504877343956,139.6912305027877,1.0,0.8745098039215686
tfinance,hgb_graph_features,exposure_80,severe,equal_alpha,3,0.026154669102326028,0.17233830845771145,78.86,0.22,10619.44,3071.940099365809,7.044875906674661,140.6848063188918,1.0,0.8796019900497513
tfinance,hgb_graph_features,exposure_80,severe,equal_alpha,4,0.03775172936932629,0.20940886699507388,92.74,0.38,10649.36,2992.5683332059816,6.958797379255733,138.96840147510628,1.0,0.8630541871921181
tfinance,hgb_graph_features,exposure_80,severe,equal_alpha,5,0.03821519448085656,0.21930864197530864,96.84,0.32,10647.92,3041.564617280667,6.997863079230316,139.74738537217044,1.0,0.8958024691358024
tfinance,hgb_graph_features,exposure_80,severe,equal_alpha,6,0.02766404971274547,0.24167076167076168,108.16,0.32,10655.84,3035.632385448951,6.984697356807244,139.48485244974825,1.0,0.8786240786240787
tfinance,hgb_graph_features,exposure_80,severe,equal_alpha,7,0.014762005652388738,0.1655665024630542,72.22,0.22,10659.92,3063.3402201603394,7.0012002682521235,139.8139011673198,1.0,0.8847290640394089
tfinance,hgb_graph_features,exposure_80,severe,equal_alpha,8,0.02271624187642989,0.21767326732673267,96.08,0.28,10656.56,3058.3278850935294,7.001133840401426,139.81258382326297,1.0,0.8831683168316832
tfinance,hgb_graph_features,exposure_80,severe,equal_alpha,9,0.020499119109753227,0.1829901960784314,81.84,0.24,10650.34,3041.517795690383,6.994984200346032,139.6899918204568,1.0,0.8872549019607844
tfinance,hgb_graph_features,exposure_80,severe,pooled_reference,0,0.1498417456014249,0.8113366336633664,386.08,1.0,10649.36,3009.7016943600674,6.970612839471196,139.20400416785404,1.0,0.8826732673267327
tfinance,hgb_graph_features,exposure_80,severe,pooled_reference,1,0.19090805480537928,0.8339108910891089,416.78,1.0,10674.08,3036.058143882892,6.970433729263817,139.2004280900081,1.0,0.8886138613861386
tfinance,hgb_graph_features,exposure_80,severe,pooled_reference,2,0.14516843797275206,0.8030882352941177,383.64,1.0,10662.46,3059.692706070604,6.99504877343956,139.6912305027877,1.0,0.8745098039215686
tfinance,hgb_graph_features,exposure_80,severe,pooled_reference,3,0.18743924577512827,0.8232835820895522,407.64,1.0,10619.44,3071.940099365809,7.044875906674661,140.6848063188918,1.0,0.8796019900497513
tfinance,hgb_graph_features,exposure_80,severe,pooled_reference,4,0.19802615012879965,0.8317241379310345,421.46,1.0,10649.36,2992.5683332059816,6.958797379255733,138.96840147510628,1.0,0.8630541871921181
tfinance,hgb_graph_features,exposure_80,severe,pooled_reference,5,0.1654089853758281,0.8293333333333334,402.88,1.0,10647.92,3041.564617280667,6.997863079230316,139.74738537217044,1.0,0.8958024691358024
tfinance,hgb_graph_features,exposure_80,severe,pooled_reference,6,0.15206531206909196,0.80987714987715,389.64,1.0,10655.84,3035.632385448951,6.984697356807244,139.48485244974825,1.0,0.8786240786240787
tfinance,hgb_graph_features,exposure_80,severe,pooled_reference,7,0.1658236227119658,0.8174384236453202,398.14,1.0,10659.92,3063.3402201603394,7.0012002682521235,139.8139011673198,1.0,0.8847290640394089
tfinance,hgb_graph_features,exposure_80,severe,pooled_reference,8,0.1927462705128289,0.846039603960396,423.56,1.0,10656.56,3058.3278850935294,7.001133840401426,139.81258382326297,1.0,0.8831683168316832
tfinance,hgb_graph_features,exposure_80,severe,pooled_reference,9,0.175173550841688,0.8349509803921569,413.58,1.0,10650.34,3041.517795690383,6.994984200346032,139.6899918204568,1.0,0.8872549019607844
tfinance,hgb_graph_features,exposure_80,severe,pooled_stratum,0,0.042825540472599295,0.006237623762376238,3.04,0.26,10649.36,3009.7016943600674,6.970612839471196,139.20400416785404,1.0,0.8826732673267327
tfinance,hgb_graph_features,exposure_80,severe,pooled_stratum,1,0.0044444444444444444,0.0007920792079207921,0.36,0.04,10674.08,3036.058143882892,6.970433729263817,139.2004280900081,1.0,0.8886138613861386
tfinance,hgb_graph_features,exposure_80,severe,pooled_stratum,2,0.03441558441558441,0.0024019607843137254,1.38,0.12,10662.46,3059.692706070604,6.99504877343956,139.6912305027877,1.0,0.8745098039215686
tfinance,hgb_graph_features,exposure_80,severe,pooled_stratum,3,0.020384615384615383,0.0012437810945273632,0.76,0.06,10619.44,3071.940099365809,7.044875906674661,140.6848063188918,1.0,0.8796019900497513
tfinance,hgb_graph_features,exposure_80,severe,pooled_stratum,4,0.08481635358105946,0.023497536945812806,10.9,0.72,10649.36,2992.5683332059816,6.958797379255733,138.96840147510628,1.0,0.8630541871921181
tfinance,hgb_graph_features,exposure_80,severe,pooled_stratum,5,0.05002650943827414,0.0031604938271604936,2.04,0.14,10647.92,3041.564617280667,6.997863079230316,139.74738537217044,1.0,0.8958024691358024
tfinance,hgb_graph_features,exposure_80,severe,pooled_stratum,6,0.0697062937062937,0.003931203931203931,2.34,0.22,10655.84,3035.632385448951,6.984697356807244,139.48485244974825,1.0,0.8786240786240787
tfinance,hgb_graph_features,exposure_80,severe,pooled_stratum,7,0.008888888888888889,0.00024630541871921186,0.18,0.02,10659.92,3063.3402201603394,7.0012002682521235,139.8139011673198,1.0,0.8847290640394089
tfinance,hgb_graph_features,exposure_80,severe,pooled_stratum,8,0.0,0.0,0.0,0.0,10656.56,3058.3278850935294,7.001133840401426,139.81258382326297,1.0,0.8831683168316832
tfinance,hgb_graph_features,exposure_80,severe,pooled_stratum,9,0.06258041958041959,0.007647058823529412,3.84,0.34,10650.34,3041.517795690383,6.994984200346032,139.6899918204568,1.0,0.8872549019607844
tfinance,hgb_graph_features,exposure_80,severe,size_alpha,0,0.042825540472599295,0.006237623762376238,3.04,0.26,10649.36,3009.7016943600674,6.970612839471196,139.20400416785404,1.0,0.8826732673267327
tfinance,hgb_graph_features,exposure_80,severe,size_alpha,1,0.0044444444444444444,0.0007920792079207921,0.36,0.04,10674.08,3036.058143882892,6.970433729263817,139.2004280900081,1.0,0.8886138613861386
tfinance,hgb_graph_features,exposure_80,severe,size_alpha,2,0.03441558441558441,0.0024019607843137254,1.38,0.12,10662.46,3059.692706070604,6.99504877343956,139.6912305027877,1.0,0.8745098039215686
tfinance,hgb_graph_features,exposure_80,severe,size_alpha,3,0.020384615384615383,0.0012437810945273632,0.76,0.06,10619.44,3071.940099365809,7.044875906674661,140.6848063188918,1.0,0.8796019900497513
tfinance,hgb_graph_features,exposure_80,severe,size_alpha,4,0.08481635358105946,0.023497536945812806,10.9,0.72,10649.36,2992.5683332059816,6.958797379255733,138.96840147510628,1.0,0.8630541871921181
tfinance,hgb_graph_features,exposure_80,severe,size_alpha,5,0.05002650943827414,0.0031604938271604936,2.04,0.14,10647.92,3041.564617280667,6.997863079230316,139.74738537217044,1.0,0.8958024691358024
tfinance,hgb_graph_features,exposure_80,severe,size_alpha,6,0.0697062937062937,0.003931203931203931,2.34,0.22,10655.84,3035.632385448951,6.984697356807244,139.48485244974825,1.0,0.8786240786240787
tfinance,hgb_graph_features,exposure_80,severe,size_alpha,7,0.008888888888888889,0.00024630541871921186,0.18,0.02,10659.92,3063.3402201603394,7.0012002682521235,139.8139011673198,1.0,0.8847290640394089
tfinance,hgb_graph_features,exposure_80,severe,size_alpha,8,0.0,0.0,0.0,0.0,10656.56,3058.3278850935294,7.001133840401426,139.81258382326297,1.0,0.8831683168316832
tfinance,hgb_graph_features,exposure_80,severe,size_alpha,9,0.06258041958041959,0.007647058823529412,3.84,0.34,10650.34,3041.517795690383,6.994984200346032,139.6899918204568,1.0,0.8872549019607844
tfinance,hgb_graph_features,exposure_80,severe,wcs_deterministic,0,0.0,0.0,0.0,0.0,10649.36,3009.7016943600674,6.970612839471196,139.20400416785404,1.0,0.8826732673267327
tfinance,hgb_graph_features,exposure_80,severe,wcs_deterministic,1,0.0015561959654178676,0.015841584158415842,6.94,0.02,10674.08,3036.058143882892,6.970433729263817,139.2004280900081,1.0,0.8886138613861386
tfinance,hgb_graph_features,exposure_80,severe,wcs_deterministic,2,0.006646171243236993,0.06215686274509804,27.68,0.08,10662.46,3059.692706070604,6.99504877343956,139.6912305027877,1.0,0.8745098039215686
tfinance,hgb_graph_features,exposure_80,severe,wcs_deterministic,3,0.007929385532259078,0.06701492537313433,29.98,0.1,10619.44,3071.940099365809,7.044875906674661,140.6848063188918,1.0,0.8796019900497513
tfinance,hgb_graph_features,exposure_80,severe,wcs_deterministic,4,0.004058118593735032,0.06098522167487685,26.14,0.08,10649.36,2992.5683332059816,6.958797379255733,138.96840147510628,1.0,0.8630541871921181
tfinance,hgb_graph_features,exposure_80,severe,wcs_deterministic,5,0.0006756756756756757,0.014123456790123456,5.92,0.02,10647.92,3041.564617280667,6.997863079230316,139.74738537217044,1.0,0.8958024691358024
tfinance,hgb_graph_features,exposure_80,severe,wcs_deterministic,6,0.0007920792079207921,0.03253071253071253,13.48,0.06,10655.84,3035.632385448951,6.984697356807244,139.48485244974825,1.0,0.8786240786240787
tfinance,hgb_graph_features,exposure_80,severe,wcs_deterministic,7,0.0022826086956521737,0.01605911330049261,7.36,0.02,10659.92,3063.3402201603394,7.0012002682521235,139.8139011673198,1.0,0.8847290640394089
tfinance,hgb_graph_features,exposure_80,severe,wcs_deterministic,8,0.008226373414398884,0.07851485148514852,34.68,0.1,10656.56,3058.3278850935294,7.001133840401426,139.81258382326297,1.0,0.8831683168316832
tfinance,hgb_graph_features,exposure_80,severe,wcs_deterministic,9,0.008163496881287481,0.07995098039215687,35.7,0.1,10650.34,3041.517795690383,6.994984200346032,139.6899918204568,1.0,0.8872549019607844
tfinance,hgb_graph_features,exposure_80,severe,wcs_homogeneous,0,0.07751849103623612,0.752029702970297,330.5,1.0,10649.36,3009.7016943600674,6.970612839471196,139.20400416785404,1.0,0.8826732673267327
tfinance,hgb_graph_features,exposure_80,severe,wcs_homogeneous,1,0.07281436647613962,0.7207425742574257,316.94,0.96,10674.08,3036.058143882892,6.970433729263817,139.2004280900081,1.0,0.8886138613861386
tfinance,hgb_graph_features,exposure_80,severe,wcs_homogeneous,2,0.08423589861577258,0.721078431372549,323.7,0.98,10662.46,3059.692706070604,6.99504877343956,139.6912305027877,1.0,0.8745098039215686
tfinance,hgb_graph_features,exposure_80,severe,wcs_homogeneous,3,0.09040617770413889,0.7123383084577114,319.48,0.96,10619.44,3071.940099365809,7.044875906674661,140.6848063188918,1.0,0.8796019900497513
tfinance,hgb_graph_features,exposure_80,severe,wcs_homogeneous,4,0.08252399668789773,0.7120197044334975,318.08,0.94,10649.36,2992.5683332059816,6.958797379255733,138.96840147510628,1.0,0.8630541871921181
tfinance,hgb_graph_features,exposure_80,severe,wcs_homogeneous,5,0.09009981003841581,0.7390617283950617,331.62,0.98,10647.92,3041.564617280667,6.997863079230316,139.74738537217044,1.0,0.8958024691358024
tfinance,hgb_graph_features,exposure_80,severe,wcs_homogeneous,6,0.0846856413132877,0.7256019656019655,325.32,0.98,10655.84,3035.632385448951,6.984697356807244,139.48485244974825,1.0,0.8786240786240787
tfinance,hgb_graph_features,exposure_80,severe,wcs_homogeneous,7,0.07679527988447701,0.7098029556650246,314.7,0.98,10659.92,3063.3402201603394,7.0012002682521235,139.8139011673198,1.0,0.8847290640394089
tfinance,hgb_graph_features,exposure_80,severe,wcs_homogeneous,8,0.09421823407336148,0.7594059405940594,342.0,0.96,10656.56,3058.3278850935294,7.001133840401426,139.81258382326297,1.0,0.8831683168316832
tfinance,hgb_graph_features,exposure_80,severe,wcs_homogeneous,9,0.09387712265491238,0.7451470588235294,339.24,0.96,10650.34,3041.517795690383,6.994984200346032,139.6899918204568,1.0,0.8872549019607844
tfinance,hgb_graph_features,exposure_80,severe,wcs_rand_deterministic,0,0.009992179531995408,0.13603960396039605,58.32,0.18,10649.36,3009.7016943600674,6.970612839471196,139.20400416785404,1.0,0.8826732673267327
tfinance,hgb_graph_features,exposure_80,severe,wcs_rand_deterministic,1,0.005925449877306073,0.06202970297029703,27.1,0.08,10674.08,3036.058143882892,6.970433729263817,139.2004280900081,1.0,0.8886138613861386
tfinance,hgb_graph_features,exposure_80,severe,wcs_rand_deterministic,2,0.013261168155463665,0.12480392156862745,55.66,0.16,10662.46,3059.692706070604,6.99504877343956,139.6912305027877,1.0,0.8745098039215686
tfinance,hgb_graph_features,exposure_80,severe,wcs_rand_deterministic,3,0.019321681952353592,0.1744776119402985,77.14,0.24,10619.44,3071.940099365809,7.044875906674661,140.6848063188918,1.0,0.8796019900497513
tfinance,hgb_graph_features,exposure_80,severe,wcs_rand_deterministic,4,0.012693767801425037,0.13763546798029558,60.36,0.18,10649.36,2992.5683332059816,6.958797379255733,138.96840147510628,1.0,0.8630541871921181
tfinance,hgb_graph_features,exposure_80,severe,wcs_rand_deterministic,5,0.004600986816617648,0.07101234567901234,30.28,0.1,10647.92,3041.564617280667,6.997863079230316,139.74738537217044,1.0,0.8958024691358024
tfinance,hgb_graph_features,exposure_80,severe,wcs_rand_deterministic,6,0.006650947365738864,0.07911547911547911,34.64,0.12,10655.84,3035.632385448951,6.984697356807244,139.48485244974825,1.0,0.8786240786240787
tfinance,hgb_graph_features,exposure_80,severe,wcs_rand_deterministic,7,0.010826814091650504,0.10512315270935961,46.58,0.14,10659.92,3063.3402201603394,7.0012002682521235,139.8139011673198,1.0,0.8847290640394089
tfinance,hgb_graph_features,exposure_80,severe,wcs_rand_deterministic,8,0.015113856523162076,0.1702970297029703,74.12,0.22,10656.56,3058.3278850935294,7.001133840401426,139.81258382326297,1.0,0.8831683168316832
tfinance,hgb_graph_features,exposure_80,severe,wcs_rand_deterministic,9,0.011379234586205515,0.11044117647058822,49.3,0.14,10650.34,3041.517795690383,6.994984200346032,139.6899918204568,1.0,0.8872549019607844
tfinance,hgb_graph_features,exposure_80,severe,wcs_rand_homogeneous,0,0.08895644748524152,0.7744059405940594,344.4,1.0,10649.36,3009.7016943600674,6.970612839471196,139.20400416785404,1.0,0.8826732673267327
tfinance,hgb_graph_features,exposure_80,severe,wcs_rand_homogeneous,1,0.08799672265103861,0.7612376237623762,339.54,0.98,10674.08,3036.058143882892,6.970433729263817,139.2004280900081,1.0,0.8886138613861386
tfinance,hgb_graph_features,exposure_80,severe,wcs_rand_homogeneous,2,0.09553130056298727,0.761078431372549,344.88,1.0,10662.46,3059.692706070604,6.99504877343956,139.6912305027877,1.0,0.8745098039215686
tfinance,hgb_graph_features,exposure_80,severe,wcs_rand_homogeneous,3,0.10835290674503927,0.7664676616915423,348.56,1.0,10619.44,3071.940099365809,7.044875906674661,140.6848063188918,1.0,0.8796019900497513
tfinance,hgb_graph_features,exposure_80,severe,wcs_rand_homogeneous,4,0.10131406090327762,0.7466009852216748,340.08,0.96,10649.36,2992.5683332059816,6.958797379255733,138.96840147510628,1.0,0.8630541871921181
tfinance,hgb_graph_features,exposure_80,severe,wcs_rand_homogeneous,5,0.10268890068290741,0.7817283950617283,354.72,1.0,10647.92,3041.564617280667,6.997863079230316,139.74738537217044,1.0,0.8958024691358024
tfinance,hgb_graph_features,exposure_80,severe,wcs_rand_homogeneous,6,0.09922548273787933,0.7612776412776412,346.08,1.0,10655.84,3035.632385448951,6.984697356807244,139.48485244974825,1.0,0.8786240786240787
tfinance,hgb_graph_features,exposure_80,severe,wcs_rand_homogeneous,7,0.08727900355804097,0.7494581280788178,335.54,1.0,10659.92,3063.3402201603394,7.0012002682521235,139.8139011673198,1.0,0.8847290640394089
tfinance,hgb_graph_features,exposure_80,severe,wcs_rand_homogeneous,8,0.10327719892535102,0.7835148514851485,355.9,0.98,10656.56,3058.3278850935294,7.001133840401426,139.81258382326297,1.0,0.8831683168316832
tfinance,hgb_graph_features,exposure_80,severe,wcs_rand_homogeneous,9,0.10456685454312092,0.7719117647058823,354.98,0.98,10650.34,3041.517795690383,6.994984200346032,139.6899918204568,1.0,0.8872549019607844
tfinance,hgb_graph_features,exposure_80,severe,weighted_bh,0,0.07843732782418113,0.7589108910891089,333.76,1.0,10649.36,3009.7016943600674,6.970612839471196,139.20400416785404,1.0,0.8826732673267327
tfinance,hgb_graph_features,exposure_80,severe,weighted_bh,1,0.07772161958262658,0.7643564356435644,336.36,1.0,10674.08,3036.058143882892,6.970433729263817,139.2004280900081,1.0,0.8886138613861386
tfinance,hgb_graph_features,exposure_80,severe,weighted_bh,2,0.08831001173552615,0.7480882352941177,336.24,1.0,10662.46,3059.692706070604,6.99504877343956,139.6912305027877,1.0,0.8745098039215686
tfinance,hgb_graph_features,exposure_80,severe,weighted_bh,3,0.09534033475628444,0.7579601990049751,339.66,1.0,10619.44,3071.940099365809,7.044875906674661,140.6848063188918,1.0,0.8796019900497513
tfinance,hgb_graph_features,exposure_80,severe,weighted_bh,4,0.09015753253103716,0.7626600985221675,341.52,1.0,10649.36,2992.5683332059816,6.958797379255733,138.96840147510628,1.0,0.8630541871921181
tfinance,hgb_graph_features,exposure_80,severe,weighted_bh,5,0.09149002660439567,0.7678518518518519,344.1,1.0,10647.92,3041.564617280667,6.997863079230316,139.74738537217044,1.0,0.8958024691358024
tfinance,hgb_graph_features,exposure_80,severe,weighted_bh,6,0.08746981579510008,0.7489434889434889,336.16,1.0,10655.84,3035.632385448951,6.984697356807244,139.48485244974825,1.0,0.8786240786240787
tfinance,hgb_graph_features,exposure_80,severe,weighted_bh,7,0.07900752788713378,0.7321182266009852,324.6,1.0,10659.92,3063.3402201603394,7.0012002682521235,139.8139011673198,1.0,0.8847290640394089
tfinance,hgb_graph_features,exposure_80,severe,weighted_bh,8,0.09793915348898274,0.7941584158415842,357.7,1.0,10656.56,3058.3278850935294,7.001133840401426,139.81258382326297,1.0,0.8831683168316832
tfinance,hgb_graph_features,exposure_80,severe,weighted_bh,9,0.09895827812901815,0.7820098039215686,356.64,1.0,10650.34,3041.517795690383,6.994984200346032,139.6899918204568,1.0,0.8872549019607844
tfinance,hgb_graph_features,exposure_80,severe,weighted_bh_rand,0,0.08875759854845831,0.7782178217821781,346.02,1.0,10649.36,3009.7016943600674,6.970612839471196,139.20400416785404,1.0,0.8826732673267327
tfinance,hgb_graph_features,exposure_80,severe,weighted_bh_rand,1,0.09063403124876036,0.7834653465346534,349.64,1.0,10674.08,3036.058143882892,6.970433729263817,139.2004280900081,1.0,0.8886138613861386
tfinance,hgb_graph_features,exposure_80,severe,weighted_bh_rand,2,0.09749225155778843,0.7732843137254902,350.7,1.0,10662.46,3059.692706070604,6.99504877343956,139.6912305027877,1.0,0.8745098039215686
tfinance,hgb_graph_features,exposure_80,severe,weighted_bh_rand,3,0.10894224567200411,0.7754228855721393,352.46,1.0,10619.44,3071.940099365809,7.044875906674661,140.6848063188918,1.0,0.8796019900497513
tfinance,hgb_graph_features,exposure_80,severe,weighted_bh_rand,4,0.10759514824306825,0.7811822660098522,356.7,1.0,10649.36,2992.5683332059816,6.958797379255733,138.96840147510628,1.0,0.8630541871921181
tfinance,hgb_graph_features,exposure_80,severe,weighted_bh_rand,5,0.10232859246216369,0.7869135802469135,356.9,1.0,10647.92,3041.564617280667,6.997863079230316,139.74738537217044,1.0,0.8958024691358024
tfinance,hgb_graph_features,exposure_80,severe,weighted_bh_rand,6,0.098719516314846,0.7641277641277641,347.24,1.0,10655.84,3035.632385448951,6.984697356807244,139.48485244974825,1.0,0.8786240786240787
tfinance,hgb_graph_features,exposure_80,severe,weighted_bh_rand,7,0.0891905582768745,0.7611330049261084,341.0,1.0,10659.92,3063.3402201603394,7.0012002682521235,139.8139011673198,1.0,0.8847290640394089
tfinance,hgb_graph_features,exposure_80,severe,weighted_bh_rand,8,0.10592288467282181,0.801930693069307,364.64,1.0,10656.56,3058.3278850935294,7.001133840401426,139.81258382326297,1.0,0.8831683168316832
tfinance,hgb_graph_features,exposure_80,severe,weighted_bh_rand,9,0.10610297509552677,0.7901960784313725,363.4,1.0,10650.34,3041.517795690383,6.994984200346032,139.6899918204568,1.0,0.8872549019607844
tfinance,hgb_graph_features,exposure_80,severe,weighted_by,0,0.0,0.0,0.0,0.0,10649.36,3009.7016943600674,6.970612839471196,139.20400416785404,1.0,0.8826732673267327
tfinance,hgb_graph_features,exposure_80,severe,weighted_by,1,0.0,0.0,0.0,0.0,10674.08,3036.058143882892,6.970433729263817,139.2004280900081,1.0,0.8886138613861386
tfinance,hgb_graph_features,exposure_80,severe,weighted_by,2,0.0,0.0,0.0,0.0,10662.46,3059.692706070604,6.99504877343956,139.6912305027877,1.0,0.8745098039215686
tfinance,hgb_graph_features,exposure_80,severe,weighted_by,3,0.0,0.0,0.0,0.0,10619.44,3071.940099365809,7.044875906674661,140.6848063188918,1.0,0.8796019900497513
tfinance,hgb_graph_features,exposure_80,severe,weighted_by,4,0.0,0.0,0.0,0.0,10649.36,2992.5683332059816,6.958797379255733,138.96840147510628,1.0,0.8630541871921181
tfinance,hgb_graph_features,exposure_80,severe,weighted_by,5,0.0,0.0,0.0,0.0,10647.92,3041.564617280667,6.997863079230316,139.74738537217044,1.0,0.8958024691358024
tfinance,hgb_graph_features,exposure_80,severe,weighted_by,6,0.0,0.0,0.0,0.0,10655.84,3035.632385448951,6.984697356807244,139.48485244974825,1.0,0.8786240786240787
tfinance,hgb_graph_features,exposure_80,severe,weighted_by,7,0.0,0.0,0.0,0.0,10659.92,3063.3402201603394,7.0012002682521235,139.8139011673198,1.0,0.8847290640394089
tfinance,hgb_graph_features,exposure_80,severe,weighted_by,8,0.0,0.0,0.0,0.0,10656.56,3058.3278850935294,7.001133840401426,139.81258382326297,1.0,0.8831683168316832
tfinance,hgb_graph_features,exposure_80,severe,weighted_by,9,0.0,0.0,0.0,0.0,10650.34,3041.517795690383,6.994984200346032,139.6899918204568,1.0,0.8872549019607844
tfinance,hgb_graph_features,zero_exposure,moderate,equal_alpha,0,0.034195845134781334,0.7106435643564356,297.72,1.0,8827.56,5032.163090273796,6.977096767556094,34.87449143804897,1.0,0.899009900990099
tfinance,hgb_graph_features,zero_exposure,moderate,equal_alpha,1,0.038727255469740623,0.7296039603960396,307.0,1.0,8617.94,4871.595288401488,6.971860008788357,34.84832293144515,1.0,0.9084158415841584
tfinance,hgb_graph_features,zero_exposure,moderate,equal_alpha,2,0.043899894669132807,0.7230392156862745,309.04,1.0,8981.82,5162.46086271646,6.995085964072164,34.964379898809014,1.0,0.8946078431372548
tfinance,hgb_graph_features,zero_exposure,moderate,equal_alpha,3,0.03856607814624142,0.7108955223880596,297.8,1.0,8555.4,4830.786827434832,6.996242563542699,34.97015937766726,1.0,0.9059701492537313
tfinance,hgb_graph_features,zero_exposure,moderate,equal_alpha,4,0.043748516811816,0.6999014778325123,297.6,1.0,8638.3,4888.548036369333,6.980782353370707,34.89290707003676,1.0,0.8876847290640394
tfinance,hgb_graph_features,zero_exposure,moderate,equal_alpha,5,0.03419920907631279,0.7387160493827161,310.1,1.0,8588.02,4854.939273453693,6.996806841539265,34.97297859895456,1.0,0.9249382716049382
tfinance,hgb_graph_features,zero_exposure,moderate,equal_alpha,6,0.041668382989165934,0.7217690417690418,306.92,1.0,8194.74,4579.338257361864,6.973269706858644,34.85536719437652,1.0,0.9031941031941032
tfinance,hgb_graph_features,zero_exposure,moderate,equal_alpha,7,0.036482681733863015,0.7155665024630542,302.04,1.0,8456.08,4753.170075084069,6.959298594790404,34.78555583588068,1.0,0.9054187192118226
tfinance,hgb_graph_features,zero_exposure,moderate,equal_alpha,8,0.04702119101081994,0.7550990099009901,320.6,1.0,8380.48,4706.175305547269,6.9916628770722955,34.94727457226689,1.0,0.9143564356435644
tfinance,hgb_graph_features,zero_exposure,moderate,equal_alpha,9,0.041587691391188966,0.7143627450980392,304.56,1.0,8931.16,5119.433796779763,6.990623126478203,34.9420804350435,1.0,0.9063725490196077
tfinance,hgb_graph_features,zero_exposure,moderate,pooled_reference,0,0.10895540083464268,0.7949009900990098,360.76,1.0,8827.56,5032.163090273796,6.977096767556094,34.87449143804897,1.0,0.899009900990099
tfinance,hgb_graph_features,zero_exposure,moderate,pooled_reference,1,0.14054184562683603,0.8210891089108912,386.46,1.0,8617.94,4871.595288401488,6.971860008788357,34.84832293144515,1.0,0.9084158415841584
tfinance,hgb_graph_features,zero_exposure,moderate,pooled_reference,2,0.11289259158447691,0.7884803921568627,362.88,1.0,8981.82,5162.46086271646,6.995085964072164,34.964379898809014,1.0,0.8946078431372548
tfinance,hgb_graph_features,zero_exposure,moderate,pooled_reference,3,0.1494487831422438,0.8100995024875621,383.36,1.0,8555.4,4830.786827434832,6.996242563542699,34.97015937766726,1.0,0.9059701492537313
tfinance,hgb_graph_features,zero_exposure,moderate,pooled_reference,4,0.14814844344556422,0.8140886699507389,388.22,1.0,8638.3,4888.548036369333,6.980782353370707,34.89290707003676,1.0,0.8876847290640394
tfinance,hgb_graph_features,zero_exposure,moderate,pooled_reference,5,0.12266126394265706,0.8133333333333332,375.9,1.0,8588.02,4854.939273453693,6.996806841539265,34.97297859895456,1.0,0.9249382716049382
tfinance,hgb_graph_features,zero_exposure,moderate,pooled_reference,6,0.1188595858776753,0.7929729729729729,366.78,1.0,8194.74,4579.338257361864,6.973269706858644,34.85536719437652,1.0,0.9031941031941032
tfinance,hgb_graph_features,zero_exposure,moderate,pooled_reference,7,0.10786098484486564,0.7921182266009852,360.74,1.0,8456.08,4753.170075084069,6.959298594790404,34.78555583588068,1.0,0.9054187192118226
tfinance,hgb_graph_features,zero_exposure,moderate,pooled_reference,8,0.14518961397743943,0.8348019801980198,394.86,1.0,8380.48,4706.175305547269,6.9916628770722955,34.94727457226689,1.0,0.9143564356435644
tfinance,hgb_graph_features,zero_exposure,moderate,pooled_reference,9,0.14243703618737025,0.8204901960784313,391.02,1.0,8931.16,5119.433796779763,6.990623126478203,34.9420804350435,1.0,0.9063725490196077
tfinance,hgb_graph_features,zero_exposure,moderate,pooled_stratum,0,0.0866856460992541,0.7492079207920793,331.96,1.0,8827.56,5032.163090273796,6.977096767556094,34.87449143804897,1.0,0.899009900990099
tfinance,hgb_graph_features,zero_exposure,moderate,pooled_stratum,1,0.09462707343335759,0.7673762376237625,342.9,1.0,8617.94,4871.595288401488,6.971860008788357,34.84832293144515,1.0,0.9084158415841584
tfinance,hgb_graph_features,zero_exposure,moderate,pooled_stratum,2,0.09477347449318438,0.7557352941176471,341.0,1.0,8981.82,5162.46086271646,6.995085964072164,34.964379898809014,1.0,0.8946078431372548
tfinance,hgb_graph_features,zero_exposure,moderate,pooled_stratum,3,0.10048169048904225,0.7405472636815921,331.6,1.0,8555.4,4830.786827434832,6.996242563542699,34.97015937766726,1.0,0.9059701492537313
tfinance,hgb_graph_features,zero_exposure,moderate,pooled_stratum,4,0.09592224129102708,0.754334975369458,339.12,1.0,8638.3,4888.548036369333,6.980782353370707,34.89290707003676,1.0,0.8876847290640394
tfinance,hgb_graph_features,zero_exposure,moderate,pooled_stratum,5,0.09136621986338633,0.7597037037037038,339.34,1.0,8588.02,4854.939273453693,6.996806841539265,34.97297859895456,1.0,0.9249382716049382
tfinance,hgb_graph_features,zero_exposure,moderate,pooled_stratum,6,0.08986603352789606,0.7541523341523342,337.78,1.0,8194.74,4579.338257361864,6.973269706858644,34.85536719437652,1.0,0.9031941031941032
tfinance,hgb_graph_features,zero_exposure,moderate,pooled_stratum,7,0.09328689438105835,0.7539408866995073,338.16,1.0,8456.08,4753.170075084069,6.959298594790404,34.78555583588068,1.0,0.9054187192118226
tfinance,hgb_graph_features,zero_exposure,moderate,pooled_stratum,8,0.10220029557398483,0.7824257425742575,352.76,1.0,8380.48,4706.175305547269,6.9916628770722955,34.94727457226689,1.0,0.9143564356435644
tfinance,hgb_graph_features,zero_exposure,moderate,pooled_stratum,9,0.09940862451247319,0.7434803921568627,337.74,1.0,8931.16,5119.433796779763,6.990623126478203,34.9420804350435,1.0,0.9063725490196077
tfinance,hgb_graph_features,zero_exposure,moderate,size_alpha,0,0.026789206448492257,0.6925742574257425,287.92,1.0,8827.56,5032.163090273796,6.977096767556094,34.87449143804897,1.0,0.899009900990099
tfinance,hgb_graph_features,zero_exposure,moderate,size_alpha,1,0.029155062046637793,0.7143564356435644,297.5,1.0,8617.94,4871.595288401488,6.971860008788357,34.84832293144515,1.0,0.9084158415841584
tfinance,hgb_graph_features,zero_exposure,moderate,size_alpha,2,0.03554825518934714,0.7119607843137256,301.56,1.0,8981.82,5162.46086271646,6.995085964072164,34.964379898809014,1.0,0.8946078431372548
tfinance,hgb_graph_features,zero_exposure,moderate,size_alpha,3,0.03175211381022996,0.6971641791044776,289.98,1.0,8555.4,4830.786827434832,6.996242563542699,34.97015937766726,1.0,0.9059701492537313
tfinance,hgb_graph_features,zero_exposure,moderate,size_alpha,4,0.03615526536326294,0.7032512315270937,296.52,1.0,8638.3,4888.548036369333,6.980782353370707,34.89290707003676,1.0,0.8876847290640394
tfinance,hgb_graph_features,zero_exposure,moderate,size_alpha,5,0.024691122691623688,0.7204444444444446,299.38,1.0,8588.02,4854.939273453693,6.996806841539265,34.97297859895456,1.0,0.9249382716049382
tfinance,hgb_graph_features,zero_exposure,moderate,size_alpha,6,0.037312100475355374,0.7137100737100737,302.22,1.0,8194.74,4579.338257361864,6.973269706858644,34.85536719437652,1.0,0.9031941031941032
tfinance,hgb_graph_features,zero_exposure,moderate,size_alpha,7,0.02682217881330736,0.6982266009852216,291.74,1.0,8456.08,4753.170075084069,6.959298594790404,34.78555583588068,1.0,0.9054187192118226
tfinance,hgb_graph_features,zero_exposure,moderate,size_alpha,8,0.04156831878003204,0.7425742574257426,313.62,1.0,8380.48,4706.175305547269,6.9916628770722955,34.94727457226689,1.0,0.9143564356435644
tfinance,hgb_graph_features,zero_exposure,moderate,size_alpha,9,0.031582277863416594,0.6946568627450981,293.02,1.0,8931.16,5119.433796779763,6.990623126478203,34.9420804350435,1.0,0.9063725490196077
tfinance,hgb_graph_features,zero_exposure,moderate,wcs_deterministic,0,0.03913473439787996,0.32851485148514853,146.54,0.42,8827.56,5032.163090273796,6.977096767556094,34.87449143804897,1.0,0.899009900990099
tfinance,hgb_graph_features,zero_exposure,moderate,wcs_deterministic,1,0.018825248387000018,0.17495049504950497,77.34,0.22,8617.94,4871.595288401488,6.971860008788357,34.84832293144515,1.0,0.9084158415841584
tfinance,hgb_graph_features,zero_exposure,moderate,wcs_deterministic,2,0.021570906562747186,0.18774509803921569,84.26,0.24,8981.82,5162.46086271646,6.995085964072164,34.964379898809014,1.0,0.8946078431372548
tfinance,hgb_graph_features,zero_exposure,moderate,wcs_deterministic,3,0.023971824282172836,0.15791044776119403,72.3,0.2,8555.4,4830.786827434832,6.996242563542699,34.97015937766726,1.0,0.9059701492537313
tfinance,hgb_graph_features,zero_exposure,moderate,wcs_deterministic,4,0.028343166498736833,0.20630541871921182,94.1,0.26,8638.3,4888.548036369333,6.980782353370707,34.89290707003676,1.0,0.8876847290640394
tfinance,hgb_graph_features,zero_exposure,moderate,wcs_deterministic,5,0.015563054170674703,0.1422716049382716,63.14,0.18,8588.02,4854.939273453693,6.996806841539265,34.97297859895456,1.0,0.9249382716049382
tfinance,hgb_graph_features,zero_exposure,moderate,wcs_deterministic,6,0.028364055344922527,0.2191154791154791,99.34,0.28,8194.74,4579.338257361864,6.973269706858644,34.85536719437652,1.0,0.9031941031941032
tfinance,hgb_graph_features,zero_exposure,moderate,wcs_deterministic,7,0.021718266466315,0.1716256157635468,77.4,0.22,8456.08,4753.170075084069,6.959298594790404,34.78555583588068,1.0,0.9054187192118226
tfinance,hgb_graph_features,zero_exposure,moderate,wcs_deterministic,8,0.026378254230506243,0.21094059405940593,94.98,0.26,8380.48,4706.175305547269,6.9916628770722955,34.94727457226689,1.0,0.9143564356435644
tfinance,hgb_graph_features,zero_exposure,moderate,wcs_deterministic,9,0.03755201214560044,0.2758333333333334,126.76,0.34,8931.16,5119.433796779763,6.990623126478203,34.9420804350435,1.0,0.9063725490196077
tfinance,hgb_graph_features,zero_exposure,moderate,wcs_homogeneous,0,0.08702490951305565,0.7680693069306931,341.04,0.98,8827.56,5032.163090273796,6.977096767556094,34.87449143804897,1.0,0.899009900990099
tfinance,hgb_graph_features,zero_exposure,moderate,wcs_homogeneous,1,0.09239826260594111,0.7951485148514851,354.3,1.0,8617.94,4871.595288401488,6.971860008788357,34.84832293144515,1.0,0.9084158415841584
tfinance,hgb_graph_features,zero_exposure,moderate,wcs_homogeneous,2,0.09352451484332996,0.7595098039215686,342.98,0.98,8981.82,5162.46086271646,6.995085964072164,34.964379898809014,1.0,0.8946078431372548
tfinance,hgb_graph_features,zero_exposure,moderate,wcs_homogeneous,3,0.09532634438488807,0.7598009950248756,339.3,0.98,8555.4,4830.786827434832,6.996242563542699,34.97015937766726,1.0,0.9059701492537313
tfinance,hgb_graph_features,zero_exposure,moderate,wcs_homogeneous,4,0.10302393868353006,0.7679310344827586,348.84,0.98,8638.3,4888.548036369333,6.980782353370707,34.89290707003676,1.0,0.8876847290640394
tfinance,hgb_graph_features,zero_exposure,moderate,wcs_homogeneous,5,0.09364768209411499,0.7942716049382716,355.4,1.0,8588.02,4854.939273453693,6.996806841539265,34.97297859895456,1.0,0.9249382716049382
tfinance,hgb_graph_features,zero_exposure,moderate,wcs_homogeneous,6,0.0900353298759787,0.7691400491400492,344.6,1.0,8194.74,4579.338257361864,6.973269706858644,34.85536719437652,1.0,0.9031941031941032
tfinance,hgb_graph_features,zero_exposure,moderate,wcs_homogeneous,7,0.09093201813236428,0.7753694581280789,346.84,1.0,8456.08,4753.170075084069,6.959298594790404,34.78555583588068,1.0,0.9054187192118226
tfinance,hgb_graph_features,zero_exposure,moderate,wcs_homogeneous,8,0.10269918448514964,0.8083168316831683,364.64,1.0,8380.48,4706.175305547269,6.9916628770722955,34.94727457226689,1.0,0.9143564356435644
tfinance,hgb_graph_features,zero_exposure,moderate,wcs_homogeneous,9,0.09833795505824129,0.7943627450980393,360.52,1.0,8931.16,5119.433796779763,6.990623126478203,34.9420804350435,1.0,0.9063725490196077
tfinance,hgb_graph_features,zero_exposure,moderate,wcs_rand_deterministic,0,0.05544112092029854,0.4703465346534654,209.62,0.6,8827.56,5032.163090273796,6.977096767556094,34.87449143804897,1.0,0.899009900990099
tfinance,hgb_graph_features,zero_exposure,moderate,wcs_rand_deterministic,1,0.03584246933850727,0.317970297029703,141.18,0.4,8617.94,4871.595288401488,6.971860008788357,34.84832293144515,1.0,0.9084158415841584
tfinance,hgb_graph_features,zero_exposure,moderate,wcs_rand_deterministic,2,0.03401595526117557,0.2959803921568627,132.78,0.38,8981.82,5162.46086271646,6.995085964072164,34.964379898809014,1.0,0.8946078431372548
tfinance,hgb_graph_features,zero_exposure,moderate,wcs_rand_deterministic,3,0.03531544164230496,0.23656716417910448,108.16,0.3,8555.4,4830.786827434832,6.996242563542699,34.97015937766726,1.0,0.9059701492537313
tfinance,hgb_graph_features,zero_exposure,moderate,wcs_rand_deterministic,4,0.05022308917503716,0.3487684729064039,160.04,0.44,8638.3,4888.548036369333,6.980782353370707,34.89290707003676,1.0,0.8876847290640394
tfinance,hgb_graph_features,zero_exposure,moderate,wcs_rand_deterministic,5,0.03779161141092911,0.33279012345679015,148.32,0.42,8588.02,4854.939273453693,6.996806841539265,34.97297859895456,1.0,0.9249382716049382
tfinance,hgb_graph_features,zero_exposure,moderate,wcs_rand_deterministic,6,0.05002131531984524,0.3898771498771499,176.6,0.5,8194.74,4579.338257361864,6.973269706858644,34.85536719437652,1.0,0.9031941031941032
tfinance,hgb_graph_features,zero_exposure,moderate,wcs_rand_deterministic,7,0.043420466986483434,0.35901477832512313,161.14,0.46,8456.08,4753.170075084069,6.959298594790404,34.78555583588068,1.0,0.9054187192118226
tfinance,hgb_graph_features,zero_exposure,moderate,wcs_rand_deterministic,8,0.041274209545371816,0.3246039603960396,146.46,0.4,8380.48,4706.175305547269,6.9916628770722955,34.94727457226689,1.0,0.9143564356435644
tfinance,hgb_graph_features,zero_exposure,moderate,wcs_rand_deterministic,9,0.0536212774110711,0.4198529411764706,191.42,0.52,8931.16,5119.433796779763,6.990623126478203,34.9420804350435,1.0,0.9063725490196077
tfinance,hgb_graph_features,zero_exposure,moderate,wcs_rand_homogeneous,0,0.0908834388930264,0.7854950495049505,349.58,1.0,8827.56,5032.163090273796,6.977096767556094,34.87449143804897,1.0,0.899009900990099
tfinance,hgb_graph_features,zero_exposure,moderate,wcs_rand_homogeneous,1,0.0955326468435762,0.7973762376237624,356.52,1.0,8617.94,4871.595288401488,6.971860008788357,34.84832293144515,1.0,0.9084158415841584
tfinance,hgb_graph_features,zero_exposure,moderate,wcs_rand_homogeneous,2,0.0955402112984249,0.7615196078431373,344.72,0.98,8981.82,5162.46086271646,6.995085964072164,34.964379898809014,1.0,0.8946078431372548
tfinance,hgb_graph_features,zero_exposure,moderate,wcs_rand_homogeneous,3,0.09883725599653789,0.7623880597014926,341.8,0.98,8555.4,4830.786827434832,6.996242563542699,34.97015937766726,1.0,0.9059701492537313
tfinance,hgb_graph_features,zero_exposure,moderate,wcs_rand_homogeneous,4,0.10863320543671078,0.7874384236453201,359.08,1.0,8638.3,4888.548036369333,6.980782353370707,34.89290707003676,1.0,0.8876847290640394
tfinance,hgb_graph_features,zero_exposure,moderate,wcs_rand_homogeneous,5,0.09693766171858068,0.7973827160493827,358.12,1.0,8588.02,4854.939273453693,6.996806841539265,34.97297859895456,1.0,0.9249382716049382
tfinance,hgb_graph_features,zero_exposure,moderate,wcs_rand_homogeneous,6,0.09331879123998496,0.7724324324324324,347.28,1.0,8194.74,4579.338257361864,6.973269706858644,34.85536719437652,1.0,0.9031941031941032
tfinance,hgb_graph_features,zero_exposure,moderate,wcs_rand_homogeneous,7,0.09335934979761391,0.7789655172413794,349.38,1.0,8456.08,4753.170075084069,6.959298594790404,34.78555583588068,1.0,0.9054187192118226
tfinance,hgb_graph_features,zero_exposure,moderate,wcs_rand_homogeneous,8,0.10528120822088682,0.8104950495049504,366.68,1.0,8380.48,4706.175305547269,6.9916628770722955,34.94727457226689,1.0,0.9143564356435644
tfinance,hgb_graph_features,zero_exposure,moderate,wcs_rand_homogeneous,9,0.09985615507635012,0.7969607843137255,362.26,1.0,8931.16,5119.433796779763,6.990623126478203,34.9420804350435,1.0,0.9063725490196077
tfinance,hgb_graph_features,zero_exposure,moderate,weighted_bh,0,0.08960074771248305,0.7836633663366337,348.28,1.0,8827.56,5032.163090273796,6.977096767556094,34.87449143804897,1.0,0.899009900990099
tfinance,hgb_graph_features,zero_exposure,moderate,weighted_bh,1,0.09173902566377314,0.7949009900990098,353.94,1.0,8617.94,4871.595288401488,6.971860008788357,34.84832293144515,1.0,0.9084158415841584
tfinance,hgb_graph_features,zero_exposure,moderate,weighted_bh,2,0.09524748536687505,0.7753431372549019,350.1,1.0,8981.82,5162.46086271646,6.995085964072164,34.964379898809014,1.0,0.8946078431372548
tfinance,hgb_graph_features,zero_exposure,moderate,weighted_bh,3,0.09565000350523772,0.7749751243781094,345.46,1.0,8555.4,4830.786827434832,6.996242563542699,34.97015937766726,1.0,0.9059701492537313
tfinance,hgb_graph_features,zero_exposure,moderate,weighted_bh,4,0.10506988992647572,0.7842364532019704,356.22,1.0,8638.3,4888.548036369333,6.980782353370707,34.89290707003676,1.0,0.8876847290640394
tfinance,hgb_graph_features,zero_exposure,moderate,weighted_bh,5,0.09358958124680222,0.7945185185185185,355.5,1.0,8588.02,4854.939273453693,6.996806841539265,34.97297859895456,1.0,0.9249382716049382
tfinance,hgb_graph_features,zero_exposure,moderate,weighted_bh,6,0.08933458583377987,0.7688943488943489,344.22,1.0,8194.74,4579.338257361864,6.973269706858644,34.85536719437652,1.0,0.9031941031941032
tfinance,hgb_graph_features,zero_exposure,moderate,weighted_bh,7,0.09022329496307631,0.7758620689655173,346.8,1.0,8456.08,4753.170075084069,6.959298594790404,34.78555583588068,1.0,0.9054187192118226
tfinance,hgb_graph_features,zero_exposure,moderate,weighted_bh,8,0.10244444815174049,0.8083663366336634,364.58,1.0,8380.48,4706.175305547269,6.9916628770722955,34.94727457226689,1.0,0.9143564356435644
tfinance,hgb_graph_features,zero_exposure,moderate,weighted_bh,9,0.0978834875091311,0.794607843137255,360.44,1.0,8931.16,5119.433796779763,6.990623126478203,34.9420804350435,1.0,0.9063725490196077
tfinance,hgb_graph_features,zero_exposure,moderate,weighted_bh_rand,0,0.09076631592394456,0.7855445544554456,349.56,1.0,8827.56,5032.163090273796,6.977096767556094,34.87449143804897,1.0,0.899009900990099
tfinance,hgb_graph_features,zero_exposure,moderate,weighted_bh_rand,1,0.09556860290198604,0.7975742574257425,356.62,1.0,8617.94,4871.595288401488,6.971860008788357,34.84832293144515,1.0,0.9084158415841584
tfinance,hgb_graph_features,zero_exposure,moderate,weighted_bh_rand,2,0.09776682616120139,0.7777941176470589,352.24,1.0,8981.82,5162.46086271646,6.995085964072164,34.964379898809014,1.0,0.8946078431372548
tfinance,hgb_graph_features,zero_exposure,moderate,weighted_bh_rand,3,0.09923074985997828,0.7779601990049752,348.16,1.0,8555.4,4830.786827434832,6.996242563542699,34.97015937766726,1.0,0.9059701492537313
tfinance,hgb_graph_features,zero_exposure,moderate,weighted_bh_rand,4,0.1084746972761898,0.7875862068965518,359.08,1.0,8638.3,4888.548036369333,6.980782353370707,34.89290707003676,1.0,0.8876847290640394
tfinance,hgb_graph_features,zero_exposure,moderate,weighted_bh_rand,5,0.0965981113691275,0.7974814814814815,358.04,1.0,8588.02,4854.939273453693,6.996806841539265,34.97297859895456,1.0,0.9249382716049382
tfinance,hgb_graph_features,zero_exposure,moderate,weighted_bh_rand,6,0.09309987437283013,0.7722358722358722,347.1,1.0,8194.74,4579.338257361864,6.973269706858644,34.85536719437652,1.0,0.9031941031941032
tfinance,hgb_graph_features,zero_exposure,moderate,weighted_bh_rand,7,0.09324466641905631,0.7793103448275862,349.5,1.0,8456.08,4753.170075084069,6.959298594790404,34.78555583588068,1.0,0.9054187192118226
tfinance,hgb_graph_features,zero_exposure,moderate,weighted_bh_rand,8,0.10505937636467763,0.8105445544554456,366.62,1.0,8380.48,4706.175305547269,6.9916628770722955,34.94727457226689,1.0,0.9143564356435644
tfinance,hgb_graph_features,zero_exposure,moderate,weighted_bh_rand,9,0.09953747837035376,0.7969607843137255,362.14,1.0,8931.16,5119.433796779763,6.990623126478203,34.9420804350435,1.0,0.9063725490196077
tfinance,hgb_graph_features,zero_exposure,moderate,weighted_by,0,0.0,0.0,0.0,0.0,8827.56,5032.163090273796,6.977096767556094,34.87449143804897,1.0,0.899009900990099
tfinance,hgb_graph_features,zero_exposure,moderate,weighted_by,1,0.0,0.0,0.0,0.0,8617.94,4871.595288401488,6.971860008788357,34.84832293144515,1.0,0.9084158415841584
tfinance,hgb_graph_features,zero_exposure,moderate,weighted_by,2,0.0,0.0,0.0,0.0,8981.82,5162.46086271646,6.995085964072164,34.964379898809014,1.0,0.8946078431372548
tfinance,hgb_graph_features,zero_exposure,moderate,weighted_by,3,0.0,0.0,0.0,0.0,8555.4,4830.786827434832,6.996242563542699,34.97015937766726,1.0,0.9059701492537313
tfinance,hgb_graph_features,zero_exposure,moderate,weighted_by,4,0.0,0.0,0.0,0.0,8638.3,4888.548036369333,6.980782353370707,34.89290707003676,1.0,0.8876847290640394
tfinance,hgb_graph_features,zero_exposure,moderate,weighted_by,5,0.0,0.0,0.0,0.0,8588.02,4854.939273453693,6.996806841539265,34.97297859895456,1.0,0.9249382716049382
tfinance,hgb_graph_features,zero_exposure,moderate,weighted_by,6,0.0,0.0,0.0,0.0,8194.74,4579.338257361864,6.973269706858644,34.85536719437652,1.0,0.9031941031941032
tfinance,hgb_graph_features,zero_exposure,moderate,weighted_by,7,0.0,0.0,0.0,0.0,8456.08,4753.170075084069,6.959298594790404,34.78555583588068,1.0,0.9054187192118226
tfinance,hgb_graph_features,zero_exposure,moderate,weighted_by,8,0.0,0.0,0.0,0.0,8380.48,4706.175305547269,6.9916628770722955,34.94727457226689,1.0,0.9143564356435644
tfinance,hgb_graph_features,zero_exposure,moderate,weighted_by,9,0.0,0.0,0.0,0.0,8931.16,5119.433796779763,6.990623126478203,34.9420804350435,1.0,0.9063725490196077
tfinance,hgb_graph_features,zero_exposure,neutral,equal_alpha,0,0.039087751099221885,0.7284158415841584,306.36,1.0,12682.28,12682.28,6.98270316676686,6.98270316676686,1.0,0.899009900990099
tfinance,hgb_graph_features,zero_exposure,neutral,equal_alpha,1,0.042735068442407036,0.7445049504950495,314.28,1.0,12676.42,12676.42,6.985148205065472,6.985148205065472,1.0,0.9084158415841584
tfinance,hgb_graph_features,zero_exposure,neutral,equal_alpha,2,0.04290602700036558,0.7300490196078431,311.36,1.0,12686.82,12686.82,6.979410975201996,6.979410975201996,1.0,0.8946078431372548
tfinance,hgb_graph_features,zero_exposure,neutral,equal_alpha,3,0.04632691687616117,0.7330845771144279,309.16,1.0,12643.14,12643.14,7.003549530816895,7.003549530816895,1.0,0.9059701492537313
tfinance,hgb_graph_features,zero_exposure,neutral,equal_alpha,4,0.05902827025696402,0.7189655172413794,310.28,1.0,12680.16,12680.16,6.983056000538485,6.983056000538485,1.0,0.8876847290640394
tfinance,hgb_graph_features,zero_exposure,neutral,equal_alpha,5,0.03728645769973779,0.7497283950617285,315.48,1.0,12654.9,12654.9,6.996989594471989,6.996989594471989,1.0,0.9249382716049382
tfinance,hgb_graph_features,zero_exposure,neutral,equal_alpha,6,0.047645399843262784,0.7294840294840295,311.9,1.0,12666.72,12666.72,6.990474968192263,6.990474968192263,1.0,0.9031941031941032
tfinance,hgb_graph_features,zero_exposure,neutral,equal_alpha,7,0.0389807760744375,0.7344334975369458,310.3,1.0,12679.76,12679.76,6.983370383645106,6.983370383645106,1.0,0.9054187192118226
tfinance,hgb_graph_features,zero_exposure,neutral,equal_alpha,8,0.04826775950412891,0.7636633663366337,324.38,1.0,12665.22,12665.22,6.991348870161514,6.991348870161514,1.0,0.9143564356435644
tfinance,hgb_graph_features,zero_exposure,neutral,equal_alpha,9,0.04303419447400914,0.7259313725490196,309.64,1.0,12664.7,12664.7,6.99235597093424,6.99235597093424,1.0,0.9063725490196077
tfinance,hgb_graph_features,zero_exposure,neutral,pooled_reference,0,0.08614592778633737,0.7875742574257426,348.42,1.0,12682.28,12682.28,6.98270316676686,6.98270316676686,1.0,0.899009900990099
tfinance,hgb_graph_features,zero_exposure,neutral,pooled_reference,1,0.09448407275646814,0.7980198019801981,356.16,1.0,12676.42,12676.42,6.985148205065472,6.985148205065472,1.0,0.9084158415841584
tfinance,hgb_graph_features,zero_exposure,neutral,pooled_reference,2,0.0974041672577028,0.7791176470588235,352.26,1.0,12686.82,12686.82,6.979410975201996,6.979410975201996,1.0,0.8946078431372548
tfinance,hgb_graph_features,zero_exposure,neutral,pooled_reference,3,0.09937295307876286,0.7804975124378108,348.78,1.0,12643.14,12643.14,7.003549530816895,7.003549530816895,1.0,0.9059701492537313
tfinance,hgb_graph_features,zero_exposure,neutral,pooled_reference,4,0.11326048419579926,0.7922167487684729,363.02,1.0,12680.16,12680.16,6.983056000538485,6.983056000538485,1.0,0.8876847290640394
tfinance,hgb_graph_features,zero_exposure,neutral,pooled_reference,5,0.0969513884429548,0.802320987654321,359.98,1.0,12654.9,12654.9,6.996989594471989,6.996989594471989,1.0,0.9249382716049382
tfinance,hgb_graph_features,zero_exposure,neutral,pooled_reference,6,0.09428442146803037,0.7757739557739558,349.04,1.0,12666.72,12666.72,6.990474968192263,6.990474968192263,1.0,0.9031941031941032
tfinance,hgb_graph_features,zero_exposure,neutral,pooled_reference,7,0.09141150880356433,0.7807881773399015,349.0,1.0,12679.76,12679.76,6.983370383645106,6.983370383645106,1.0,0.9054187192118226
tfinance,hgb_graph_features,zero_exposure,neutral,pooled_reference,8,0.10409265716928078,0.8104950495049504,365.8,1.0,12665.22,12665.22,6.991348870161514,6.991348870161514,1.0,0.9143564356435644
tfinance,hgb_graph_features,zero_exposure,neutral,pooled_reference,9,0.09977529471087983,0.7995588235294118,363.06,1.0,12664.7,12664.7,6.99235597093424,6.99235597093424,1.0,0.9063725490196077
tfinance,hgb_graph_features,zero_exposure,neutral,pooled_stratum,0,0.0913110544282964,0.7687128712871288,342.06,1.0,12682.28,12682.28,6.98270316676686,6.98270316676686,1.0,0.899009900990099
tfinance,hgb_graph_features,zero_exposure,neutral,pooled_stratum,1,0.09705607451372547,0.7815346534653466,349.88,1.0,12676.42,12676.42,6.985148205065472,6.985148205065472,1.0,0.9084158415841584
tfinance,hgb_graph_features,zero_exposure,neutral,pooled_stratum,2,0.09664914410730704,0.7647058823529411,345.5,1.0,12686.82,12686.82,6.979410975201996,6.979410975201996,1.0,0.8946078431372548
tfinance,hgb_graph_features,zero_exposure,neutral,pooled_stratum,3,0.10766547676721304,0.7659701492537313,345.32,1.0,12643.14,12643.14,7.003549530816895,7.003549530816895,1.0,0.9059701492537313
tfinance,hgb_graph_features,zero_exposure,neutral,pooled_stratum,4,0.10843809175054908,0.7734975369458128,352.36,1.0,12680.16,12680.16,6.983056000538485,6.983056000538485,1.0,0.8876847290640394
tfinance,hgb_graph_features,zero_exposure,neutral,pooled_stratum,5,0.09658271094956705,0.7765925925925926,348.42,1.0,12654.9,12654.9,6.996989594471989,6.996989594471989,1.0,0.9249382716049382
tfinance,hgb_graph_features,zero_exposure,neutral,pooled_stratum,6,0.0961503694961305,0.7625552825552826,343.64,1.0,12666.72,12666.72,6.990474968192263,6.990474968192263,1.0,0.9031941031941032
tfinance,hgb_graph_features,zero_exposure,neutral,pooled_stratum,7,0.09527036399978789,0.7723645320197045,346.7,1.0,12679.76,12679.76,6.983370383645106,6.983370383645106,1.0,0.9054187192118226
tfinance,hgb_graph_features,zero_exposure,neutral,pooled_stratum,8,0.10441039541253944,0.793069306930693,358.16,1.0,12665.22,12665.22,6.991348870161514,6.991348870161514,1.0,0.9143564356435644
tfinance,hgb_graph_features,zero_exposure,neutral,pooled_stratum,9,0.10276630867879316,0.7613235294117647,346.76,1.0,12664.7,12664.7,6.99235597093424,6.99235597093424,1.0,0.9063725490196077
tfinance,hgb_graph_features,zero_exposure,neutral,size_alpha,0,0.03140726023247446,0.7143069306930693,298.04,1.0,12682.28,12682.28,6.98270316676686,6.98270316676686,1.0,0.899009900990099
tfinance,hgb_graph_features,zero_exposure,neutral,size_alpha,1,0.03592008713313602,0.7321287128712871,306.9,1.0,12676.42,12676.42,6.985148205065472,6.985148205065472,1.0,0.9084158415841584
tfinance,hgb_graph_features,zero_exposure,neutral,size_alpha,2,0.03680234213419362,0.7199509803921569,305.12,1.0,12686.82,12686.82,6.979410975201996,6.979410975201996,1.0,0.8946078431372548
tfinance,hgb_graph_features,zero_exposure,neutral,size_alpha,3,0.039649661704017486,0.7245771144278607,303.44,1.0,12643.14,12643.14,7.003549530816895,7.003549530816895,1.0,0.9059701492537313
tfinance,hgb_graph_features,zero_exposure,neutral,size_alpha,4,0.04886708727125773,0.7233497536945813,308.84,1.0,12680.16,12680.16,6.983056000538485,6.983056000538485,1.0,0.8876847290640394
tfinance,hgb_graph_features,zero_exposure,neutral,size_alpha,5,0.03159686815520209,0.7418271604938272,310.28,1.0,12654.9,12654.9,6.996989594471989,6.996989594471989,1.0,0.9249382716049382
tfinance,hgb_graph_features,zero_exposure,neutral,size_alpha,6,0.04409569224107714,0.7250614250614251,308.84,1.0,12666.72,12666.72,6.990474968192263,6.990474968192263,1.0,0.9031941031941032
tfinance,hgb_graph_features,zero_exposure,neutral,size_alpha,7,0.033600304915514585,0.7245812807881774,304.46,1.0,12679.76,12679.76,6.983370383645106,6.983370383645106,1.0,0.9054187192118226
tfinance,hgb_graph_features,zero_exposure,neutral,size_alpha,8,0.043079219084652474,0.7555940594059406,319.2,1.0,12665.22,12665.22,6.991348870161514,6.991348870161514,1.0,0.9143564356435644
tfinance,hgb_graph_features,zero_exposure,neutral,size_alpha,9,0.0372670580582207,0.7163235294117648,303.74,1.0,12664.7,12664.7,6.99235597093424,6.99235597093424,1.0,0.9063725490196077
tfinance,hgb_graph_features,zero_exposure,neutral,wcs_deterministic,0,0.08614592778633737,0.7875742574257426,348.42,1.0,12682.28,12682.28,6.98270316676686,6.98270316676686,1.0,0.899009900990099
tfinance,hgb_graph_features,zero_exposure,neutral,wcs_deterministic,1,0.09448407275646814,0.7980198019801981,356.16,1.0,12676.42,12676.42,6.985148205065472,6.985148205065472,1.0,0.9084158415841584
tfinance,hgb_graph_features,zero_exposure,neutral,wcs_deterministic,2,0.0974041672577028,0.7791176470588235,352.26,1.0,12686.82,12686.82,6.979410975201996,6.979410975201996,1.0,0.8946078431372548
tfinance,hgb_graph_features,zero_exposure,neutral,wcs_deterministic,3,0.09937295307876286,0.7804975124378108,348.78,1.0,12643.14,12643.14,7.003549530816895,7.003549530816895,1.0,0.9059701492537313
tfinance,hgb_graph_features,zero_exposure,neutral,wcs_deterministic,4,0.11326048419579926,0.7922167487684729,363.02,1.0,12680.16,12680.16,6.983056000538485,6.983056000538485,1.0,0.8876847290640394
tfinance,hgb_graph_features,zero_exposure,neutral,wcs_deterministic,5,0.0969513884429548,0.802320987654321,359.98,1.0,12654.9,12654.9,6.996989594471989,6.996989594471989,1.0,0.9249382716049382
tfinance,hgb_graph_features,zero_exposure,neutral,wcs_deterministic,6,0.09428442146803037,0.7757739557739558,349.04,1.0,12666.72,12666.72,6.990474968192263,6.990474968192263,1.0,0.9031941031941032
tfinance,hgb_graph_features,zero_exposure,neutral,wcs_deterministic,7,0.09141150880356433,0.7807881773399015,349.0,1.0,12679.76,12679.76,6.983370383645106,6.983370383645106,1.0,0.9054187192118226
tfinance,hgb_graph_features,zero_exposure,neutral,wcs_deterministic,8,0.10409265716928078,0.8104950495049504,365.8,1.0,12665.22,12665.22,6.991348870161514,6.991348870161514,1.0,0.9143564356435644
tfinance,hgb_graph_features,zero_exposure,neutral,wcs_deterministic,9,0.09977529471087983,0.7995588235294118,363.06,1.0,12664.7,12664.7,6.99235597093424,6.99235597093424,1.0,0.9063725490196077
tfinance,hgb_graph_features,zero_exposure,neutral,wcs_homogeneous,0,0.08614592778633737,0.7875742574257426,348.42,1.0,12682.28,12682.28,6.98270316676686,6.98270316676686,1.0,0.899009900990099
tfinance,hgb_graph_features,zero_exposure,neutral,wcs_homogeneous,1,0.09448407275646814,0.7980198019801981,356.16,1.0,12676.42,12676.42,6.985148205065472,6.985148205065472,1.0,0.9084158415841584
tfinance,hgb_graph_features,zero_exposure,neutral,wcs_homogeneous,2,0.0974041672577028,0.7791176470588235,352.26,1.0,12686.82,12686.82,6.979410975201996,6.979410975201996,1.0,0.8946078431372548
tfinance,hgb_graph_features,zero_exposure,neutral,wcs_homogeneous,3,0.09937295307876286,0.7804975124378108,348.78,1.0,12643.14,12643.14,7.003549530816895,7.003549530816895,1.0,0.9059701492537313
tfinance,hgb_graph_features,zero_exposure,neutral,wcs_homogeneous,4,0.11326048419579926,0.7922167487684729,363.02,1.0,12680.16,12680.16,6.983056000538485,6.983056000538485,1.0,0.8876847290640394
tfinance,hgb_graph_features,zero_exposure,neutral,wcs_homogeneous,5,0.0969513884429548,0.802320987654321,359.98,1.0,12654.9,12654.9,6.996989594471989,6.996989594471989,1.0,0.9249382716049382
tfinance,hgb_graph_features,zero_exposure,neutral,wcs_homogeneous,6,0.09428442146803037,0.7757739557739558,349.04,1.0,12666.72,12666.72,6.990474968192263,6.990474968192263,1.0,0.9031941031941032
tfinance,hgb_graph_features,zero_exposure,neutral,wcs_homogeneous,7,0.09141150880356433,0.7807881773399015,349.0,1.0,12679.76,12679.76,6.983370383645106,6.983370383645106,1.0,0.9054187192118226
tfinance,hgb_graph_features,zero_exposure,neutral,wcs_homogeneous,8,0.10409265716928078,0.8104950495049504,365.8,1.0,12665.22,12665.22,6.991348870161514,6.991348870161514,1.0,0.9143564356435644
tfinance,hgb_graph_features,zero_exposure,neutral,wcs_homogeneous,9,0.09977529471087983,0.7995588235294118,363.06,1.0,12664.7,12664.7,6.99235597093424,6.99235597093424,1.0,0.9063725490196077
tfinance,hgb_graph_features,zero_exposure,neutral,wcs_rand_deterministic,0,0.08670517096855136,0.7877722772277228,348.72,1.0,12682.28,12682.28,6.98270316676686,6.98270316676686,1.0,0.899009900990099
tfinance,hgb_graph_features,zero_exposure,neutral,wcs_rand_deterministic,1,0.09499499372455411,0.7984653465346535,356.56,1.0,12676.42,12676.42,6.985148205065472,6.985148205065472,1.0,0.9084158415841584
tfinance,hgb_graph_features,zero_exposure,neutral,wcs_rand_deterministic,2,0.09815251169510747,0.7794117647058824,352.68,1.0,12686.82,12686.82,6.979410975201996,6.979410975201996,1.0,0.8946078431372548
tfinance,hgb_graph_features,zero_exposure,neutral,wcs_rand_deterministic,3,0.09959003896953927,0.7809452736318409,349.06,1.0,12643.14,12643.14,7.003549530816895,7.003549530816895,1.0,0.9059701492537313
tfinance,hgb_graph_features,zero_exposure,neutral,wcs_rand_deterministic,4,0.11367640247354359,0.7924630541871922,363.3,1.0,12680.16,12680.16,6.983056000538485,6.983056000538485,1.0,0.8876847290640394
tfinance,hgb_graph_features,zero_exposure,neutral,wcs_rand_deterministic,5,0.09749043102033716,0.8026666666666666,360.36,1.0,12654.9,12654.9,6.996989594471989,6.996989594471989,1.0,0.9249382716049382
tfinance,hgb_graph_features,zero_exposure,neutral,wcs_rand_deterministic,6,0.09438024776303397,0.7762162162162162,349.28,1.0,12666.72,12666.72,6.990474968192263,6.990474968192263,1.0,0.9031941031941032
tfinance,hgb_graph_features,zero_exposure,neutral,wcs_rand_deterministic,7,0.09182308324496169,0.781231527093596,349.36,1.0,12679.76,12679.76,6.983370383645106,6.983370383645106,1.0,0.9054187192118226
tfinance,hgb_graph_features,zero_exposure,neutral,wcs_rand_deterministic,8,0.1047235794451829,0.8108910891089108,366.24,1.0,12665.22,12665.22,6.991348870161514,6.991348870161514,1.0,0.9143564356435644
tfinance,hgb_graph_features,zero_exposure,neutral,wcs_rand_deterministic,9,0.10018642274648547,0.7997549019607842,363.32,1.0,12664.7,12664.7,6.99235597093424,6.99235597093424,1.0,0.9063725490196077
tfinance,hgb_graph_features,zero_exposure,neutral,wcs_rand_homogeneous,0,0.08686559707002706,0.7878712871287129,348.82,1.0,12682.28,12682.28,6.98270316676686,6.98270316676686,1.0,0.899009900990099
tfinance,hgb_graph_features,zero_exposure,neutral,wcs_rand_homogeneous,1,0.0951857712459951,0.7985148514851486,356.66,1.0,12676.42,12676.42,6.985148205065472,6.985148205065472,1.0,0.9084158415841584
tfinance,hgb_graph_features,zero_exposure,neutral,wcs_rand_homogeneous,2,0.09843366597568907,0.7795098039215687,352.84,1.0,12686.82,12686.82,6.979410975201996,6.979410975201996,1.0,0.8946078431372548
tfinance,hgb_graph_features,zero_exposure,neutral,wcs_rand_homogeneous,3,0.10016948541319337,0.7809950248756219,349.32,1.0,12643.14,12643.14,7.003549530816895,7.003549530816895,1.0,0.9059701492537313
tfinance,hgb_graph_features,zero_exposure,neutral,wcs_rand_homogeneous,4,0.114104526433864,0.7926108374384236,363.54,1.0,12680.16,12680.16,6.983056000538485,6.983056000538485,1.0,0.8876847290640394
tfinance,hgb_graph_features,zero_exposure,neutral,wcs_rand_homogeneous,5,0.09763586752099504,0.8027160493827161,360.44,1.0,12654.9,12654.9,6.996989594471989,6.996989594471989,1.0,0.9249382716049382
tfinance,hgb_graph_features,zero_exposure,neutral,wcs_rand_homogeneous,6,0.09494255162081135,0.7766584766584766,349.7,1.0,12666.72,12666.72,6.990474968192263,6.990474968192263,1.0,0.9031941031941032
tfinance,hgb_graph_features,zero_exposure,neutral,wcs_rand_homogeneous,7,0.09207495330895038,0.7813300492610837,349.5,1.0,12679.76,12679.76,6.983370383645106,6.983370383645106,1.0,0.9054187192118226
tfinance,hgb_graph_features,zero_exposure,neutral,wcs_rand_homogeneous,8,0.10495494714385861,0.8110396039603961,366.4,1.0,12665.22,12665.22,6.991348870161514,6.991348870161514,1.0,0.9143564356435644
tfinance,hgb_graph_features,zero_exposure,neutral,wcs_rand_homogeneous,9,0.10045640831896507,0.7998039215686275,363.44,1.0,12664.7,12664.7,6.99235597093424,6.99235597093424,1.0,0.9063725490196077
tfinance,hgb_graph_features,zero_exposure,neutral,weighted_bh,0,0.08614592778633737,0.7875742574257426,348.42,1.0,12682.28,12682.28,6.98270316676686,6.98270316676686,1.0,0.899009900990099
tfinance,hgb_graph_features,zero_exposure,neutral,weighted_bh,1,0.09448407275646814,0.7980198019801981,356.16,1.0,12676.42,12676.42,6.985148205065472,6.985148205065472,1.0,0.9084158415841584
tfinance,hgb_graph_features,zero_exposure,neutral,weighted_bh,2,0.0974041672577028,0.7791176470588235,352.26,1.0,12686.82,12686.82,6.979410975201996,6.979410975201996,1.0,0.8946078431372548
tfinance,hgb_graph_features,zero_exposure,neutral,weighted_bh,3,0.09937295307876286,0.7804975124378108,348.78,1.0,12643.14,12643.14,7.003549530816895,7.003549530816895,1.0,0.9059701492537313
tfinance,hgb_graph_features,zero_exposure,neutral,weighted_bh,4,0.11326048419579926,0.7922167487684729,363.02,1.0,12680.16,12680.16,6.983056000538485,6.983056000538485,1.0,0.8876847290640394
tfinance,hgb_graph_features,zero_exposure,neutral,weighted_bh,5,0.0969513884429548,0.802320987654321,359.98,1.0,12654.9,12654.9,6.996989594471989,6.996989594471989,1.0,0.9249382716049382
tfinance,hgb_graph_features,zero_exposure,neutral,weighted_bh,6,0.09428442146803037,0.7757739557739558,349.04,1.0,12666.72,12666.72,6.990474968192263,6.990474968192263,1.0,0.9031941031941032
tfinance,hgb_graph_features,zero_exposure,neutral,weighted_bh,7,0.09141150880356433,0.7807881773399015,349.0,1.0,12679.76,12679.76,6.983370383645106,6.983370383645106,1.0,0.9054187192118226
tfinance,hgb_graph_features,zero_exposure,neutral,weighted_bh,8,0.10409265716928078,0.8104950495049504,365.8,1.0,12665.22,12665.22,6.991348870161514,6.991348870161514,1.0,0.9143564356435644
tfinance,hgb_graph_features,zero_exposure,neutral,weighted_bh,9,0.09977529471087983,0.7995588235294118,363.06,1.0,12664.7,12664.7,6.99235597093424,6.99235597093424,1.0,0.9063725490196077
tfinance,hgb_graph_features,zero_exposure,neutral,weighted_bh_rand,0,0.08697003176523815,0.788019801980198,348.92,1.0,12682.28,12682.28,6.98270316676686,6.98270316676686,1.0,0.899009900990099
tfinance,hgb_graph_features,zero_exposure,neutral,weighted_bh_rand,1,0.09508732952770503,0.7985148514851486,356.62,1.0,12676.42,12676.42,6.985148205065472,6.985148205065472,1.0,0.9084158415841584
tfinance,hgb_graph_features,zero_exposure,neutral,weighted_bh_rand,2,0.09867102090856235,0.7795098039215687,352.94,1.0,12686.82,12686.82,6.979410975201996,6.979410975201996,1.0,0.8946078431372548
tfinance,hgb_graph_features,zero_exposure,neutral,weighted_bh_rand,3,0.10009845687843827,0.7810945273631841,349.34,1.0,12643.14,12643.14,7.003549530816895,7.003549530816895,1.0,0.9059701492537313
tfinance,hgb_graph_features,zero_exposure,neutral,weighted_bh_rand,4,0.11384748392242536,0.7927586206896551,363.5,1.0,12680.16,12680.16,6.983056000538485,6.983056000538485,1.0,0.8876847290640394
tfinance,hgb_graph_features,zero_exposure,neutral,weighted_bh_rand,5,0.09749043102033716,0.8026666666666666,360.36,1.0,12654.9,12654.9,6.996989594471989,6.996989594471989,1.0,0.9249382716049382
tfinance,hgb_graph_features,zero_exposure,neutral,weighted_bh_rand,6,0.09522409666924649,0.7766584766584766,349.82,1.0,12666.72,12666.72,6.990474968192263,6.990474968192263,1.0,0.9031941031941032
tfinance,hgb_graph_features,zero_exposure,neutral,weighted_bh_rand,7,0.0919666018966886,0.7813793103448277,349.48,1.0,12679.76,12679.76,6.983370383645106,6.983370383645106,1.0,0.9054187192118226
tfinance,hgb_graph_features,zero_exposure,neutral,weighted_bh_rand,8,0.10490663796173903,0.8109900990099009,366.36,1.0,12665.22,12665.22,6.991348870161514,6.991348870161514,1.0,0.9143564356435644
tfinance,hgb_graph_features,zero_exposure,neutral,weighted_bh_rand,9,0.1002906078895161,0.7998039215686275,363.38,1.0,12664.7,12664.7,6.99235597093424,6.99235597093424,1.0,0.9063725490196077
tfinance,hgb_graph_features,zero_exposure,neutral,weighted_by,0,0.005224293593832976,0.5736633663366336,233.12,1.0,12682.28,12682.28,6.98270316676686,6.98270316676686,1.0,0.899009900990099
tfinance,hgb_graph_features,zero_exposure,neutral,weighted_by,1,0.006083680377226543,0.6311881188118812,256.58,1.0,12676.42,12676.42,6.985148205065472,6.985148205065472,1.0,0.9084158415841584
tfinance,hgb_graph_features,zero_exposure,neutral,weighted_by,2,0.009126720764598402,0.5965196078431373,245.86,1.0,12686.82,12686.82,6.979410975201996,6.979410975201996,1.0,0.8946078431372548
tfinance,hgb_graph_features,zero_exposure,neutral,weighted_by,3,0.009458093232112379,0.5949253731343284,241.58,1.0,12643.14,12643.14,7.003549530816895,7.003549530816895,1.0,0.9059701492537313
tfinance,hgb_graph_features,zero_exposure,neutral,weighted_by,4,0.008180391425647844,0.6146798029556649,251.76,1.0,12680.16,12680.16,6.983056000538485,6.983056000538485,1.0,0.8876847290640394
tfinance,hgb_graph_features,zero_exposure,neutral,weighted_by,5,0.013243097763426262,0.617679012345679,253.68,1.0,12654.9,12654.9,6.996989594471989,6.996989594471989,1.0,0.9249382716049382
tfinance,hgb_graph_features,zero_exposure,neutral,weighted_by,6,0.011497437965564114,0.6031941031941033,248.52,1.0,12666.72,12666.72,6.990474968192263,6.990474968192263,1.0,0.9031941031941032
tfinance,hgb_graph_features,zero_exposure,neutral,weighted_by,7,0.007687321147269464,0.5783251231527093,236.7,1.0,12679.76,12679.76,6.983370383645106,6.983370383645106,1.0,0.9054187192118226
tfinance,hgb_graph_features,zero_exposure,neutral,weighted_by,8,0.005196604312259857,0.6403960396039604,260.14,1.0,12665.22,12665.22,6.991348870161514,6.991348870161514,1.0,0.9143564356435644
tfinance,hgb_graph_features,zero_exposure,neutral,weighted_by,9,0.012731484077591266,0.6059803921568627,250.58,1.0,12664.7,12664.7,6.99235597093424,6.99235597093424,1.0,0.9063725490196077
tfinance,hgb_graph_features,zero_exposure,severe,equal_alpha,0,0.02577282131263689,0.3645049504950495,155.58,0.5,8105.64,1540.7752038507479,6.947073808215952,138.7345276447624,1.0,0.899009900990099
tfinance,hgb_graph_features,zero_exposure,severe,equal_alpha,1,0.03165828845378537,0.47480198019801984,202.38,0.64,7854.34,1470.273882240367,6.949095263925675,138.7748816375075,1.0,0.9084158415841584
tfinance,hgb_graph_features,zero_exposure,severe,equal_alpha,2,0.044176847362208595,0.43985294117647056,192.04,0.62,8290.28,1607.6335037854658,7.020001118031285,140.18870949432926,1.0,0.8946078431372548
tfinance,hgb_graph_features,zero_exposure,severe,equal_alpha,3,0.04842925598908234,0.4634825870646766,203.26,0.62,7784.98,1457.4757579482168,7.013029496867928,140.0497281681657,1.0,0.9059701492537313
tfinance,hgb_graph_features,zero_exposure,severe,equal_alpha,4,0.03714001097700268,0.4476354679802956,193.76,0.62,7881.7,1478.7903898000088,6.9584631705833555,138.96166798454098,1.0,0.8876847290640394
tfinance,hgb_graph_features,zero_exposure,severe,equal_alpha,5,0.03040231745094595,0.45353086419753086,194.0,0.6,7826.84,1465.82040347101,6.979884809654099,139.38882486700845,1.0,0.9249382716049382
tfinance,hgb_graph_features,zero_exposure,severe,equal_alpha,6,0.041416668547285485,0.5002948402948403,217.54,0.68,7351.28,1347.952970767776,6.96175220732632,139.02727133194108,1.0,0.9031941031941032
tfinance,hgb_graph_features,zero_exposure,severe,equal_alpha,7,0.030590804986644106,0.3738423645320197,162.0,0.5,7653.34,1421.0483221765608,6.986705646609416,139.5248589164229,1.0,0.9054187192118226
tfinance,hgb_graph_features,zero_exposure,severe,equal_alpha,8,0.04221134079983244,0.4895544554455446,212.62,0.64,7575.88,1403.38285764892,7.004596924637995,139.88156478118032,1.0,0.9143564356435644
tfinance,hgb_graph_features,zero_exposure,severe,equal_alpha,9,0.031554394660191436,0.3593627450980392,157.54,0.48,8228.34,1586.266897681608,7.012508514281073,140.03936566072053,1.0,0.9063725490196077
tfinance,hgb_graph_features,zero_exposure,severe,pooled_reference,0,0.11316352779768105,0.7973762376237624,363.62,1.0,8105.64,1540.7752038507479,6.947073808215952,138.7345276447624,1.0,0.899009900990099
tfinance,hgb_graph_features,zero_exposure,severe,pooled_reference,1,0.1651924711869666,0.8292079207920792,401.76,1.0,7854.34,1470.273882240367,6.949095263925675,138.7748816375075,1.0,0.9084158415841584
tfinance,hgb_graph_features,zero_exposure,severe,pooled_reference,2,0.11677037297857186,0.791029411764706,365.62,1.0,8290.28,1607.6335037854658,7.020001118031285,140.18870949432926,1.0,0.8946078431372548
tfinance,hgb_graph_features,zero_exposure,severe,pooled_reference,3,0.16685182510946045,0.8170149253731342,394.64,1.0,7784.98,1457.4757579482168,7.013029496867928,140.0497281681657,1.0,0.9059701492537313
tfinance,hgb_graph_features,zero_exposure,severe,pooled_reference,4,0.16387811046110606,0.8207389162561576,398.84,1.0,7881.7,1478.7903898000088,6.9584631705833555,138.96166798454098,1.0,0.8876847290640394
tfinance,hgb_graph_features,zero_exposure,severe,pooled_reference,5,0.13511493650234288,0.8178271604938271,383.48,1.0,7826.84,1465.82040347101,6.979884809654099,139.38882486700845,1.0,0.9249382716049382
tfinance,hgb_graph_features,zero_exposure,severe,pooled_reference,6,0.1304016456741905,0.8000982800982801,375.02,1.0,7351.28,1347.952970767776,6.96175220732632,139.02727133194108,1.0,0.9031941031941032
tfinance,hgb_graph_features,zero_exposure,severe,pooled_reference,7,0.11661456635838048,0.7976847290640394,366.84,1.0,7653.34,1421.0483221765608,6.986705646609416,139.5248589164229,1.0,0.9054187192118226
tfinance,hgb_graph_features,zero_exposure,severe,pooled_reference,8,0.1580837382279029,0.8389603960396039,402.78,1.0,7575.88,1403.38285764892,7.004596924637995,139.88156478118032,1.0,0.9143564356435644
tfinance,hgb_graph_features,zero_exposure,severe,pooled_reference,9,0.1563381513168974,0.8257843137254902,399.98,1.0,8228.34,1586.266897681608,7.012508514281073,140.03936566072053,1.0,0.9063725490196077
tfinance,hgb_graph_features,zero_exposure,severe,pooled_stratum,0,0.03805604615667058,0.19034653465346532,87.3,0.28,8105.64,1540.7752038507479,6.947073808215952,138.7345276447624,1.0,0.899009900990099
tfinance,hgb_graph_features,zero_exposure,severe,pooled_stratum,1,0.04351813860651013,0.3002970297029703,137.48,0.38,7854.34,1470.273882240367,6.949095263925675,138.7748816375075,1.0,0.9084158415841584
tfinance,hgb_graph_features,zero_exposure,severe,pooled_stratum,2,0.04186022366756168,0.0825,41.16,0.18,8290.28,1607.6335037854658,7.020001118031285,140.18870949432926,1.0,0.8946078431372548
tfinance,hgb_graph_features,zero_exposure,severe,pooled_stratum,3,0.07020482763119018,0.3667164179104478,174.66,0.46,7784.98,1457.4757579482168,7.013029496867928,140.0497281681657,1.0,0.9059701492537313
tfinance,hgb_graph_features,zero_exposure,severe,pooled_stratum,4,0.07131851152219701,0.35512315270935957,164.14,0.74,7881.7,1478.7903898000088,6.9584631705833555,138.96166798454098,1.0,0.8876847290640394
tfinance,hgb_graph_features,zero_exposure,severe,pooled_stratum,5,0.053324483000572374,0.35130864197530864,162.3,0.44,7826.84,1465.82040347101,6.979884809654099,139.38882486700845,1.0,0.9249382716049382
tfinance,hgb_graph_features,zero_exposure,severe,pooled_stratum,6,0.07325330628805443,0.5231449631449632,239.46,0.68,7351.28,1347.952970767776,6.96175220732632,139.02727133194108,1.0,0.9031941031941032
tfinance,hgb_graph_features,zero_exposure,severe,pooled_stratum,7,0.05806638571905921,0.39399014778325125,181.32,0.5,7653.34,1421.0483221765608,6.986705646609416,139.5248589164229,1.0,0.9054187192118226
tfinance,hgb_graph_features,zero_exposure,severe,pooled_stratum,8,0.07810453496008792,0.5093564356435644,235.22,0.64,7575.88,1403.38285764892,7.004596924637995,139.88156478118032,1.0,0.9143564356435644
tfinance,hgb_graph_features,zero_exposure,severe,pooled_stratum,9,0.04763703882471784,0.15009803921568626,73.18,0.28,8228.34,1586.266897681608,7.012508514281073,140.03936566072053,1.0,0.9063725490196077
tfinance,hgb_graph_features,zero_exposure,severe,size_alpha,0,0.01997683473742855,0.048316831683168325,21.6,0.12,8105.64,1540.7752038507479,6.947073808215952,138.7345276447624,1.0,0.899009900990099
tfinance,hgb_graph_features,zero_exposure,severe,size_alpha,1,0.010504394549931066,0.07935643564356436,35.92,0.1,7854.34,1470.273882240367,6.949095263925675,138.7748816375075,1.0,0.9084158415841584
tfinance,hgb_graph_features,zero_exposure,severe,size_alpha,2,0.027107206518971222,0.017254901960784316,8.46,0.1,8290.28,1607.6335037854658,7.020001118031285,140.18870949432926,1.0,0.8946078431372548
tfinance,hgb_graph_features,zero_exposure,severe,size_alpha,3,0.024559048069104444,0.14223880597014926,66.52,0.18,7784.98,1457.4757579482168,7.013029496867928,140.0497281681657,1.0,0.9059701492537313
tfinance,hgb_graph_features,zero_exposure,severe,size_alpha,4,0.04627219150871571,0.09211822660098522,41.12,0.62,7881.7,1478.7903898000088,6.9584631705833555,138.96166798454098,1.0,0.8876847290640394
tfinance,hgb_graph_features,zero_exposure,severe,size_alpha,5,0.03645628543829628,0.141679012345679,62.96,0.22,7826.84,1465.82040347101,6.979884809654099,139.38882486700845,1.0,0.9249382716049382
tfinance,hgb_graph_features,zero_exposure,severe,size_alpha,6,0.03313727784726094,0.31665847665847663,140.28,0.42,7351.28,1347.952970767776,6.96175220732632,139.02727133194108,1.0,0.9031941031941032
tfinance,hgb_graph_features,zero_exposure,severe,size_alpha,7,0.012276627918046268,0.10783251231527093,48.06,0.14,7653.34,1421.0483221765608,6.986705646609416,139.5248589164229,1.0,0.9054187192118226
tfinance,hgb_graph_features,zero_exposure,severe,size_alpha,8,0.028313189868699955,0.2523762376237624,112.28,0.32,7575.88,1403.38285764892,7.004596924637995,139.88156478118032,1.0,0.9143564356435644
tfinance,hgb_graph_features,zero_exposure,severe,size_alpha,9,0.021736940450077177,0.017941176470588235,8.64,0.12,8228.34,1586.266897681608,7.012508514281073,140.03936566072053,1.0,0.9063725490196077
tfinance,hgb_graph_features,zero_exposure,severe,wcs_deterministic,0,0.0029616998873956213,0.04435643564356436,18.92,0.06,8105.64,1540.7752038507479,6.947073808215952,138.7345276447624,1.0,0.899009900990099
tfinance,hgb_graph_features,zero_exposure,severe,wcs_deterministic,1,0.005194687890732102,0.047574257425742575,21.12,0.06,7854.34,1470.273882240367,6.949095263925675,138.7748816375075,1.0,0.9084158415841584
tfinance,hgb_graph_features,zero_exposure,severe,wcs_deterministic,2,0.005360279960666683,0.04730392156862745,21.24,0.06,8290.28,1607.6335037854658,7.020001118031285,140.18870949432926,1.0,0.8946078431372548
tfinance,hgb_graph_features,zero_exposure,severe,wcs_deterministic,3,0.006894173445838776,0.10174129353233831,43.38,0.16,7784.98,1457.4757579482168,7.013029496867928,140.0497281681657,1.0,0.9059701492537313
tfinance,hgb_graph_features,zero_exposure,severe,wcs_deterministic,4,0.00733541337102981,0.07714285714285714,33.9,0.1,7881.7,1478.7903898000088,6.9584631705833555,138.96166798454098,1.0,0.8876847290640394
tfinance,hgb_graph_features,zero_exposure,severe,wcs_deterministic,5,0.008795092108620246,0.09204938271604939,40.38,0.12,7826.84,1465.82040347101,6.979884809654099,139.38882486700845,1.0,0.9249382716049382
tfinance,hgb_graph_features,zero_exposure,severe,wcs_deterministic,6,0.005527105167145815,0.06324324324324325,27.92,0.1,7351.28,1347.952970767776,6.96175220732632,139.02727133194108,1.0,0.9031941031941032
tfinance,hgb_graph_features,zero_exposure,severe,wcs_deterministic,7,0.0032241813602015114,0.016403940886699508,7.94,0.02,7653.34,1421.0483221765608,6.986705646609416,139.5248589164229,1.0,0.9054187192118226
tfinance,hgb_graph_features,zero_exposure,severe,wcs_deterministic,8,0.005086095626687601,0.062326732673267334,26.96,0.08,7575.88,1403.38285764892,7.004596924637995,139.88156478118032,1.0,0.9143564356435644
tfinance,hgb_graph_features,zero_exposure,severe,wcs_deterministic,9,0.00435267732596861,0.06176470588235294,26.74,0.08,8228.34,1586.266897681608,7.012508514281073,140.03936566072053,1.0,0.9063725490196077
tfinance,hgb_graph_features,zero_exposure,severe,wcs_homogeneous,0,0.07860923078333282,0.7373762376237625,325.04,0.98,8105.64,1540.7752038507479,6.947073808215952,138.7345276447624,1.0,0.899009900990099
tfinance,hgb_graph_features,zero_exposure,severe,wcs_homogeneous,1,0.07442684210268873,0.726881188118812,319.9,0.96,7854.34,1470.273882240367,6.949095263925675,138.7748816375075,1.0,0.9084158415841584
tfinance,hgb_graph_features,zero_exposure,severe,wcs_homogeneous,2,0.0806395297087092,0.7065196078431373,316.22,0.96,8290.28,1607.6335037854658,7.020001118031285,140.18870949432926,1.0,0.8946078431372548
tfinance,hgb_graph_features,zero_exposure,severe,wcs_homogeneous,3,0.09446816356805503,0.7119900497512438,320.84,0.96,7784.98,1457.4757579482168,7.013029496867928,140.0497281681657,1.0,0.9059701492537313
tfinance,hgb_graph_features,zero_exposure,severe,wcs_homogeneous,4,0.08736570055998007,0.7549261083743842,337.4,1.0,7881.7,1478.7903898000088,6.9584631705833555,138.96166798454098,1.0,0.8876847290640394
tfinance,hgb_graph_features,zero_exposure,severe,wcs_homogeneous,5,0.088627788636772,0.7587654320987655,339.12,1.0,7826.84,1465.82040347101,6.979884809654099,139.38882486700845,1.0,0.9249382716049382
tfinance,hgb_graph_features,zero_exposure,severe,wcs_homogeneous,6,0.08202879712839259,0.7403439803439804,330.2,1.0,7351.28,1347.952970767776,6.96175220732632,139.02727133194108,1.0,0.9031941031941032
tfinance,hgb_graph_features,zero_exposure,severe,wcs_homogeneous,7,0.08020289125360636,0.6982758620689655,311.22,0.96,7653.34,1421.0483221765608,6.986705646609416,139.5248589164229,1.0,0.9054187192118226
tfinance,hgb_graph_features,zero_exposure,severe,wcs_homogeneous,8,0.09662459949590632,0.7765346534653466,350.1,0.98,7575.88,1403.38285764892,7.004596924637995,139.88156478118032,1.0,0.9143564356435644
tfinance,hgb_graph_features,zero_exposure,severe,wcs_homogeneous,9,0.09997319662697036,0.7667647058823529,350.74,0.98,8228.34,1586.266897681608,7.012508514281073,140.03936566072053,1.0,0.9063725490196077
tfinance,hgb_graph_features,zero_exposure,severe,wcs_rand_deterministic,0,0.010651703914146677,0.12183168316831683,52.9,0.16,8105.64,1540.7752038507479,6.947073808215952,138.7345276447624,1.0,0.899009900990099
tfinance,hgb_graph_features,zero_exposure,severe,wcs_rand_deterministic,1,0.012901178991857092,0.125,55.06,0.16,7854.34,1470.273882240367,6.949095263925675,138.7748816375075,1.0,0.9084158415841584
tfinance,hgb_graph_features,zero_exposure,severe,wcs_rand_deterministic,2,0.013264497013870584,0.12450980392156863,55.5,0.16,8290.28,1607.6335037854658,7.020001118031285,140.18870949432926,1.0,0.8946078431372548
tfinance,hgb_graph_features,zero_exposure,severe,wcs_rand_deterministic,3,0.011956595250486722,0.1599502487562189,68.46,0.24,7784.98,1457.4757579482168,7.013029496867928,140.0497281681657,1.0,0.9059701492537313
tfinance,hgb_graph_features,zero_exposure,severe,wcs_rand_deterministic,4,0.01461686921584768,0.1380295566502463,61.22,0.18,7881.7,1478.7903898000088,6.9584631705833555,138.96166798454098,1.0,0.8876847290640394
tfinance,hgb_graph_features,zero_exposure,severe,wcs_rand_deterministic,5,0.013835133017175493,0.1385679012345679,61.0,0.18,7826.84,1465.82040347101,6.979884809654099,139.38882486700845,1.0,0.9249382716049382
tfinance,hgb_graph_features,zero_exposure,severe,wcs_rand_deterministic,6,0.018486388504472883,0.17277641277641276,77.3,0.24,7351.28,1347.952970767776,6.96175220732632,139.02727133194108,1.0,0.9031941031941032
tfinance,hgb_graph_features,zero_exposure,severe,wcs_rand_deterministic,7,0.0072854161003837944,0.0631527093596059,28.36,0.08,7653.34,1421.0483221765608,6.986705646609416,139.5248589164229,1.0,0.9054187192118226
tfinance,hgb_graph_features,zero_exposure,severe,wcs_rand_deterministic,8,0.013901585158225664,0.1418811881188119,62.28,0.18,7575.88,1403.38285764892,7.004596924637995,139.88156478118032,1.0,0.9143564356435644
tfinance,hgb_graph_features,zero_exposure,severe,wcs_rand_deterministic,9,0.016303158545843802,0.1688235294117647,74.78,0.22,8228.34,1586.266897681608,7.012508514281073,140.03936566072053,1.0,0.9063725490196077
tfinance,hgb_graph_features,zero_exposure,severe,wcs_rand_homogeneous,0,0.09000157231389695,0.7750990099009901,345.16,1.0,8105.64,1540.7752038507479,6.947073808215952,138.7345276447624,1.0,0.899009900990099
tfinance,hgb_graph_features,zero_exposure,severe,wcs_rand_homogeneous,1,0.08879909156816894,0.7499009900990099,335.42,0.96,7854.34,1470.273882240367,6.949095263925675,138.7748816375075,1.0,0.9084158415841584
tfinance,hgb_graph_features,zero_exposure,severe,wcs_rand_homogeneous,2,0.09162288349702263,0.7491666666666668,338.2,0.98,8290.28,1607.6335037854658,7.020001118031285,140.18870949432926,1.0,0.8946078431372548
tfinance,hgb_graph_features,zero_exposure,severe,wcs_rand_homogeneous,3,0.10940065071207906,0.7551741293532338,344.4,0.98,7784.98,1457.4757579482168,7.013029496867928,140.0497281681657,1.0,0.9059701492537313
tfinance,hgb_graph_features,zero_exposure,severe,wcs_rand_homogeneous,4,0.10378963749692652,0.7747290640394088,352.32,1.0,7881.7,1478.7903898000088,6.9584631705833555,138.96166798454098,1.0,0.8876847290640394
tfinance,hgb_graph_features,zero_exposure,severe,wcs_rand_homogeneous,5,0.1005160697985271,0.7818271604938272,353.88,1.0,7826.84,1465.82040347101,6.979884809654099,139.38882486700845,1.0,0.9249382716049382
tfinance,hgb_graph_features,zero_exposure,severe,wcs_rand_homogeneous,6,0.09514005528856621,0.7604422604422605,344.0,1.0,7351.28,1347.952970767776,6.96175220732632,139.02727133194108,1.0,0.9031941031941032
tfinance,hgb_graph_features,zero_exposure,severe,wcs_rand_homogeneous,7,0.08864464248615711,0.7253694581280788,326.2,0.96,7653.34,1421.0483221765608,6.986705646609416,139.5248589164229,1.0,0.9054187192118226
tfinance,hgb_graph_features,zero_exposure,severe,wcs_rand_homogeneous,8,0.10495861018110986,0.7847524752475248,357.36,0.98,7575.88,1403.38285764892,7.004596924637995,139.88156478118032,1.0,0.9143564356435644
tfinance,hgb_graph_features,zero_exposure,severe,wcs_rand_homogeneous,9,0.10668446400513618,0.7758333333333333,357.8,0.98,8228.34,1586.266897681608,7.012508514281073,140.03936566072053,1.0,0.9063725490196077
tfinance,hgb_graph_features,zero_exposure,severe,weighted_bh,0,0.07876277247646954,0.7565346534653465,332.94,1.0,8105.64,1540.7752038507479,6.947073808215952,138.7345276447624,1.0,0.899009900990099
tfinance,hgb_graph_features,zero_exposure,severe,weighted_bh,1,0.07646421072632609,0.7614851485148515,334.72,1.0,7854.34,1470.273882240367,6.949095263925675,138.7748816375075,1.0,0.9084158415841584
tfinance,hgb_graph_features,zero_exposure,severe,weighted_bh,2,0.08775480238750745,0.7525,337.86,1.0,8290.28,1607.6335037854658,7.020001118031285,140.18870949432926,1.0,0.8946078431372548
tfinance,hgb_graph_features,zero_exposure,severe,weighted_bh,3,0.097180709122522,0.7558208955223882,339.64,1.0,7784.98,1457.4757579482168,7.013029496867928,140.0497281681657,1.0,0.9059701492537313
tfinance,hgb_graph_features,zero_exposure,severe,weighted_bh,4,0.08905027226546945,0.760935960591133,340.32,1.0,7881.7,1478.7903898000088,6.9584631705833555,138.96166798454098,1.0,0.8876847290640394
tfinance,hgb_graph_features,zero_exposure,severe,weighted_bh,5,0.08996056019973782,0.7700740740740741,344.42,1.0,7826.84,1465.82040347101,6.979884809654099,139.38882486700845,1.0,0.9249382716049382
tfinance,hgb_graph_features,zero_exposure,severe,weighted_bh,6,0.08113151412940747,0.7442260442260442,331.52,1.0,7351.28,1347.952970767776,6.96175220732632,139.02727133194108,1.0,0.9031941031941032
tfinance,hgb_graph_features,zero_exposure,severe,weighted_bh,7,0.08045473962139976,0.7328571428571429,325.54,1.0,7653.34,1421.0483221765608,6.986705646609416,139.5248589164229,1.0,0.9054187192118226
tfinance,hgb_graph_features,zero_exposure,severe,weighted_bh,8,0.09724033020190688,0.793069306930693,357.04,1.0,7575.88,1403.38285764892,7.004596924637995,139.88156478118032,1.0,0.9143564356435644
tfinance,hgb_graph_features,zero_exposure,severe,weighted_bh,9,0.09826596788339077,0.7817156862745098,356.28,1.0,8228.34,1586.266897681608,7.012508514281073,140.03936566072053,1.0,0.9063725490196077
tfinance,hgb_graph_features,zero_exposure,severe,weighted_bh_rand,0,0.09005578561013217,0.7775742574257426,346.3,1.0,8105.64,1540.7752038507479,6.947073808215952,138.7345276447624,1.0,0.899009900990099
tfinance,hgb_graph_features,zero_exposure,severe,weighted_bh_rand,1,0.09294441271289097,0.7842079207920792,351.04,1.0,7854.34,1470.273882240367,6.949095263925675,138.7748816375075,1.0,0.9084158415841584
tfinance,hgb_graph_features,zero_exposure,severe,weighted_bh_rand,2,0.0957212430215309,0.7725,349.64,1.0,8290.28,1607.6335037854658,7.020001118031285,140.18870949432926,1.0,0.8946078431372548
tfinance,hgb_graph_features,zero_exposure,severe,weighted_bh_rand,3,0.11088671376710899,0.775820895522388,353.58,1.0,7784.98,1457.4757579482168,7.013029496867928,140.0497281681657,1.0,0.9059701492537313
tfinance,hgb_graph_features,zero_exposure,severe,weighted_bh_rand,4,0.1071707492390004,0.7801970443349754,356.1,1.0,7881.7,1478.7903898000088,6.9584631705833555,138.96166798454098,1.0,0.8876847290640394
tfinance,hgb_graph_features,zero_exposure,severe,weighted_bh_rand,5,0.09943016220780913,0.7853827160493827,355.04,1.0,7826.84,1465.82040347101,6.979884809654099,139.38882486700845,1.0,0.9249382716049382
tfinance,hgb_graph_features,zero_exposure,severe,weighted_bh_rand,6,0.09556953460704232,0.7636363636363636,345.6,1.0,7351.28,1347.952970767776,6.96175220732632,139.02727133194108,1.0,0.9031941031941032
tfinance,hgb_graph_features,zero_exposure,severe,weighted_bh_rand,7,0.090819359598921,0.7619704433497537,341.98,1.0,7653.34,1421.0483221765608,6.986705646609416,139.5248589164229,1.0,0.9054187192118226
tfinance,hgb_graph_features,zero_exposure,severe,weighted_bh_rand,8,0.10666496525825611,0.8013861386138613,364.78,1.0,7575.88,1403.38285764892,7.004596924637995,139.88156478118032,1.0,0.9143564356435644
tfinance,hgb_graph_features,zero_exposure,severe,weighted_bh_rand,9,0.1061930154141223,0.7906372549019608,363.7,1.0,8228.34,1586.266897681608,7.012508514281073,140.03936566072053,1.0,0.9063725490196077
tfinance,hgb_graph_features,zero_exposure,severe,weighted_by,0,0.0,0.0,0.0,0.0,8105.64,1540.7752038507479,6.947073808215952,138.7345276447624,1.0,0.899009900990099
tfinance,hgb_graph_features,zero_exposure,severe,weighted_by,1,0.0,0.0,0.0,0.0,7854.34,1470.273882240367,6.949095263925675,138.7748816375075,1.0,0.9084158415841584
tfinance,hgb_graph_features,zero_exposure,severe,weighted_by,2,0.0,0.0,0.0,0.0,8290.28,1607.6335037854658,7.020001118031285,140.18870949432926,1.0,0.8946078431372548
tfinance,hgb_graph_features,zero_exposure,severe,weighted_by,3,0.0,0.0,0.0,0.0,7784.98,1457.4757579482168,7.013029496867928,140.0497281681657,1.0,0.9059701492537313
tfinance,hgb_graph_features,zero_exposure,severe,weighted_by,4,0.0,0.0,0.0,0.0,7881.7,1478.7903898000088,6.9584631705833555,138.96166798454098,1.0,0.8876847290640394
tfinance,hgb_graph_features,zero_exposure,severe,weighted_by,5,0.0,0.0,0.0,0.0,7826.84,1465.82040347101,6.979884809654099,139.38882486700845,1.0,0.9249382716049382
tfinance,hgb_graph_features,zero_exposure,severe,weighted_by,6,0.0,0.0,0.0,0.0,7351.28,1347.952970767776,6.96175220732632,139.02727133194108,1.0,0.9031941031941032
tfinance,hgb_graph_features,zero_exposure,severe,weighted_by,7,0.0,0.0,0.0,0.0,7653.34,1421.0483221765608,6.986705646609416,139.5248589164229,1.0,0.9054187192118226
tfinance,hgb_graph_features,zero_exposure,severe,weighted_by,8,0.0,0.0,0.0,0.0,7575.88,1403.38285764892,7.004596924637995,139.88156478118032,1.0,0.9143564356435644
tfinance,hgb_graph_features,zero_exposure,severe,weighted_by,9,0.0,0.0,0.0,0.0,8228.34,1586.266897681608,7.012508514281073,140.03936566072053,1.0,0.9063725490196077
weibo_gadbench,hgb_attributes,exposure_80,moderate,equal_alpha,0,0.01689169199720023,0.12202020202020203,25.52,0.22,2290.36,1701.2779532235345,7.440329714101499,37.14320032400263,1.0,0.8434343434343434
weibo_gadbench,hgb_attributes,exposure_80,moderate,equal_alpha,1,0.022332733065078086,0.19630769230769232,41.68,0.28,2310.48,1760.9150297890828,7.46290799652749,37.25570511235233,1.0,0.9394871794871795
weibo_gadbench,hgb_attributes,exposure_80,moderate,equal_alpha,2,0.03664760752785963,0.05210256410256411,11.36,0.18,2318.72,1741.399734087655,7.385607280860899,36.87041045661797,1.0,0.9282051282051281
weibo_gadbench,hgb_attributes,exposure_80,moderate,equal_alpha,3,0.013837393297614449,0.14959595959595962,31.5,0.24,2301.88,1735.2330752635553,7.456585748671578,37.224220955007276,1.0,0.9181818181818181
weibo_gadbench,hgb_attributes,exposure_80,moderate,equal_alpha,4,0.011825345183284996,0.12543589743589745,26.1,0.2,2314.82,1749.5479915452333,7.41945739384775,37.039131411792255,1.0,0.923076923076923
weibo_gadbench,hgb_attributes,exposure_80,moderate,equal_alpha,5,0.014692470724201212,0.2263,47.24,0.36,2290.04,1730.080534664419,7.499402792384461,37.43760315558124,1.0,0.903
weibo_gadbench,hgb_attributes,exposure_80,moderate,equal_alpha,6,0.016998020794301225,0.26518134715025904,53.44,0.42,2296.84,1720.0934787855256,7.444413552525016,37.16352207320474,1.0,0.9284974093264249
weibo_gadbench,hgb_attributes,exposure_80,moderate,equal_alpha,7,0.027393736218410857,0.06928571428571428,14.94,0.16,2301.5,1728.2630852089094,7.44009319880498,37.14199436379053,1.0,0.8693877551020408
weibo_gadbench,hgb_attributes,exposure_80,moderate,equal_alpha,8,0.02203255710767571,0.2250515463917526,47.22,0.32,2308.46,1756.2411919197666,7.463243504795239,37.257373286287795,1.0,0.9515463917525773
weibo_gadbench,hgb_attributes,exposure_80,moderate,equal_alpha,9,0.021485491265983776,0.24285714285714285,50.76,0.36,2314.78,1746.0048539745567,7.412779538695238,37.00584886629256,1.0,0.9244897959183673
weibo_gadbench,hgb_attributes,exposure_80,moderate,pooled_reference,0,0.10977083819394558,0.6824242424242425,152.44,1.0,2290.36,1701.2779532235345,7.440329714101499,37.14320032400263,1.0,0.8434343434343434
weibo_gadbench,hgb_attributes,exposure_80,moderate,pooled_reference,1,0.1282749210927353,0.7127179487179487,159.72,1.0,2310.48,1760.9150297890828,7.46290799652749,37.25570511235233,1.0,0.9394871794871795
weibo_gadbench,hgb_attributes,exposure_80,moderate,pooled_reference,2,0.12976497838370454,0.6920000000000001,155.36,1.0,2318.72,1741.399734087655,7.385607280860899,36.87041045661797,1.0,0.9282051282051281
weibo_gadbench,hgb_attributes,exposure_80,moderate,pooled_reference,3,0.11780653867802016,0.6894949494949495,154.98,1.0,2301.88,1735.2330752635553,7.456585748671578,37.224220955007276,1.0,0.9181818181818181
weibo_gadbench,hgb_attributes,exposure_80,moderate,pooled_reference,4,0.10732871535242719,0.7043076923076923,154.1,1.0,2314.82,1749.5479915452333,7.41945739384775,37.039131411792255,1.0,0.923076923076923
weibo_gadbench,hgb_attributes,exposure_80,moderate,pooled_reference,5,0.11922003541201134,0.7331,166.86,1.0,2290.04,1730.080534664419,7.499402792384461,37.43760315558124,1.0,0.903
weibo_gadbench,hgb_attributes,exposure_80,moderate,pooled_reference,6,0.12969454895959712,0.6649740932642487,148.02,1.0,2296.84,1720.0934787855256,7.444413552525016,37.16352207320474,1.0,0.9284974093264249
weibo_gadbench,hgb_attributes,exposure_80,moderate,pooled_reference,7,0.12185262424145922,0.6927551020408163,155.28,1.0,2301.5,1728.2630852089094,7.44009319880498,37.14199436379053,1.0,0.8693877551020408
weibo_gadbench,hgb_attributes,exposure_80,moderate,pooled_reference,8,0.12810037836913424,0.7614432989690723,170.06,1.0,2308.46,1756.2411919197666,7.463243504795239,37.257373286287795,1.0,0.9515463917525773
weibo_gadbench,hgb_attributes,exposure_80,moderate,pooled_reference,9,0.11059637541581456,0.7133673469387755,157.42,1.0,2314.78,1746.0048539745567,7.412779538695238,37.00584886629256,1.0,0.9244897959183673
weibo_gadbench,hgb_attributes,exposure_80,moderate,pooled_stratum,0,0.03844142785319256,0.008282828282828282,2.18,0.18,2290.36,1701.2779532235345,7.440329714101499,37.14320032400263,1.0,0.8434343434343434
weibo_gadbench,hgb_attributes,exposure_80,moderate,pooled_stratum,1,0.0,0.0,0.0,0.0,2310.48,1760.9150297890828,7.46290799652749,37.25570511235233,1.0,0.9394871794871795
weibo_gadbench,hgb_attributes,exposure_80,moderate,pooled_stratum,2,0.062431372549019606,0.028307692307692308,6.48,0.56,2318.72,1741.399734087655,7.385607280860899,36.87041045661797,1.0,0.9282051282051281
weibo_gadbench,hgb_attributes,exposure_80,moderate,pooled_stratum,3,0.01,0.0006060606060606061,0.24,0.02,2301.88,1735.2330752635553,7.456585748671578,37.224220955007276,1.0,0.9181818181818181
weibo_gadbench,hgb_attributes,exposure_80,moderate,pooled_stratum,4,0.0044444444444444444,0.0007179487179487179,0.18,0.02,2314.82,1749.5479915452333,7.41945739384775,37.039131411792255,1.0,0.923076923076923
weibo_gadbench,hgb_attributes,exposure_80,moderate,pooled_stratum,5,0.0,0.0,0.0,0.0,2290.04,1730.080534664419,7.499402792384461,37.43760315558124,1.0,0.903
weibo_gadbench,hgb_attributes,exposure_80,moderate,pooled_stratum,6,0.0,0.0,0.0,0.0,2296.84,1720.0934787855256,7.444413552525016,37.16352207320474,1.0,0.9284974093264249
weibo_gadbench,hgb_attributes,exposure_80,moderate,pooled_stratum,7,0.04972058488467157,0.013367346938775511,3.6,0.2,2301.5,1728.2630852089094,7.44009319880498,37.14199436379053,1.0,0.8693877551020408
weibo_gadbench,hgb_attributes,exposure_80,moderate,pooled_stratum,8,0.07111111111111111,0.00731958762886598,2.1,0.22,2308.46,1756.2411919197666,7.463243504795239,37.257373286287795,1.0,0.9515463917525773
weibo_gadbench,hgb_attributes,exposure_80,moderate,pooled_stratum,9,0.006666666666666666,0.0008163265306122448,0.24,0.02,2314.78,1746.0048539745567,7.412779538695238,37.00584886629256,1.0,0.9244897959183673
weibo_gadbench,hgb_attributes,exposure_80,moderate,size_alpha,0,0.03844142785319256,0.008282828282828282,2.18,0.18,2290.36,1701.2779532235345,7.440329714101499,37.14320032400263,1.0,0.8434343434343434
weibo_gadbench,hgb_attributes,exposure_80,moderate,size_alpha,1,0.0,0.0,0.0,0.0,2310.48,1760.9150297890828,7.46290799652749,37.25570511235233,1.0,0.9394871794871795
weibo_gadbench,hgb_attributes,exposure_80,moderate,size_alpha,2,0.062431372549019606,0.028307692307692308,6.48,0.56,2318.72,1741.399734087655,7.385607280860899,36.87041045661797,1.0,0.9282051282051281
weibo_gadbench,hgb_attributes,exposure_80,moderate,size_alpha,3,0.01,0.0006060606060606061,0.24,0.02,2301.88,1735.2330752635553,7.456585748671578,37.224220955007276,1.0,0.9181818181818181
weibo_gadbench,hgb_attributes,exposure_80,moderate,size_alpha,4,0.0044444444444444444,0.0007179487179487179,0.18,0.02,2314.82,1749.5479915452333,7.41945739384775,37.039131411792255,1.0,0.923076923076923
weibo_gadbench,hgb_attributes,exposure_80,moderate,size_alpha,5,0.0,0.0,0.0,0.0,2290.04,1730.080534664419,7.499402792384461,37.43760315558124,1.0,0.903
weibo_gadbench,hgb_attributes,exposure_80,moderate,size_alpha,6,0.0,0.0,0.0,0.0,2296.84,1720.0934787855256,7.444413552525016,37.16352207320474,1.0,0.9284974093264249
weibo_gadbench,hgb_attributes,exposure_80,moderate,size_alpha,7,0.04972058488467157,0.013367346938775511,3.6,0.2,2301.5,1728.2630852089094,7.44009319880498,37.14199436379053,1.0,0.8693877551020408
weibo_gadbench,hgb_attributes,exposure_80,moderate,size_alpha,8,0.07111111111111111,0.00731958762886598,2.1,0.22,2308.46,1756.2411919197666,7.463243504795239,37.257373286287795,1.0,0.9515463917525773
weibo_gadbench,hgb_attributes,exposure_80,moderate,size_alpha,9,0.006666666666666666,0.0008163265306122448,0.24,0.02,2314.78,1746.0048539745567,7.412779538695238,37.00584886629256,1.0,0.9244897959183673
weibo_gadbench,hgb_attributes,exposure_80,moderate,wcs_deterministic,0,0.0039678401785513285,0.04707070707070707,9.88,0.08,2290.36,1701.2779532235345,7.440329714101499,37.14320032400263,1.0,0.8434343434343434
weibo_gadbench,hgb_attributes,exposure_80,moderate,wcs_deterministic,1,0.009804672744717588,0.08369230769230769,17.56,0.14,2310.48,1760.9150297890828,7.46290799652749,37.25570511235233,1.0,0.9394871794871795
weibo_gadbench,hgb_attributes,exposure_80,moderate,wcs_deterministic,2,0.022741699177500126,0.15825641025641027,33.8,0.28,2318.72,1741.399734087655,7.385607280860899,36.87041045661797,1.0,0.9282051282051281
weibo_gadbench,hgb_attributes,exposure_80,moderate,wcs_deterministic,3,0.015806208633724263,0.11272727272727273,24.54,0.18,2301.88,1735.2330752635553,7.456585748671578,37.224220955007276,1.0,0.9181818181818181
weibo_gadbench,hgb_attributes,exposure_80,moderate,wcs_deterministic,4,0.01008234949061551,0.07866666666666666,16.76,0.12,2314.82,1749.5479915452333,7.41945739384775,37.039131411792255,1.0,0.923076923076923
weibo_gadbench,hgb_attributes,exposure_80,moderate,wcs_deterministic,5,0.016856684133633695,0.11359999999999999,25.5,0.16,2290.04,1730.080534664419,7.499402792384461,37.43760315558124,1.0,0.903
weibo_gadbench,hgb_attributes,exposure_80,moderate,wcs_deterministic,6,0.017055164977457606,0.10331606217616579,22.52,0.16,2296.84,1720.0934787855256,7.444413552525016,37.16352207320474,1.0,0.9284974093264249
weibo_gadbench,hgb_attributes,exposure_80,moderate,wcs_deterministic,7,0.008575644802489202,0.06642857142857142,14.28,0.12,2301.5,1728.2630852089094,7.44009319880498,37.14199436379053,1.0,0.8693877551020408
weibo_gadbench,hgb_attributes,exposure_80,moderate,wcs_deterministic,8,0.020425468247567132,0.16257731958762886,34.8,0.24,2308.46,1756.2411919197666,7.463243504795239,37.257373286287795,1.0,0.9515463917525773
weibo_gadbench,hgb_attributes,exposure_80,moderate,wcs_deterministic,9,0.014503575761686363,0.13357142857142856,28.26,0.2,2314.78,1746.0048539745567,7.412779538695238,37.00584886629256,1.0,0.9244897959183673
weibo_gadbench,hgb_attributes,exposure_80,moderate,wcs_homogeneous,0,0.08170898856591662,0.5462626262626263,119.68,0.94,2290.36,1701.2779532235345,7.440329714101499,37.14320032400263,1.0,0.8434343434343434
weibo_gadbench,hgb_attributes,exposure_80,moderate,wcs_homogeneous,1,0.09370787374899535,0.6253333333333333,135.3,0.98,2310.48,1760.9150297890828,7.46290799652749,37.25570511235233,1.0,0.9394871794871795
weibo_gadbench,hgb_attributes,exposure_80,moderate,wcs_homogeneous,2,0.08343366654789146,0.5338461538461539,114.96,0.98,2318.72,1741.399734087655,7.385607280860899,36.87041045661797,1.0,0.9282051282051281
weibo_gadbench,hgb_attributes,exposure_80,moderate,wcs_homogeneous,3,0.08741540193556212,0.6058585858585859,132.06,0.98,2301.88,1735.2330752635553,7.456585748671578,37.224220955007276,1.0,0.9181818181818181
weibo_gadbench,hgb_attributes,exposure_80,moderate,wcs_homogeneous,4,0.08200064284432473,0.630051282051282,134.22,1.0,2314.82,1749.5479915452333,7.41945739384775,37.039131411792255,1.0,0.923076923076923
weibo_gadbench,hgb_attributes,exposure_80,moderate,wcs_homogeneous,5,0.08728233048239538,0.6487,143.06,0.96,2290.04,1730.080534664419,7.499402792384461,37.43760315558124,1.0,0.903
weibo_gadbench,hgb_attributes,exposure_80,moderate,wcs_homogeneous,6,0.10757573993780074,0.6305699481865285,137.02,1.0,2296.84,1720.0934787855256,7.444413552525016,37.16352207320474,1.0,0.9284974093264249
weibo_gadbench,hgb_attributes,exposure_80,moderate,wcs_homogeneous,7,0.09708853892619633,0.5798979591836735,127.56,0.96,2301.5,1728.2630852089094,7.44009319880498,37.14199436379053,1.0,0.8693877551020408
weibo_gadbench,hgb_attributes,exposure_80,moderate,wcs_homogeneous,8,0.09652009052644493,0.6735051546391753,146.02,0.98,2308.46,1756.2411919197666,7.463243504795239,37.257373286287795,1.0,0.9515463917525773
weibo_gadbench,hgb_attributes,exposure_80,moderate,wcs_homogeneous,9,0.08437347992600172,0.6655102040816326,143.08,0.98,2314.78,1746.0048539745567,7.412779538695238,37.00584886629256,1.0,0.9244897959183673
weibo_gadbench,hgb_attributes,exposure_80,moderate,wcs_rand_deterministic,0,0.01733046731437138,0.13242424242424242,28.78,0.22,2290.36,1701.2779532235345,7.440329714101499,37.14320032400263,1.0,0.8434343434343434
weibo_gadbench,hgb_attributes,exposure_80,moderate,wcs_rand_deterministic,1,0.016828572305134463,0.14697435897435898,30.9,0.24,2310.48,1760.9150297890828,7.46290799652749,37.25570511235233,1.0,0.9394871794871795
weibo_gadbench,hgb_attributes,exposure_80,moderate,wcs_rand_deterministic,2,0.029973896579564698,0.1998974358974359,42.76,0.36,2318.72,1741.399734087655,7.385607280860899,36.87041045661797,1.0,0.9282051282051281
weibo_gadbench,hgb_attributes,exposure_80,moderate,wcs_rand_deterministic,3,0.036033855899767195,0.2546464646464646,55.54,0.4,2301.88,1735.2330752635553,7.456585748671578,37.224220955007276,1.0,0.9181818181818181
weibo_gadbench,hgb_attributes,exposure_80,moderate,wcs_rand_deterministic,4,0.02047335900196458,0.17046153846153847,36.12,0.26,2314.82,1749.5479915452333,7.41945739384775,37.039131411792255,1.0,0.923076923076923
weibo_gadbench,hgb_attributes,exposure_80,moderate,wcs_rand_deterministic,5,0.026884768545524004,0.1826,40.86,0.26,2290.04,1730.080534664419,7.499402792384461,37.43760315558124,1.0,0.903
weibo_gadbench,hgb_attributes,exposure_80,moderate,wcs_rand_deterministic,6,0.024493090199229475,0.14300518134715026,31.3,0.22,2296.84,1720.0934787855256,7.444413552525016,37.16352207320474,1.0,0.9284974093264249
weibo_gadbench,hgb_attributes,exposure_80,moderate,wcs_rand_deterministic,7,0.02118670093878058,0.15326530612244899,33.22,0.26,2301.5,1728.2630852089094,7.44009319880498,37.14199436379053,1.0,0.8693877551020408
weibo_gadbench,hgb_attributes,exposure_80,moderate,wcs_rand_deterministic,8,0.029834099247707364,0.23505154639175255,50.34,0.34,2308.46,1756.2411919197666,7.463243504795239,37.257373286287795,1.0,0.9515463917525773
weibo_gadbench,hgb_attributes,exposure_80,moderate,wcs_rand_deterministic,9,0.02750902992781655,0.22948979591836735,49.02,0.34,2314.78,1746.0048539745567,7.412779538695238,37.00584886629256,1.0,0.9244897959183673
weibo_gadbench,hgb_attributes,exposure_80,moderate,wcs_rand_homogeneous,0,0.08558363170741874,0.5811111111111111,127.46,0.96,2290.36,1701.2779532235345,7.440329714101499,37.14320032400263,1.0,0.8434343434343434
weibo_gadbench,hgb_attributes,exposure_80,moderate,wcs_rand_homogeneous,1,0.09803833803501096,0.6429743589743591,139.86,0.98,2310.48,1760.9150297890828,7.46290799652749,37.25570511235233,1.0,0.9394871794871795
weibo_gadbench,hgb_attributes,exposure_80,moderate,wcs_rand_homogeneous,2,0.08694459805592368,0.5632820512820512,121.5,1.0,2318.72,1741.399734087655,7.385607280860899,36.87041045661797,1.0,0.9282051282051281
weibo_gadbench,hgb_attributes,exposure_80,moderate,wcs_rand_homogeneous,3,0.08791833424832753,0.6235353535353536,136.06,0.98,2301.88,1735.2330752635553,7.456585748671578,37.224220955007276,1.0,0.9181818181818181
weibo_gadbench,hgb_attributes,exposure_80,moderate,wcs_rand_homogeneous,4,0.08491568974799454,0.649948717948718,138.88,1.0,2314.82,1749.5479915452333,7.41945739384775,37.039131411792255,1.0,0.923076923076923
weibo_gadbench,hgb_attributes,exposure_80,moderate,wcs_rand_homogeneous,5,0.09561148929054829,0.6912,153.2,1.0,2290.04,1730.080534664419,7.499402792384461,37.43760315558124,1.0,0.903
weibo_gadbench,hgb_attributes,exposure_80,moderate,wcs_rand_homogeneous,6,0.11327556222920716,0.6413471502590673,140.2,1.0,2296.84,1720.0934787855256,7.444413552525016,37.16352207320474,1.0,0.9284974093264249
weibo_gadbench,hgb_attributes,exposure_80,moderate,wcs_rand_homogeneous,7,0.10125886442328995,0.6161224489795919,135.8,0.98,2301.5,1728.2630852089094,7.44009319880498,37.14199436379053,1.0,0.8693877551020408
weibo_gadbench,hgb_attributes,exposure_80,moderate,wcs_rand_homogeneous,8,0.10101471633683685,0.6895876288659794,150.06,0.98,2308.46,1756.2411919197666,7.463243504795239,37.257373286287795,1.0,0.9515463917525773
weibo_gadbench,hgb_attributes,exposure_80,moderate,wcs_rand_homogeneous,9,0.0871071212577152,0.6761224489795918,145.84,0.98,2314.78,1746.0048539745567,7.412779538695238,37.00584886629256,1.0,0.9244897959183673
weibo_gadbench,hgb_attributes,exposure_80,moderate,weighted_bh,0,0.0862343602916111,0.5855555555555556,128.04,1.0,2290.36,1701.2779532235345,7.440329714101499,37.14320032400263,1.0,0.8434343434343434
weibo_gadbench,hgb_attributes,exposure_80,moderate,weighted_bh,1,0.09035524874514426,0.638974358974359,137.44,1.0,2310.48,1760.9150297890828,7.46290799652749,37.25570511235233,1.0,0.9394871794871795
weibo_gadbench,hgb_attributes,exposure_80,moderate,weighted_bh,2,0.08150214486938256,0.5448205128205128,116.8,1.0,2318.72,1741.399734087655,7.385607280860899,36.87041045661797,1.0,0.9282051282051281
weibo_gadbench,hgb_attributes,exposure_80,moderate,weighted_bh,3,0.08243547726997978,0.6112121212121212,132.54,0.98,2301.88,1735.2330752635553,7.456585748671578,37.224220955007276,1.0,0.9181818181818181
weibo_gadbench,hgb_attributes,exposure_80,moderate,weighted_bh,4,0.07983688578821217,0.634051282051282,134.82,1.0,2314.82,1749.5479915452333,7.41945739384775,37.039131411792255,1.0,0.923076923076923
weibo_gadbench,hgb_attributes,exposure_80,moderate,weighted_bh,5,0.08715657479063027,0.6779000000000001,148.94,1.0,2290.04,1730.080534664419,7.499402792384461,37.43760315558124,1.0,0.903
weibo_gadbench,hgb_attributes,exposure_80,moderate,weighted_bh,6,0.10518555176788194,0.6338860103626943,137.34,1.0,2296.84,1720.0934787855256,7.444413552525016,37.16352207320474,1.0,0.9284974093264249
weibo_gadbench,hgb_attributes,exposure_80,moderate,weighted_bh,7,0.0936925229270665,0.6047959183673469,132.02,1.0,2301.5,1728.2630852089094,7.44009319880498,37.14199436379053,1.0,0.8693877551020408
weibo_gadbench,hgb_attributes,exposure_80,moderate,weighted_bh,8,0.09496910410741087,0.6883505154639176,148.64,1.0,2308.46,1756.2411919197666,7.463243504795239,37.257373286287795,1.0,0.9515463917525773
weibo_gadbench,hgb_attributes,exposure_80,moderate,weighted_bh,9,0.08316846502122484,0.6807142857142857,145.86,1.0,2314.78,1746.0048539745567,7.412779538695238,37.00584886629256,1.0,0.9244897959183673
weibo_gadbench,hgb_attributes,exposure_80,moderate,weighted_bh_rand,0,0.0903078307471693,0.609090909090909,133.72,1.0,2290.36,1701.2779532235345,7.440329714101499,37.14320032400263,1.0,0.8434343434343434
weibo_gadbench,hgb_attributes,exposure_80,moderate,weighted_bh_rand,1,0.09753985687907955,0.659897435897436,143.14,1.0,2310.48,1760.9150297890828,7.46290799652749,37.25570511235233,1.0,0.9394871794871795
weibo_gadbench,hgb_attributes,exposure_80,moderate,weighted_bh_rand,2,0.08547292260420054,0.565025641025641,121.7,1.0,2318.72,1741.399734087655,7.385607280860899,36.87041045661797,1.0,0.9282051282051281
weibo_gadbench,hgb_attributes,exposure_80,moderate,weighted_bh_rand,3,0.08607829790605573,0.6292929292929292,136.96,1.0,2301.88,1735.2330752635553,7.456585748671578,37.224220955007276,1.0,0.9181818181818181
weibo_gadbench,hgb_attributes,exposure_80,moderate,weighted_bh_rand,4,0.08394638195021807,0.6524102564102564,139.3,1.0,2314.82,1749.5479915452333,7.41945739384775,37.039131411792255,1.0,0.923076923076923
weibo_gadbench,hgb_attributes,exposure_80,moderate,weighted_bh_rand,5,0.09381620069986704,0.6920999999999999,153.1,1.0,2290.04,1730.080534664419,7.499402792384461,37.43760315558124,1.0,0.903
weibo_gadbench,hgb_attributes,exposure_80,moderate,weighted_bh_rand,6,0.11001978713391349,0.6432124352331605,140.14,1.0,2296.84,1720.0934787855256,7.444413552525016,37.16352207320474,1.0,0.9284974093264249
weibo_gadbench,hgb_attributes,exposure_80,moderate,weighted_bh_rand,7,0.09924800953314188,0.6309183673469387,138.48,1.0,2301.5,1728.2630852089094,7.44009319880498,37.14199436379053,1.0,0.8693877551020408
weibo_gadbench,hgb_attributes,exposure_80,moderate,weighted_bh_rand,8,0.10042478855007801,0.7094845360824742,153.88,1.0,2308.46,1756.2411919197666,7.463243504795239,37.257373286287795,1.0,0.9515463917525773
weibo_gadbench,hgb_attributes,exposure_80,moderate,weighted_bh_rand,9,0.08741682529005221,0.6903061224489795,148.64,1.0,2314.78,1746.0048539745567,7.412779538695238,37.00584886629256,1.0,0.9244897959183673
weibo_gadbench,hgb_attributes,exposure_80,moderate,weighted_by,0,0.0,0.0,0.0,0.0,2290.36,1701.2779532235345,7.440329714101499,37.14320032400263,1.0,0.8434343434343434
weibo_gadbench,hgb_attributes,exposure_80,moderate,weighted_by,1,0.0,0.0,0.0,0.0,2310.48,1760.9150297890828,7.46290799652749,37.25570511235233,1.0,0.9394871794871795
weibo_gadbench,hgb_attributes,exposure_80,moderate,weighted_by,2,0.0,0.0,0.0,0.0,2318.72,1741.399734087655,7.385607280860899,36.87041045661797,1.0,0.9282051282051281
weibo_gadbench,hgb_attributes,exposure_80,moderate,weighted_by,3,0.0,0.0,0.0,0.0,2301.88,1735.2330752635553,7.456585748671578,37.224220955007276,1.0,0.9181818181818181
weibo_gadbench,hgb_attributes,exposure_80,moderate,weighted_by,4,0.0,0.0,0.0,0.0,2314.82,1749.5479915452333,7.41945739384775,37.039131411792255,1.0,0.923076923076923
weibo_gadbench,hgb_attributes,exposure_80,moderate,weighted_by,5,0.0,0.0,0.0,0.0,2290.04,1730.080534664419,7.499402792384461,37.43760315558124,1.0,0.903
weibo_gadbench,hgb_attributes,exposure_80,moderate,weighted_by,6,0.0,0.0,0.0,0.0,2296.84,1720.0934787855256,7.444413552525016,37.16352207320474,1.0,0.9284974093264249
weibo_gadbench,hgb_attributes,exposure_80,moderate,weighted_by,7,0.0,0.0,0.0,0.0,2301.5,1728.2630852089094,7.44009319880498,37.14199436379053,1.0,0.8693877551020408
weibo_gadbench,hgb_attributes,exposure_80,moderate,weighted_by,8,0.0,0.0,0.0,0.0,2308.46,1756.2411919197666,7.463243504795239,37.257373286287795,1.0,0.9515463917525773
weibo_gadbench,hgb_attributes,exposure_80,moderate,weighted_by,9,0.0,0.0,0.0,0.0,2314.78,1746.0048539745567,7.412779538695238,37.00584886629256,1.0,0.9244897959183673
weibo_gadbench,hgb_attributes,exposure_80,neutral,equal_alpha,0,0.0317059122136172,0.5177777777777778,106.14,1.0,2542.74,2542.74,7.439050556098595,7.439050556098595,1.0,0.8434343434343434
weibo_gadbench,hgb_attributes,exposure_80,neutral,equal_alpha,1,0.03417694217063103,0.5802051282051282,117.34,1.0,2540.36,2540.36,7.442352224682518,7.442352224682518,1.0,0.9394871794871795
weibo_gadbench,hgb_attributes,exposure_80,neutral,equal_alpha,2,0.03371631580382719,0.35600000000000004,72.18,1.0,2555.28,2555.28,7.398679993587697,7.398679993587697,1.0,0.9282051282051281
weibo_gadbench,hgb_attributes,exposure_80,neutral,equal_alpha,3,0.028318361403409306,0.5223232323232323,106.8,1.0,2536.74,2536.74,7.456812776362,7.456812776362,1.0,0.9181818181818181
weibo_gadbench,hgb_attributes,exposure_80,neutral,equal_alpha,4,0.03870269158600337,0.5568205128205128,113.1,1.0,2554.2,2554.2,7.402040096295383,7.402040096295383,1.0,0.923076923076923
weibo_gadbench,hgb_attributes,exposure_80,neutral,equal_alpha,5,0.03148818207844542,0.5999,123.98,1.0,2525.08,2525.08,7.487294616493954,7.487294616493954,1.0,0.903
weibo_gadbench,hgb_attributes,exposure_80,neutral,equal_alpha,6,0.024592548580657167,0.6065284974093265,120.08,1.0,2536.04,2536.04,7.454961260627589,7.454961260627589,1.0,0.9284974093264249
weibo_gadbench,hgb_attributes,exposure_80,neutral,equal_alpha,7,0.0273887495400213,0.4837755102040816,97.7,1.0,2545.72,2545.72,7.426139909118375,7.426139909118375,1.0,0.8693877551020408
weibo_gadbench,hgb_attributes,exposure_80,neutral,equal_alpha,8,0.03565513574186054,0.5217525773195877,105.4,1.0,2539.0,2539.0,7.446439642785763,7.446439642785763,1.0,0.9515463917525773
weibo_gadbench,hgb_attributes,exposure_80,neutral,equal_alpha,9,0.03843176675755725,0.6222448979591837,127.0,1.0,2550.76,2550.76,7.412083627922109,7.412083627922109,1.0,0.9244897959183673
weibo_gadbench,hgb_attributes,exposure_80,neutral,pooled_reference,0,0.0919577845508852,0.6423232323232324,140.58,1.0,2542.74,2542.74,7.439050556098595,7.439050556098595,1.0,0.8434343434343434
weibo_gadbench,hgb_attributes,exposure_80,neutral,pooled_reference,1,0.0938426213103511,0.6530256410256411,140.8,1.0,2540.36,2540.36,7.442352224682518,7.442352224682518,1.0,0.9394871794871795
weibo_gadbench,hgb_attributes,exposure_80,neutral,pooled_reference,2,0.08588328822173492,0.5744615384615385,122.98,1.0,2555.28,2555.28,7.398679993587697,7.398679993587697,1.0,0.9282051282051281
weibo_gadbench,hgb_attributes,exposure_80,neutral,pooled_reference,3,0.08963261978858476,0.6571717171717172,143.08,1.0,2536.74,2536.74,7.456812776362,7.456812776362,1.0,0.9181818181818181
weibo_gadbench,hgb_attributes,exposure_80,neutral,pooled_reference,4,0.0853430278508388,0.6776410256410256,144.58,1.0,2554.2,2554.2,7.402040096295383,7.402040096295383,1.0,0.923076923076923
weibo_gadbench,hgb_attributes,exposure_80,neutral,pooled_reference,5,0.08862846987445909,0.6981,153.38,1.0,2525.08,2525.08,7.487294616493954,7.487294616493954,1.0,0.903
weibo_gadbench,hgb_attributes,exposure_80,neutral,pooled_reference,6,0.10508009108800097,0.6470466321243523,139.72,1.0,2536.04,2536.04,7.454961260627589,7.454961260627589,1.0,0.9284974093264249
weibo_gadbench,hgb_attributes,exposure_80,neutral,pooled_reference,7,0.09738806457735057,0.6433673469387755,140.16,1.0,2545.72,2545.72,7.426139909118375,7.426139909118375,1.0,0.8693877551020408
weibo_gadbench,hgb_attributes,exposure_80,neutral,pooled_reference,8,0.09729729972827071,0.7221649484536082,155.64,1.0,2539.0,2539.0,7.446439642785763,7.446439642785763,1.0,0.9515463917525773
weibo_gadbench,hgb_attributes,exposure_80,neutral,pooled_reference,9,0.09255417126404106,0.6979591836734694,150.98,1.0,2550.76,2550.76,7.412083627922109,7.412083627922109,1.0,0.9244897959183673
weibo_gadbench,hgb_attributes,exposure_80,neutral,pooled_stratum,0,0.08420136424844818,0.4737373737373738,102.98,1.0,2542.74,2542.74,7.439050556098595,7.439050556098595,1.0,0.8434343434343434
weibo_gadbench,hgb_attributes,exposure_80,neutral,pooled_stratum,1,0.08047510571905979,0.5035897435897436,107.16,1.0,2540.36,2540.36,7.442352224682518,7.442352224682518,1.0,0.9394871794871795
weibo_gadbench,hgb_attributes,exposure_80,neutral,pooled_stratum,2,0.07777694035463897,0.31856410256410256,68.08,0.9,2555.28,2555.28,7.398679993587697,7.398679993587697,1.0,0.9282051282051281
weibo_gadbench,hgb_attributes,exposure_80,neutral,pooled_stratum,3,0.059843260520495066,0.32878787878787874,71.26,0.7,2536.74,2536.74,7.456812776362,7.456812776362,1.0,0.9181818181818181
weibo_gadbench,hgb_attributes,exposure_80,neutral,pooled_stratum,4,0.05482329648082969,0.32964102564102565,69.92,0.72,2554.2,2554.2,7.402040096295383,7.402040096295383,1.0,0.923076923076923
weibo_gadbench,hgb_attributes,exposure_80,neutral,pooled_stratum,5,0.09070085404942282,0.5668,125.12,1.0,2525.08,2525.08,7.487294616493954,7.487294616493954,1.0,0.903
weibo_gadbench,hgb_attributes,exposure_80,neutral,pooled_stratum,6,0.10569856714904954,0.5567875647668393,120.56,1.0,2536.04,2536.04,7.454961260627589,7.454961260627589,1.0,0.9284974093264249
weibo_gadbench,hgb_attributes,exposure_80,neutral,pooled_stratum,7,0.09931293354236419,0.41357142857142853,90.3,0.98,2545.72,2545.72,7.426139909118375,7.426139909118375,1.0,0.8693877551020408
weibo_gadbench,hgb_attributes,exposure_80,neutral,pooled_stratum,8,0.07185785320308401,0.31556701030927836,68.42,0.72,2539.0,2539.0,7.446439642785763,7.446439642785763,1.0,0.9515463917525773
weibo_gadbench,hgb_attributes,exposure_80,neutral,pooled_stratum,9,0.08060516139981264,0.523061224489796,111.72,1.0,2550.76,2550.76,7.412083627922109,7.412083627922109,1.0,0.9244897959183673
weibo_gadbench,hgb_attributes,exposure_80,neutral,size_alpha,0,0.007349712961167491,0.3856565656565657,77.0,1.0,2542.74,2542.74,7.439050556098595,7.439050556098595,1.0,0.8434343434343434
weibo_gadbench,hgb_attributes,exposure_80,neutral,size_alpha,1,0.008869593478745661,0.4463589743589743,87.96,0.96,2540.36,2540.36,7.442352224682518,7.442352224682518,1.0,0.9394871794871795
weibo_gadbench,hgb_attributes,exposure_80,neutral,size_alpha,2,0.052097492717267435,0.14964102564102563,30.52,0.64,2555.28,2555.28,7.398679993587697,7.398679993587697,1.0,0.9282051282051281
weibo_gadbench,hgb_attributes,exposure_80,neutral,size_alpha,3,0.010690139293561383,0.27797979797979794,56.0,0.68,2536.74,2536.74,7.456812776362,7.456812776362,1.0,0.9181818181818181
weibo_gadbench,hgb_attributes,exposure_80,neutral,size_alpha,4,0.013242277218151608,0.27394871794871795,54.62,0.62,2554.2,2554.2,7.402040096295383,7.402040096295383,1.0,0.923076923076923
weibo_gadbench,hgb_attributes,exposure_80,neutral,size_alpha,5,0.012661745834495015,0.4863,98.64,1.0,2525.08,2525.08,7.487294616493954,7.487294616493954,1.0,0.903
weibo_gadbench,hgb_attributes,exposure_80,neutral,size_alpha,6,0.006422239992611345,0.5183419689119171,100.7,1.0,2536.04,2536.04,7.454961260627589,7.454961260627589,1.0,0.9284974093264249
weibo_gadbench,hgb_attributes,exposure_80,neutral,size_alpha,7,0.040330398264479754,0.19346938775510203,39.22,0.54,2545.72,2545.72,7.426139909118375,7.426139909118375,1.0,0.8693877551020408
weibo_gadbench,hgb_attributes,exposure_80,neutral,size_alpha,8,0.02114464197537729,0.20855670103092783,42.56,0.46,2539.0,2539.0,7.446439642785763,7.446439642785763,1.0,0.9515463917525773
weibo_gadbench,hgb_attributes,exposure_80,neutral,size_alpha,9,0.011373239964760149,0.47806122448979593,94.88,1.0,2550.76,2550.76,7.412083627922109,7.412083627922109,1.0,0.9244897959183673
weibo_gadbench,hgb_attributes,exposure_80,neutral,wcs_deterministic,0,0.0919577845508852,0.6423232323232324,140.58,1.0,2542.74,2542.74,7.439050556098595,7.439050556098595,1.0,0.8434343434343434
weibo_gadbench,hgb_attributes,exposure_80,neutral,wcs_deterministic,1,0.0938426213103511,0.6530256410256411,140.8,1.0,2540.36,2540.36,7.442352224682518,7.442352224682518,1.0,0.9394871794871795
weibo_gadbench,hgb_attributes,exposure_80,neutral,wcs_deterministic,2,0.08588328822173492,0.5744615384615385,122.98,1.0,2555.28,2555.28,7.398679993587697,7.398679993587697,1.0,0.9282051282051281
weibo_gadbench,hgb_attributes,exposure_80,neutral,wcs_deterministic,3,0.08963261978858476,0.6571717171717172,143.08,1.0,2536.74,2536.74,7.456812776362,7.456812776362,1.0,0.9181818181818181
weibo_gadbench,hgb_attributes,exposure_80,neutral,wcs_deterministic,4,0.0853430278508388,0.6776410256410256,144.58,1.0,2554.2,2554.2,7.402040096295383,7.402040096295383,1.0,0.923076923076923
weibo_gadbench,hgb_attributes,exposure_80,neutral,wcs_deterministic,5,0.08862846987445909,0.6981,153.38,1.0,2525.08,2525.08,7.487294616493954,7.487294616493954,1.0,0.903
weibo_gadbench,hgb_attributes,exposure_80,neutral,wcs_deterministic,6,0.10508009108800097,0.6470466321243523,139.72,1.0,2536.04,2536.04,7.454961260627589,7.454961260627589,1.0,0.9284974093264249
weibo_gadbench,hgb_attributes,exposure_80,neutral,wcs_deterministic,7,0.09738806457735057,0.6433673469387755,140.16,1.0,2545.72,2545.72,7.426139909118375,7.426139909118375,1.0,0.8693877551020408
weibo_gadbench,hgb_attributes,exposure_80,neutral,wcs_deterministic,8,0.09729729972827071,0.7221649484536082,155.64,1.0,2539.0,2539.0,7.446439642785763,7.446439642785763,1.0,0.9515463917525773
weibo_gadbench,hgb_attributes,exposure_80,neutral,wcs_deterministic,9,0.09255417126404106,0.6979591836734694,150.98,1.0,2550.76,2550.76,7.412083627922109,7.412083627922109,1.0,0.9244897959183673
weibo_gadbench,hgb_attributes,exposure_80,neutral,wcs_homogeneous,0,0.0919577845508852,0.6423232323232324,140.58,1.0,2542.74,2542.74,7.439050556098595,7.439050556098595,1.0,0.8434343434343434
weibo_gadbench,hgb_attributes,exposure_80,neutral,wcs_homogeneous,1,0.0938426213103511,0.6530256410256411,140.8,1.0,2540.36,2540.36,7.442352224682518,7.442352224682518,1.0,0.9394871794871795
weibo_gadbench,hgb_attributes,exposure_80,neutral,wcs_homogeneous,2,0.08588328822173492,0.5744615384615385,122.98,1.0,2555.28,2555.28,7.398679993587697,7.398679993587697,1.0,0.9282051282051281
weibo_gadbench,hgb_attributes,exposure_80,neutral,wcs_homogeneous,3,0.08963261978858476,0.6571717171717172,143.08,1.0,2536.74,2536.74,7.456812776362,7.456812776362,1.0,0.9181818181818181
weibo_gadbench,hgb_attributes,exposure_80,neutral,wcs_homogeneous,4,0.0853430278508388,0.6776410256410256,144.58,1.0,2554.2,2554.2,7.402040096295383,7.402040096295383,1.0,0.923076923076923
weibo_gadbench,hgb_attributes,exposure_80,neutral,wcs_homogeneous,5,0.08862846987445909,0.6981,153.38,1.0,2525.08,2525.08,7.487294616493954,7.487294616493954,1.0,0.903
weibo_gadbench,hgb_attributes,exposure_80,neutral,wcs_homogeneous,6,0.10508009108800097,0.6470466321243523,139.72,1.0,2536.04,2536.04,7.454961260627589,7.454961260627589,1.0,0.9284974093264249
weibo_gadbench,hgb_attributes,exposure_80,neutral,wcs_homogeneous,7,0.09738806457735057,0.6433673469387755,140.16,1.0,2545.72,2545.72,7.426139909118375,7.426139909118375,1.0,0.8693877551020408
weibo_gadbench,hgb_attributes,exposure_80,neutral,wcs_homogeneous,8,0.09729729972827071,0.7221649484536082,155.64,1.0,2539.0,2539.0,7.446439642785763,7.446439642785763,1.0,0.9515463917525773
weibo_gadbench,hgb_attributes,exposure_80,neutral,wcs_homogeneous,9,0.09255417126404106,0.6979591836734694,150.98,1.0,2550.76,2550.76,7.412083627922109,7.412083627922109,1.0,0.9244897959183673
weibo_gadbench,hgb_attributes,exposure_80,neutral,wcs_rand_deterministic,0,0.09217374253532455,0.6435353535353535,140.88,1.0,2542.74,2542.74,7.439050556098595,7.439050556098595,1.0,0.8434343434343434
weibo_gadbench,hgb_attributes,exposure_80,neutral,wcs_rand_deterministic,1,0.09432248918000591,0.6544615384615384,141.18,1.0,2540.36,2540.36,7.442352224682518,7.442352224682518,1.0,0.9394871794871795
weibo_gadbench,hgb_attributes,exposure_80,neutral,wcs_rand_deterministic,2,0.08646831749570427,0.5767179487179487,123.54,1.0,2555.28,2555.28,7.398679993587697,7.398679993587697,1.0,0.9282051282051281
weibo_gadbench,hgb_attributes,exposure_80,neutral,wcs_rand_deterministic,3,0.08969944329371325,0.6587878787878787,143.44,1.0,2536.74,2536.74,7.456812776362,7.456812776362,1.0,0.9181818181818181
weibo_gadbench,hgb_attributes,exposure_80,neutral,wcs_rand_deterministic,4,0.0859313387392692,0.6787692307692308,144.92,1.0,2554.2,2554.2,7.402040096295383,7.402040096295383,1.0,0.923076923076923
weibo_gadbench,hgb_attributes,exposure_80,neutral,wcs_rand_deterministic,5,0.08967972490617254,0.6990999999999999,153.78,1.0,2525.08,2525.08,7.487294616493954,7.487294616493954,1.0,0.903
weibo_gadbench,hgb_attributes,exposure_80,neutral,wcs_rand_deterministic,6,0.1060371374830913,0.6477720207253885,140.04,1.0,2536.04,2536.04,7.454961260627589,7.454961260627589,1.0,0.9284974093264249
weibo_gadbench,hgb_attributes,exposure_80,neutral,wcs_rand_deterministic,7,0.09775368175499834,0.6453061224489796,140.64,1.0,2545.72,2545.72,7.426139909118375,7.426139909118375,1.0,0.8693877551020408
weibo_gadbench,hgb_attributes,exposure_80,neutral,wcs_rand_deterministic,8,0.09783803319241743,0.7231958762886598,155.96,1.0,2539.0,2539.0,7.446439642785763,7.446439642785763,1.0,0.9515463917525773
weibo_gadbench,hgb_attributes,exposure_80,neutral,wcs_rand_deterministic,9,0.09348155029209398,0.6989795918367346,151.36,1.0,2550.76,2550.76,7.412083627922109,7.412083627922109,1.0,0.9244897959183673
weibo_gadbench,hgb_attributes,exposure_80,neutral,wcs_rand_homogeneous,0,0.092335855148493,0.6452525252525253,141.28,1.0,2542.74,2542.74,7.439050556098595,7.439050556098595,1.0,0.8434343434343434
weibo_gadbench,hgb_attributes,exposure_80,neutral,wcs_rand_homogeneous,1,0.09471836520694604,0.6567179487179488,141.72,1.0,2540.36,2540.36,7.442352224682518,7.442352224682518,1.0,0.9394871794871795
weibo_gadbench,hgb_attributes,exposure_80,neutral,wcs_rand_homogeneous,2,0.08671783022607987,0.5783589743589743,123.92,1.0,2555.28,2555.28,7.398679993587697,7.398679993587697,1.0,0.9282051282051281
weibo_gadbench,hgb_attributes,exposure_80,neutral,wcs_rand_homogeneous,3,0.09066042753428061,0.6602020202020202,143.9,1.0,2536.74,2536.74,7.456812776362,7.456812776362,1.0,0.9181818181818181
weibo_gadbench,hgb_attributes,exposure_80,neutral,wcs_rand_homogeneous,4,0.08584180282181052,0.6806153846153846,145.3,1.0,2554.2,2554.2,7.402040096295383,7.402040096295383,1.0,0.923076923076923
weibo_gadbench,hgb_attributes,exposure_80,neutral,wcs_rand_homogeneous,5,0.0905443351119586,0.7,154.12,1.0,2525.08,2525.08,7.487294616493954,7.487294616493954,1.0,0.903
weibo_gadbench,hgb_attributes,exposure_80,neutral,wcs_rand_homogeneous,6,0.10621107436120679,0.6483937823834196,140.2,1.0,2536.04,2536.04,7.454961260627589,7.454961260627589,1.0,0.9284974093264249
weibo_gadbench,hgb_attributes,exposure_80,neutral,wcs_rand_homogeneous,7,0.09832896070291473,0.6471428571428571,141.12,1.0,2545.72,2545.72,7.426139909118375,7.426139909118375,1.0,0.8693877551020408
weibo_gadbench,hgb_attributes,exposure_80,neutral,wcs_rand_homogeneous,8,0.09840560872316091,0.7242268041237113,156.28,1.0,2539.0,2539.0,7.446439642785763,7.446439642785763,1.0,0.9515463917525773
weibo_gadbench,hgb_attributes,exposure_80,neutral,wcs_rand_homogeneous,9,0.09389523754895591,0.699795918367347,151.6,1.0,2550.76,2550.76,7.412083627922109,7.412083627922109,1.0,0.9244897959183673
weibo_gadbench,hgb_attributes,exposure_80,neutral,weighted_bh,0,0.0919577845508852,0.6423232323232324,140.58,1.0,2542.74,2542.74,7.439050556098595,7.439050556098595,1.0,0.8434343434343434
weibo_gadbench,hgb_attributes,exposure_80,neutral,weighted_bh,1,0.0938426213103511,0.6530256410256411,140.8,1.0,2540.36,2540.36,7.442352224682518,7.442352224682518,1.0,0.9394871794871795
weibo_gadbench,hgb_attributes,exposure_80,neutral,weighted_bh,2,0.08588328822173492,0.5744615384615385,122.98,1.0,2555.28,2555.28,7.398679993587697,7.398679993587697,1.0,0.9282051282051281
weibo_gadbench,hgb_attributes,exposure_80,neutral,weighted_bh,3,0.08963261978858476,0.6571717171717172,143.08,1.0,2536.74,2536.74,7.456812776362,7.456812776362,1.0,0.9181818181818181
weibo_gadbench,hgb_attributes,exposure_80,neutral,weighted_bh,4,0.0853430278508388,0.6776410256410256,144.58,1.0,2554.2,2554.2,7.402040096295383,7.402040096295383,1.0,0.923076923076923
weibo_gadbench,hgb_attributes,exposure_80,neutral,weighted_bh,5,0.08862846987445909,0.6981,153.38,1.0,2525.08,2525.08,7.487294616493954,7.487294616493954,1.0,0.903
weibo_gadbench,hgb_attributes,exposure_80,neutral,weighted_bh,6,0.10508009108800097,0.6470466321243523,139.72,1.0,2536.04,2536.04,7.454961260627589,7.454961260627589,1.0,0.9284974093264249
weibo_gadbench,hgb_attributes,exposure_80,neutral,weighted_bh,7,0.09738806457735057,0.6433673469387755,140.16,1.0,2545.72,2545.72,7.426139909118375,7.426139909118375,1.0,0.8693877551020408
weibo_gadbench,hgb_attributes,exposure_80,neutral,weighted_bh,8,0.09729729972827071,0.7221649484536082,155.64,1.0,2539.0,2539.0,7.446439642785763,7.446439642785763,1.0,0.9515463917525773
weibo_gadbench,hgb_attributes,exposure_80,neutral,weighted_bh,9,0.09255417126404106,0.6979591836734694,150.98,1.0,2550.76,2550.76,7.412083627922109,7.412083627922109,1.0,0.9244897959183673
weibo_gadbench,hgb_attributes,exposure_80,neutral,weighted_bh_rand,0,0.09257895174846167,0.6449494949494949,141.26,1.0,2542.74,2542.74,7.439050556098595,7.439050556098595,1.0,0.8434343434343434
weibo_gadbench,hgb_attributes,exposure_80,neutral,weighted_bh_rand,1,0.09485043726609031,0.6564102564102563,141.68,1.0,2540.36,2540.36,7.442352224682518,7.442352224682518,1.0,0.9394871794871795
weibo_gadbench,hgb_attributes,exposure_80,neutral,weighted_bh_rand,2,0.08709023557332203,0.5779487179487179,123.88,1.0,2555.28,2555.28,7.398679993587697,7.398679993587697,1.0,0.9282051282051281
weibo_gadbench,hgb_attributes,exposure_80,neutral,weighted_bh_rand,3,0.09025145512752836,0.6604040404040404,143.88,1.0,2536.74,2536.74,7.456812776362,7.456812776362,1.0,0.9181818181818181
weibo_gadbench,hgb_attributes,exposure_80,neutral,weighted_bh_rand,4,0.08621356688845909,0.6805128205128205,145.34,1.0,2554.2,2554.2,7.402040096295383,7.402040096295383,1.0,0.923076923076923
weibo_gadbench,hgb_attributes,exposure_80,neutral,weighted_bh_rand,5,0.09066992455471343,0.6999,154.12,1.0,2525.08,2525.08,7.487294616493954,7.487294616493954,1.0,0.903
weibo_gadbench,hgb_attributes,exposure_80,neutral,weighted_bh_rand,6,0.10657976475941981,0.6484974093264249,140.28,1.0,2536.04,2536.04,7.454961260627589,7.454961260627589,1.0,0.9284974093264249
weibo_gadbench,hgb_attributes,exposure_80,neutral,weighted_bh_rand,7,0.099336199419405,0.6471428571428571,141.3,1.0,2545.72,2545.72,7.426139909118375,7.426139909118375,1.0,0.8693877551020408
weibo_gadbench,hgb_attributes,exposure_80,neutral,weighted_bh_rand,8,0.0987274268034665,0.7242268041237113,156.34,1.0,2539.0,2539.0,7.446439642785763,7.446439642785763,1.0,0.9515463917525773
weibo_gadbench,hgb_attributes,exposure_80,neutral,weighted_bh_rand,9,0.09377096295188828,0.6993877551020408,151.5,1.0,2550.76,2550.76,7.412083627922109,7.412083627922109,1.0,0.9244897959183673
weibo_gadbench,hgb_attributes,exposure_80,neutral,weighted_by,0,0.00073833796725363,0.20767676767676768,41.18,0.54,2542.74,2542.74,7.439050556098595,7.439050556098595,1.0,0.8434343434343434
weibo_gadbench,hgb_attributes,exposure_80,neutral,weighted_by,1,0.011021154678913632,0.2693333333333333,53.5,0.64,2540.36,2540.36,7.442352224682518,7.442352224682518,1.0,0.9394871794871795
weibo_gadbench,hgb_attributes,exposure_80,neutral,weighted_by,2,0.010821792774876698,0.23025641025641025,45.7,0.66,2555.28,2555.28,7.398679993587697,7.398679993587697,1.0,0.9282051282051281
weibo_gadbench,hgb_attributes,exposure_80,neutral,weighted_by,3,0.004519508358946953,0.09838383838383839,19.8,0.28,2536.74,2536.74,7.456812776362,7.456812776362,1.0,0.9181818181818181
weibo_gadbench,hgb_attributes,exposure_80,neutral,weighted_by,4,0.007604398730173847,0.14523076923076922,28.98,0.34,2554.2,2554.2,7.402040096295383,7.402040096295383,1.0,0.923076923076923
weibo_gadbench,hgb_attributes,exposure_80,neutral,weighted_by,5,0.0036697971542105313,0.4783,96.04,1.0,2525.08,2525.08,7.487294616493954,7.487294616493954,1.0,0.903
weibo_gadbench,hgb_attributes,exposure_80,neutral,weighted_by,6,0.00758247602342734,0.46829015544041447,91.16,1.0,2536.04,2536.04,7.454961260627589,7.454961260627589,1.0,0.9284974093264249
weibo_gadbench,hgb_attributes,exposure_80,neutral,weighted_by,7,0.002861454440931302,0.050816326530612244,10.2,0.14,2545.72,2545.72,7.426139909118375,7.426139909118375,1.0,0.8693877551020408
weibo_gadbench,hgb_attributes,exposure_80,neutral,weighted_by,8,0.019902635477228717,0.2142268041237113,43.56,0.5,2539.0,2539.0,7.446439642785763,7.446439642785763,1.0,0.9515463917525773
weibo_gadbench,hgb_attributes,exposure_80,neutral,weighted_by,9,0.008609922745022003,0.47183673469387755,93.34,1.0,2550.76,2550.76,7.412083627922109,7.412083627922109,1.0,0.9244897959183673
weibo_gadbench,hgb_attributes,exposure_80,severe,equal_alpha,0,0.007058823529411765,0.0011111111111111111,0.34,0.02,2242.7,782.928210559744,7.464065220786596,148.1695413771851,1.0,0.8434343434343434
weibo_gadbench,hgb_attributes,exposure_80,severe,equal_alpha,1,0.0,0.0,0.0,0.0,2268.14,853.5944433084101,7.494233709307812,148.76345325464615,1.0,0.9394871794871795
weibo_gadbench,hgb_attributes,exposure_80,severe,equal_alpha,2,0.031299019607843134,0.005846153846153846,1.66,0.1,2273.18,809.1647835583628,7.401137772003389,146.92916748532855,1.0,0.9282051282051281
weibo_gadbench,hgb_attributes,exposure_80,severe,equal_alpha,3,0.0,0.0,0.0,0.0,2256.74,842.7156591273751,7.5195163028437335,149.261875038729,1.0,0.9181818181818181
weibo_gadbench,hgb_attributes,exposure_80,severe,equal_alpha,4,0.0,0.0,0.0,0.0,2271.28,813.5021781496464,7.405601656367587,147.01682303346163,1.0,0.923076923076923
weibo_gadbench,hgb_attributes,exposure_80,severe,equal_alpha,5,0.0,0.0,0.0,0.0,2246.92,802.3105961832954,7.48676939045172,148.61647631777998,1.0,0.903
weibo_gadbench,hgb_attributes,exposure_80,severe,equal_alpha,6,0.0,0.0,0.0,0.0,2252.12,769.9659605420856,7.394745681479447,146.8032527217492,1.0,0.9284974093264249
weibo_gadbench,hgb_attributes,exposure_80,severe,equal_alpha,7,0.020406162464985993,0.003877551020408163,1.16,0.06,2256.72,794.567529932123,7.432503347449845,147.54721603977407,1.0,0.8693877551020408
weibo_gadbench,hgb_attributes,exposure_80,severe,equal_alpha,8,0.0,0.0,0.0,0.0,2266.06,834.6117627255833,7.474465246876099,148.37399796932712,1.0,0.9515463917525773
weibo_gadbench,hgb_attributes,exposure_80,severe,equal_alpha,9,0.0,0.0,0.0,0.0,2270.46,817.0487003609663,7.418561899041696,147.27242167826705,1.0,0.9244897959183673
weibo_gadbench,hgb_attributes,exposure_80,severe,pooled_reference,0,0.1133184056459988,0.6918181818181819,155.14,1.0,2242.7,782.928210559744,7.464065220786596,148.1695413771851,1.0,0.8434343434343434
weibo_gadbench,hgb_attributes,exposure_80,severe,pooled_reference,1,0.13562968999589897,0.7249230769230769,163.8,1.0,2268.14,853.5944433084101,7.494233709307812,148.76345325464615,1.0,0.9394871794871795
weibo_gadbench,hgb_attributes,exposure_80,severe,pooled_reference,2,0.14294357268213292,0.7166153846153845,163.24,1.0,2273.18,809.1647835583628,7.401137772003389,146.92916748532855,1.0,0.9282051282051281
weibo_gadbench,hgb_attributes,exposure_80,severe,pooled_reference,3,0.1258828995925584,0.7002020202020202,158.88,1.0,2256.74,842.7156591273751,7.5195163028437335,149.261875038729,1.0,0.9181818181818181
weibo_gadbench,hgb_attributes,exposure_80,severe,pooled_reference,4,0.11348799567609172,0.712102564102564,156.96,1.0,2271.28,813.5021781496464,7.405601656367587,147.01682303346163,1.0,0.923076923076923
weibo_gadbench,hgb_attributes,exposure_80,severe,pooled_reference,5,0.12567883802665095,0.7409,169.92,1.0,2246.92,802.3105961832954,7.48676939045172,148.61647631777998,1.0,0.903
weibo_gadbench,hgb_attributes,exposure_80,severe,pooled_reference,6,0.13728153503588378,0.6692227979274611,150.34,1.0,2252.12,769.9659605420856,7.394745681479447,146.8032527217492,1.0,0.9284974093264249
weibo_gadbench,hgb_attributes,exposure_80,severe,pooled_reference,7,0.12820170500351027,0.7073469387755102,159.62,1.0,2256.72,794.567529932123,7.432503347449845,147.54721603977407,1.0,0.8693877551020408
weibo_gadbench,hgb_attributes,exposure_80,severe,pooled_reference,8,0.14022993172224327,0.7731958762886597,175.18,1.0,2266.06,834.6117627255833,7.474465246876099,148.37399796932712,1.0,0.9515463917525773
weibo_gadbench,hgb_attributes,exposure_80,severe,pooled_reference,9,0.1161289059046149,0.718265306122449,159.54,1.0,2270.46,817.0487003609663,7.418561899041696,147.27242167826705,1.0,0.9244897959183673
weibo_gadbench,hgb_attributes,exposure_80,severe,pooled_stratum,0,0.03844142785319256,0.008282828282828282,2.18,0.18,2242.7,782.928210559744,7.464065220786596,148.1695413771851,1.0,0.8434343434343434
weibo_gadbench,hgb_attributes,exposure_80,severe,pooled_stratum,1,0.0,0.0,0.0,0.0,2268.14,853.5944433084101,7.494233709307812,148.76345325464615,1.0,0.9394871794871795
weibo_gadbench,hgb_attributes,exposure_80,severe,pooled_stratum,2,0.062431372549019606,0.028307692307692308,6.48,0.56,2273.18,809.1647835583628,7.401137772003389,146.92916748532855,1.0,0.9282051282051281
weibo_gadbench,hgb_attributes,exposure_80,severe,pooled_stratum,3,0.01,0.0006060606060606061,0.24,0.02,2256.74,842.7156591273751,7.5195163028437335,149.261875038729,1.0,0.9181818181818181
weibo_gadbench,hgb_attributes,exposure_80,severe,pooled_stratum,4,0.0044444444444444444,0.0007179487179487179,0.18,0.02,2271.28,813.5021781496464,7.405601656367587,147.01682303346163,1.0,0.923076923076923
weibo_gadbench,hgb_attributes,exposure_80,severe,pooled_stratum,5,0.0,0.0,0.0,0.0,2246.92,802.3105961832954,7.48676939045172,148.61647631777998,1.0,0.903
weibo_gadbench,hgb_attributes,exposure_80,severe,pooled_stratum,6,0.0,0.0,0.0,0.0,2252.12,769.9659605420856,7.394745681479447,146.8032527217492,1.0,0.9284974093264249
weibo_gadbench,hgb_attributes,exposure_80,severe,pooled_stratum,7,0.04972058488467157,0.013367346938775511,3.6,0.2,2256.72,794.567529932123,7.432503347449845,147.54721603977407,1.0,0.8693877551020408
weibo_gadbench,hgb_attributes,exposure_80,severe,pooled_stratum,8,0.07111111111111111,0.00731958762886598,2.1,0.22,2266.06,834.6117627255833,7.474465246876099,148.37399796932712,1.0,0.9515463917525773
weibo_gadbench,hgb_attributes,exposure_80,severe,pooled_stratum,9,0.006666666666666666,0.0008163265306122448,0.24,0.02,2270.46,817.0487003609663,7.418561899041696,147.27242167826705,1.0,0.9244897959183673
weibo_gadbench,hgb_attributes,exposure_80,severe,size_alpha,0,0.03844142785319256,0.008282828282828282,2.18,0.18,2242.7,782.928210559744,7.464065220786596,148.1695413771851,1.0,0.8434343434343434
weibo_gadbench,hgb_attributes,exposure_80,severe,size_alpha,1,0.0,0.0,0.0,0.0,2268.14,853.5944433084101,7.494233709307812,148.76345325464615,1.0,0.9394871794871795
weibo_gadbench,hgb_attributes,exposure_80,severe,size_alpha,2,0.062431372549019606,0.028307692307692308,6.48,0.56,2273.18,809.1647835583628,7.401137772003389,146.92916748532855,1.0,0.9282051282051281
weibo_gadbench,hgb_attributes,exposure_80,severe,size_alpha,3,0.01,0.0006060606060606061,0.24,0.02,2256.74,842.7156591273751,7.5195163028437335,149.261875038729,1.0,0.9181818181818181
weibo_gadbench,hgb_attributes,exposure_80,severe,size_alpha,4,0.0044444444444444444,0.0007179487179487179,0.18,0.02,2271.28,813.5021781496464,7.405601656367587,147.01682303346163,1.0,0.923076923076923
weibo_gadbench,hgb_attributes,exposure_80,severe,size_alpha,5,0.0,0.0,0.0,0.0,2246.92,802.3105961832954,7.48676939045172,148.61647631777998,1.0,0.903
weibo_gadbench,hgb_attributes,exposure_80,severe,size_alpha,6,0.0,0.0,0.0,0.0,2252.12,769.9659605420856,7.394745681479447,146.8032527217492,1.0,0.9284974093264249
weibo_gadbench,hgb_attributes,exposure_80,severe,size_alpha,7,0.04972058488467157,0.013367346938775511,3.6,0.2,2256.72,794.567529932123,7.432503347449845,147.54721603977407,1.0,0.8693877551020408
weibo_gadbench,hgb_attributes,exposure_80,severe,size_alpha,8,0.07111111111111111,0.00731958762886598,2.1,0.22,2266.06,834.6117627255833,7.474465246876099,148.37399796932712,1.0,0.9515463917525773
weibo_gadbench,hgb_attributes,exposure_80,severe,size_alpha,9,0.006666666666666666,0.0008163265306122448,0.24,0.02,2270.46,817.0487003609663,7.418561899041696,147.27242167826705,1.0,0.9244897959183673
weibo_gadbench,hgb_attributes,exposure_80,severe,wcs_deterministic,0,0.0,0.0,0.0,0.0,2242.7,782.928210559744,7.464065220786596,148.1695413771851,1.0,0.8434343434343434
weibo_gadbench,hgb_attributes,exposure_80,severe,wcs_deterministic,1,0.0,0.0,0.0,0.0,2268.14,853.5944433084101,7.494233709307812,148.76345325464615,1.0,0.9394871794871795
weibo_gadbench,hgb_attributes,exposure_80,severe,wcs_deterministic,2,0.0,0.0,0.0,0.0,2273.18,809.1647835583628,7.401137772003389,146.92916748532855,1.0,0.9282051282051281
weibo_gadbench,hgb_attributes,exposure_80,severe,wcs_deterministic,3,0.0,0.0,0.0,0.0,2256.74,842.7156591273751,7.5195163028437335,149.261875038729,1.0,0.9181818181818181
weibo_gadbench,hgb_attributes,exposure_80,severe,wcs_deterministic,4,0.0,0.0,0.0,0.0,2271.28,813.5021781496464,7.405601656367587,147.01682303346163,1.0,0.923076923076923
weibo_gadbench,hgb_attributes,exposure_80,severe,wcs_deterministic,5,0.0,0.0,0.0,0.0,2246.92,802.3105961832954,7.48676939045172,148.61647631777998,1.0,0.903
weibo_gadbench,hgb_attributes,exposure_80,severe,wcs_deterministic,6,0.0,0.0,0.0,0.0,2252.12,769.9659605420856,7.394745681479447,146.8032527217492,1.0,0.9284974093264249
weibo_gadbench,hgb_attributes,exposure_80,severe,wcs_deterministic,7,0.0,0.0,0.0,0.0,2256.72,794.567529932123,7.432503347449845,147.54721603977407,1.0,0.8693877551020408
weibo_gadbench,hgb_attributes,exposure_80,severe,wcs_deterministic,8,0.0,0.0,0.0,0.0,2266.06,834.6117627255833,7.474465246876099,148.37399796932712,1.0,0.9515463917525773
weibo_gadbench,hgb_attributes,exposure_80,severe,wcs_deterministic,9,0.0,0.0,0.0,0.0,2270.46,817.0487003609663,7.418561899041696,147.27242167826705,1.0,0.9244897959183673
weibo_gadbench,hgb_attributes,exposure_80,severe,wcs_homogeneous,0,0.08939873097688868,0.017777777777777778,6.66,0.2,2242.7,782.928210559744,7.464065220786596,148.1695413771851,1.0,0.8434343434343434
weibo_gadbench,hgb_attributes,exposure_80,severe,wcs_homogeneous,1,0.14860520181572812,0.009435897435897435,4.96,0.24,2268.14,853.5944433084101,7.494233709307812,148.76345325464615,1.0,0.9394871794871795
weibo_gadbench,hgb_attributes,exposure_80,severe,wcs_homogeneous,2,0.05148540305010894,0.006974358974358974,2.46,0.14,2273.18,809.1647835583628,7.401137772003389,146.92916748532855,1.0,0.9282051282051281
weibo_gadbench,hgb_attributes,exposure_80,severe,wcs_homogeneous,3,0.07296536796536797,0.0044444444444444444,2.36,0.12,2256.74,842.7156591273751,7.5195163028437335,149.261875038729,1.0,0.9181818181818181
weibo_gadbench,hgb_attributes,exposure_80,severe,wcs_homogeneous,4,0.08547667096110521,0.006358974358974359,2.88,0.16,2271.28,813.5021781496464,7.405601656367587,147.01682303346163,1.0,0.923076923076923
weibo_gadbench,hgb_attributes,exposure_80,severe,wcs_homogeneous,5,0.08104990994813674,0.0121,4.5,0.2,2246.92,802.3105961832954,7.48676939045172,148.61647631777998,1.0,0.903
weibo_gadbench,hgb_attributes,exposure_80,severe,wcs_homogeneous,6,0.04596437346437346,0.0008290155440414508,1.12,0.06,2252.12,769.9659605420856,7.394745681479447,146.8032527217492,1.0,0.9284974093264249
weibo_gadbench,hgb_attributes,exposure_80,severe,wcs_homogeneous,7,0.08911053181848613,0.02010204081632653,6.74,0.26,2256.72,794.567529932123,7.432503347449845,147.54721603977407,1.0,0.8693877551020408
weibo_gadbench,hgb_attributes,exposure_80,severe,wcs_homogeneous,8,0.052960662525879915,0.0027835051546391755,1.6,0.08,2266.06,834.6117627255833,7.474465246876099,148.37399796932712,1.0,0.9515463917525773
weibo_gadbench,hgb_attributes,exposure_80,severe,wcs_homogeneous,9,0.06472869744036792,0.004081632653061225,2.28,0.1,2270.46,817.0487003609663,7.418561899041696,147.27242167826705,1.0,0.9244897959183673
weibo_gadbench,hgb_attributes,exposure_80,severe,wcs_rand_deterministic,0,0.0,0.0,0.0,0.0,2242.7,782.928210559744,7.464065220786596,148.1695413771851,1.0,0.8434343434343434
weibo_gadbench,hgb_attributes,exposure_80,severe,wcs_rand_deterministic,1,0.0,0.00020512820512820512,0.04,0.02,2268.14,853.5944433084101,7.494233709307812,148.76345325464615,1.0,0.9394871794871795
weibo_gadbench,hgb_attributes,exposure_80,severe,wcs_rand_deterministic,2,0.0,0.0,0.0,0.0,2273.18,809.1647835583628,7.401137772003389,146.92916748532855,1.0,0.9282051282051281
weibo_gadbench,hgb_attributes,exposure_80,severe,wcs_rand_deterministic,3,0.0,0.0,0.0,0.0,2256.74,842.7156591273751,7.5195163028437335,149.261875038729,1.0,0.9181818181818181
weibo_gadbench,hgb_attributes,exposure_80,severe,wcs_rand_deterministic,4,0.0,0.0,0.0,0.0,2271.28,813.5021781496464,7.405601656367587,147.01682303346163,1.0,0.923076923076923
weibo_gadbench,hgb_attributes,exposure_80,severe,wcs_rand_deterministic,5,0.0,0.0002,0.04,0.04,2246.92,802.3105961832954,7.48676939045172,148.61647631777998,1.0,0.903
weibo_gadbench,hgb_attributes,exposure_80,severe,wcs_rand_deterministic,6,0.0,0.0,0.0,0.0,2252.12,769.9659605420856,7.394745681479447,146.8032527217492,1.0,0.9284974093264249
weibo_gadbench,hgb_attributes,exposure_80,severe,wcs_rand_deterministic,7,0.0,0.0,0.0,0.0,2256.72,794.567529932123,7.432503347449845,147.54721603977407,1.0,0.8693877551020408
weibo_gadbench,hgb_attributes,exposure_80,severe,wcs_rand_deterministic,8,0.0,0.0,0.0,0.0,2266.06,834.6117627255833,7.474465246876099,148.37399796932712,1.0,0.9515463917525773
weibo_gadbench,hgb_attributes,exposure_80,severe,wcs_rand_deterministic,9,0.0,0.0,0.0,0.0,2270.46,817.0487003609663,7.418561899041696,147.27242167826705,1.0,0.9244897959183673
weibo_gadbench,hgb_attributes,exposure_80,severe,wcs_rand_homogeneous,0,0.08314602040173438,0.11929292929292928,30.2,0.42,2242.7,782.928210559744,7.464065220786596,148.1695413771851,1.0,0.8434343434343434
weibo_gadbench,hgb_attributes,exposure_80,severe,wcs_rand_homogeneous,1,0.13401767299180667,0.16882051282051283,42.76,0.62,2268.14,853.5944433084101,7.494233709307812,148.76345325464615,1.0,0.9394871794871795
weibo_gadbench,hgb_attributes,exposure_80,severe,wcs_rand_homogeneous,2,0.09047095586456506,0.13312820512820514,32.68,0.5,2273.18,809.1647835583628,7.401137772003389,146.92916748532855,1.0,0.9282051282051281
weibo_gadbench,hgb_attributes,exposure_80,severe,wcs_rand_homogeneous,3,0.0921860511347923,0.1318181818181818,32.56,0.5,2256.74,842.7156591273751,7.5195163028437335,149.261875038729,1.0,0.9181818181818181
weibo_gadbench,hgb_attributes,exposure_80,severe,wcs_rand_homogeneous,4,0.10127172175011102,0.17425641025641025,41.66,0.58,2271.28,813.5021781496464,7.405601656367587,147.01682303346163,1.0,0.923076923076923
weibo_gadbench,hgb_attributes,exposure_80,severe,wcs_rand_homogeneous,5,0.07702936491559104,0.13970000000000002,34.62,0.46,2246.92,802.3105961832954,7.48676939045172,148.61647631777998,1.0,0.903
weibo_gadbench,hgb_attributes,exposure_80,severe,wcs_rand_homogeneous,6,0.07631498823486288,0.08062176165803109,20.96,0.32,2252.12,769.9659605420856,7.394745681479447,146.8032527217492,1.0,0.9284974093264249
weibo_gadbench,hgb_attributes,exposure_80,severe,wcs_rand_homogeneous,7,0.10742412349400471,0.15306122448979592,38.7,0.54,2256.72,794.567529932123,7.432503347449845,147.54721603977407,1.0,0.8693877551020408
weibo_gadbench,hgb_attributes,exposure_80,severe,wcs_rand_homogeneous,8,0.08268481579359749,0.15206185567010308,36.98,0.44,2266.06,834.6117627255833,7.474465246876099,148.37399796932712,1.0,0.9515463917525773
weibo_gadbench,hgb_attributes,exposure_80,severe,wcs_rand_homogeneous,9,0.0874014767017389,0.15755102040816327,38.12,0.52,2270.46,817.0487003609663,7.418561899041696,147.27242167826705,1.0,0.9244897959183673
weibo_gadbench,hgb_attributes,exposure_80,severe,weighted_bh,0,0.05103538210155858,0.010505050505050507,2.94,0.2,2242.7,782.928210559744,7.464065220786596,148.1695413771851,1.0,0.8434343434343434
weibo_gadbench,hgb_attributes,exposure_80,severe,weighted_bh,1,0.0375,0.0009230769230769232,0.48,0.06,2268.14,853.5944433084101,7.494233709307812,148.76345325464615,1.0,0.9394871794871795
weibo_gadbench,hgb_attributes,exposure_80,severe,weighted_bh,2,0.059369281045751635,0.03005128205128205,6.82,0.6,2273.18,809.1647835583628,7.401137772003389,146.92916748532855,1.0,0.9282051282051281
weibo_gadbench,hgb_attributes,exposure_80,severe,weighted_bh,3,0.01,0.0006060606060606061,0.24,0.02,2256.74,842.7156591273751,7.5195163028437335,149.261875038729,1.0,0.9181818181818181
weibo_gadbench,hgb_attributes,exposure_80,severe,weighted_bh,4,0.011944444444444445,0.0028717948717948715,0.66,0.08,2271.28,813.5021781496464,7.405601656367587,147.01682303346163,1.0,0.923076923076923
weibo_gadbench,hgb_attributes,exposure_80,severe,weighted_bh,5,0.0,0.016,3.2,0.4,2246.92,802.3105961832954,7.48676939045172,148.61647631777998,1.0,0.903
weibo_gadbench,hgb_attributes,exposure_80,severe,weighted_bh,6,0.0,0.0,0.0,0.0,2252.12,769.9659605420856,7.394745681479447,146.8032527217492,1.0,0.9284974093264249
weibo_gadbench,hgb_attributes,exposure_80,severe,weighted_bh,7,0.06579201345610014,0.02,5.2,0.34,2256.72,794.567529932123,7.432503347449845,147.54721603977407,1.0,0.8693877551020408
weibo_gadbench,hgb_attributes,exposure_80,severe,weighted_bh,8,0.0761111111111111,0.007938144329896908,2.26,0.24,2266.06,834.6117627255833,7.474465246876099,148.37399796932712,1.0,0.9515463917525773
weibo_gadbench,hgb_attributes,exposure_80,severe,weighted_bh,9,0.008843537414965985,0.014183673469387757,3.18,0.04,2270.46,817.0487003609663,7.418561899041696,147.27242167826705,1.0,0.9244897959183673
weibo_gadbench,hgb_attributes,exposure_80,severe,weighted_bh_rand,0,0.07586210215463068,0.2332323232323232,54.68,0.76,2242.7,782.928210559744,7.464065220786596,148.1695413771851,1.0,0.8434343434343434
weibo_gadbench,hgb_attributes,exposure_80,severe,weighted_bh_rand,1,0.09633211511160532,0.19753846153846155,44.16,0.84,2268.14,853.5944433084101,7.494233709307812,148.76345325464615,1.0,0.9394871794871795
weibo_gadbench,hgb_attributes,exposure_80,severe,weighted_bh_rand,2,0.07653233951324377,0.25364102564102564,56.4,1.0,2273.18,809.1647835583628,7.401137772003389,146.92916748532855,1.0,0.9282051282051281
weibo_gadbench,hgb_attributes,exposure_80,severe,weighted_bh_rand,3,0.06731300819082242,0.17707070707070705,40.0,0.78,2256.74,842.7156591273751,7.5195163028437335,149.261875038729,1.0,0.9181818181818181
weibo_gadbench,hgb_attributes,exposure_80,severe,weighted_bh_rand,4,0.10826075896936438,0.306051282051282,67.66,0.82,2271.28,813.5021781496464,7.405601656367587,147.01682303346163,1.0,0.923076923076923
weibo_gadbench,hgb_attributes,exposure_80,severe,weighted_bh_rand,5,0.09058444536816575,0.4739,107.14,1.0,2246.92,802.3105961832954,7.48676939045172,148.61647631777998,1.0,0.903
weibo_gadbench,hgb_attributes,exposure_80,severe,weighted_bh_rand,6,0.12595508786289816,0.3124352331606218,72.28,0.88,2252.12,769.9659605420856,7.394745681479447,146.8032527217492,1.0,0.9284974093264249
weibo_gadbench,hgb_attributes,exposure_80,severe,weighted_bh_rand,7,0.09239085545867062,0.30551020408163265,69.34,0.9,2256.72,794.567529932123,7.432503347449845,147.54721603977407,1.0,0.8693877551020408
weibo_gadbench,hgb_attributes,exposure_80,severe,weighted_bh_rand,8,0.10697290585158563,0.5522680412371134,124.1,0.88,2266.06,834.6117627255833,7.474465246876099,148.37399796932712,1.0,0.9515463917525773
weibo_gadbench,hgb_attributes,exposure_80,severe,weighted_bh_rand,9,0.08947660986039907,0.4404081632653061,97.12,0.94,2270.46,817.0487003609663,7.418561899041696,147.27242167826705,1.0,0.9244897959183673
weibo_gadbench,hgb_attributes,exposure_80,severe,weighted_by,0,0.0,0.0,0.0,0.0,2242.7,782.928210559744,7.464065220786596,148.1695413771851,1.0,0.8434343434343434
weibo_gadbench,hgb_attributes,exposure_80,severe,weighted_by,1,0.0,0.0,0.0,0.0,2268.14,853.5944433084101,7.494233709307812,148.76345325464615,1.0,0.9394871794871795
weibo_gadbench,hgb_attributes,exposure_80,severe,weighted_by,2,0.0,0.0,0.0,0.0,2273.18,809.1647835583628,7.401137772003389,146.92916748532855,1.0,0.9282051282051281
weibo_gadbench,hgb_attributes,exposure_80,severe,weighted_by,3,0.0,0.0,0.0,0.0,2256.74,842.7156591273751,7.5195163028437335,149.261875038729,1.0,0.9181818181818181
weibo_gadbench,hgb_attributes,exposure_80,severe,weighted_by,4,0.0,0.0,0.0,0.0,2271.28,813.5021781496464,7.405601656367587,147.01682303346163,1.0,0.923076923076923
weibo_gadbench,hgb_attributes,exposure_80,severe,weighted_by,5,0.0,0.0,0.0,0.0,2246.92,802.3105961832954,7.48676939045172,148.61647631777998,1.0,0.903
weibo_gadbench,hgb_attributes,exposure_80,severe,weighted_by,6,0.0,0.0,0.0,0.0,2252.12,769.9659605420856,7.394745681479447,146.8032527217492,1.0,0.9284974093264249
weibo_gadbench,hgb_attributes,exposure_80,severe,weighted_by,7,0.0,0.0,0.0,0.0,2256.72,794.567529932123,7.432503347449845,147.54721603977407,1.0,0.8693877551020408
weibo_gadbench,hgb_attributes,exposure_80,severe,weighted_by,8,0.0,0.0,0.0,0.0,2266.06,834.6117627255833,7.474465246876099,148.37399796932712,1.0,0.9515463917525773
weibo_gadbench,hgb_attributes,exposure_80,severe,weighted_by,9,0.0,0.0,0.0,0.0,2270.46,817.0487003609663,7.418561899041696,147.27242167826705,1.0,0.9244897959183673
weibo_gadbench,hgb_attributes,zero_exposure,moderate,equal_alpha,0,0.008144094847241223,0.013434343434343434,2.92,0.04,2430.04,2083.5756011865733,7.44008161255112,37.141971215378305,1.0,0.8272727272727274
weibo_gadbench,hgb_attributes,zero_exposure,moderate,equal_alpha,1,0.0021176470588235292,0.01558974358974359,3.4,0.02,2441.68,2127.7327585537487,7.441300021322264,37.14800698989889,1.0,0.9374358974358975
weibo_gadbench,hgb_attributes,zero_exposure,moderate,equal_alpha,2,0.03921538090586755,0.07435897435897436,16.0,0.22,2291.96,1677.0551921599485,7.374538503935427,36.815238286673136,1.0,0.9282051282051281
weibo_gadbench,hgb_attributes,zero_exposure,moderate,equal_alpha,3,0.001176470588235294,0.012929292929292931,2.72,0.02,2439.28,2121.9309215827675,7.448125931416246,37.18206312323114,1.0,0.9161616161616162
weibo_gadbench,hgb_attributes,zero_exposure,moderate,equal_alpha,4,0.008985181210222456,0.1,20.74,0.16,2332.24,1792.6463280949113,7.421313499250598,37.04838334333286,1.0,0.923076923076923
weibo_gadbench,hgb_attributes,zero_exposure,moderate,equal_alpha,5,0.015272180869128748,0.2397,50.0,0.38,2281.7,1709.8265940237452,7.497841733936556,37.42982224040532,1.0,0.903
weibo_gadbench,hgb_attributes,zero_exposure,moderate,equal_alpha,6,0.0040949340812468085,0.06352331606217616,12.82,0.1,2377.08,1925.8574592427,7.445022549714272,37.16656391619942,1.0,0.9243523316062177
weibo_gadbench,hgb_attributes,zero_exposure,moderate,equal_alpha,7,0.01984126984126984,0.004081632653061225,1.2,0.06,2401.9,1991.1655122716984,7.432525832647837,37.104280603224446,1.0,0.8653061224489796
weibo_gadbench,hgb_attributes,zero_exposure,moderate,equal_alpha,8,0.0256151542398832,0.2777319587628866,57.96,0.4,2265.18,1659.155321553173,7.464942180426756,37.265839331269156,1.0,0.9515463917525773
weibo_gadbench,hgb_attributes,zero_exposure,moderate,equal_alpha,9,0.0060586984680428176,0.05581632653061225,11.88,0.08,2418.92,2035.8361925659337,7.421666773637519,37.05015504058162,1.0,0.9193877551020408
weibo_gadbench,hgb_attributes,zero_exposure,moderate,pooled_reference,0,0.1094097780247529,0.6853535353535354,152.94,1.0,2430.04,2083.5756011865733,7.44008161255112,37.141971215378305,1.0,0.8272727272727274
weibo_gadbench,hgb_attributes,zero_exposure,moderate,pooled_reference,1,0.13374873820891778,0.7219487179487181,162.78,1.0,2441.68,2127.7327585537487,7.441300021322264,37.14800698989889,1.0,0.9374358974358975
weibo_gadbench,hgb_attributes,zero_exposure,moderate,pooled_reference,2,0.1294409254268759,0.6917948717948719,155.26,1.0,2291.96,1677.0551921599485,7.374538503935427,36.815238286673136,1.0,0.9282051282051281
weibo_gadbench,hgb_attributes,zero_exposure,moderate,pooled_reference,3,0.12209669272119489,0.6956565656565656,157.12,1.0,2439.28,2121.9309215827675,7.448125931416246,37.18206312323114,1.0,0.9161616161616162
weibo_gadbench,hgb_attributes,zero_exposure,moderate,pooled_reference,4,0.10684670285085217,0.7041025641025641,153.98,1.0,2332.24,1792.6463280949113,7.421313499250598,37.04838334333286,1.0,0.923076923076923
weibo_gadbench,hgb_attributes,zero_exposure,moderate,pooled_reference,5,0.11885358016183516,0.7328,166.72,1.0,2281.7,1709.8265940237452,7.497841733936556,37.42982224040532,1.0,0.903
weibo_gadbench,hgb_attributes,zero_exposure,moderate,pooled_reference,6,0.12881448628371234,0.6653886010362694,147.9,1.0,2377.08,1925.8574592427,7.445022549714272,37.16656391619942,1.0,0.9243523316062177
weibo_gadbench,hgb_attributes,zero_exposure,moderate,pooled_reference,7,0.12241005548869051,0.6968367346938775,156.3,1.0,2401.9,1991.1655122716984,7.432525832647837,37.104280603224446,1.0,0.8653061224489796
weibo_gadbench,hgb_attributes,zero_exposure,moderate,pooled_reference,8,0.128606668356414,0.7620618556701031,170.32,1.0,2265.18,1659.155321553173,7.464942180426756,37.265839331269156,1.0,0.9515463917525773
weibo_gadbench,hgb_attributes,zero_exposure,moderate,pooled_reference,9,0.11157276384319406,0.7136734693877551,157.72,1.0,2418.92,2035.8361925659337,7.421666773637519,37.05015504058162,1.0,0.9193877551020408
weibo_gadbench,hgb_attributes,zero_exposure,moderate,pooled_stratum,0,0.05082704876822523,0.010606060606060605,2.96,0.2,2430.04,2083.5756011865733,7.44008161255112,37.141971215378305,1.0,0.8272727272727274
weibo_gadbench,hgb_attributes,zero_exposure,moderate,pooled_stratum,1,0.0375,0.0009230769230769232,0.48,0.06,2441.68,2127.7327585537487,7.441300021322264,37.14800698989889,1.0,0.9374358974358975
weibo_gadbench,hgb_attributes,zero_exposure,moderate,pooled_stratum,2,0.062431372549019606,0.028307692307692308,6.48,0.56,2291.96,1677.0551921599485,7.374538503935427,36.815238286673136,1.0,0.9282051282051281
weibo_gadbench,hgb_attributes,zero_exposure,moderate,pooled_stratum,3,0.01,0.0006060606060606061,0.24,0.02,2439.28,2121.9309215827675,7.448125931416246,37.18206312323114,1.0,0.9161616161616162
weibo_gadbench,hgb_attributes,zero_exposure,moderate,pooled_stratum,4,0.01933333333333333,0.0028717948717948715,0.74,0.08,2332.24,1792.6463280949113,7.421313499250598,37.04838334333286,1.0,0.923076923076923
weibo_gadbench,hgb_attributes,zero_exposure,moderate,pooled_stratum,5,0.0,0.0,0.0,0.0,2281.7,1709.8265940237452,7.497841733936556,37.42982224040532,1.0,0.903
weibo_gadbench,hgb_attributes,zero_exposure,moderate,pooled_stratum,6,0.0,0.0,0.0,0.0,2377.08,1925.8574592427,7.445022549714272,37.16656391619942,1.0,0.9243523316062177
weibo_gadbench,hgb_attributes,zero_exposure,moderate,pooled_stratum,7,0.06385137085137085,0.01969387755102041,5.08,0.32,2401.9,1991.1655122716984,7.432525832647837,37.104280603224446,1.0,0.8653061224489796
weibo_gadbench,hgb_attributes,zero_exposure,moderate,pooled_stratum,8,0.07111111111111111,0.00731958762886598,2.1,0.22,2265.18,1659.155321553173,7.464942180426756,37.265839331269156,1.0,0.9515463917525773
weibo_gadbench,hgb_attributes,zero_exposure,moderate,pooled_stratum,9,0.0,0.0,0.0,0.0,2418.92,2035.8361925659337,7.421666773637519,37.05015504058162,1.0,0.9193877551020408
weibo_gadbench,hgb_attributes,zero_exposure,moderate,size_alpha,0,0.05082704876822523,0.010606060606060605,2.96,0.2,2430.04,2083.5756011865733,7.44008161255112,37.141971215378305,1.0,0.8272727272727274
weibo_gadbench,hgb_attributes,zero_exposure,moderate,size_alpha,1,0.0375,0.0009230769230769232,0.48,0.06,2441.68,2127.7327585537487,7.441300021322264,37.14800698989889,1.0,0.9374358974358975
weibo_gadbench,hgb_attributes,zero_exposure,moderate,size_alpha,2,0.062431372549019606,0.028307692307692308,6.48,0.56,2291.96,1677.0551921599485,7.374538503935427,36.815238286673136,1.0,0.9282051282051281
weibo_gadbench,hgb_attributes,zero_exposure,moderate,size_alpha,3,0.01,0.0006060606060606061,0.24,0.02,2439.28,2121.9309215827675,7.448125931416246,37.18206312323114,1.0,0.9161616161616162
weibo_gadbench,hgb_attributes,zero_exposure,moderate,size_alpha,4,0.01933333333333333,0.0028717948717948715,0.74,0.08,2332.24,1792.6463280949113,7.421313499250598,37.04838334333286,1.0,0.923076923076923
weibo_gadbench,hgb_attributes,zero_exposure,moderate,size_alpha,5,0.0,0.0,0.0,0.0,2281.7,1709.8265940237452,7.497841733936556,37.42982224040532,1.0,0.903
weibo_gadbench,hgb_attributes,zero_exposure,moderate,size_alpha,6,0.0,0.0,0.0,0.0,2377.08,1925.8574592427,7.445022549714272,37.16656391619942,1.0,0.9243523316062177
weibo_gadbench,hgb_attributes,zero_exposure,moderate,size_alpha,7,0.06385137085137085,0.01969387755102041,5.08,0.32,2401.9,1991.1655122716984,7.432525832647837,37.104280603224446,1.0,0.8653061224489796
weibo_gadbench,hgb_attributes,zero_exposure,moderate,size_alpha,8,0.07111111111111111,0.00731958762886598,2.1,0.22,2265.18,1659.155321553173,7.464942180426756,37.265839331269156,1.0,0.9515463917525773
weibo_gadbench,hgb_attributes,zero_exposure,moderate,size_alpha,9,0.0,0.0,0.0,0.0,2418.92,2035.8361925659337,7.421666773637519,37.05015504058162,1.0,0.9193877551020408
weibo_gadbench,hgb_attributes,zero_exposure,moderate,wcs_deterministic,0,0.0059212201319312815,0.057777777777777775,12.22,0.1,2430.04,2083.5756011865733,7.44008161255112,37.141971215378305,1.0,0.8272727272727274
weibo_gadbench,hgb_attributes,zero_exposure,moderate,wcs_deterministic,1,0.015521494314175462,0.14461538461538462,30.18,0.24,2441.68,2127.7327585537487,7.441300021322264,37.14800698989889,1.0,0.9374358974358975
weibo_gadbench,hgb_attributes,zero_exposure,moderate,wcs_deterministic,2,0.020008779922841738,0.14400000000000002,30.58,0.26,2291.96,1677.0551921599485,7.374538503935427,36.815238286673136,1.0,0.9282051282051281
weibo_gadbench,hgb_attributes,zero_exposure,moderate,wcs_deterministic,3,0.010072929801917907,0.06474747474747475,14.3,0.1,2439.28,2121.9309215827675,7.448125931416246,37.18206312323114,1.0,0.9161616161616162
weibo_gadbench,hgb_attributes,zero_exposure,moderate,wcs_deterministic,4,0.014534004502270522,0.11548717948717949,24.52,0.18,2332.24,1792.6463280949113,7.421313499250598,37.04838334333286,1.0,0.923076923076923
weibo_gadbench,hgb_attributes,zero_exposure,moderate,wcs_deterministic,5,0.011965550575833473,0.0849,18.96,0.12,2281.7,1709.8265940237452,7.497841733936556,37.42982224040532,1.0,0.903
weibo_gadbench,hgb_attributes,zero_exposure,moderate,wcs_deterministic,6,0.0188719307407227,0.11585492227979274,25.02,0.18,2377.08,1925.8574592427,7.445022549714272,37.16656391619942,1.0,0.9243523316062177
weibo_gadbench,hgb_attributes,zero_exposure,moderate,wcs_deterministic,7,0.004916925661256963,0.05061224489795919,10.54,0.1,2401.9,1991.1655122716984,7.432525832647837,37.104280603224446,1.0,0.8653061224489796
weibo_gadbench,hgb_attributes,zero_exposure,moderate,wcs_deterministic,8,0.017657936097845873,0.13659793814432988,29.38,0.2,2265.18,1659.155321553173,7.464942180426756,37.265839331269156,1.0,0.9515463917525773
weibo_gadbench,hgb_attributes,zero_exposure,moderate,wcs_deterministic,9,0.013180218485137934,0.08336734693877551,18.36,0.12,2418.92,2035.8361925659337,7.421666773637519,37.05015504058162,1.0,0.9193877551020408
weibo_gadbench,hgb_attributes,zero_exposure,moderate,wcs_homogeneous,0,0.08437842249652372,0.5607070707070707,123.0,0.96,2430.04,2083.5756011865733,7.44008161255112,37.141971215378305,1.0,0.8272727272727274
weibo_gadbench,hgb_attributes,zero_exposure,moderate,wcs_homogeneous,1,0.08968069424493594,0.6126153846153847,132.24,0.96,2441.68,2127.7327585537487,7.441300021322264,37.14800698989889,1.0,0.9374358974358975
weibo_gadbench,hgb_attributes,zero_exposure,moderate,wcs_homogeneous,2,0.07764761082251388,0.49630769230769234,107.06,0.9,2291.96,1677.0551921599485,7.374538503935427,36.815238286673136,1.0,0.9282051282051281
weibo_gadbench,hgb_attributes,zero_exposure,moderate,wcs_homogeneous,3,0.08239726785033252,0.5925252525252526,128.84,0.96,2439.28,2121.9309215827675,7.448125931416246,37.18206312323114,1.0,0.9161616161616162
weibo_gadbench,hgb_attributes,zero_exposure,moderate,wcs_homogeneous,4,0.07868350500330738,0.6131282051282051,130.46,0.96,2332.24,1792.6463280949113,7.421313499250598,37.04838334333286,1.0,0.923076923076923
weibo_gadbench,hgb_attributes,zero_exposure,moderate,wcs_homogeneous,5,0.08852275768778804,0.6503,143.6,0.96,2281.7,1709.8265940237452,7.497841733936556,37.42982224040532,1.0,0.903
weibo_gadbench,hgb_attributes,zero_exposure,moderate,wcs_homogeneous,6,0.1039494255569812,0.6218652849740933,134.92,0.98,2377.08,1925.8574592427,7.445022549714272,37.16656391619942,1.0,0.9243523316062177
weibo_gadbench,hgb_attributes,zero_exposure,moderate,wcs_homogeneous,7,0.0959889725149758,0.5792857142857143,127.26,0.96,2401.9,1991.1655122716984,7.432525832647837,37.104280603224446,1.0,0.8653061224489796
weibo_gadbench,hgb_attributes,zero_exposure,moderate,wcs_homogeneous,8,0.09648425988693933,0.6704123711340206,145.28,0.98,2265.18,1659.155321553173,7.464942180426756,37.265839331269156,1.0,0.9515463917525773
weibo_gadbench,hgb_attributes,zero_exposure,moderate,wcs_homogeneous,9,0.08703681139938943,0.6574489795918368,141.94,0.96,2418.92,2035.8361925659337,7.421666773637519,37.05015504058162,1.0,0.9193877551020408
weibo_gadbench,hgb_attributes,zero_exposure,moderate,wcs_rand_deterministic,0,0.013385024779863332,0.11646464646464647,24.94,0.2,2430.04,2083.5756011865733,7.44008161255112,37.141971215378305,1.0,0.8272727272727274
weibo_gadbench,hgb_attributes,zero_exposure,moderate,wcs_rand_deterministic,1,0.02030050812434935,0.18553846153846154,38.9,0.3,2441.68,2127.7327585537487,7.441300021322264,37.14800698989889,1.0,0.9374358974358975
weibo_gadbench,hgb_attributes,zero_exposure,moderate,wcs_rand_deterministic,2,0.030451418902246574,0.22933333333333333,48.48,0.42,2291.96,1677.0551921599485,7.374538503935427,36.815238286673136,1.0,0.9282051282051281
weibo_gadbench,hgb_attributes,zero_exposure,moderate,wcs_rand_deterministic,3,0.027865452458827634,0.1821212121212121,40.12,0.28,2439.28,2121.9309215827675,7.448125931416246,37.18206312323114,1.0,0.9161616161616162
weibo_gadbench,hgb_attributes,zero_exposure,moderate,wcs_rand_deterministic,4,0.022183126086908655,0.1792820512820513,38.04,0.28,2332.24,1792.6463280949113,7.421313499250598,37.04838334333286,1.0,0.923076923076923
weibo_gadbench,hgb_attributes,zero_exposure,moderate,wcs_rand_deterministic,5,0.02747759113224817,0.19519999999999998,43.44,0.28,2281.7,1709.8265940237452,7.497841733936556,37.42982224040532,1.0,0.903
weibo_gadbench,hgb_attributes,zero_exposure,moderate,wcs_rand_deterministic,6,0.03696396491298321,0.21150259067357513,46.3,0.32,2377.08,1925.8574592427,7.445022549714272,37.16656391619942,1.0,0.9243523316062177
weibo_gadbench,hgb_attributes,zero_exposure,moderate,wcs_rand_deterministic,7,0.015628300847347155,0.12551020408163266,26.74,0.22,2401.9,1991.1655122716984,7.432525832647837,37.104280603224446,1.0,0.8653061224489796
weibo_gadbench,hgb_attributes,zero_exposure,moderate,wcs_rand_deterministic,8,0.029233040047294146,0.22329896907216493,48.02,0.32,2265.18,1659.155321553173,7.464942180426756,37.265839331269156,1.0,0.9515463917525773
weibo_gadbench,hgb_attributes,zero_exposure,moderate,wcs_rand_deterministic,9,0.031804708721325174,0.21102040816326528,46.34,0.3,2418.92,2035.8361925659337,7.421666773637519,37.05015504058162,1.0,0.9193877551020408
weibo_gadbench,hgb_attributes,zero_exposure,moderate,wcs_rand_homogeneous,0,0.09210283993031215,0.5978787878787879,131.78,0.98,2430.04,2083.5756011865733,7.44008161255112,37.141971215378305,1.0,0.8272727272727274
weibo_gadbench,hgb_attributes,zero_exposure,moderate,wcs_rand_homogeneous,1,0.09535994893386116,0.6285128205128205,136.62,0.96,2441.68,2127.7327585537487,7.441300021322264,37.14800698989889,1.0,0.9374358974358975
weibo_gadbench,hgb_attributes,zero_exposure,moderate,wcs_rand_homogeneous,2,0.0856421781083831,0.5516923076923077,119.1,0.98,2291.96,1677.0551921599485,7.374538503935427,36.815238286673136,1.0,0.9282051282051281
weibo_gadbench,hgb_attributes,zero_exposure,moderate,wcs_rand_homogeneous,3,0.08914990321290109,0.6246464646464647,136.2,1.0,2439.28,2121.9309215827675,7.448125931416246,37.18206312323114,1.0,0.9161616161616162
weibo_gadbench,hgb_attributes,zero_exposure,moderate,wcs_rand_homogeneous,4,0.08139853348151972,0.632,134.88,0.96,2332.24,1792.6463280949113,7.421313499250598,37.04838334333286,1.0,0.923076923076923
weibo_gadbench,hgb_attributes,zero_exposure,moderate,wcs_rand_homogeneous,5,0.09397326586611342,0.6783,150.38,0.98,2281.7,1709.8265940237452,7.497841733936556,37.42982224040532,1.0,0.903
weibo_gadbench,hgb_attributes,zero_exposure,moderate,wcs_rand_homogeneous,6,0.11145309030570438,0.6448704663212435,140.68,1.0,2377.08,1925.8574592427,7.445022549714272,37.16656391619942,1.0,0.9243523316062177
weibo_gadbench,hgb_attributes,zero_exposure,moderate,wcs_rand_homogeneous,7,0.10153956164936204,0.6139795918367347,135.4,0.98,2401.9,1991.1655122716984,7.432525832647837,37.104280603224446,1.0,0.8653061224489796
weibo_gadbench,hgb_attributes,zero_exposure,moderate,wcs_rand_homogeneous,8,0.10046636265421828,0.6892783505154639,150.0,0.98,2265.18,1659.155321553173,7.464942180426756,37.265839331269156,1.0,0.9515463917525773
weibo_gadbench,hgb_attributes,zero_exposure,moderate,wcs_rand_homogeneous,9,0.09051205767434745,0.6786734693877551,146.82,0.98,2418.92,2035.8361925659337,7.421666773637519,37.05015504058162,1.0,0.9193877551020408
weibo_gadbench,hgb_attributes,zero_exposure,moderate,weighted_bh,0,0.08745674366285164,0.5851515151515152,128.2,1.0,2430.04,2083.5756011865733,7.44008161255112,37.141971215378305,1.0,0.8272727272727274
weibo_gadbench,hgb_attributes,zero_exposure,moderate,weighted_bh,1,0.0898373832231718,0.6412307692307693,137.82,1.0,2441.68,2127.7327585537487,7.441300021322264,37.14800698989889,1.0,0.9374358974358975
weibo_gadbench,hgb_attributes,zero_exposure,moderate,weighted_bh,2,0.08149430542849082,0.5456410256410256,117.0,1.0,2291.96,1677.0551921599485,7.374538503935427,36.815238286673136,1.0,0.9282051282051281
weibo_gadbench,hgb_attributes,zero_exposure,moderate,weighted_bh,3,0.08238848907807311,0.6095959595959596,132.2,0.98,2439.28,2121.9309215827675,7.448125931416246,37.18206312323114,1.0,0.9161616161616162
weibo_gadbench,hgb_attributes,zero_exposure,moderate,weighted_bh,4,0.08121827884835435,0.6404102564102564,136.18,1.0,2332.24,1792.6463280949113,7.421313499250598,37.04838334333286,1.0,0.923076923076923
weibo_gadbench,hgb_attributes,zero_exposure,moderate,weighted_bh,5,0.08717209585493184,0.6778,148.92,1.0,2281.7,1709.8265940237452,7.497841733936556,37.42982224040532,1.0,0.903
weibo_gadbench,hgb_attributes,zero_exposure,moderate,weighted_bh,6,0.10575977318193415,0.6376165803108809,138.14,1.0,2377.08,1925.8574592427,7.445022549714272,37.16656391619942,1.0,0.9243523316062177
weibo_gadbench,hgb_attributes,zero_exposure,moderate,weighted_bh,7,0.09285424394186136,0.6056122448979592,132.06,1.0,2401.9,1991.1655122716984,7.432525832647837,37.104280603224446,1.0,0.8653061224489796
weibo_gadbench,hgb_attributes,zero_exposure,moderate,weighted_bh,8,0.09525530235483456,0.6875257731958763,148.54,1.0,2265.18,1659.155321553173,7.464942180426756,37.265839331269156,1.0,0.9515463917525773
weibo_gadbench,hgb_attributes,zero_exposure,moderate,weighted_bh,9,0.08691758267204079,0.6827551020408162,146.84,1.0,2418.92,2035.8361925659337,7.421666773637519,37.05015504058162,1.0,0.9193877551020408
weibo_gadbench,hgb_attributes,zero_exposure,moderate,weighted_bh_rand,0,0.09141306379289128,0.6095959595959596,134.04,1.0,2430.04,2083.5756011865733,7.44008161255112,37.141971215378305,1.0,0.8272727272727274
weibo_gadbench,hgb_attributes,zero_exposure,moderate,weighted_bh_rand,1,0.09579625681585245,0.657948717948718,142.48,1.0,2441.68,2127.7327585537487,7.441300021322264,37.14800698989889,1.0,0.9374358974358975
weibo_gadbench,hgb_attributes,zero_exposure,moderate,weighted_bh_rand,2,0.08525243252470222,0.5664615384615385,121.94,1.0,2291.96,1677.0551921599485,7.374538503935427,36.815238286673136,1.0,0.9282051282051281
weibo_gadbench,hgb_attributes,zero_exposure,moderate,weighted_bh_rand,3,0.08412908102942275,0.6225252525252525,135.26,1.0,2439.28,2121.9309215827675,7.448125931416246,37.18206312323114,1.0,0.9161616161616162
weibo_gadbench,hgb_attributes,zero_exposure,moderate,weighted_bh_rand,4,0.08346833145680957,0.6554871794871795,139.74,1.0,2332.24,1792.6463280949113,7.421313499250598,37.04838334333286,1.0,0.923076923076923
weibo_gadbench,hgb_attributes,zero_exposure,moderate,weighted_bh_rand,5,0.09413756802717778,0.6920999999999999,153.16,1.0,2281.7,1709.8265940237452,7.497841733936556,37.42982224040532,1.0,0.903
weibo_gadbench,hgb_attributes,zero_exposure,moderate,weighted_bh_rand,6,0.11024990990052082,0.6453886010362695,140.54,1.0,2377.08,1925.8574592427,7.445022549714272,37.16656391619942,1.0,0.9243523316062177
weibo_gadbench,hgb_attributes,zero_exposure,moderate,weighted_bh_rand,7,0.09933225269674904,0.6315306122448979,138.56,1.0,2401.9,1991.1655122716984,7.432525832647837,37.104280603224446,1.0,0.8653061224489796
weibo_gadbench,hgb_attributes,zero_exposure,moderate,weighted_bh_rand,8,0.09831692431192884,0.7027835051546392,152.3,1.0,2265.18,1659.155321553173,7.464942180426756,37.265839331269156,1.0,0.9515463917525773
weibo_gadbench,hgb_attributes,zero_exposure,moderate,weighted_bh_rand,9,0.09021504426057789,0.6916326530612246,149.28,1.0,2418.92,2035.8361925659337,7.421666773637519,37.05015504058162,1.0,0.9193877551020408
weibo_gadbench,hgb_attributes,zero_exposure,moderate,weighted_by,0,0.0,0.0,0.0,0.0,2430.04,2083.5756011865733,7.44008161255112,37.141971215378305,1.0,0.8272727272727274
weibo_gadbench,hgb_attributes,zero_exposure,moderate,weighted_by,1,0.0,0.0,0.0,0.0,2441.68,2127.7327585537487,7.441300021322264,37.14800698989889,1.0,0.9374358974358975
weibo_gadbench,hgb_attributes,zero_exposure,moderate,weighted_by,2,0.0,0.0,0.0,0.0,2291.96,1677.0551921599485,7.374538503935427,36.815238286673136,1.0,0.9282051282051281
weibo_gadbench,hgb_attributes,zero_exposure,moderate,weighted_by,3,0.0,0.0,0.0,0.0,2439.28,2121.9309215827675,7.448125931416246,37.18206312323114,1.0,0.9161616161616162
weibo_gadbench,hgb_attributes,zero_exposure,moderate,weighted_by,4,0.0,0.0,0.0,0.0,2332.24,1792.6463280949113,7.421313499250598,37.04838334333286,1.0,0.923076923076923
weibo_gadbench,hgb_attributes,zero_exposure,moderate,weighted_by,5,0.0,0.0,0.0,0.0,2281.7,1709.8265940237452,7.497841733936556,37.42982224040532,1.0,0.903
weibo_gadbench,hgb_attributes,zero_exposure,moderate,weighted_by,6,0.0,0.0,0.0,0.0,2377.08,1925.8574592427,7.445022549714272,37.16656391619942,1.0,0.9243523316062177
weibo_gadbench,hgb_attributes,zero_exposure,moderate,weighted_by,7,0.0,0.0,0.0,0.0,2401.9,1991.1655122716984,7.432525832647837,37.104280603224446,1.0,0.8653061224489796
weibo_gadbench,hgb_attributes,zero_exposure,moderate,weighted_by,8,0.0,0.0,0.0,0.0,2265.18,1659.155321553173,7.464942180426756,37.265839331269156,1.0,0.9515463917525773
weibo_gadbench,hgb_attributes,zero_exposure,moderate,weighted_by,9,0.0,0.0,0.0,0.0,2418.92,2035.8361925659337,7.421666773637519,37.05015504058162,1.0,0.9193877551020408
weibo_gadbench,hgb_attributes,zero_exposure,neutral,equal_alpha,0,0.014447355250102106,0.43747474747474746,88.16,1.0,2542.74,2542.74,7.439050556098595,7.439050556098595,1.0,0.8272727272727274
weibo_gadbench,hgb_attributes,zero_exposure,neutral,equal_alpha,1,0.02107710643009516,0.5419487179487179,108.1,1.0,2540.36,2540.36,7.442352224682518,7.442352224682518,1.0,0.9374358974358975
weibo_gadbench,hgb_attributes,zero_exposure,neutral,equal_alpha,2,0.03554008523367373,0.36779487179487175,74.72,1.0,2555.28,2555.28,7.398679993587697,7.398679993587697,1.0,0.9282051282051281
weibo_gadbench,hgb_attributes,zero_exposure,neutral,equal_alpha,3,0.01819200090505492,0.3961616161616162,80.46,0.86,2536.74,2536.74,7.456812776362,7.456812776362,1.0,0.9161616161616162
weibo_gadbench,hgb_attributes,zero_exposure,neutral,equal_alpha,4,0.03470480767355459,0.5616410256410256,113.56,1.0,2554.2,2554.2,7.402040096295383,7.402040096295383,1.0,0.923076923076923
weibo_gadbench,hgb_attributes,zero_exposure,neutral,equal_alpha,5,0.03172324881310997,0.6017,124.38,1.0,2525.08,2525.08,7.487294616493954,7.487294616493954,1.0,0.903
weibo_gadbench,hgb_attributes,zero_exposure,neutral,equal_alpha,6,0.014726068309877473,0.5963730569948187,116.9,1.0,2536.04,2536.04,7.454961260627589,7.454961260627589,1.0,0.9243523316062177
weibo_gadbench,hgb_attributes,zero_exposure,neutral,equal_alpha,7,0.02108236854494429,0.43448979591836734,87.12,1.0,2545.72,2545.72,7.426139909118375,7.426139909118375,1.0,0.8653061224489796
weibo_gadbench,hgb_attributes,zero_exposure,neutral,equal_alpha,8,0.038041510895687344,0.5493814432989691,111.1,1.0,2539.0,2539.0,7.446439642785763,7.446439642785763,1.0,0.9515463917525773
weibo_gadbench,hgb_attributes,zero_exposure,neutral,equal_alpha,9,0.02993376504643635,0.5877551020408164,118.94,1.0,2550.76,2550.76,7.412083627922109,7.412083627922109,1.0,0.9193877551020408
weibo_gadbench,hgb_attributes,zero_exposure,neutral,pooled_reference,0,0.0919577845508852,0.6423232323232324,140.58,1.0,2542.74,2542.74,7.439050556098595,7.439050556098595,1.0,0.8272727272727274
weibo_gadbench,hgb_attributes,zero_exposure,neutral,pooled_reference,1,0.0938426213103511,0.6530256410256411,140.8,1.0,2540.36,2540.36,7.442352224682518,7.442352224682518,1.0,0.9374358974358975
weibo_gadbench,hgb_attributes,zero_exposure,neutral,pooled_reference,2,0.08588328822173492,0.5744615384615385,122.98,1.0,2555.28,2555.28,7.398679993587697,7.398679993587697,1.0,0.9282051282051281
weibo_gadbench,hgb_attributes,zero_exposure,neutral,pooled_reference,3,0.08963261978858476,0.6571717171717172,143.08,1.0,2536.74,2536.74,7.456812776362,7.456812776362,1.0,0.9161616161616162
weibo_gadbench,hgb_attributes,zero_exposure,neutral,pooled_reference,4,0.0853430278508388,0.6776410256410256,144.58,1.0,2554.2,2554.2,7.402040096295383,7.402040096295383,1.0,0.923076923076923
weibo_gadbench,hgb_attributes,zero_exposure,neutral,pooled_reference,5,0.08862846987445909,0.6981,153.38,1.0,2525.08,2525.08,7.487294616493954,7.487294616493954,1.0,0.903
weibo_gadbench,hgb_attributes,zero_exposure,neutral,pooled_reference,6,0.10508009108800097,0.6470466321243523,139.72,1.0,2536.04,2536.04,7.454961260627589,7.454961260627589,1.0,0.9243523316062177
weibo_gadbench,hgb_attributes,zero_exposure,neutral,pooled_reference,7,0.09738806457735057,0.6433673469387755,140.16,1.0,2545.72,2545.72,7.426139909118375,7.426139909118375,1.0,0.8653061224489796
weibo_gadbench,hgb_attributes,zero_exposure,neutral,pooled_reference,8,0.09729729972827071,0.7221649484536082,155.64,1.0,2539.0,2539.0,7.446439642785763,7.446439642785763,1.0,0.9515463917525773
weibo_gadbench,hgb_attributes,zero_exposure,neutral,pooled_reference,9,0.09255417126404106,0.6979591836734694,150.98,1.0,2550.76,2550.76,7.412083627922109,7.412083627922109,1.0,0.9193877551020408
weibo_gadbench,hgb_attributes,zero_exposure,neutral,pooled_stratum,0,0.05082704876822523,0.010606060606060605,2.96,0.2,2542.74,2542.74,7.439050556098595,7.439050556098595,1.0,0.8272727272727274
weibo_gadbench,hgb_attributes,zero_exposure,neutral,pooled_stratum,1,0.039785714285714285,0.013641025641025642,3.28,0.08,2540.36,2540.36,7.442352224682518,7.442352224682518,1.0,0.9374358974358975
weibo_gadbench,hgb_attributes,zero_exposure,neutral,pooled_stratum,2,0.08075511083155831,0.35302564102564105,75.06,1.0,2555.28,2555.28,7.398679993587697,7.398679993587697,1.0,0.9282051282051281
weibo_gadbench,hgb_attributes,zero_exposure,neutral,pooled_stratum,3,0.01,0.0006060606060606061,0.24,0.02,2536.74,2536.74,7.456812776362,7.456812776362,1.0,0.9161616161616162
weibo_gadbench,hgb_attributes,zero_exposure,neutral,pooled_stratum,4,0.06461613951170364,0.36789743589743584,78.0,0.8,2554.2,2554.2,7.402040096295383,7.402040096295383,1.0,0.923076923076923
weibo_gadbench,hgb_attributes,zero_exposure,neutral,pooled_stratum,5,0.09067846688775658,0.5746,126.78,1.0,2525.08,2525.08,7.487294616493954,7.487294616493954,1.0,0.903
weibo_gadbench,hgb_attributes,zero_exposure,neutral,pooled_stratum,6,0.10816472359158105,0.5504663212435232,119.34,1.0,2536.04,2536.04,7.454961260627589,7.454961260627589,1.0,0.9243523316062177
weibo_gadbench,hgb_attributes,zero_exposure,neutral,pooled_stratum,7,0.08724539920659137,0.17153061224489796,38.48,0.54,2545.72,2545.72,7.426139909118375,7.426139909118375,1.0,0.8653061224489796
weibo_gadbench,hgb_attributes,zero_exposure,neutral,pooled_stratum,8,0.07953724602132863,0.3897938144329897,83.58,0.92,2539.0,2539.0,7.446439642785763,7.446439642785763,1.0,0.9515463917525773
weibo_gadbench,hgb_attributes,zero_exposure,neutral,pooled_stratum,9,0.027046432706525927,0.1679591836734694,36.2,0.3,2550.76,2550.76,7.412083627922109,7.412083627922109,1.0,0.9193877551020408
weibo_gadbench,hgb_attributes,zero_exposure,neutral,size_alpha,0,0.05082704876822523,0.010606060606060605,2.96,0.2,2542.74,2542.74,7.439050556098595,7.439050556098595,1.0,0.8272727272727274
weibo_gadbench,hgb_attributes,zero_exposure,neutral,size_alpha,1,0.0375,0.0009230769230769232,0.48,0.06,2540.36,2540.36,7.442352224682518,7.442352224682518,1.0,0.9374358974358975
weibo_gadbench,hgb_attributes,zero_exposure,neutral,size_alpha,2,0.04715006041101159,0.22194871794871796,44.88,0.74,2555.28,2555.28,7.398679993587697,7.398679993587697,1.0,0.9282051282051281
weibo_gadbench,hgb_attributes,zero_exposure,neutral,size_alpha,3,0.01,0.0006060606060606061,0.24,0.02,2536.74,2536.74,7.456812776362,7.456812776362,1.0,0.9161616161616162
weibo_gadbench,hgb_attributes,zero_exposure,neutral,size_alpha,4,0.013474787092679612,0.3383589743589744,66.86,0.78,2554.2,2554.2,7.402040096295383,7.402040096295383,1.0,0.923076923076923
weibo_gadbench,hgb_attributes,zero_exposure,neutral,size_alpha,5,0.012661745834495015,0.4863,98.64,1.0,2525.08,2525.08,7.487294616493954,7.487294616493954,1.0,0.903
weibo_gadbench,hgb_attributes,zero_exposure,neutral,size_alpha,6,0.0031205232465245495,0.4741968911917098,91.86,0.88,2536.04,2536.04,7.454961260627589,7.454961260627589,1.0,0.9243523316062177
weibo_gadbench,hgb_attributes,zero_exposure,neutral,size_alpha,7,0.06385137085137085,0.01969387755102041,5.08,0.32,2545.72,2545.72,7.426139909118375,7.426139909118375,1.0,0.8653061224489796
weibo_gadbench,hgb_attributes,zero_exposure,neutral,size_alpha,8,0.025574540899110612,0.3297938144329897,66.52,0.82,2539.0,2539.0,7.446439642785763,7.446439642785763,1.0,0.9515463917525773
weibo_gadbench,hgb_attributes,zero_exposure,neutral,size_alpha,9,0.001632540121748755,0.03438775510204082,6.94,0.06,2550.76,2550.76,7.412083627922109,7.412083627922109,1.0,0.9193877551020408
weibo_gadbench,hgb_attributes,zero_exposure,neutral,wcs_deterministic,0,0.0919577845508852,0.6423232323232324,140.58,1.0,2542.74,2542.74,7.439050556098595,7.439050556098595,1.0,0.8272727272727274
weibo_gadbench,hgb_attributes,zero_exposure,neutral,wcs_deterministic,1,0.0938426213103511,0.6530256410256411,140.8,1.0,2540.36,2540.36,7.442352224682518,7.442352224682518,1.0,0.9374358974358975
weibo_gadbench,hgb_attributes,zero_exposure,neutral,wcs_deterministic,2,0.08588328822173492,0.5744615384615385,122.98,1.0,2555.28,2555.28,7.398679993587697,7.398679993587697,1.0,0.9282051282051281
weibo_gadbench,hgb_attributes,zero_exposure,neutral,wcs_deterministic,3,0.08963261978858476,0.6571717171717172,143.08,1.0,2536.74,2536.74,7.456812776362,7.456812776362,1.0,0.9161616161616162
weibo_gadbench,hgb_attributes,zero_exposure,neutral,wcs_deterministic,4,0.0853430278508388,0.6776410256410256,144.58,1.0,2554.2,2554.2,7.402040096295383,7.402040096295383,1.0,0.923076923076923
weibo_gadbench,hgb_attributes,zero_exposure,neutral,wcs_deterministic,5,0.08862846987445909,0.6981,153.38,1.0,2525.08,2525.08,7.487294616493954,7.487294616493954,1.0,0.903
weibo_gadbench,hgb_attributes,zero_exposure,neutral,wcs_deterministic,6,0.10508009108800097,0.6470466321243523,139.72,1.0,2536.04,2536.04,7.454961260627589,7.454961260627589,1.0,0.9243523316062177
weibo_gadbench,hgb_attributes,zero_exposure,neutral,wcs_deterministic,7,0.09738806457735057,0.6433673469387755,140.16,1.0,2545.72,2545.72,7.426139909118375,7.426139909118375,1.0,0.8653061224489796
weibo_gadbench,hgb_attributes,zero_exposure,neutral,wcs_deterministic,8,0.09729729972827071,0.7221649484536082,155.64,1.0,2539.0,2539.0,7.446439642785763,7.446439642785763,1.0,0.9515463917525773
weibo_gadbench,hgb_attributes,zero_exposure,neutral,wcs_deterministic,9,0.09255417126404106,0.6979591836734694,150.98,1.0,2550.76,2550.76,7.412083627922109,7.412083627922109,1.0,0.9193877551020408
weibo_gadbench,hgb_attributes,zero_exposure,neutral,wcs_homogeneous,0,0.0919577845508852,0.6423232323232324,140.58,1.0,2542.74,2542.74,7.439050556098595,7.439050556098595,1.0,0.8272727272727274
weibo_gadbench,hgb_attributes,zero_exposure,neutral,wcs_homogeneous,1,0.0938426213103511,0.6530256410256411,140.8,1.0,2540.36,2540.36,7.442352224682518,7.442352224682518,1.0,0.9374358974358975
weibo_gadbench,hgb_attributes,zero_exposure,neutral,wcs_homogeneous,2,0.08588328822173492,0.5744615384615385,122.98,1.0,2555.28,2555.28,7.398679993587697,7.398679993587697,1.0,0.9282051282051281
weibo_gadbench,hgb_attributes,zero_exposure,neutral,wcs_homogeneous,3,0.08963261978858476,0.6571717171717172,143.08,1.0,2536.74,2536.74,7.456812776362,7.456812776362,1.0,0.9161616161616162
weibo_gadbench,hgb_attributes,zero_exposure,neutral,wcs_homogeneous,4,0.0853430278508388,0.6776410256410256,144.58,1.0,2554.2,2554.2,7.402040096295383,7.402040096295383,1.0,0.923076923076923
weibo_gadbench,hgb_attributes,zero_exposure,neutral,wcs_homogeneous,5,0.08862846987445909,0.6981,153.38,1.0,2525.08,2525.08,7.487294616493954,7.487294616493954,1.0,0.903
weibo_gadbench,hgb_attributes,zero_exposure,neutral,wcs_homogeneous,6,0.10508009108800097,0.6470466321243523,139.72,1.0,2536.04,2536.04,7.454961260627589,7.454961260627589,1.0,0.9243523316062177
weibo_gadbench,hgb_attributes,zero_exposure,neutral,wcs_homogeneous,7,0.09738806457735057,0.6433673469387755,140.16,1.0,2545.72,2545.72,7.426139909118375,7.426139909118375,1.0,0.8653061224489796
weibo_gadbench,hgb_attributes,zero_exposure,neutral,wcs_homogeneous,8,0.09729729972827071,0.7221649484536082,155.64,1.0,2539.0,2539.0,7.446439642785763,7.446439642785763,1.0,0.9515463917525773
weibo_gadbench,hgb_attributes,zero_exposure,neutral,wcs_homogeneous,9,0.09255417126404106,0.6979591836734694,150.98,1.0,2550.76,2550.76,7.412083627922109,7.412083627922109,1.0,0.9193877551020408
weibo_gadbench,hgb_attributes,zero_exposure,neutral,wcs_rand_deterministic,0,0.09191068144565798,0.6444444444444444,141.04,1.0,2542.74,2542.74,7.439050556098595,7.439050556098595,1.0,0.8272727272727274
weibo_gadbench,hgb_attributes,zero_exposure,neutral,wcs_rand_deterministic,1,0.09460986243496165,0.6538461538461539,141.1,1.0,2540.36,2540.36,7.442352224682518,7.442352224682518,1.0,0.9374358974358975
weibo_gadbench,hgb_attributes,zero_exposure,neutral,wcs_rand_deterministic,2,0.08677329434821848,0.5762051282051283,123.48,1.0,2555.28,2555.28,7.398679993587697,7.398679993587697,1.0,0.9282051282051281
weibo_gadbench,hgb_attributes,zero_exposure,neutral,wcs_rand_deterministic,3,0.08969933909339797,0.6588888888888889,143.46,1.0,2536.74,2536.74,7.456812776362,7.456812776362,1.0,0.9161616161616162
weibo_gadbench,hgb_attributes,zero_exposure,neutral,wcs_rand_deterministic,4,0.0861306835014603,0.6781538461538461,144.82,1.0,2554.2,2554.2,7.402040096295383,7.402040096295383,1.0,0.923076923076923
weibo_gadbench,hgb_attributes,zero_exposure,neutral,wcs_rand_deterministic,5,0.08934132319881939,0.6990000000000001,153.7,1.0,2525.08,2525.08,7.487294616493954,7.487294616493954,1.0,0.903
weibo_gadbench,hgb_attributes,zero_exposure,neutral,wcs_rand_deterministic,6,0.10679185666174386,0.6477720207253885,140.16,1.0,2536.04,2536.04,7.454961260627589,7.454961260627589,1.0,0.9243523316062177
weibo_gadbench,hgb_attributes,zero_exposure,neutral,wcs_rand_deterministic,7,0.09787324236963155,0.645204081632653,140.64,1.0,2545.72,2545.72,7.426139909118375,7.426139909118375,1.0,0.8653061224489796
weibo_gadbench,hgb_attributes,zero_exposure,neutral,wcs_rand_deterministic,8,0.09820809231480776,0.7230927835051547,156.0,1.0,2539.0,2539.0,7.446439642785763,7.446439642785763,1.0,0.9515463917525773
weibo_gadbench,hgb_attributes,zero_exposure,neutral,wcs_rand_deterministic,9,0.09347679309389352,0.6992857142857143,151.42,1.0,2550.76,2550.76,7.412083627922109,7.412083627922109,1.0,0.9193877551020408
weibo_gadbench,hgb_attributes,zero_exposure,neutral,wcs_rand_homogeneous,0,0.092326389647081,0.6457575757575758,141.4,1.0,2542.74,2542.74,7.439050556098595,7.439050556098595,1.0,0.8272727272727274
weibo_gadbench,hgb_attributes,zero_exposure,neutral,wcs_rand_homogeneous,1,0.0960725060030968,0.6558974358974359,141.76,1.0,2540.36,2540.36,7.442352224682518,7.442352224682518,1.0,0.9374358974358975
weibo_gadbench,hgb_attributes,zero_exposure,neutral,wcs_rand_homogeneous,2,0.08751469010002681,0.5779487179487179,123.94,1.0,2555.28,2555.28,7.398679993587697,7.398679993587697,1.0,0.9282051282051281
weibo_gadbench,hgb_attributes,zero_exposure,neutral,wcs_rand_homogeneous,3,0.0905570799640055,0.6601010101010101,143.86,1.0,2536.74,2536.74,7.456812776362,7.456812776362,1.0,0.9161616161616162
weibo_gadbench,hgb_attributes,zero_exposure,neutral,wcs_rand_homogeneous,4,0.08649772983522562,0.6802051282051282,145.32,1.0,2554.2,2554.2,7.402040096295383,7.402040096295383,1.0,0.923076923076923
weibo_gadbench,hgb_attributes,zero_exposure,neutral,wcs_rand_homogeneous,5,0.09050746384858974,0.7003,154.18,1.0,2525.08,2525.08,7.487294616493954,7.487294616493954,1.0,0.903
weibo_gadbench,hgb_attributes,zero_exposure,neutral,wcs_rand_homogeneous,6,0.10719539141497521,0.6484974093264249,140.38,1.0,2536.04,2536.04,7.454961260627589,7.454961260627589,1.0,0.9243523316062177
weibo_gadbench,hgb_attributes,zero_exposure,neutral,wcs_rand_homogeneous,7,0.09826899433305533,0.6474489795918368,141.18,1.0,2545.72,2545.72,7.426139909118375,7.426139909118375,1.0,0.8653061224489796
weibo_gadbench,hgb_attributes,zero_exposure,neutral,wcs_rand_homogeneous,8,0.098490945590923,0.7238144329896907,156.2,1.0,2539.0,2539.0,7.446439642785763,7.446439642785763,1.0,0.9515463917525773
weibo_gadbench,hgb_attributes,zero_exposure,neutral,wcs_rand_homogeneous,9,0.09392512332468829,0.6998979591836735,151.62,1.0,2550.76,2550.76,7.412083627922109,7.412083627922109,1.0,0.9193877551020408
weibo_gadbench,hgb_attributes,zero_exposure,neutral,weighted_bh,0,0.0919577845508852,0.6423232323232324,140.58,1.0,2542.74,2542.74,7.439050556098595,7.439050556098595,1.0,0.8272727272727274
weibo_gadbench,hgb_attributes,zero_exposure,neutral,weighted_bh,1,0.0938426213103511,0.6530256410256411,140.8,1.0,2540.36,2540.36,7.442352224682518,7.442352224682518,1.0,0.9374358974358975
weibo_gadbench,hgb_attributes,zero_exposure,neutral,weighted_bh,2,0.08588328822173492,0.5744615384615385,122.98,1.0,2555.28,2555.28,7.398679993587697,7.398679993587697,1.0,0.9282051282051281
weibo_gadbench,hgb_attributes,zero_exposure,neutral,weighted_bh,3,0.08963261978858476,0.6571717171717172,143.08,1.0,2536.74,2536.74,7.456812776362,7.456812776362,1.0,0.9161616161616162
weibo_gadbench,hgb_attributes,zero_exposure,neutral,weighted_bh,4,0.0853430278508388,0.6776410256410256,144.58,1.0,2554.2,2554.2,7.402040096295383,7.402040096295383,1.0,0.923076923076923
weibo_gadbench,hgb_attributes,zero_exposure,neutral,weighted_bh,5,0.08862846987445909,0.6981,153.38,1.0,2525.08,2525.08,7.487294616493954,7.487294616493954,1.0,0.903
weibo_gadbench,hgb_attributes,zero_exposure,neutral,weighted_bh,6,0.10508009108800097,0.6470466321243523,139.72,1.0,2536.04,2536.04,7.454961260627589,7.454961260627589,1.0,0.9243523316062177
weibo_gadbench,hgb_attributes,zero_exposure,neutral,weighted_bh,7,0.09738806457735057,0.6433673469387755,140.16,1.0,2545.72,2545.72,7.426139909118375,7.426139909118375,1.0,0.8653061224489796
weibo_gadbench,hgb_attributes,zero_exposure,neutral,weighted_bh,8,0.09729729972827071,0.7221649484536082,155.64,1.0,2539.0,2539.0,7.446439642785763,7.446439642785763,1.0,0.9515463917525773
weibo_gadbench,hgb_attributes,zero_exposure,neutral,weighted_bh,9,0.09255417126404106,0.6979591836734694,150.98,1.0,2550.76,2550.76,7.412083627922109,7.412083627922109,1.0,0.9193877551020408
weibo_gadbench,hgb_attributes,zero_exposure,neutral,weighted_bh_rand,0,0.09245526956989605,0.6453535353535353,141.32,1.0,2542.74,2542.74,7.439050556098595,7.439050556098595,1.0,0.8272727272727274
weibo_gadbench,hgb_attributes,zero_exposure,neutral,weighted_bh_rand,1,0.09657210541483632,0.6578461538461537,142.28,1.0,2540.36,2540.36,7.442352224682518,7.442352224682518,1.0,0.9374358974358975
weibo_gadbench,hgb_attributes,zero_exposure,neutral,weighted_bh_rand,2,0.08725181575356954,0.5786666666666667,124.06,1.0,2555.28,2555.28,7.398679993587697,7.398679993587697,1.0,0.9282051282051281
weibo_gadbench,hgb_attributes,zero_exposure,neutral,weighted_bh_rand,3,0.09044687573891692,0.66,143.82,1.0,2536.74,2536.74,7.456812776362,7.456812776362,1.0,0.9161616161616162
weibo_gadbench,hgb_attributes,zero_exposure,neutral,weighted_bh_rand,4,0.08660408775049497,0.6804102564102564,145.38,1.0,2554.2,2554.2,7.402040096295383,7.402040096295383,1.0,0.923076923076923
weibo_gadbench,hgb_attributes,zero_exposure,neutral,weighted_bh_rand,5,0.09090933725774114,0.7001999999999999,154.22,1.0,2525.08,2525.08,7.487294616493954,7.487294616493954,1.0,0.903
weibo_gadbench,hgb_attributes,zero_exposure,neutral,weighted_bh_rand,6,0.10720957581213833,0.6483937823834196,140.36,1.0,2536.04,2536.04,7.454961260627589,7.454961260627589,1.0,0.9243523316062177
weibo_gadbench,hgb_attributes,zero_exposure,neutral,weighted_bh_rand,7,0.09854416224317837,0.6468367346938776,141.1,1.0,2545.72,2545.72,7.426139909118375,7.426139909118375,1.0,0.8653061224489796
weibo_gadbench,hgb_attributes,zero_exposure,neutral,weighted_bh_rand,8,0.0990786205781271,0.7244329896907216,156.44,1.0,2539.0,2539.0,7.446439642785763,7.446439642785763,1.0,0.9515463917525773
weibo_gadbench,hgb_attributes,zero_exposure,neutral,weighted_bh_rand,9,0.09367936617636272,0.6996938775510203,151.54,1.0,2550.76,2550.76,7.412083627922109,7.412083627922109,1.0,0.9193877551020408
weibo_gadbench,hgb_attributes,zero_exposure,neutral,weighted_by,0,0.00073833796725363,0.20767676767676768,41.18,0.54,2542.74,2542.74,7.439050556098595,7.439050556098595,1.0,0.8272727272727274
weibo_gadbench,hgb_attributes,zero_exposure,neutral,weighted_by,1,0.011021154678913632,0.2693333333333333,53.5,0.64,2540.36,2540.36,7.442352224682518,7.442352224682518,1.0,0.9374358974358975
weibo_gadbench,hgb_attributes,zero_exposure,neutral,weighted_by,2,0.010821792774876698,0.23025641025641025,45.7,0.66,2555.28,2555.28,7.398679993587697,7.398679993587697,1.0,0.9282051282051281
weibo_gadbench,hgb_attributes,zero_exposure,neutral,weighted_by,3,0.004519508358946953,0.09838383838383839,19.8,0.28,2536.74,2536.74,7.456812776362,7.456812776362,1.0,0.9161616161616162
weibo_gadbench,hgb_attributes,zero_exposure,neutral,weighted_by,4,0.007604398730173847,0.14523076923076922,28.98,0.34,2554.2,2554.2,7.402040096295383,7.402040096295383,1.0,0.923076923076923
weibo_gadbench,hgb_attributes,zero_exposure,neutral,weighted_by,5,0.0036697971542105313,0.4783,96.04,1.0,2525.08,2525.08,7.487294616493954,7.487294616493954,1.0,0.903
weibo_gadbench,hgb_attributes,zero_exposure,neutral,weighted_by,6,0.00758247602342734,0.46829015544041447,91.16,1.0,2536.04,2536.04,7.454961260627589,7.454961260627589,1.0,0.9243523316062177
weibo_gadbench,hgb_attributes,zero_exposure,neutral,weighted_by,7,0.002861454440931302,0.050816326530612244,10.2,0.14,2545.72,2545.72,7.426139909118375,7.426139909118375,1.0,0.8653061224489796
weibo_gadbench,hgb_attributes,zero_exposure,neutral,weighted_by,8,0.019902635477228717,0.2142268041237113,43.56,0.5,2539.0,2539.0,7.446439642785763,7.446439642785763,1.0,0.9515463917525773
weibo_gadbench,hgb_attributes,zero_exposure,neutral,weighted_by,9,0.008609922745022003,0.47183673469387755,93.34,1.0,2550.76,2550.76,7.412083627922109,7.412083627922109,1.0,0.9193877551020408
weibo_gadbench,hgb_attributes,zero_exposure,severe,equal_alpha,0,0.007058823529411765,0.0011111111111111111,0.34,0.02,2409.1,1258.1624503511057,7.432267798944663,147.54359553454285,1.0,0.8272727272727274
weibo_gadbench,hgb_attributes,zero_exposure,severe,equal_alpha,1,0.0,0.0,0.0,0.0,2422.72,1396.0661006643222,7.461947696137824,148.12765484208228,1.0,0.9374358974358975
weibo_gadbench,hgb_attributes,zero_exposure,severe,equal_alpha,2,0.031299019607843134,0.005846153846153846,1.66,0.1,2240.66,744.2469755029294,7.391454200307435,146.73824130038312,1.0,0.9282051282051281
weibo_gadbench,hgb_attributes,zero_exposure,severe,equal_alpha,3,0.0,0.0,0.0,0.0,2419.8,1408.7246114676316,7.485571907040595,148.59374725216605,1.0,0.9161616161616162
weibo_gadbench,hgb_attributes,zero_exposure,severe,equal_alpha,4,0.0,0.0,0.0,0.0,2291.9,866.6403662299738,7.4185495663553835,147.27196845375727,1.0,0.923076923076923
weibo_gadbench,hgb_attributes,zero_exposure,severe,equal_alpha,5,0.0,0.0,0.0,0.0,2236.86,783.809354571164,7.488754206131386,148.65553256993047,1.0,0.903
weibo_gadbench,hgb_attributes,zero_exposure,severe,equal_alpha,6,0.0,0.0,0.0,0.0,2347.24,1000.0792141689242,7.409192390459935,147.08817901257467,1.0,0.9243523316062177
weibo_gadbench,hgb_attributes,zero_exposure,severe,equal_alpha,7,0.01984126984126984,0.004081632653061225,1.2,0.06,2375.4,1124.5212959876762,7.428664459784823,147.47192521131663,1.0,0.8653061224489796
weibo_gadbench,hgb_attributes,zero_exposure,severe,equal_alpha,8,0.0,0.0,0.0,0.0,2214.7,741.330102211732,7.481738141024648,148.51706602821878,1.0,0.9515463917525773
weibo_gadbench,hgb_attributes,zero_exposure,severe,equal_alpha,9,0.0,0.0,0.0,0.0,2394.82,1184.5283623292328,7.421879330297763,147.3383853613168,1.0,0.9193877551020408
weibo_gadbench,hgb_attributes,zero_exposure,severe,pooled_reference,0,0.11350276371052981,0.6937373737373737,155.54,1.0,2409.1,1258.1624503511057,7.432267798944663,147.54359553454285,1.0,0.8272727272727274
weibo_gadbench,hgb_attributes,zero_exposure,severe,pooled_reference,1,0.14294483530107774,0.7328205128205129,167.0,1.0,2422.72,1396.0661006643222,7.461947696137824,148.12765484208228,1.0,0.9374358974358975
weibo_gadbench,hgb_attributes,zero_exposure,severe,pooled_reference,2,0.14553348389700177,0.7212307692307692,164.76,1.0,2240.66,744.2469755029294,7.391454200307435,146.73824130038312,1.0,0.9282051282051281
weibo_gadbench,hgb_attributes,zero_exposure,severe,pooled_reference,3,0.12780346640903725,0.7054545454545454,160.38,1.0,2419.8,1408.7246114676316,7.485571907040595,148.59374725216605,1.0,0.9161616161616162
weibo_gadbench,hgb_attributes,zero_exposure,severe,pooled_reference,4,0.11339819720094008,0.712102564102564,156.96,1.0,2291.9,866.6403662299738,7.4185495663553835,147.27196845375727,1.0,0.923076923076923
weibo_gadbench,hgb_attributes,zero_exposure,severe,pooled_reference,5,0.12490198289283246,0.74,169.56,1.0,2236.86,783.809354571164,7.488754206131386,148.65553256993047,1.0,0.903
weibo_gadbench,hgb_attributes,zero_exposure,severe,pooled_reference,6,0.13497876375267676,0.6694300518134715,150.02,1.0,2347.24,1000.0792141689242,7.409192390459935,147.08817901257467,1.0,0.9243523316062177
weibo_gadbench,hgb_attributes,zero_exposure,severe,pooled_reference,7,0.1283887834136536,0.7105102040816327,160.34,1.0,2375.4,1124.5212959876762,7.428664459784823,147.47192521131663,1.0,0.8653061224489796
weibo_gadbench,hgb_attributes,zero_exposure,severe,pooled_reference,8,0.14038217736177985,0.7721649484536083,174.96,1.0,2214.7,741.330102211732,7.481738141024648,148.51706602821878,1.0,0.9515463917525773
weibo_gadbench,hgb_attributes,zero_exposure,severe,pooled_reference,9,0.1159935171387215,0.7176530612244898,159.4,1.0,2394.82,1184.5283623292328,7.421879330297763,147.3383853613168,1.0,0.9193877551020408
weibo_gadbench,hgb_attributes,zero_exposure,severe,pooled_stratum,0,0.05082704876822523,0.010606060606060605,2.96,0.2,2409.1,1258.1624503511057,7.432267798944663,147.54359553454285,1.0,0.8272727272727274
weibo_gadbench,hgb_attributes,zero_exposure,severe,pooled_stratum,1,0.0375,0.0009230769230769232,0.48,0.06,2422.72,1396.0661006643222,7.461947696137824,148.12765484208228,1.0,0.9374358974358975
weibo_gadbench,hgb_attributes,zero_exposure,severe,pooled_stratum,2,0.062431372549019606,0.028307692307692308,6.48,0.56,2240.66,744.2469755029294,7.391454200307435,146.73824130038312,1.0,0.9282051282051281
weibo_gadbench,hgb_attributes,zero_exposure,severe,pooled_stratum,3,0.01,0.0006060606060606061,0.24,0.02,2419.8,1408.7246114676316,7.485571907040595,148.59374725216605,1.0,0.9161616161616162
weibo_gadbench,hgb_attributes,zero_exposure,severe,pooled_stratum,4,0.01933333333333333,0.0028717948717948715,0.74,0.08,2291.9,866.6403662299738,7.4185495663553835,147.27196845375727,1.0,0.923076923076923
weibo_gadbench,hgb_attributes,zero_exposure,severe,pooled_stratum,5,0.0,0.0,0.0,0.0,2236.86,783.809354571164,7.488754206131386,148.65553256993047,1.0,0.903
weibo_gadbench,hgb_attributes,zero_exposure,severe,pooled_stratum,6,0.0,0.0,0.0,0.0,2347.24,1000.0792141689242,7.409192390459935,147.08817901257467,1.0,0.9243523316062177
weibo_gadbench,hgb_attributes,zero_exposure,severe,pooled_stratum,7,0.06385137085137085,0.01969387755102041,5.08,0.32,2375.4,1124.5212959876762,7.428664459784823,147.47192521131663,1.0,0.8653061224489796
weibo_gadbench,hgb_attributes,zero_exposure,severe,pooled_stratum,8,0.07111111111111111,0.00731958762886598,2.1,0.22,2214.7,741.330102211732,7.481738141024648,148.51706602821878,1.0,0.9515463917525773
weibo_gadbench,hgb_attributes,zero_exposure,severe,pooled_stratum,9,0.0,0.0,0.0,0.0,2394.82,1184.5283623292328,7.421879330297763,147.3383853613168,1.0,0.9193877551020408
weibo_gadbench,hgb_attributes,zero_exposure,severe,size_alpha,0,0.05082704876822523,0.010606060606060605,2.96,0.2,2409.1,1258.1624503511057,7.432267798944663,147.54359553454285,1.0,0.8272727272727274
weibo_gadbench,hgb_attributes,zero_exposure,severe,size_alpha,1,0.0375,0.0009230769230769232,0.48,0.06,2422.72,1396.0661006643222,7.461947696137824,148.12765484208228,1.0,0.9374358974358975
weibo_gadbench,hgb_attributes,zero_exposure,severe,size_alpha,2,0.062431372549019606,0.028307692307692308,6.48,0.56,2240.66,744.2469755029294,7.391454200307435,146.73824130038312,1.0,0.9282051282051281
weibo_gadbench,hgb_attributes,zero_exposure,severe,size_alpha,3,0.01,0.0006060606060606061,0.24,0.02,2419.8,1408.7246114676316,7.485571907040595,148.59374725216605,1.0,0.9161616161616162
weibo_gadbench,hgb_attributes,zero_exposure,severe,size_alpha,4,0.01933333333333333,0.0028717948717948715,0.74,0.08,2291.9,866.6403662299738,7.4185495663553835,147.27196845375727,1.0,0.923076923076923
weibo_gadbench,hgb_attributes,zero_exposure,severe,size_alpha,5,0.0,0.0,0.0,0.0,2236.86,783.809354571164,7.488754206131386,148.65553256993047,1.0,0.903
weibo_gadbench,hgb_attributes,zero_exposure,severe,size_alpha,6,0.0,0.0,0.0,0.0,2347.24,1000.0792141689242,7.409192390459935,147.08817901257467,1.0,0.9243523316062177
weibo_gadbench,hgb_attributes,zero_exposure,severe,size_alpha,7,0.06385137085137085,0.01969387755102041,5.08,0.32,2375.4,1124.5212959876762,7.428664459784823,147.47192521131663,1.0,0.8653061224489796
weibo_gadbench,hgb_attributes,zero_exposure,severe,size_alpha,8,0.07111111111111111,0.00731958762886598,2.1,0.22,2214.7,741.330102211732,7.481738141024648,148.51706602821878,1.0,0.9515463917525773
weibo_gadbench,hgb_attributes,zero_exposure,severe,size_alpha,9,0.0,0.0,0.0,0.0,2394.82,1184.5283623292328,7.421879330297763,147.3383853613168,1.0,0.9193877551020408
weibo_gadbench,hgb_attributes,zero_exposure,severe,wcs_deterministic,0,0.0,0.0,0.0,0.0,2409.1,1258.1624503511057,7.432267798944663,147.54359553454285,1.0,0.8272727272727274
weibo_gadbench,hgb_attributes,zero_exposure,severe,wcs_deterministic,1,0.0,0.0,0.0,0.0,2422.72,1396.0661006643222,7.461947696137824,148.12765484208228,1.0,0.9374358974358975
weibo_gadbench,hgb_attributes,zero_exposure,severe,wcs_deterministic,2,0.0,0.0,0.0,0.0,2240.66,744.2469755029294,7.391454200307435,146.73824130038312,1.0,0.9282051282051281
weibo_gadbench,hgb_attributes,zero_exposure,severe,wcs_deterministic,3,0.0,0.0,0.0,0.0,2419.8,1408.7246114676316,7.485571907040595,148.59374725216605,1.0,0.9161616161616162
weibo_gadbench,hgb_attributes,zero_exposure,severe,wcs_deterministic,4,0.0,0.0,0.0,0.0,2291.9,866.6403662299738,7.4185495663553835,147.27196845375727,1.0,0.923076923076923
weibo_gadbench,hgb_attributes,zero_exposure,severe,wcs_deterministic,5,0.0,0.0,0.0,0.0,2236.86,783.809354571164,7.488754206131386,148.65553256993047,1.0,0.903
weibo_gadbench,hgb_attributes,zero_exposure,severe,wcs_deterministic,6,0.0,0.0,0.0,0.0,2347.24,1000.0792141689242,7.409192390459935,147.08817901257467,1.0,0.9243523316062177
weibo_gadbench,hgb_attributes,zero_exposure,severe,wcs_deterministic,7,0.0,0.0,0.0,0.0,2375.4,1124.5212959876762,7.428664459784823,147.47192521131663,1.0,0.8653061224489796
weibo_gadbench,hgb_attributes,zero_exposure,severe,wcs_deterministic,8,0.0,0.0,0.0,0.0,2214.7,741.330102211732,7.481738141024648,148.51706602821878,1.0,0.9515463917525773
weibo_gadbench,hgb_attributes,zero_exposure,severe,wcs_deterministic,9,0.0,0.0,0.0,0.0,2394.82,1184.5283623292328,7.421879330297763,147.3383853613168,1.0,0.9193877551020408
weibo_gadbench,hgb_attributes,zero_exposure,severe,wcs_homogeneous,0,0.05181078554841524,0.01282828282828283,4.68,0.12,2409.1,1258.1624503511057,7.432267798944663,147.54359553454285,1.0,0.8272727272727274
weibo_gadbench,hgb_attributes,zero_exposure,severe,wcs_homogeneous,1,0.0684955044955045,0.0028717948717948715,1.86,0.1,2422.72,1396.0661006643222,7.461947696137824,148.12765484208228,1.0,0.9374358974358975
weibo_gadbench,hgb_attributes,zero_exposure,severe,wcs_homogeneous,2,0.07901630364008824,0.011076923076923078,3.88,0.2,2240.66,744.2469755029294,7.391454200307435,146.73824130038312,1.0,0.9282051282051281
weibo_gadbench,hgb_attributes,zero_exposure,severe,wcs_homogeneous,3,0.05971767363071711,0.0035353535353535356,1.84,0.1,2419.8,1408.7246114676316,7.485571907040595,148.59374725216605,1.0,0.9161616161616162
weibo_gadbench,hgb_attributes,zero_exposure,severe,wcs_homogeneous,4,0.0593073593073593,0.003384615384615385,1.7,0.1,2291.9,866.6403662299738,7.4185495663553835,147.27196845375727,1.0,0.923076923076923
weibo_gadbench,hgb_attributes,zero_exposure,severe,wcs_homogeneous,5,0.05756443556443556,0.0063,2.7,0.12,2236.86,783.809354571164,7.488754206131386,148.65553256993047,1.0,0.903
weibo_gadbench,hgb_attributes,zero_exposure,severe,wcs_homogeneous,6,0.09673562548562549,0.002176165803108808,2.46,0.12,2347.24,1000.0792141689242,7.409192390459935,147.08817901257467,1.0,0.9243523316062177
weibo_gadbench,hgb_attributes,zero_exposure,severe,wcs_homogeneous,7,0.052935494185494175,0.012653061224489797,4.1,0.14,2375.4,1124.5212959876762,7.428664459784823,147.47192521131663,1.0,0.8653061224489796
weibo_gadbench,hgb_attributes,zero_exposure,severe,wcs_homogeneous,8,0.04552920509442249,0.0030927835051546395,1.5,0.08,2214.7,741.330102211732,7.481738141024648,148.51706602821878,1.0,0.9515463917525773
weibo_gadbench,hgb_attributes,zero_exposure,severe,wcs_homogeneous,9,0.06369185505569945,0.0033673469387755102,1.78,0.1,2394.82,1184.5283623292328,7.421879330297763,147.3383853613168,1.0,0.9193877551020408
weibo_gadbench,hgb_attributes,zero_exposure,severe,wcs_rand_deterministic,0,0.0,0.0,0.0,0.0,2409.1,1258.1624503511057,7.432267798944663,147.54359553454285,1.0,0.8272727272727274
weibo_gadbench,hgb_attributes,zero_exposure,severe,wcs_rand_deterministic,1,0.0,0.0,0.0,0.0,2422.72,1396.0661006643222,7.461947696137824,148.12765484208228,1.0,0.9374358974358975
weibo_gadbench,hgb_attributes,zero_exposure,severe,wcs_rand_deterministic,2,0.0,0.00010256410256410256,0.02,0.02,2240.66,744.2469755029294,7.391454200307435,146.73824130038312,1.0,0.9282051282051281
weibo_gadbench,hgb_attributes,zero_exposure,severe,wcs_rand_deterministic,3,0.0,0.0,0.0,0.0,2419.8,1408.7246114676316,7.485571907040595,148.59374725216605,1.0,0.9161616161616162
weibo_gadbench,hgb_attributes,zero_exposure,severe,wcs_rand_deterministic,4,0.0,0.0,0.0,0.0,2291.9,866.6403662299738,7.4185495663553835,147.27196845375727,1.0,0.923076923076923
weibo_gadbench,hgb_attributes,zero_exposure,severe,wcs_rand_deterministic,5,0.0,0.0002,0.04,0.04,2236.86,783.809354571164,7.488754206131386,148.65553256993047,1.0,0.903
weibo_gadbench,hgb_attributes,zero_exposure,severe,wcs_rand_deterministic,6,0.0,0.00010362694300518135,0.02,0.02,2347.24,1000.0792141689242,7.409192390459935,147.08817901257467,1.0,0.9243523316062177
weibo_gadbench,hgb_attributes,zero_exposure,severe,wcs_rand_deterministic,7,0.0,0.0001020408163265306,0.02,0.02,2375.4,1124.5212959876762,7.428664459784823,147.47192521131663,1.0,0.8653061224489796
weibo_gadbench,hgb_attributes,zero_exposure,severe,wcs_rand_deterministic,8,0.0,0.00010309278350515463,0.02,0.02,2214.7,741.330102211732,7.481738141024648,148.51706602821878,1.0,0.9515463917525773
weibo_gadbench,hgb_attributes,zero_exposure,severe,wcs_rand_deterministic,9,0.0,0.0,0.0,0.0,2394.82,1184.5283623292328,7.421879330297763,147.3383853613168,1.0,0.9193877551020408
weibo_gadbench,hgb_attributes,zero_exposure,severe,wcs_rand_homogeneous,0,0.07969381551056946,0.11232323232323232,28.36,0.44,2409.1,1258.1624503511057,7.432267798944663,147.54359553454285,1.0,0.8272727272727274
weibo_gadbench,hgb_attributes,zero_exposure,severe,wcs_rand_homogeneous,1,0.09966959810958631,0.12687179487179487,31.92,0.46,2422.72,1396.0661006643222,7.461947696137824,148.12765484208228,1.0,0.9374358974358975
weibo_gadbench,hgb_attributes,zero_exposure,severe,wcs_rand_homogeneous,2,0.08896892121454553,0.13312820512820514,32.22,0.56,2240.66,744.2469755029294,7.391454200307435,146.73824130038312,1.0,0.9282051282051281
weibo_gadbench,hgb_attributes,zero_exposure,severe,wcs_rand_homogeneous,3,0.08987611603897733,0.11282828282828282,28.42,0.44,2419.8,1408.7246114676316,7.485571907040595,148.59374725216605,1.0,0.9161616161616162
weibo_gadbench,hgb_attributes,zero_exposure,severe,wcs_rand_homogeneous,4,0.07121190088711161,0.10871794871794872,26.24,0.38,2291.9,866.6403662299738,7.4185495663553835,147.27196845375727,1.0,0.923076923076923
weibo_gadbench,hgb_attributes,zero_exposure,severe,wcs_rand_homogeneous,5,0.06539615676927299,0.11630000000000001,28.58,0.38,2236.86,783.809354571164,7.488754206131386,148.65553256993047,1.0,0.903
weibo_gadbench,hgb_attributes,zero_exposure,severe,wcs_rand_homogeneous,6,0.1083093143900533,0.11968911917098446,31.1,0.48,2347.24,1000.0792141689242,7.409192390459935,147.08817901257467,1.0,0.9243523316062177
weibo_gadbench,hgb_attributes,zero_exposure,severe,wcs_rand_homogeneous,7,0.08613635459049128,0.1276530612244898,31.5,0.48,2375.4,1124.5212959876762,7.428664459784823,147.47192521131663,1.0,0.8653061224489796
weibo_gadbench,hgb_attributes,zero_exposure,severe,wcs_rand_homogeneous,8,0.1126066154057187,0.16824742268041237,42.62,0.5,2214.7,741.330102211732,7.481738141024648,148.51706602821878,1.0,0.9515463917525773
weibo_gadbench,hgb_attributes,zero_exposure,severe,wcs_rand_homogeneous,9,0.06008864897902336,0.11408163265306122,26.68,0.4,2394.82,1184.5283623292328,7.421879330297763,147.3383853613168,1.0,0.9193877551020408
weibo_gadbench,hgb_attributes,zero_exposure,severe,weighted_bh,0,0.05082704876822523,0.010606060606060605,2.96,0.2,2409.1,1258.1624503511057,7.432267798944663,147.54359553454285,1.0,0.8272727272727274
weibo_gadbench,hgb_attributes,zero_exposure,severe,weighted_bh,1,0.0375,0.0009230769230769232,0.48,0.06,2422.72,1396.0661006643222,7.461947696137824,148.12765484208228,1.0,0.9374358974358975
weibo_gadbench,hgb_attributes,zero_exposure,severe,weighted_bh,2,0.059369281045751635,0.03005128205128205,6.82,0.6,2240.66,744.2469755029294,7.391454200307435,146.73824130038312,1.0,0.9282051282051281
weibo_gadbench,hgb_attributes,zero_exposure,severe,weighted_bh,3,0.01,0.0006060606060606061,0.24,0.02,2419.8,1408.7246114676316,7.485571907040595,148.59374725216605,1.0,0.9161616161616162
weibo_gadbench,hgb_attributes,zero_exposure,severe,weighted_bh,4,0.02183333333333333,0.0035897435897435893,0.9,0.1,2291.9,866.6403662299738,7.4185495663553835,147.27196845375727,1.0,0.923076923076923
weibo_gadbench,hgb_attributes,zero_exposure,severe,weighted_bh,5,0.0,0.016,3.2,0.4,2236.86,783.809354571164,7.488754206131386,148.65553256993047,1.0,0.903
weibo_gadbench,hgb_attributes,zero_exposure,severe,weighted_bh,6,0.0,0.0,0.0,0.0,2347.24,1000.0792141689242,7.409192390459935,147.08817901257467,1.0,0.9243523316062177
weibo_gadbench,hgb_attributes,zero_exposure,severe,weighted_bh,7,0.06292424242424242,0.02142857142857143,5.48,0.34,2375.4,1124.5212959876762,7.428664459784823,147.47192521131663,1.0,0.8653061224489796
weibo_gadbench,hgb_attributes,zero_exposure,severe,weighted_bh,8,0.08478927203065133,0.02319587628865979,5.9,0.28,2214.7,741.330102211732,7.481738141024648,148.51706602821878,1.0,0.9515463917525773
weibo_gadbench,hgb_attributes,zero_exposure,severe,weighted_bh,9,0.0024675324675324673,0.013775510204081633,3.08,0.02,2394.82,1184.5283623292328,7.421879330297763,147.3383853613168,1.0,0.9193877551020408
weibo_gadbench,hgb_attributes,zero_exposure,severe,weighted_bh_rand,0,0.06814697835290356,0.24515151515151515,56.7,0.74,2409.1,1258.1624503511057,7.432267798944663,147.54359553454285,1.0,0.8272727272727274
weibo_gadbench,hgb_attributes,zero_exposure,severe,weighted_bh_rand,1,0.0827153400842551,0.2193846153846154,49.1,0.82,2422.72,1396.0661006643222,7.461947696137824,148.12765484208228,1.0,0.9374358974358975
weibo_gadbench,hgb_attributes,zero_exposure,severe,weighted_bh_rand,2,0.08305061952307544,0.2592820512820513,58.14,0.98,2240.66,744.2469755029294,7.391454200307435,146.73824130038312,1.0,0.9282051282051281
weibo_gadbench,hgb_attributes,zero_exposure,severe,weighted_bh_rand,3,0.06568740694256264,0.18535353535353535,42.24,0.82,2419.8,1408.7246114676316,7.485571907040595,148.59374725216605,1.0,0.9161616161616162
weibo_gadbench,hgb_attributes,zero_exposure,severe,weighted_bh_rand,4,0.08138325809184525,0.2691282051282051,59.82,0.76,2291.9,866.6403662299738,7.4185495663553835,147.27196845375727,1.0,0.923076923076923
weibo_gadbench,hgb_attributes,zero_exposure,severe,weighted_bh_rand,5,0.09041745938452715,0.4797,108.12,1.0,2236.86,783.809354571164,7.488754206131386,148.65553256993047,1.0,0.903
weibo_gadbench,hgb_attributes,zero_exposure,severe,weighted_bh_rand,6,0.12044736214967618,0.27471502590673574,63.2,0.94,2347.24,1000.0792141689242,7.409192390459935,147.08817901257467,1.0,0.9243523316062177
weibo_gadbench,hgb_attributes,zero_exposure,severe,weighted_bh_rand,7,0.09415453865551195,0.28030612244897957,63.54,0.94,2375.4,1124.5212959876762,7.428664459784823,147.47192521131663,1.0,0.8653061224489796
weibo_gadbench,hgb_attributes,zero_exposure,severe,weighted_bh_rand,8,0.09852797936872579,0.5155670103092783,115.84,0.88,2214.7,741.330102211732,7.481738141024648,148.51706602821878,1.0,0.9515463917525773
weibo_gadbench,hgb_attributes,zero_exposure,severe,weighted_bh_rand,9,0.08807089789439498,0.4198979591836735,92.12,1.0,2394.82,1184.5283623292328,7.421879330297763,147.3383853613168,1.0,0.9193877551020408
weibo_gadbench,hgb_attributes,zero_exposure,severe,weighted_by,0,0.0,0.0,0.0,0.0,2409.1,1258.1624503511057,7.432267798944663,147.54359553454285,1.0,0.8272727272727274
weibo_gadbench,hgb_attributes,zero_exposure,severe,weighted_by,1,0.0,0.0,0.0,0.0,2422.72,1396.0661006643222,7.461947696137824,148.12765484208228,1.0,0.9374358974358975
weibo_gadbench,hgb_attributes,zero_exposure,severe,weighted_by,2,0.0,0.0,0.0,0.0,2240.66,744.2469755029294,7.391454200307435,146.73824130038312,1.0,0.9282051282051281
weibo_gadbench,hgb_attributes,zero_exposure,severe,weighted_by,3,0.0,0.0,0.0,0.0,2419.8,1408.7246114676316,7.485571907040595,148.59374725216605,1.0,0.9161616161616162
weibo_gadbench,hgb_attributes,zero_exposure,severe,weighted_by,4,0.0,0.0,0.0,0.0,2291.9,866.6403662299738,7.4185495663553835,147.27196845375727,1.0,0.923076923076923
weibo_gadbench,hgb_attributes,zero_exposure,severe,weighted_by,5,0.0,0.0,0.0,0.0,2236.86,783.809354571164,7.488754206131386,148.65553256993047,1.0,0.903
weibo_gadbench,hgb_attributes,zero_exposure,severe,weighted_by,6,0.0,0.0,0.0,0.0,2347.24,1000.0792141689242,7.409192390459935,147.08817901257467,1.0,0.9243523316062177
weibo_gadbench,hgb_attributes,zero_exposure,severe,weighted_by,7,0.0,0.0,0.0,0.0,2375.4,1124.5212959876762,7.428664459784823,147.47192521131663,1.0,0.8653061224489796
weibo_gadbench,hgb_attributes,zero_exposure,severe,weighted_by,8,0.0,0.0,0.0,0.0,2214.7,741.330102211732,7.481738141024648,148.51706602821878,1.0,0.9515463917525773
weibo_gadbench,hgb_attributes,zero_exposure,severe,weighted_by,9,0.0,0.0,0.0,0.0,2394.82,1184.5283623292328,7.421879330297763,147.3383853613168,1.0,0.9193877551020408
weibo_gadbench,hgb_graph_features,exposure_80,moderate,equal_alpha,0,0.011211925063218647,0.21444444444444444,44.06,0.32,2290.36,1701.2779532235345,7.440329714101499,37.14320032400263,1.0,0.8434343434343434
weibo_gadbench,hgb_graph_features,exposure_80,moderate,equal_alpha,1,0.016199548251284314,0.17446153846153847,36.8,0.22,2310.48,1760.9150297890828,7.46290799652749,37.25570511235233,1.0,0.9394871794871795
weibo_gadbench,hgb_graph_features,exposure_80,moderate,equal_alpha,2,0.016563938810220336,0.21015384615384616,43.32,0.32,2318.72,1741.399734087655,7.385607280860899,36.87041045661797,1.0,0.9282051282051281
weibo_gadbench,hgb_graph_features,exposure_80,moderate,equal_alpha,3,0.005932965947151144,0.11212121212121212,22.98,0.18,2301.88,1735.2330752635553,7.456585748671578,37.224220955007276,1.0,0.9181818181818181
weibo_gadbench,hgb_graph_features,exposure_80,moderate,equal_alpha,4,0.01851077099596193,0.33230769230769236,67.68,0.46,2314.82,1749.5479915452333,7.41945739384775,37.039131411792255,1.0,0.923076923076923
weibo_gadbench,hgb_graph_features,exposure_80,moderate,equal_alpha,5,0.017715157766800774,0.2963,62.0,0.44,2290.04,1730.080534664419,7.499402792384461,37.43760315558124,1.0,0.903
weibo_gadbench,hgb_graph_features,exposure_80,moderate,equal_alpha,6,0.022801392069249856,0.3478756476683938,70.5,0.5,2296.84,1720.0934787855256,7.444413552525016,37.16352207320474,1.0,0.9284974093264249
weibo_gadbench,hgb_graph_features,exposure_80,moderate,equal_alpha,7,0.05530157519373666,0.28551020408163263,58.7,0.82,2301.5,1728.2630852089094,7.44009319880498,37.14199436379053,1.0,0.8693877551020408
weibo_gadbench,hgb_graph_features,exposure_80,moderate,equal_alpha,8,0.015412697676480657,0.18917525773195876,39.1,0.26,2308.46,1756.2411919197666,7.463243504795239,37.257373286287795,1.0,0.9515463917525773
weibo_gadbench,hgb_graph_features,exposure_80,moderate,equal_alpha,9,0.025216705738244416,0.49367346938775514,100.72,0.68,2314.78,1746.0048539745567,7.412779538695238,37.00584886629256,1.0,0.9244897959183673
weibo_gadbench,hgb_graph_features,exposure_80,moderate,pooled_reference,0,0.10606676904368478,0.8753535353535353,194.12,1.0,2290.36,1701.2779532235345,7.440329714101499,37.14320032400263,1.0,0.8434343434343434
weibo_gadbench,hgb_graph_features,exposure_80,moderate,pooled_reference,1,0.18945429230121452,0.9313846153846154,224.6,1.0,2310.48,1760.9150297890828,7.46290799652749,37.25570511235233,1.0,0.9394871794871795
weibo_gadbench,hgb_graph_features,exposure_80,moderate,pooled_reference,2,0.1874992900742895,0.963076923076923,231.42,1.0,2318.72,1741.399734087655,7.385607280860899,36.87041045661797,1.0,0.9282051282051281
weibo_gadbench,hgb_graph_features,exposure_80,moderate,pooled_reference,3,0.158560592120594,0.9024242424242425,212.76,1.0,2301.88,1735.2330752635553,7.456585748671578,37.224220955007276,1.0,0.9181818181818181
weibo_gadbench,hgb_graph_features,exposure_80,moderate,pooled_reference,4,0.12648227085795066,0.9301538461538462,208.16,1.0,2314.82,1749.5479915452333,7.41945739384775,37.039131411792255,1.0,0.923076923076923
weibo_gadbench,hgb_graph_features,exposure_80,moderate,pooled_reference,5,0.15204830397628027,0.9142,216.28,1.0,2290.04,1730.080534664419,7.499402792384461,37.43760315558124,1.0,0.903
weibo_gadbench,hgb_graph_features,exposure_80,moderate,pooled_reference,6,0.19876008012319235,0.9557512953367875,230.62,1.0,2296.84,1720.0934787855256,7.444413552525016,37.16352207320474,1.0,0.9284974093264249
weibo_gadbench,hgb_graph_features,exposure_80,moderate,pooled_reference,7,0.1382859761638546,0.9312244897959183,212.46,1.0,2301.5,1728.2630852089094,7.44009319880498,37.14199436379053,1.0,0.8693877551020408
weibo_gadbench,hgb_graph_features,exposure_80,moderate,pooled_reference,8,0.19678691682763397,0.9595876288659794,232.12,1.0,2308.46,1756.2411919197666,7.463243504795239,37.257373286287795,1.0,0.9515463917525773
weibo_gadbench,hgb_graph_features,exposure_80,moderate,pooled_reference,9,0.14485616096042186,0.919795918367347,211.12,1.0,2314.78,1746.0048539745567,7.412779538695238,37.00584886629256,1.0,0.9244897959183673
weibo_gadbench,hgb_graph_features,exposure_80,moderate,pooled_stratum,0,0.014846153846153847,0.004343434343434344,1.12,0.06,2290.36,1701.2779532235345,7.440329714101499,37.14320032400263,1.0,0.8434343434343434
weibo_gadbench,hgb_graph_features,exposure_80,moderate,pooled_stratum,1,0.005454545454545454,0.0008205128205128205,0.22,0.02,2310.48,1760.9150297890828,7.46290799652749,37.25570511235233,1.0,0.9394871794871795
weibo_gadbench,hgb_graph_features,exposure_80,moderate,pooled_stratum,2,0.023535353535353538,0.006358974358974359,1.5,0.14,2318.72,1741.399734087655,7.385607280860899,36.87041045661797,1.0,0.9282051282051281
weibo_gadbench,hgb_graph_features,exposure_80,moderate,pooled_stratum,3,0.02812121212121212,0.0064646464646464655,1.56,0.16,2301.88,1735.2330752635553,7.456585748671578,37.224220955007276,1.0,0.9181818181818181
weibo_gadbench,hgb_graph_features,exposure_80,moderate,pooled_stratum,4,0.0,0.009948717948717949,1.94,0.18,2314.82,1749.5479915452333,7.41945739384775,37.039131411792255,1.0,0.923076923076923
weibo_gadbench,hgb_graph_features,exposure_80,moderate,pooled_stratum,5,0.013692307692307693,0.0128,2.72,0.24,2290.04,1730.080534664419,7.499402792384461,37.43760315558124,1.0,0.903
weibo_gadbench,hgb_graph_features,exposure_80,moderate,pooled_stratum,6,0.02537373737373737,0.013160621761658031,2.78,0.3,2296.84,1720.0934787855256,7.444413552525016,37.16352207320474,1.0,0.9284974093264249
weibo_gadbench,hgb_graph_features,exposure_80,moderate,pooled_stratum,7,0.07292463556395445,0.07459183673469388,15.92,0.96,2301.5,1728.2630852089094,7.44009319880498,37.14199436379053,1.0,0.8693877551020408
weibo_gadbench,hgb_graph_features,exposure_80,moderate,pooled_stratum,8,0.0,0.0,0.0,0.0,2308.46,1756.2411919197666,7.463243504795239,37.257373286287795,1.0,0.9515463917525773
weibo_gadbench,hgb_graph_features,exposure_80,moderate,pooled_stratum,9,0.0,0.0,0.0,0.0,2314.78,1746.0048539745567,7.412779538695238,37.00584886629256,1.0,0.9244897959183673
weibo_gadbench,hgb_graph_features,exposure_80,moderate,size_alpha,0,0.014846153846153847,0.004343434343434344,1.12,0.06,2290.36,1701.2779532235345,7.440329714101499,37.14320032400263,1.0,0.8434343434343434
weibo_gadbench,hgb_graph_features,exposure_80,moderate,size_alpha,1,0.005454545454545454,0.0008205128205128205,0.22,0.02,2310.48,1760.9150297890828,7.46290799652749,37.25570511235233,1.0,0.9394871794871795
weibo_gadbench,hgb_graph_features,exposure_80,moderate,size_alpha,2,0.023535353535353538,0.006358974358974359,1.5,0.14,2318.72,1741.399734087655,7.385607280860899,36.87041045661797,1.0,0.9282051282051281
weibo_gadbench,hgb_graph_features,exposure_80,moderate,size_alpha,3,0.02812121212121212,0.0064646464646464655,1.56,0.16,2301.88,1735.2330752635553,7.456585748671578,37.224220955007276,1.0,0.9181818181818181
weibo_gadbench,hgb_graph_features,exposure_80,moderate,size_alpha,4,0.0,0.009948717948717949,1.94,0.18,2314.82,1749.5479915452333,7.41945739384775,37.039131411792255,1.0,0.923076923076923
weibo_gadbench,hgb_graph_features,exposure_80,moderate,size_alpha,5,0.013692307692307693,0.0128,2.72,0.24,2290.04,1730.080534664419,7.499402792384461,37.43760315558124,1.0,0.903
weibo_gadbench,hgb_graph_features,exposure_80,moderate,size_alpha,6,0.02537373737373737,0.013160621761658031,2.78,0.3,2296.84,1720.0934787855256,7.444413552525016,37.16352207320474,1.0,0.9284974093264249
weibo_gadbench,hgb_graph_features,exposure_80,moderate,size_alpha,7,0.07292463556395445,0.07459183673469388,15.92,0.96,2301.5,1728.2630852089094,7.44009319880498,37.14199436379053,1.0,0.8693877551020408
weibo_gadbench,hgb_graph_features,exposure_80,moderate,size_alpha,8,0.0,0.0,0.0,0.0,2308.46,1756.2411919197666,7.463243504795239,37.257373286287795,1.0,0.9515463917525773
weibo_gadbench,hgb_graph_features,exposure_80,moderate,size_alpha,9,0.0,0.0,0.0,0.0,2314.78,1746.0048539745567,7.412779538695238,37.00584886629256,1.0,0.9244897959183673
weibo_gadbench,hgb_graph_features,exposure_80,moderate,wcs_deterministic,0,0.017157965110221173,0.17848484848484847,38.42,0.22,2290.36,1701.2779532235345,7.440329714101499,37.14320032400263,1.0,0.8434343434343434
weibo_gadbench,hgb_graph_features,exposure_80,moderate,wcs_deterministic,1,0.021363456119471134,0.18430769230769234,39.94,0.22,2310.48,1760.9150297890828,7.46290799652749,37.25570511235233,1.0,0.9394871794871795
weibo_gadbench,hgb_graph_features,exposure_80,moderate,wcs_deterministic,2,0.028072768736057713,0.24933333333333332,53.82,0.3,2318.72,1741.399734087655,7.385607280860899,36.87041045661797,1.0,0.9282051282051281
weibo_gadbench,hgb_graph_features,exposure_80,moderate,wcs_deterministic,3,0.005701147835029249,0.06898989898989899,14.7,0.1,2301.88,1735.2330752635553,7.456585748671578,37.224220955007276,1.0,0.9181818181818181
weibo_gadbench,hgb_graph_features,exposure_80,moderate,wcs_deterministic,4,0.007807428576856737,0.13189743589743588,27.08,0.16,2314.82,1749.5479915452333,7.41945739384775,37.039131411792255,1.0,0.923076923076923
weibo_gadbench,hgb_graph_features,exposure_80,moderate,wcs_deterministic,5,0.021533022297097214,0.18899999999999997,42.1,0.22,2290.04,1730.080534664419,7.499402792384461,37.43760315558124,1.0,0.903
weibo_gadbench,hgb_graph_features,exposure_80,moderate,wcs_deterministic,6,0.016405486421256655,0.13782383419689118,29.8,0.16,2296.84,1720.0934787855256,7.444413552525016,37.16352207320474,1.0,0.9284974093264249
weibo_gadbench,hgb_graph_features,exposure_80,moderate,wcs_deterministic,7,0.012126954171038153,0.15285714285714286,32.14,0.18,2301.5,1728.2630852089094,7.44009319880498,37.14199436379053,1.0,0.8693877551020408
weibo_gadbench,hgb_graph_features,exposure_80,moderate,wcs_deterministic,8,0.006573046077375728,0.0534020618556701,11.64,0.06,2308.46,1756.2411919197666,7.463243504795239,37.257373286287795,1.0,0.9515463917525773
weibo_gadbench,hgb_graph_features,exposure_80,moderate,wcs_deterministic,9,0.01984692943745251,0.15520408163265306,34.28,0.18,2314.78,1746.0048539745567,7.412779538695238,37.00584886629256,1.0,0.9244897959183673
weibo_gadbench,hgb_graph_features,exposure_80,moderate,wcs_homogeneous,0,0.06476481544702913,0.7052525252525252,150.72,0.94,2290.36,1701.2779532235345,7.440329714101499,37.14320032400263,1.0,0.8434343434343434
weibo_gadbench,hgb_graph_features,exposure_80,moderate,wcs_homogeneous,1,0.08864087104866364,0.7587692307692308,164.56,0.94,2310.48,1760.9150297890828,7.46290799652749,37.25570511235233,1.0,0.9394871794871795
weibo_gadbench,hgb_graph_features,exposure_80,moderate,wcs_homogeneous,2,0.08659235712344156,0.7966153846153845,171.04,1.0,2318.72,1741.399734087655,7.385607280860899,36.87041045661797,1.0,0.9282051282051281
weibo_gadbench,hgb_graph_features,exposure_80,moderate,wcs_homogeneous,3,0.07587385293895134,0.7449494949494949,160.86,1.0,2301.88,1735.2330752635553,7.456585748671578,37.224220955007276,1.0,0.9181818181818181
weibo_gadbench,hgb_graph_features,exposure_80,moderate,wcs_homogeneous,4,0.06347194276023846,0.806974358974359,168.9,0.98,2314.82,1749.5479915452333,7.41945739384775,37.039131411792255,1.0,0.923076923076923
weibo_gadbench,hgb_graph_features,exposure_80,moderate,wcs_homogeneous,5,0.10039987524658558,0.8201,183.54,1.0,2290.04,1730.080534664419,7.499402792384461,37.43760315558124,1.0,0.903
weibo_gadbench,hgb_graph_features,exposure_80,moderate,wcs_homogeneous,6,0.09648423243478302,0.8093264248704664,174.16,0.98,2296.84,1720.0934787855256,7.444413552525016,37.16352207320474,1.0,0.9284974093264249
weibo_gadbench,hgb_graph_features,exposure_80,moderate,wcs_homogeneous,7,0.07216719538211652,0.8425510204081632,178.5,1.0,2301.5,1728.2630852089094,7.44009319880498,37.14199436379053,1.0,0.8693877551020408
weibo_gadbench,hgb_graph_features,exposure_80,moderate,wcs_homogeneous,8,0.09948463581819517,0.7805154639175258,170.26,0.94,2308.46,1756.2411919197666,7.463243504795239,37.257373286287795,1.0,0.9515463917525773
weibo_gadbench,hgb_graph_features,exposure_80,moderate,wcs_homogeneous,9,0.09329254233368646,0.8354081632653062,181.26,1.0,2314.78,1746.0048539745567,7.412779538695238,37.00584886629256,1.0,0.9244897959183673
weibo_gadbench,hgb_graph_features,exposure_80,moderate,wcs_rand_deterministic,0,0.024439044271095386,0.25696969696969696,55.22,0.32,2290.36,1701.2779532235345,7.440329714101499,37.14320032400263,1.0,0.8434343434343434
weibo_gadbench,hgb_graph_features,exposure_80,moderate,wcs_rand_deterministic,1,0.04039383022798376,0.33364102564102566,72.72,0.4,2310.48,1760.9150297890828,7.46290799652749,37.25570511235233,1.0,0.9394871794871795
weibo_gadbench,hgb_graph_features,exposure_80,moderate,wcs_rand_deterministic,2,0.03689623444423103,0.3311794871794872,71.38,0.4,2318.72,1741.399734087655,7.385607280860899,36.87041045661797,1.0,0.9282051282051281
weibo_gadbench,hgb_graph_features,exposure_80,moderate,wcs_rand_deterministic,3,0.009600589175811372,0.10262626262626263,22.08,0.14,2301.88,1735.2330752635553,7.456585748671578,37.224220955007276,1.0,0.9181818181818181
weibo_gadbench,hgb_graph_features,exposure_80,moderate,wcs_rand_deterministic,4,0.014697010229339827,0.20153846153846153,42.02,0.24,2314.82,1749.5479915452333,7.41945739384775,37.039131411792255,1.0,0.923076923076923
weibo_gadbench,hgb_graph_features,exposure_80,moderate,wcs_rand_deterministic,5,0.03742102675312112,0.30879999999999996,69.4,0.36,2290.04,1730.080534664419,7.499402792384461,37.43760315558124,1.0,0.903
weibo_gadbench,hgb_graph_features,exposure_80,moderate,wcs_rand_deterministic,6,0.03839914352440833,0.30808290155440415,66.82,0.36,2296.84,1720.0934787855256,7.444413552525016,37.16352207320474,1.0,0.9284974093264249
weibo_gadbench,hgb_graph_features,exposure_80,moderate,wcs_rand_deterministic,7,0.024444827667493806,0.321530612244898,67.4,0.38,2301.5,1728.2630852089094,7.44009319880498,37.14199436379053,1.0,0.8693877551020408
weibo_gadbench,hgb_graph_features,exposure_80,moderate,wcs_rand_deterministic,8,0.021469455562370135,0.17298969072164946,37.62,0.2,2308.46,1756.2411919197666,7.463243504795239,37.257373286287795,1.0,0.9515463917525773
weibo_gadbench,hgb_graph_features,exposure_80,moderate,wcs_rand_deterministic,9,0.03078915609601236,0.2589795918367347,56.68,0.3,2314.78,1746.0048539745567,7.412779538695238,37.00584886629256,1.0,0.9244897959183673
weibo_gadbench,hgb_graph_features,exposure_80,moderate,wcs_rand_homogeneous,0,0.07277052755216896,0.7467676767676769,160.62,0.96,2290.36,1701.2779532235345,7.440329714101499,37.14320032400263,1.0,0.8434343434343434
weibo_gadbench,hgb_graph_features,exposure_80,moderate,wcs_rand_homogeneous,1,0.09764102523556817,0.8079999999999999,176.14,0.98,2310.48,1760.9150297890828,7.46290799652749,37.25570511235233,1.0,0.9394871794871795
weibo_gadbench,hgb_graph_features,exposure_80,moderate,wcs_rand_homogeneous,2,0.0898761009658217,0.8151794871794871,175.52,1.0,2318.72,1741.399734087655,7.385607280860899,36.87041045661797,1.0,0.9282051282051281
weibo_gadbench,hgb_graph_features,exposure_80,moderate,wcs_rand_homogeneous,3,0.08322624225322629,0.7617171717171718,165.82,1.0,2301.88,1735.2330752635553,7.456585748671578,37.224220955007276,1.0,0.9181818181818181
weibo_gadbench,hgb_graph_features,exposure_80,moderate,wcs_rand_homogeneous,4,0.06651518238525593,0.8212307692307692,172.46,0.98,2314.82,1749.5479915452333,7.41945739384775,37.039131411792255,1.0,0.923076923076923
weibo_gadbench,hgb_graph_features,exposure_80,moderate,wcs_rand_homogeneous,5,0.10386427139652507,0.8367,187.96,1.0,2290.04,1730.080534664419,7.499402792384461,37.43760315558124,1.0,0.903
weibo_gadbench,hgb_graph_features,exposure_80,moderate,wcs_rand_homogeneous,6,0.10089553734356983,0.8221761658031087,177.82,0.98,2296.84,1720.0934787855256,7.444413552525016,37.16352207320474,1.0,0.9284974093264249
weibo_gadbench,hgb_graph_features,exposure_80,moderate,wcs_rand_homogeneous,7,0.07724696785636087,0.8535714285714286,181.9,1.0,2301.5,1728.2630852089094,7.44009319880498,37.14199436379053,1.0,0.8693877551020408
weibo_gadbench,hgb_graph_features,exposure_80,moderate,wcs_rand_homogeneous,8,0.10841847669296004,0.8158762886597938,179.16,0.96,2308.46,1756.2411919197666,7.463243504795239,37.257373286287795,1.0,0.9515463917525773
weibo_gadbench,hgb_graph_features,exposure_80,moderate,wcs_rand_homogeneous,9,0.09781270185850201,0.8506122448979592,185.4,1.0,2314.78,1746.0048539745567,7.412779538695238,37.00584886629256,1.0,0.9244897959183673
weibo_gadbench,hgb_graph_features,exposure_80,moderate,weighted_bh,0,0.06634845775892485,0.7458585858585859,158.96,1.0,2290.36,1701.2779532235345,7.440329714101499,37.14320032400263,1.0,0.8434343434343434
weibo_gadbench,hgb_graph_features,exposure_80,moderate,weighted_bh,1,0.09378877663485681,0.8106666666666666,175.56,1.0,2310.48,1760.9150297890828,7.46290799652749,37.25570511235233,1.0,0.9394871794871795
weibo_gadbench,hgb_graph_features,exposure_80,moderate,weighted_bh,2,0.08743460513158154,0.8015384615384614,172.24,1.0,2318.72,1741.399734087655,7.385607280860899,36.87041045661797,1.0,0.9282051282051281
weibo_gadbench,hgb_graph_features,exposure_80,moderate,weighted_bh,3,0.07384492829274514,0.7462626262626263,160.74,1.0,2301.88,1735.2330752635553,7.456585748671578,37.224220955007276,1.0,0.9181818181818181
weibo_gadbench,hgb_graph_features,exposure_80,moderate,weighted_bh,4,0.06221718661676197,0.8179487179487179,170.84,1.0,2314.82,1749.5479915452333,7.41945739384775,37.039131411792255,1.0,0.923076923076923
weibo_gadbench,hgb_graph_features,exposure_80,moderate,weighted_bh,5,0.09783238060199234,0.8257000000000001,184.26,1.0,2290.04,1730.080534664419,7.499402792384461,37.43760315558124,1.0,0.903
weibo_gadbench,hgb_graph_features,exposure_80,moderate,weighted_bh,6,0.09622024145871513,0.8209326424870466,176.32,1.0,2296.84,1720.0934787855256,7.444413552525016,37.16352207320474,1.0,0.9284974093264249
weibo_gadbench,hgb_graph_features,exposure_80,moderate,weighted_bh,7,0.07140437343377556,0.843469387755102,178.56,1.0,2301.5,1728.2630852089094,7.44009319880498,37.14199436379053,1.0,0.8693877551020408
weibo_gadbench,hgb_graph_features,exposure_80,moderate,weighted_bh,8,0.10089877959176782,0.8138144329896907,176.88,0.98,2308.46,1756.2411919197666,7.463243504795239,37.257373286287795,1.0,0.9515463917525773
weibo_gadbench,hgb_graph_features,exposure_80,moderate,weighted_bh,9,0.09310199736457965,0.8362244897959183,181.36,1.0,2314.78,1746.0048539745567,7.412779538695238,37.00584886629256,1.0,0.9244897959183673
weibo_gadbench,hgb_graph_features,exposure_80,moderate,weighted_bh_rand,0,0.07426900830884509,0.7797979797979798,167.48,1.0,2290.36,1701.2779532235345,7.440329714101499,37.14320032400263,1.0,0.8434343434343434
weibo_gadbench,hgb_graph_features,exposure_80,moderate,weighted_bh_rand,1,0.09935149383238281,0.8250256410256411,179.74,1.0,2310.48,1760.9150297890828,7.46290799652749,37.25570511235233,1.0,0.9394871794871795
weibo_gadbench,hgb_graph_features,exposure_80,moderate,weighted_bh_rand,2,0.09071054638126322,0.8198974358974358,176.66,1.0,2318.72,1741.399734087655,7.385607280860899,36.87041045661797,1.0,0.9282051282051281
weibo_gadbench,hgb_graph_features,exposure_80,moderate,weighted_bh_rand,3,0.08102256732185277,0.761010101010101,165.3,1.0,2301.88,1735.2330752635553,7.456585748671578,37.224220955007276,1.0,0.9181818181818181
weibo_gadbench,hgb_graph_features,exposure_80,moderate,weighted_bh_rand,4,0.06651190907315964,0.8376410256410256,175.66,1.0,2314.82,1749.5479915452333,7.41945739384775,37.039131411792255,1.0,0.923076923076923
weibo_gadbench,hgb_graph_features,exposure_80,moderate,weighted_bh_rand,5,0.10178772665742714,0.8403,188.32,1.0,2290.04,1730.080534664419,7.499402792384461,37.43760315558124,1.0,0.903
weibo_gadbench,hgb_graph_features,exposure_80,moderate,weighted_bh_rand,6,0.10084008184700971,0.8361658031088084,180.5,1.0,2296.84,1720.0934787855256,7.444413552525016,37.16352207320474,1.0,0.9284974093264249
weibo_gadbench,hgb_graph_features,exposure_80,moderate,weighted_bh_rand,7,0.07659879153694354,0.855,182.08,1.0,2301.5,1728.2630852089094,7.44009319880498,37.14199436379053,1.0,0.8693877551020408
weibo_gadbench,hgb_graph_features,exposure_80,moderate,weighted_bh_rand,8,0.11107345205179789,0.8538144329896907,187.1,1.0,2308.46,1756.2411919197666,7.463243504795239,37.257373286287795,1.0,0.9515463917525773
weibo_gadbench,hgb_graph_features,exposure_80,moderate,weighted_bh_rand,9,0.09786948363499187,0.8524489795918367,185.8,1.0,2314.78,1746.0048539745567,7.412779538695238,37.00584886629256,1.0,0.9244897959183673
weibo_gadbench,hgb_graph_features,exposure_80,moderate,weighted_by,0,0.0,0.0,0.0,0.0,2290.36,1701.2779532235345,7.440329714101499,37.14320032400263,1.0,0.8434343434343434
weibo_gadbench,hgb_graph_features,exposure_80,moderate,weighted_by,1,0.0,0.0,0.0,0.0,2310.48,1760.9150297890828,7.46290799652749,37.25570511235233,1.0,0.9394871794871795
weibo_gadbench,hgb_graph_features,exposure_80,moderate,weighted_by,2,0.0,0.0,0.0,0.0,2318.72,1741.399734087655,7.385607280860899,36.87041045661797,1.0,0.9282051282051281
weibo_gadbench,hgb_graph_features,exposure_80,moderate,weighted_by,3,0.0,0.0,0.0,0.0,2301.88,1735.2330752635553,7.456585748671578,37.224220955007276,1.0,0.9181818181818181
weibo_gadbench,hgb_graph_features,exposure_80,moderate,weighted_by,4,0.0,0.0,0.0,0.0,2314.82,1749.5479915452333,7.41945739384775,37.039131411792255,1.0,0.923076923076923
weibo_gadbench,hgb_graph_features,exposure_80,moderate,weighted_by,5,0.0,0.0,0.0,0.0,2290.04,1730.080534664419,7.499402792384461,37.43760315558124,1.0,0.903
weibo_gadbench,hgb_graph_features,exposure_80,moderate,weighted_by,6,0.0,0.0,0.0,0.0,2296.84,1720.0934787855256,7.444413552525016,37.16352207320474,1.0,0.9284974093264249
weibo_gadbench,hgb_graph_features,exposure_80,moderate,weighted_by,7,0.0,0.0,0.0,0.0,2301.5,1728.2630852089094,7.44009319880498,37.14199436379053,1.0,0.8693877551020408
weibo_gadbench,hgb_graph_features,exposure_80,moderate,weighted_by,8,0.0,0.0,0.0,0.0,2308.46,1756.2411919197666,7.463243504795239,37.257373286287795,1.0,0.9515463917525773
weibo_gadbench,hgb_graph_features,exposure_80,moderate,weighted_by,9,0.0,0.0,0.0,0.0,2314.78,1746.0048539745567,7.412779538695238,37.00584886629256,1.0,0.9244897959183673
weibo_gadbench,hgb_graph_features,exposure_80,neutral,equal_alpha,0,0.024043442311275438,0.5882828282828283,119.52,1.0,2542.74,2542.74,7.439050556098595,7.439050556098595,1.0,0.8434343434343434
weibo_gadbench,hgb_graph_features,exposure_80,neutral,equal_alpha,1,0.020763067709231135,0.5503589743589744,109.96,1.0,2540.36,2540.36,7.442352224682518,7.442352224682518,1.0,0.9394871794871795
weibo_gadbench,hgb_graph_features,exposure_80,neutral,equal_alpha,2,0.02132996012078703,0.504,100.78,0.98,2555.28,2555.28,7.398679993587697,7.398679993587697,1.0,0.9282051282051281
weibo_gadbench,hgb_graph_features,exposure_80,neutral,equal_alpha,3,0.01726224406954826,0.4017171717171717,81.56,0.74,2536.74,2536.74,7.456812776362,7.456812776362,1.0,0.9181818181818181
weibo_gadbench,hgb_graph_features,exposure_80,neutral,equal_alpha,4,0.029416234458270286,0.6847179487179487,137.78,1.0,2554.2,2554.2,7.402040096295383,7.402040096295383,1.0,0.923076923076923
weibo_gadbench,hgb_graph_features,exposure_80,neutral,equal_alpha,5,0.028562605004812436,0.6326999999999999,130.4,1.0,2525.08,2525.08,7.487294616493954,7.487294616493954,1.0,0.903
weibo_gadbench,hgb_graph_features,exposure_80,neutral,equal_alpha,6,0.03080298378001174,0.6197927461139896,123.74,1.0,2536.04,2536.04,7.454961260627589,7.454961260627589,1.0,0.9284974093264249
weibo_gadbench,hgb_graph_features,exposure_80,neutral,equal_alpha,7,0.022897894856077322,0.6024489795918367,121.0,1.0,2545.72,2545.72,7.426139909118375,7.426139909118375,1.0,0.8693877551020408
weibo_gadbench,hgb_graph_features,exposure_80,neutral,equal_alpha,8,0.031052568848978758,0.5205154639175258,105.02,0.88,2539.0,2539.0,7.446439642785763,7.446439642785763,1.0,0.9515463917525773
weibo_gadbench,hgb_graph_features,exposure_80,neutral,equal_alpha,9,0.030191615242503717,0.695,140.68,1.0,2550.76,2550.76,7.412083627922109,7.412083627922109,1.0,0.9244897959183673
weibo_gadbench,hgb_graph_features,exposure_80,neutral,pooled_reference,0,0.07850751593450753,0.8237373737373737,177.06,1.0,2542.74,2542.74,7.439050556098595,7.439050556098595,1.0,0.8434343434343434
weibo_gadbench,hgb_graph_features,exposure_80,neutral,pooled_reference,1,0.10380815051702032,0.8554871794871794,186.28,1.0,2540.36,2540.36,7.442352224682518,7.442352224682518,1.0,0.9394871794871795
weibo_gadbench,hgb_graph_features,exposure_80,neutral,pooled_reference,2,0.09849363164216879,0.848,183.64,1.0,2555.28,2555.28,7.398679993587697,7.398679993587697,1.0,0.9282051282051281
weibo_gadbench,hgb_graph_features,exposure_80,neutral,pooled_reference,3,0.08729471784056148,0.7958585858585859,173.26,1.0,2536.74,2536.74,7.456812776362,7.456812776362,1.0,0.9181818181818181
weibo_gadbench,hgb_graph_features,exposure_80,neutral,pooled_reference,4,0.06807421619342839,0.8664615384615385,181.52,1.0,2554.2,2554.2,7.402040096295383,7.402040096295383,1.0,0.923076923076923
weibo_gadbench,hgb_graph_features,exposure_80,neutral,pooled_reference,5,0.10357852134600534,0.8534,191.2,1.0,2525.08,2525.08,7.487294616493954,7.487294616493954,1.0,0.903
weibo_gadbench,hgb_graph_features,exposure_80,neutral,pooled_reference,6,0.09834265754592962,0.8383419689119171,179.74,1.0,2536.04,2536.04,7.454961260627589,7.454961260627589,1.0,0.9284974093264249
weibo_gadbench,hgb_graph_features,exposure_80,neutral,pooled_reference,7,0.07970910665024471,0.8598979591836735,183.38,1.0,2545.72,2545.72,7.426139909118375,7.426139909118375,1.0,0.8693877551020408
weibo_gadbench,hgb_graph_features,exposure_80,neutral,pooled_reference,8,0.10805095288142974,0.8661855670103092,188.54,1.0,2539.0,2539.0,7.446439642785763,7.446439642785763,1.0,0.9515463917525773
weibo_gadbench,hgb_graph_features,exposure_80,neutral,pooled_reference,9,0.09960324953847605,0.8687755102040816,189.32,1.0,2550.76,2550.76,7.412083627922109,7.412083627922109,1.0,0.9244897959183673
weibo_gadbench,hgb_graph_features,exposure_80,neutral,pooled_stratum,0,0.044299859160285934,0.34121212121212124,72.62,0.58,2542.74,2542.74,7.439050556098595,7.439050556098595,1.0,0.8434343434343434
weibo_gadbench,hgb_graph_features,exposure_80,neutral,pooled_stratum,1,0.060297197477656536,0.2815384615384615,60.1,0.66,2540.36,2540.36,7.442352224682518,7.442352224682518,1.0,0.9394871794871795
weibo_gadbench,hgb_graph_features,exposure_80,neutral,pooled_stratum,2,0.040181385245711854,0.12092307692307692,26.24,0.34,2555.28,2555.28,7.398679993587697,7.398679993587697,1.0,0.9282051282051281
weibo_gadbench,hgb_graph_features,exposure_80,neutral,pooled_stratum,3,0.04258431388519756,0.10454545454545455,23.12,0.34,2536.74,2536.74,7.456812776362,7.456812776362,1.0,0.9181818181818181
weibo_gadbench,hgb_graph_features,exposure_80,neutral,pooled_stratum,4,0.06334282626987683,0.559076923076923,118.18,0.84,2554.2,2554.2,7.402040096295383,7.402040096295383,1.0,0.923076923076923
weibo_gadbench,hgb_graph_features,exposure_80,neutral,pooled_stratum,5,0.10087430699799364,0.5660000000000001,126.3,1.0,2525.08,2525.08,7.487294616493954,7.487294616493954,1.0,0.903
weibo_gadbench,hgb_graph_features,exposure_80,neutral,pooled_stratum,6,0.09358444388608449,0.4878756476683938,104.22,1.0,2536.04,2536.04,7.454961260627589,7.454961260627589,1.0,0.9284974093264249
weibo_gadbench,hgb_graph_features,exposure_80,neutral,pooled_stratum,7,0.07218270570559603,0.3613265306122449,76.76,1.0,2545.72,2545.72,7.426139909118375,7.426139909118375,1.0,0.8693877551020408
weibo_gadbench,hgb_graph_features,exposure_80,neutral,pooled_stratum,8,0.0342115784447346,0.15896907216494846,35.14,0.28,2539.0,2539.0,7.446439642785763,7.446439642785763,1.0,0.9515463917525773
weibo_gadbench,hgb_graph_features,exposure_80,neutral,pooled_stratum,9,0.06641019500625371,0.4594897959183673,100.04,0.68,2550.76,2550.76,7.412083627922109,7.412083627922109,1.0,0.9244897959183673
weibo_gadbench,hgb_graph_features,exposure_80,neutral,size_alpha,0,0.016082369578128308,0.08121212121212121,16.46,0.24,2542.74,2542.74,7.439050556098595,7.439050556098595,1.0,0.8434343434343434
weibo_gadbench,hgb_graph_features,exposure_80,neutral,size_alpha,1,0.010563356880014968,0.17866666666666667,35.36,0.44,2540.36,2540.36,7.442352224682518,7.442352224682518,1.0,0.9394871794871795
weibo_gadbench,hgb_graph_features,exposure_80,neutral,size_alpha,2,0.0215946016714211,0.09887179487179487,19.78,0.32,2555.28,2555.28,7.398679993587697,7.398679993587697,1.0,0.9282051282051281
weibo_gadbench,hgb_graph_features,exposure_80,neutral,size_alpha,3,0.029908473566007815,0.046767676767676764,9.7,0.26,2536.74,2536.74,7.456812776362,7.456812776362,1.0,0.9181818181818181
weibo_gadbench,hgb_graph_features,exposure_80,neutral,size_alpha,4,0.017332431066378325,0.4314871794871795,86.34,0.78,2554.2,2554.2,7.402040096295383,7.402040096295383,1.0,0.923076923076923
weibo_gadbench,hgb_graph_features,exposure_80,neutral,size_alpha,5,0.010071225922703495,0.48100000000000004,97.28,1.0,2525.08,2525.08,7.487294616493954,7.487294616493954,1.0,0.903
weibo_gadbench,hgb_graph_features,exposure_80,neutral,size_alpha,6,0.015291444568230228,0.3829015544041451,75.36,0.88,2536.04,2536.04,7.454961260627589,7.454961260627589,1.0,0.9284974093264249
weibo_gadbench,hgb_graph_features,exposure_80,neutral,size_alpha,7,0.05778082541987421,0.21948979591836737,44.74,1.0,2545.72,2545.72,7.426139909118375,7.426139909118375,1.0,0.8693877551020408
weibo_gadbench,hgb_graph_features,exposure_80,neutral,size_alpha,8,0.004592533315065009,0.05835051546391752,11.88,0.1,2539.0,2539.0,7.446439642785763,7.446439642785763,1.0,0.9515463917525773
weibo_gadbench,hgb_graph_features,exposure_80,neutral,size_alpha,9,0.012993594324889675,0.33173469387755106,66.76,0.54,2550.76,2550.76,7.412083627922109,7.412083627922109,1.0,0.9244897959183673
weibo_gadbench,hgb_graph_features,exposure_80,neutral,wcs_deterministic,0,0.07850751593450753,0.8237373737373737,177.06,1.0,2542.74,2542.74,7.439050556098595,7.439050556098595,1.0,0.8434343434343434
weibo_gadbench,hgb_graph_features,exposure_80,neutral,wcs_deterministic,1,0.10380815051702032,0.8554871794871794,186.28,1.0,2540.36,2540.36,7.442352224682518,7.442352224682518,1.0,0.9394871794871795
weibo_gadbench,hgb_graph_features,exposure_80,neutral,wcs_deterministic,2,0.09849363164216879,0.848,183.64,1.0,2555.28,2555.28,7.398679993587697,7.398679993587697,1.0,0.9282051282051281
weibo_gadbench,hgb_graph_features,exposure_80,neutral,wcs_deterministic,3,0.08729471784056148,0.7958585858585859,173.26,1.0,2536.74,2536.74,7.456812776362,7.456812776362,1.0,0.9181818181818181
weibo_gadbench,hgb_graph_features,exposure_80,neutral,wcs_deterministic,4,0.06807421619342839,0.8664615384615385,181.52,1.0,2554.2,2554.2,7.402040096295383,7.402040096295383,1.0,0.923076923076923
weibo_gadbench,hgb_graph_features,exposure_80,neutral,wcs_deterministic,5,0.10357852134600534,0.8534,191.2,1.0,2525.08,2525.08,7.487294616493954,7.487294616493954,1.0,0.903
weibo_gadbench,hgb_graph_features,exposure_80,neutral,wcs_deterministic,6,0.09834265754592962,0.8383419689119171,179.74,1.0,2536.04,2536.04,7.454961260627589,7.454961260627589,1.0,0.9284974093264249
weibo_gadbench,hgb_graph_features,exposure_80,neutral,wcs_deterministic,7,0.07970910665024471,0.8598979591836735,183.38,1.0,2545.72,2545.72,7.426139909118375,7.426139909118375,1.0,0.8693877551020408
weibo_gadbench,hgb_graph_features,exposure_80,neutral,wcs_deterministic,8,0.10805095288142974,0.8661855670103092,188.54,1.0,2539.0,2539.0,7.446439642785763,7.446439642785763,1.0,0.9515463917525773
weibo_gadbench,hgb_graph_features,exposure_80,neutral,wcs_deterministic,9,0.09960324953847605,0.8687755102040816,189.32,1.0,2550.76,2550.76,7.412083627922109,7.412083627922109,1.0,0.9244897959183673
weibo_gadbench,hgb_graph_features,exposure_80,neutral,wcs_homogeneous,0,0.07850751593450753,0.8237373737373737,177.06,1.0,2542.74,2542.74,7.439050556098595,7.439050556098595,1.0,0.8434343434343434
weibo_gadbench,hgb_graph_features,exposure_80,neutral,wcs_homogeneous,1,0.10380815051702032,0.8554871794871794,186.28,1.0,2540.36,2540.36,7.442352224682518,7.442352224682518,1.0,0.9394871794871795
weibo_gadbench,hgb_graph_features,exposure_80,neutral,wcs_homogeneous,2,0.09849363164216879,0.848,183.64,1.0,2555.28,2555.28,7.398679993587697,7.398679993587697,1.0,0.9282051282051281
weibo_gadbench,hgb_graph_features,exposure_80,neutral,wcs_homogeneous,3,0.08729471784056148,0.7958585858585859,173.26,1.0,2536.74,2536.74,7.456812776362,7.456812776362,1.0,0.9181818181818181
weibo_gadbench,hgb_graph_features,exposure_80,neutral,wcs_homogeneous,4,0.06807421619342839,0.8664615384615385,181.52,1.0,2554.2,2554.2,7.402040096295383,7.402040096295383,1.0,0.923076923076923
weibo_gadbench,hgb_graph_features,exposure_80,neutral,wcs_homogeneous,5,0.10357852134600534,0.8534,191.2,1.0,2525.08,2525.08,7.487294616493954,7.487294616493954,1.0,0.903
weibo_gadbench,hgb_graph_features,exposure_80,neutral,wcs_homogeneous,6,0.09834265754592962,0.8383419689119171,179.74,1.0,2536.04,2536.04,7.454961260627589,7.454961260627589,1.0,0.9284974093264249
weibo_gadbench,hgb_graph_features,exposure_80,neutral,wcs_homogeneous,7,0.07970910665024471,0.8598979591836735,183.38,1.0,2545.72,2545.72,7.426139909118375,7.426139909118375,1.0,0.8693877551020408
weibo_gadbench,hgb_graph_features,exposure_80,neutral,wcs_homogeneous,8,0.10805095288142974,0.8661855670103092,188.54,1.0,2539.0,2539.0,7.446439642785763,7.446439642785763,1.0,0.9515463917525773
weibo_gadbench,hgb_graph_features,exposure_80,neutral,wcs_homogeneous,9,0.09960324953847605,0.8687755102040816,189.32,1.0,2550.76,2550.76,7.412083627922109,7.412083627922109,1.0,0.9244897959183673
weibo_gadbench,hgb_graph_features,exposure_80,neutral,wcs_rand_deterministic,0,0.07889242126839388,0.8251515151515152,177.44,1.0,2542.74,2542.74,7.439050556098595,7.439050556098595,1.0,0.8434343434343434
weibo_gadbench,hgb_graph_features,exposure_80,neutral,wcs_rand_deterministic,1,0.10443794824748844,0.8564102564102564,186.62,1.0,2540.36,2540.36,7.442352224682518,7.442352224682518,1.0,0.9394871794871795
weibo_gadbench,hgb_graph_features,exposure_80,neutral,wcs_rand_deterministic,2,0.09896660167212894,0.8494358974358974,184.04,1.0,2555.28,2555.28,7.398679993587697,7.398679993587697,1.0,0.9282051282051281
weibo_gadbench,hgb_graph_features,exposure_80,neutral,wcs_rand_deterministic,3,0.08779774121059916,0.7970707070707072,173.62,1.0,2536.74,2536.74,7.456812776362,7.456812776362,1.0,0.9181818181818181
weibo_gadbench,hgb_graph_features,exposure_80,neutral,wcs_rand_deterministic,4,0.06910082025225965,0.8681025641025641,182.06,1.0,2554.2,2554.2,7.402040096295383,7.402040096295383,1.0,0.923076923076923
weibo_gadbench,hgb_graph_features,exposure_80,neutral,wcs_rand_deterministic,5,0.10458214667880329,0.8540000000000001,191.54,1.0,2525.08,2525.08,7.487294616493954,7.487294616493954,1.0,0.903
weibo_gadbench,hgb_graph_features,exposure_80,neutral,wcs_rand_deterministic,6,0.09869409745003387,0.8388601036269431,179.92,1.0,2536.04,2536.04,7.454961260627589,7.454961260627589,1.0,0.9284974093264249
weibo_gadbench,hgb_graph_features,exposure_80,neutral,wcs_rand_deterministic,7,0.08109037430834425,0.8610204081632653,183.9,1.0,2545.72,2545.72,7.426139909118375,7.426139909118375,1.0,0.8693877551020408
weibo_gadbench,hgb_graph_features,exposure_80,neutral,wcs_rand_deterministic,8,0.10848988270294686,0.867319587628866,188.88,1.0,2539.0,2539.0,7.446439642785763,7.446439642785763,1.0,0.9515463917525773
weibo_gadbench,hgb_graph_features,exposure_80,neutral,wcs_rand_deterministic,9,0.10049100794797755,0.8702040816326531,189.82,1.0,2550.76,2550.76,7.412083627922109,7.412083627922109,1.0,0.9244897959183673
weibo_gadbench,hgb_graph_features,exposure_80,neutral,wcs_rand_homogeneous,0,0.07925853273332621,0.8270707070707072,177.92,1.0,2542.74,2542.74,7.439050556098595,7.439050556098595,1.0,0.8434343434343434
weibo_gadbench,hgb_graph_features,exposure_80,neutral,wcs_rand_homogeneous,1,0.10478629326886076,0.8573333333333334,186.9,1.0,2540.36,2540.36,7.442352224682518,7.442352224682518,1.0,0.9394871794871795
weibo_gadbench,hgb_graph_features,exposure_80,neutral,wcs_rand_homogeneous,2,0.0996125432322013,0.8510769230769231,184.52,1.0,2555.28,2555.28,7.398679993587697,7.398679993587697,1.0,0.9282051282051281
weibo_gadbench,hgb_graph_features,exposure_80,neutral,wcs_rand_homogeneous,3,0.08822357687573099,0.7989898989898989,174.12,1.0,2536.74,2536.74,7.456812776362,7.456812776362,1.0,0.9181818181818181
weibo_gadbench,hgb_graph_features,exposure_80,neutral,wcs_rand_homogeneous,4,0.06957372331516704,0.8688205128205128,182.3,1.0,2554.2,2554.2,7.402040096295383,7.402040096295383,1.0,0.923076923076923
weibo_gadbench,hgb_graph_features,exposure_80,neutral,wcs_rand_homogeneous,5,0.10524230615071663,0.8553000000000001,191.98,1.0,2525.08,2525.08,7.487294616493954,7.487294616493954,1.0,0.903
weibo_gadbench,hgb_graph_features,exposure_80,neutral,wcs_rand_homogeneous,6,0.09888000705381876,0.8396891191709844,180.14,1.0,2536.04,2536.04,7.454961260627589,7.454961260627589,1.0,0.9284974093264249
weibo_gadbench,hgb_graph_features,exposure_80,neutral,wcs_rand_homogeneous,7,0.08157133430442817,0.8615306122448979,184.1,1.0,2545.72,2545.72,7.426139909118375,7.426139909118375,1.0,0.8693877551020408
weibo_gadbench,hgb_graph_features,exposure_80,neutral,wcs_rand_homogeneous,8,0.10898916943294866,0.8688659793814434,189.32,1.0,2539.0,2539.0,7.446439642785763,7.446439642785763,1.0,0.9515463917525773
weibo_gadbench,hgb_graph_features,exposure_80,neutral,wcs_rand_homogeneous,9,0.10139901586044632,0.8706122448979592,190.1,1.0,2550.76,2550.76,7.412083627922109,7.412083627922109,1.0,0.9244897959183673
weibo_gadbench,hgb_graph_features,exposure_80,neutral,weighted_bh,0,0.07850751593450753,0.8237373737373737,177.06,1.0,2542.74,2542.74,7.439050556098595,7.439050556098595,1.0,0.8434343434343434
weibo_gadbench,hgb_graph_features,exposure_80,neutral,weighted_bh,1,0.10380815051702032,0.8554871794871794,186.28,1.0,2540.36,2540.36,7.442352224682518,7.442352224682518,1.0,0.9394871794871795
weibo_gadbench,hgb_graph_features,exposure_80,neutral,weighted_bh,2,0.09849363164216879,0.848,183.64,1.0,2555.28,2555.28,7.398679993587697,7.398679993587697,1.0,0.9282051282051281
weibo_gadbench,hgb_graph_features,exposure_80,neutral,weighted_bh,3,0.08729471784056148,0.7958585858585859,173.26,1.0,2536.74,2536.74,7.456812776362,7.456812776362,1.0,0.9181818181818181
weibo_gadbench,hgb_graph_features,exposure_80,neutral,weighted_bh,4,0.06807421619342839,0.8664615384615385,181.52,1.0,2554.2,2554.2,7.402040096295383,7.402040096295383,1.0,0.923076923076923
weibo_gadbench,hgb_graph_features,exposure_80,neutral,weighted_bh,5,0.10357852134600534,0.8534,191.2,1.0,2525.08,2525.08,7.487294616493954,7.487294616493954,1.0,0.903
weibo_gadbench,hgb_graph_features,exposure_80,neutral,weighted_bh,6,0.09834265754592962,0.8383419689119171,179.74,1.0,2536.04,2536.04,7.454961260627589,7.454961260627589,1.0,0.9284974093264249
weibo_gadbench,hgb_graph_features,exposure_80,neutral,weighted_bh,7,0.07970910665024471,0.8598979591836735,183.38,1.0,2545.72,2545.72,7.426139909118375,7.426139909118375,1.0,0.8693877551020408
weibo_gadbench,hgb_graph_features,exposure_80,neutral,weighted_bh,8,0.10805095288142974,0.8661855670103092,188.54,1.0,2539.0,2539.0,7.446439642785763,7.446439642785763,1.0,0.9515463917525773
weibo_gadbench,hgb_graph_features,exposure_80,neutral,weighted_bh,9,0.09960324953847605,0.8687755102040816,189.32,1.0,2550.76,2550.76,7.412083627922109,7.412083627922109,1.0,0.9244897959183673
weibo_gadbench,hgb_graph_features,exposure_80,neutral,weighted_bh_rand,0,0.07906161906189224,0.826868686868687,177.84,1.0,2542.74,2542.74,7.439050556098595,7.439050556098595,1.0,0.8434343434343434
weibo_gadbench,hgb_graph_features,exposure_80,neutral,weighted_bh_rand,1,0.10477680556829348,0.8573333333333334,186.9,1.0,2540.36,2540.36,7.442352224682518,7.442352224682518,1.0,0.9394871794871795
weibo_gadbench,hgb_graph_features,exposure_80,neutral,weighted_bh_rand,2,0.09952211685752844,0.8507692307692308,184.44,1.0,2555.28,2555.28,7.398679993587697,7.398679993587697,1.0,0.9282051282051281
weibo_gadbench,hgb_graph_features,exposure_80,neutral,weighted_bh_rand,3,0.08825543758259093,0.7995959595959596,174.26,1.0,2536.74,2536.74,7.456812776362,7.456812776362,1.0,0.9181818181818181
weibo_gadbench,hgb_graph_features,exposure_80,neutral,weighted_bh_rand,4,0.06988849139327974,0.869025641025641,182.4,1.0,2554.2,2554.2,7.402040096295383,7.402040096295383,1.0,0.923076923076923
weibo_gadbench,hgb_graph_features,exposure_80,neutral,weighted_bh_rand,5,0.10585503805240506,0.8552,192.12,1.0,2525.08,2525.08,7.487294616493954,7.487294616493954,1.0,0.903
weibo_gadbench,hgb_graph_features,exposure_80,neutral,weighted_bh_rand,6,0.09908071974227357,0.8395854922279793,180.16,1.0,2536.04,2536.04,7.454961260627589,7.454961260627589,1.0,0.9284974093264249
weibo_gadbench,hgb_graph_features,exposure_80,neutral,weighted_bh_rand,7,0.0813240217788595,0.8620408163265306,184.16,1.0,2545.72,2545.72,7.426139909118375,7.426139909118375,1.0,0.8693877551020408
weibo_gadbench,hgb_graph_features,exposure_80,neutral,weighted_bh_rand,8,0.10923065735975543,0.869278350515464,189.46,1.0,2539.0,2539.0,7.446439642785763,7.446439642785763,1.0,0.9515463917525773
weibo_gadbench,hgb_graph_features,exposure_80,neutral,weighted_bh_rand,9,0.10153177859880877,0.8711224489795919,190.24,1.0,2550.76,2550.76,7.412083627922109,7.412083627922109,1.0,0.9244897959183673
weibo_gadbench,hgb_graph_features,exposure_80,neutral,weighted_by,0,0.0005414304005853302,0.05111111111111111,10.16,0.14,2542.74,2542.74,7.439050556098595,7.439050556098595,1.0,0.8434343434343434
weibo_gadbench,hgb_graph_features,exposure_80,neutral,weighted_by,1,0.005009713870012533,0.2151794871794872,42.4,0.52,2540.36,2540.36,7.442352224682518,7.442352224682518,1.0,0.9394871794871795
weibo_gadbench,hgb_graph_features,exposure_80,neutral,weighted_by,2,0.003037136193752907,0.10594871794871795,20.98,0.22,2555.28,2555.28,7.398679993587697,7.398679993587697,1.0,0.9282051282051281
weibo_gadbench,hgb_graph_features,exposure_80,neutral,weighted_by,3,0.0032807864797859587,0.05757575757575758,11.68,0.14,2536.74,2536.74,7.456812776362,7.456812776362,1.0,0.9181818181818181
weibo_gadbench,hgb_graph_features,exposure_80,neutral,weighted_by,4,0.015478230507203948,0.4353846153846154,86.9,0.7,2554.2,2554.2,7.402040096295383,7.402040096295383,1.0,0.923076923076923
weibo_gadbench,hgb_graph_features,exposure_80,neutral,weighted_by,5,0.00849972416945817,0.3204,65.04,0.62,2525.08,2525.08,7.487294616493954,7.487294616493954,1.0,0.903
weibo_gadbench,hgb_graph_features,exposure_80,neutral,weighted_by,6,0.013537307227281404,0.42207253886010365,82.76,1.0,2536.04,2536.04,7.454961260627589,7.454961260627589,1.0,0.9284974093264249
weibo_gadbench,hgb_graph_features,exposure_80,neutral,weighted_by,7,0.011375573289006577,0.22387755102040818,44.7,0.62,2545.72,2545.72,7.426139909118375,7.426139909118375,1.0,0.8693877551020408
weibo_gadbench,hgb_graph_features,exposure_80,neutral,weighted_by,8,0.008822203847781504,0.08742268041237113,18.1,0.14,2539.0,2539.0,7.446439642785763,7.446439642785763,1.0,0.9515463917525773
weibo_gadbench,hgb_graph_features,exposure_80,neutral,weighted_by,9,0.010580533221659605,0.175,35.48,0.36,2550.76,2550.76,7.412083627922109,7.412083627922109,1.0,0.9244897959183673
weibo_gadbench,hgb_graph_features,exposure_80,severe,equal_alpha,0,0.0,0.0,0.0,0.0,2242.7,782.928210559744,7.464065220786596,148.1695413771851,1.0,0.8434343434343434
weibo_gadbench,hgb_graph_features,exposure_80,severe,equal_alpha,1,0.0,0.0,0.0,0.0,2268.14,853.5944433084101,7.494233709307812,148.76345325464615,1.0,0.9394871794871795
weibo_gadbench,hgb_graph_features,exposure_80,severe,equal_alpha,2,0.0,0.0,0.0,0.0,2273.18,809.1647835583628,7.401137772003389,146.92916748532855,1.0,0.9282051282051281
weibo_gadbench,hgb_graph_features,exposure_80,severe,equal_alpha,3,0.0,0.0,0.0,0.0,2256.74,842.7156591273751,7.5195163028437335,149.261875038729,1.0,0.9181818181818181
weibo_gadbench,hgb_graph_features,exposure_80,severe,equal_alpha,4,0.0,0.0,0.0,0.0,2271.28,813.5021781496464,7.405601656367587,147.01682303346163,1.0,0.923076923076923
weibo_gadbench,hgb_graph_features,exposure_80,severe,equal_alpha,5,0.0,0.0014000000000000002,0.28,0.02,2246.92,802.3105961832954,7.48676939045172,148.61647631777998,1.0,0.903
weibo_gadbench,hgb_graph_features,exposure_80,severe,equal_alpha,6,0.0,0.0,0.0,0.0,2252.12,769.9659605420856,7.394745681479447,146.8032527217492,1.0,0.9284974093264249
weibo_gadbench,hgb_graph_features,exposure_80,severe,equal_alpha,7,0.050244729470735654,0.05295918367346939,11.28,0.66,2256.72,794.567529932123,7.432503347449845,147.54721603977407,1.0,0.8693877551020408
weibo_gadbench,hgb_graph_features,exposure_80,severe,equal_alpha,8,0.0,0.0,0.0,0.0,2266.06,834.6117627255833,7.474465246876099,148.37399796932712,1.0,0.9515463917525773
weibo_gadbench,hgb_graph_features,exposure_80,severe,equal_alpha,9,0.0,0.0,0.0,0.0,2270.46,817.0487003609663,7.418561899041696,147.27242167826705,1.0,0.9244897959183673
weibo_gadbench,hgb_graph_features,exposure_80,severe,pooled_reference,0,0.11329570309242534,0.8867676767676769,198.26,1.0,2242.7,782.928210559744,7.464065220786596,148.1695413771851,1.0,0.8434343434343434
weibo_gadbench,hgb_graph_features,exposure_80,severe,pooled_reference,1,0.21662581052706628,0.9466666666666668,235.98,1.0,2268.14,853.5944433084101,7.494233709307812,148.76345325464615,1.0,0.9394871794871795
weibo_gadbench,hgb_graph_features,exposure_80,severe,pooled_reference,2,0.21903377167110302,0.9704615384615384,242.58,1.0,2273.18,809.1647835583628,7.401137772003389,146.92916748532855,1.0,0.9282051282051281
weibo_gadbench,hgb_graph_features,exposure_80,severe,pooled_reference,3,0.17604669723672056,0.9179797979797979,220.82,1.0,2256.74,842.7156591273751,7.5195163028437335,149.261875038729,1.0,0.9181818181818181
weibo_gadbench,hgb_graph_features,exposure_80,severe,pooled_reference,4,0.1499371032942653,0.9452307692307693,217.66,1.0,2271.28,813.5021781496464,7.405601656367587,147.01682303346163,1.0,0.923076923076923
weibo_gadbench,hgb_graph_features,exposure_80,severe,pooled_reference,5,0.1669447149122132,0.9238000000000001,222.34,1.0,2246.92,802.3105961832954,7.48676939045172,148.61647631777998,1.0,0.903
weibo_gadbench,hgb_graph_features,exposure_80,severe,pooled_reference,6,0.23657419204057348,0.9684974093264249,245.22,1.0,2252.12,769.9659605420856,7.394745681479447,146.8032527217492,1.0,0.9284974093264249
weibo_gadbench,hgb_graph_features,exposure_80,severe,pooled_reference,7,0.15738842995506647,0.9430612244897959,220.06,1.0,2256.72,794.567529932123,7.432503347449845,147.54721603977407,1.0,0.8693877551020408
weibo_gadbench,hgb_graph_features,exposure_80,severe,pooled_reference,8,0.22166957132977752,0.9682474226804123,241.64,1.0,2266.06,834.6117627255833,7.474465246876099,148.37399796932712,1.0,0.9515463917525773
weibo_gadbench,hgb_graph_features,exposure_80,severe,pooled_reference,9,0.15618509269207898,0.9293877551020409,216.14,1.0,2270.46,817.0487003609663,7.418561899041696,147.27242167826705,1.0,0.9244897959183673
weibo_gadbench,hgb_graph_features,exposure_80,severe,pooled_stratum,0,0.014846153846153847,0.004343434343434344,1.12,0.06,2242.7,782.928210559744,7.464065220786596,148.1695413771851,1.0,0.8434343434343434
weibo_gadbench,hgb_graph_features,exposure_80,severe,pooled_stratum,1,0.005454545454545454,0.0008205128205128205,0.22,0.02,2268.14,853.5944433084101,7.494233709307812,148.76345325464615,1.0,0.9394871794871795
weibo_gadbench,hgb_graph_features,exposure_80,severe,pooled_stratum,2,0.023535353535353538,0.006358974358974359,1.5,0.14,2273.18,809.1647835583628,7.401137772003389,146.92916748532855,1.0,0.9282051282051281
weibo_gadbench,hgb_graph_features,exposure_80,severe,pooled_stratum,3,0.02812121212121212,0.0064646464646464655,1.56,0.16,2256.74,842.7156591273751,7.5195163028437335,149.261875038729,1.0,0.9181818181818181
weibo_gadbench,hgb_graph_features,exposure_80,severe,pooled_stratum,4,0.0,0.009948717948717949,1.94,0.18,2271.28,813.5021781496464,7.405601656367587,147.01682303346163,1.0,0.923076923076923
weibo_gadbench,hgb_graph_features,exposure_80,severe,pooled_stratum,5,0.013692307692307693,0.0128,2.72,0.24,2246.92,802.3105961832954,7.48676939045172,148.61647631777998,1.0,0.903
weibo_gadbench,hgb_graph_features,exposure_80,severe,pooled_stratum,6,0.02537373737373737,0.013160621761658031,2.78,0.3,2252.12,769.9659605420856,7.394745681479447,146.8032527217492,1.0,0.9284974093264249
weibo_gadbench,hgb_graph_features,exposure_80,severe,pooled_stratum,7,0.07292463556395445,0.07459183673469388,15.92,0.96,2256.72,794.567529932123,7.432503347449845,147.54721603977407,1.0,0.8693877551020408
weibo_gadbench,hgb_graph_features,exposure_80,severe,pooled_stratum,8,0.0,0.0,0.0,0.0,2266.06,834.6117627255833,7.474465246876099,148.37399796932712,1.0,0.9515463917525773
weibo_gadbench,hgb_graph_features,exposure_80,severe,pooled_stratum,9,0.0,0.0,0.0,0.0,2270.46,817.0487003609663,7.418561899041696,147.27242167826705,1.0,0.9244897959183673
weibo_gadbench,hgb_graph_features,exposure_80,severe,size_alpha,0,0.014846153846153847,0.004343434343434344,1.12,0.06,2242.7,782.928210559744,7.464065220786596,148.1695413771851,1.0,0.8434343434343434
weibo_gadbench,hgb_graph_features,exposure_80,severe,size_alpha,1,0.005454545454545454,0.0008205128205128205,0.22,0.02,2268.14,853.5944433084101,7.494233709307812,148.76345325464615,1.0,0.9394871794871795
weibo_gadbench,hgb_graph_features,exposure_80,severe,size_alpha,2,0.023535353535353538,0.006358974358974359,1.5,0.14,2273.18,809.1647835583628,7.401137772003389,146.92916748532855,1.0,0.9282051282051281
weibo_gadbench,hgb_graph_features,exposure_80,severe,size_alpha,3,0.02812121212121212,0.0064646464646464655,1.56,0.16,2256.74,842.7156591273751,7.5195163028437335,149.261875038729,1.0,0.9181818181818181
weibo_gadbench,hgb_graph_features,exposure_80,severe,size_alpha,4,0.0,0.009948717948717949,1.94,0.18,2271.28,813.5021781496464,7.405601656367587,147.01682303346163,1.0,0.923076923076923
weibo_gadbench,hgb_graph_features,exposure_80,severe,size_alpha,5,0.013692307692307693,0.0128,2.72,0.24,2246.92,802.3105961832954,7.48676939045172,148.61647631777998,1.0,0.903
weibo_gadbench,hgb_graph_features,exposure_80,severe,size_alpha,6,0.02537373737373737,0.013160621761658031,2.78,0.3,2252.12,769.9659605420856,7.394745681479447,146.8032527217492,1.0,0.9284974093264249
weibo_gadbench,hgb_graph_features,exposure_80,severe,size_alpha,7,0.07292463556395445,0.07459183673469388,15.92,0.96,2256.72,794.567529932123,7.432503347449845,147.54721603977407,1.0,0.8693877551020408
weibo_gadbench,hgb_graph_features,exposure_80,severe,size_alpha,8,0.0,0.0,0.0,0.0,2266.06,834.6117627255833,7.474465246876099,148.37399796932712,1.0,0.9515463917525773
weibo_gadbench,hgb_graph_features,exposure_80,severe,size_alpha,9,0.0,0.0,0.0,0.0,2270.46,817.0487003609663,7.418561899041696,147.27242167826705,1.0,0.9244897959183673
weibo_gadbench,hgb_graph_features,exposure_80,severe,wcs_deterministic,0,0.0,0.0,0.0,0.0,2242.7,782.928210559744,7.464065220786596,148.1695413771851,1.0,0.8434343434343434
weibo_gadbench,hgb_graph_features,exposure_80,severe,wcs_deterministic,1,0.007063011645336101,0.05251282051282051,11.62,0.06,2268.14,853.5944433084101,7.494233709307812,148.76345325464615,1.0,0.9394871794871795
weibo_gadbench,hgb_graph_features,exposure_80,severe,wcs_deterministic,2,0.0047133250416341674,0.05076923076923077,10.78,0.06,2273.18,809.1647835583628,7.401137772003389,146.92916748532855,1.0,0.9282051282051281
weibo_gadbench,hgb_graph_features,exposure_80,severe,wcs_deterministic,3,0.0,0.0,0.0,0.0,2256.74,842.7156591273751,7.5195163028437335,149.261875038729,1.0,0.9181818181818181
weibo_gadbench,hgb_graph_features,exposure_80,severe,wcs_deterministic,4,0.0,0.0,0.0,0.0,2271.28,813.5021781496464,7.405601656367587,147.01682303346163,1.0,0.923076923076923
weibo_gadbench,hgb_graph_features,exposure_80,severe,wcs_deterministic,5,0.0,0.0,0.0,0.0,2246.92,802.3105961832954,7.48676939045172,148.61647631777998,1.0,0.903
weibo_gadbench,hgb_graph_features,exposure_80,severe,wcs_deterministic,6,0.012047393462907731,0.07305699481865285,16.68,0.08,2252.12,769.9659605420856,7.394745681479447,146.8032527217492,1.0,0.9284974093264249
weibo_gadbench,hgb_graph_features,exposure_80,severe,wcs_deterministic,7,0.0008860759493670886,0.015408163265306123,3.16,0.02,2256.72,794.567529932123,7.432503347449845,147.54721603977407,1.0,0.8693877551020408
weibo_gadbench,hgb_graph_features,exposure_80,severe,wcs_deterministic,8,0.003106796116504854,0.017938144329896908,4.12,0.02,2266.06,834.6117627255833,7.474465246876099,148.37399796932712,1.0,0.9515463917525773
weibo_gadbench,hgb_graph_features,exposure_80,severe,wcs_deterministic,9,0.0,0.0,0.0,0.0,2270.46,817.0487003609663,7.418561899041696,147.27242167826705,1.0,0.9244897959183673
weibo_gadbench,hgb_graph_features,exposure_80,severe,wcs_homogeneous,0,0.027785154864102234,0.012121212121212121,3.22,0.14,2242.7,782.928210559744,7.464065220786596,148.1695413771851,1.0,0.8434343434343434
weibo_gadbench,hgb_graph_features,exposure_80,severe,wcs_homogeneous,1,0.0632133426933298,0.31025641025641026,70.0,0.42,2268.14,853.5944433084101,7.494233709307812,148.76345325464615,1.0,0.9394871794871795
weibo_gadbench,hgb_graph_features,exposure_80,severe,wcs_homogeneous,2,0.06840690458317578,0.3707692307692308,83.32,0.46,2273.18,809.1647835583628,7.401137772003389,146.92916748532855,1.0,0.9282051282051281
weibo_gadbench,hgb_graph_features,exposure_80,severe,wcs_homogeneous,3,0.03263736451442266,0.06626262626262626,15.56,0.12,2256.74,842.7156591273751,7.5195163028437335,149.261875038729,1.0,0.9181818181818181
weibo_gadbench,hgb_graph_features,exposure_80,severe,wcs_homogeneous,4,0.020394950102201333,0.11846153846153847,25.88,0.16,2271.28,813.5021781496464,7.405601656367587,147.01682303346163,1.0,0.923076923076923
weibo_gadbench,hgb_graph_features,exposure_80,severe,wcs_homogeneous,5,0.07147993599375634,0.08710000000000001,22.52,0.22,2246.92,802.3105961832954,7.48676939045172,148.61647631777998,1.0,0.903
weibo_gadbench,hgb_graph_features,exposure_80,severe,wcs_homogeneous,6,0.07698993063024756,0.3693264248704663,82.76,0.5,2252.12,769.9659605420856,7.394745681479447,146.8032527217492,1.0,0.9284974093264249
weibo_gadbench,hgb_graph_features,exposure_80,severe,wcs_homogeneous,7,0.03907573579950567,0.28489795918367344,61.0,0.4,2256.72,794.567529932123,7.432503347449845,147.54721603977407,1.0,0.8693877551020408
weibo_gadbench,hgb_graph_features,exposure_80,severe,wcs_homogeneous,8,0.0557087448231163,0.3122680412371134,69.68,0.38,2266.06,834.6117627255833,7.474465246876099,148.37399796932712,1.0,0.9515463917525773
weibo_gadbench,hgb_graph_features,exposure_80,severe,wcs_homogeneous,9,0.032981371694274925,0.037551020408163265,9.56,0.08,2270.46,817.0487003609663,7.418561899041696,147.27242167826705,1.0,0.9244897959183673
weibo_gadbench,hgb_graph_features,exposure_80,severe,wcs_rand_deterministic,0,0.0,0.0,0.0,0.0,2242.7,782.928210559744,7.464065220786596,148.1695413771851,1.0,0.8434343434343434
weibo_gadbench,hgb_graph_features,exposure_80,severe,wcs_rand_deterministic,1,0.020264530361007546,0.15712820512820513,34.62,0.18,2268.14,853.5944433084101,7.494233709307812,148.76345325464615,1.0,0.9394871794871795
weibo_gadbench,hgb_graph_features,exposure_80,severe,wcs_rand_deterministic,2,0.0217001074413347,0.1447179487179487,32.94,0.16,2273.18,809.1647835583628,7.401137772003389,146.92916748532855,1.0,0.9282051282051281
weibo_gadbench,hgb_graph_features,exposure_80,severe,wcs_rand_deterministic,3,0.0024338624338624336,0.016767676767676768,3.78,0.02,2256.74,842.7156591273751,7.5195163028437335,149.261875038729,1.0,0.9181818181818181
weibo_gadbench,hgb_graph_features,exposure_80,severe,wcs_rand_deterministic,4,0.003746961325966851,0.03538461538461538,7.62,0.04,2271.28,813.5021781496464,7.405601656367587,147.01682303346163,1.0,0.923076923076923
weibo_gadbench,hgb_graph_features,exposure_80,severe,wcs_rand_deterministic,5,0.0009467455621301775,0.0161,3.38,0.02,2246.92,802.3105961832954,7.48676939045172,148.61647631777998,1.0,0.903
weibo_gadbench,hgb_graph_features,exposure_80,severe,wcs_rand_deterministic,6,0.023402046017881047,0.14528497409326424,32.94,0.16,2252.12,769.9659605420856,7.394745681479447,146.8032527217492,1.0,0.9284974093264249
weibo_gadbench,hgb_graph_features,exposure_80,severe,wcs_rand_deterministic,7,0.008567377415419542,0.10204081632653061,21.62,0.14,2256.72,794.567529932123,7.432503347449845,147.54721603977407,1.0,0.8693877551020408
weibo_gadbench,hgb_graph_features,exposure_80,severe,wcs_rand_deterministic,8,0.007266594651303388,0.05257731958762887,11.62,0.08,2266.06,834.6117627255833,7.474465246876099,148.37399796932712,1.0,0.9515463917525773
weibo_gadbench,hgb_graph_features,exposure_80,severe,wcs_rand_deterministic,9,0.0,0.0,0.0,0.0,2270.46,817.0487003609663,7.418561899041696,147.27242167826705,1.0,0.9244897959183673
weibo_gadbench,hgb_graph_features,exposure_80,severe,wcs_rand_homogeneous,0,0.04575338754229099,0.147979797979798,34.12,0.4,2242.7,782.928210559744,7.464065220786596,148.1695413771851,1.0,0.8434343434343434
weibo_gadbench,hgb_graph_features,exposure_80,severe,wcs_rand_homogeneous,1,0.07178963403494286,0.3896410256410256,88.6,0.56,2268.14,853.5944433084101,7.494233709307812,148.76345325464615,1.0,0.9394871794871795
weibo_gadbench,hgb_graph_features,exposure_80,severe,wcs_rand_homogeneous,2,0.09566915560700905,0.4895384615384615,111.96,0.74,2273.18,809.1647835583628,7.401137772003389,146.92916748532855,1.0,0.9282051282051281
weibo_gadbench,hgb_graph_features,exposure_80,severe,wcs_rand_homogeneous,3,0.06997207667230883,0.23373737373737374,55.98,0.46,2256.74,842.7156591273751,7.5195163028437335,149.261875038729,1.0,0.9181818181818181
weibo_gadbench,hgb_graph_features,exposure_80,severe,wcs_rand_homogeneous,4,0.05926693972020751,0.2867692307692308,64.02,0.52,2271.28,813.5021781496464,7.405601656367587,147.01682303346163,1.0,0.923076923076923
weibo_gadbench,hgb_graph_features,exposure_80,severe,wcs_rand_homogeneous,5,0.08769107766721534,0.2834,69.12,0.56,2246.92,802.3105961832954,7.48676939045172,148.61647631777998,1.0,0.903
weibo_gadbench,hgb_graph_features,exposure_80,severe,wcs_rand_homogeneous,6,0.10559439547660093,0.5306735751295336,120.98,0.76,2252.12,769.9659605420856,7.394745681479447,146.8032527217492,1.0,0.9284974093264249
weibo_gadbench,hgb_graph_features,exposure_80,severe,wcs_rand_homogeneous,7,0.06507706353655625,0.46,100.38,0.7,2256.72,794.567529932123,7.432503347449845,147.54721603977407,1.0,0.8693877551020408
weibo_gadbench,hgb_graph_features,exposure_80,severe,wcs_rand_homogeneous,8,0.07879320302266868,0.4110309278350515,93.28,0.6,2266.06,834.6117627255833,7.474465246876099,148.37399796932712,1.0,0.9515463917525773
weibo_gadbench,hgb_graph_features,exposure_80,severe,wcs_rand_homogeneous,9,0.07585754920878231,0.22193877551020408,53.08,0.46,2270.46,817.0487003609663,7.418561899041696,147.27242167826705,1.0,0.9244897959183673
weibo_gadbench,hgb_graph_features,exposure_80,severe,weighted_bh,0,0.013278559971484584,0.022121212121212118,5.08,0.14,2242.7,782.928210559744,7.464065220786596,148.1695413771851,1.0,0.8434343434343434
weibo_gadbench,hgb_graph_features,exposure_80,severe,weighted_bh,1,0.05967119892655697,0.3957948717948718,89.08,0.46,2268.14,853.5944433084101,7.494233709307812,148.76345325464615,1.0,0.9394871794871795
weibo_gadbench,hgb_graph_features,exposure_80,severe,weighted_bh,2,0.06079048194035343,0.42348717948717945,94.62,0.5,2273.18,809.1647835583628,7.401137772003389,146.92916748532855,1.0,0.9282051282051281
weibo_gadbench,hgb_graph_features,exposure_80,severe,weighted_bh,3,0.054453198225482835,0.24878787878787878,57.02,0.38,2256.74,842.7156591273751,7.5195163028437335,149.261875038729,1.0,0.9181818181818181
weibo_gadbench,hgb_graph_features,exposure_80,severe,weighted_bh,4,0.035850383526681726,0.2552820512820513,54.98,0.52,2271.28,813.5021781496464,7.405601656367587,147.01682303346163,1.0,0.923076923076923
weibo_gadbench,hgb_graph_features,exposure_80,severe,weighted_bh,5,0.06174108028110001,0.36060000000000003,84.04,0.54,2246.92,802.3105961832954,7.48676939045172,148.61647631777998,1.0,0.903
weibo_gadbench,hgb_graph_features,exposure_80,severe,weighted_bh,6,0.08372047908101055,0.4739896373056995,105.78,0.66,2252.12,769.9659605420856,7.394745681479447,146.8032527217492,1.0,0.9284974093264249
weibo_gadbench,hgb_graph_features,exposure_80,severe,weighted_bh,7,0.05873605794216458,0.44142857142857145,93.72,0.96,2256.72,794.567529932123,7.432503347449845,147.54721603977407,1.0,0.8693877551020408
weibo_gadbench,hgb_graph_features,exposure_80,severe,weighted_bh,8,0.05745313143751674,0.36597938144329895,82.6,0.42,2266.06,834.6117627255833,7.474465246876099,148.37399796932712,1.0,0.9515463917525773
weibo_gadbench,hgb_graph_features,exposure_80,severe,weighted_bh,9,0.017749164352184443,0.10224489795918368,23.54,0.12,2270.46,817.0487003609663,7.418561899041696,147.27242167826705,1.0,0.9244897959183673
weibo_gadbench,hgb_graph_features,exposure_80,severe,weighted_bh_rand,0,0.06408391897320648,0.5044444444444445,109.78,0.84,2242.7,782.928210559744,7.464065220786596,148.1695413771851,1.0,0.8434343434343434
weibo_gadbench,hgb_graph_features,exposure_80,severe,weighted_bh_rand,1,0.09048116564053749,0.625948717948718,139.66,1.0,2268.14,853.5944433084101,7.494233709307812,148.76345325464615,1.0,0.9394871794871795
weibo_gadbench,hgb_graph_features,exposure_80,severe,weighted_bh_rand,2,0.0972965595125716,0.6896410256410256,153.44,0.98,2273.18,809.1647835583628,7.401137772003389,146.92916748532855,1.0,0.9282051282051281
weibo_gadbench,hgb_graph_features,exposure_80,severe,weighted_bh_rand,3,0.08856540080297556,0.5795959595959596,131.94,0.96,2256.74,842.7156591273751,7.5195163028437335,149.261875038729,1.0,0.9181818181818181
weibo_gadbench,hgb_graph_features,exposure_80,severe,weighted_bh_rand,4,0.08378887208315627,0.7134358974358974,154.7,0.96,2271.28,813.5021781496464,7.405601656367587,147.01682303346163,1.0,0.923076923076923
weibo_gadbench,hgb_graph_features,exposure_80,severe,weighted_bh_rand,5,0.108354829055844,0.6766,156.68,1.0,2246.92,802.3105961832954,7.48676939045172,148.61647631777998,1.0,0.903
weibo_gadbench,hgb_graph_features,exposure_80,severe,weighted_bh_rand,6,0.10612761102912394,0.7298445595854922,162.16,1.0,2252.12,769.9659605420856,7.394745681479447,146.8032527217492,1.0,0.9284974093264249
weibo_gadbench,hgb_graph_features,exposure_80,severe,weighted_bh_rand,7,0.06985173267382155,0.6916326530612246,147.5,1.0,2256.72,794.567529932123,7.432503347449845,147.54721603977407,1.0,0.8693877551020408
weibo_gadbench,hgb_graph_features,exposure_80,severe,weighted_bh_rand,8,0.09948620172411149,0.6250515463917526,139.92,0.94,2266.06,834.6117627255833,7.474465246876099,148.37399796932712,1.0,0.9515463917525773
weibo_gadbench,hgb_graph_features,exposure_80,severe,weighted_bh_rand,9,0.10355106192558354,0.7113265306122449,158.12,0.96,2270.46,817.0487003609663,7.418561899041696,147.27242167826705,1.0,0.9244897959183673
weibo_gadbench,hgb_graph_features,exposure_80,severe,weighted_by,0,0.0,0.0,0.0,0.0,2242.7,782.928210559744,7.464065220786596,148.1695413771851,1.0,0.8434343434343434
weibo_gadbench,hgb_graph_features,exposure_80,severe,weighted_by,1,0.0,0.0,0.0,0.0,2268.14,853.5944433084101,7.494233709307812,148.76345325464615,1.0,0.9394871794871795
weibo_gadbench,hgb_graph_features,exposure_80,severe,weighted_by,2,0.0,0.0,0.0,0.0,2273.18,809.1647835583628,7.401137772003389,146.92916748532855,1.0,0.9282051282051281
weibo_gadbench,hgb_graph_features,exposure_80,severe,weighted_by,3,0.0,0.0,0.0,0.0,2256.74,842.7156591273751,7.5195163028437335,149.261875038729,1.0,0.9181818181818181
weibo_gadbench,hgb_graph_features,exposure_80,severe,weighted_by,4,0.0,0.0,0.0,0.0,2271.28,813.5021781496464,7.405601656367587,147.01682303346163,1.0,0.923076923076923
weibo_gadbench,hgb_graph_features,exposure_80,severe,weighted_by,5,0.0,0.0,0.0,0.0,2246.92,802.3105961832954,7.48676939045172,148.61647631777998,1.0,0.903
weibo_gadbench,hgb_graph_features,exposure_80,severe,weighted_by,6,0.0,0.0,0.0,0.0,2252.12,769.9659605420856,7.394745681479447,146.8032527217492,1.0,0.9284974093264249
weibo_gadbench,hgb_graph_features,exposure_80,severe,weighted_by,7,0.0,0.0,0.0,0.0,2256.72,794.567529932123,7.432503347449845,147.54721603977407,1.0,0.8693877551020408
weibo_gadbench,hgb_graph_features,exposure_80,severe,weighted_by,8,0.0,0.0,0.0,0.0,2266.06,834.6117627255833,7.474465246876099,148.37399796932712,1.0,0.9515463917525773
weibo_gadbench,hgb_graph_features,exposure_80,severe,weighted_by,9,0.0,0.0,0.0,0.0,2270.46,817.0487003609663,7.418561899041696,147.27242167826705,1.0,0.9244897959183673
weibo_gadbench,hgb_graph_features,zero_exposure,moderate,equal_alpha,0,0.0020408163265306124,0.028181818181818183,5.88,0.04,2430.04,2083.5756011865733,7.44008161255112,37.141971215378305,1.0,0.8272727272727274
weibo_gadbench,hgb_graph_features,zero_exposure,moderate,equal_alpha,1,0.0,0.0,0.0,0.0,2441.68,2127.7327585537487,7.441300021322264,37.14800698989889,1.0,0.9374358974358975
weibo_gadbench,hgb_graph_features,zero_exposure,moderate,equal_alpha,2,0.017912547648190877,0.2323076923076923,47.8,0.36,2291.96,1677.0551921599485,7.374538503935427,36.815238286673136,1.0,0.9282051282051281
weibo_gadbench,hgb_graph_features,zero_exposure,moderate,equal_alpha,3,0.0,0.0,0.0,0.0,2439.28,2121.9309215827675,7.448125931416246,37.18206312323114,1.0,0.9161616161616162
weibo_gadbench,hgb_graph_features,zero_exposure,moderate,equal_alpha,4,0.01752917590393739,0.31641025641025644,64.42,0.44,2332.24,1792.6463280949113,7.421313499250598,37.04838334333286,1.0,0.923076923076923
weibo_gadbench,hgb_graph_features,zero_exposure,moderate,equal_alpha,5,0.01887349110013411,0.3233,67.56,0.48,2281.7,1709.8265940237452,7.497841733936556,37.42982224040532,1.0,0.903
weibo_gadbench,hgb_graph_features,zero_exposure,moderate,equal_alpha,6,0.011698313861468907,0.14766839378238342,30.32,0.2,2377.08,1925.8574592427,7.445022549714272,37.16656391619942,1.0,0.9243523316062177
weibo_gadbench,hgb_graph_features,zero_exposure,moderate,equal_alpha,7,0.05073068985425965,0.11061224489795919,22.98,0.72,2401.9,1991.1655122716984,7.432525832647837,37.104280603224446,1.0,0.8653061224489796
weibo_gadbench,hgb_graph_features,zero_exposure,moderate,equal_alpha,8,0.019802384638360135,0.2619587628865979,53.76,0.38,2265.18,1659.155321553173,7.464942180426756,37.265839331269156,1.0,0.9515463917525773
weibo_gadbench,hgb_graph_features,zero_exposure,moderate,equal_alpha,9,0.006498931851779411,0.0953061224489796,19.76,0.12,2418.92,2035.8361925659337,7.421666773637519,37.05015504058162,1.0,0.9193877551020408
weibo_gadbench,hgb_graph_features,zero_exposure,moderate,pooled_reference,0,0.10537573162082074,0.8753535353535353,193.92,1.0,2430.04,2083.5756011865733,7.44008161255112,37.141971215378305,1.0,0.8272727272727274
weibo_gadbench,hgb_graph_features,zero_exposure,moderate,pooled_reference,1,0.19473562916742324,0.9353846153846154,227.0,1.0,2441.68,2127.7327585537487,7.441300021322264,37.14800698989889,1.0,0.9374358974358975
weibo_gadbench,hgb_graph_features,zero_exposure,moderate,pooled_reference,2,0.18615322623943445,0.9620512820512821,230.8,1.0,2291.96,1677.0551921599485,7.374538503935427,36.815238286673136,1.0,0.9282051282051281
weibo_gadbench,hgb_graph_features,zero_exposure,moderate,pooled_reference,3,0.1568425514303632,0.9016161616161616,212.2,1.0,2439.28,2121.9309215827675,7.448125931416246,37.18206312323114,1.0,0.9161616161616162
weibo_gadbench,hgb_graph_features,zero_exposure,moderate,pooled_reference,4,0.1273784630874863,0.9313846153846154,208.64,1.0,2332.24,1792.6463280949113,7.421313499250598,37.04838334333286,1.0,0.923076923076923
weibo_gadbench,hgb_graph_features,zero_exposure,moderate,pooled_reference,5,0.151283161999098,0.9136,215.96,1.0,2281.7,1709.8265940237452,7.497841733936556,37.42982224040532,1.0,0.903
weibo_gadbench,hgb_graph_features,zero_exposure,moderate,pooled_reference,6,0.20084537778659683,0.9567875647668393,231.4,1.0,2377.08,1925.8574592427,7.445022549714272,37.16656391619942,1.0,0.9243523316062177
weibo_gadbench,hgb_graph_features,zero_exposure,moderate,pooled_reference,7,0.13948168551761683,0.9329591836734694,213.16,1.0,2401.9,1991.1655122716984,7.432525832647837,37.104280603224446,1.0,0.8653061224489796
weibo_gadbench,hgb_graph_features,zero_exposure,moderate,pooled_reference,8,0.19357783032322273,0.9582474226804123,230.88,1.0,2265.18,1659.155321553173,7.464942180426756,37.265839331269156,1.0,0.9515463917525773
weibo_gadbench,hgb_graph_features,zero_exposure,moderate,pooled_reference,9,0.14260649519266985,0.9178571428571429,210.12,1.0,2418.92,2035.8361925659337,7.421666773637519,37.05015504058162,1.0,0.9193877551020408
weibo_gadbench,hgb_graph_features,zero_exposure,moderate,pooled_stratum,0,0.00890282131661442,0.0064646464646464655,1.44,0.12,2430.04,2083.5756011865733,7.44008161255112,37.141971215378305,1.0,0.8272727272727274
weibo_gadbench,hgb_graph_features,zero_exposure,moderate,pooled_stratum,1,0.01,0.0015384615384615385,0.4,0.04,2441.68,2127.7327585537487,7.441300021322264,37.14800698989889,1.0,0.9374358974358975
weibo_gadbench,hgb_graph_features,zero_exposure,moderate,pooled_stratum,2,0.023535353535353538,0.006358974358974359,1.5,0.14,2291.96,1677.0551921599485,7.374538503935427,36.815238286673136,1.0,0.9282051282051281
weibo_gadbench,hgb_graph_features,zero_exposure,moderate,pooled_stratum,3,0.015192307692307692,0.002929292929292929,0.74,0.08,2439.28,2121.9309215827675,7.448125931416246,37.18206312323114,1.0,0.9161616161616162
weibo_gadbench,hgb_graph_features,zero_exposure,moderate,pooled_stratum,4,0.0,0.009948717948717949,1.94,0.18,2332.24,1792.6463280949113,7.421313499250598,37.04838334333286,1.0,0.923076923076923
weibo_gadbench,hgb_graph_features,zero_exposure,moderate,pooled_stratum,5,0.013692307692307693,0.0128,2.72,0.24,2281.7,1709.8265940237452,7.497841733936556,37.42982224040532,1.0,0.903
weibo_gadbench,hgb_graph_features,zero_exposure,moderate,pooled_stratum,6,0.02705555555555556,0.015025906735751295,3.16,0.32,2377.08,1925.8574592427,7.445022549714272,37.16656391619942,1.0,0.9243523316062177
weibo_gadbench,hgb_graph_features,zero_exposure,moderate,pooled_stratum,7,0.07231418519560934,0.08255102040816327,17.54,1.0,2401.9,1991.1655122716984,7.432525832647837,37.104280603224446,1.0,0.8653061224489796
weibo_gadbench,hgb_graph_features,zero_exposure,moderate,pooled_stratum,8,0.0,0.0,0.0,0.0,2265.18,1659.155321553173,7.464942180426756,37.265839331269156,1.0,0.9515463917525773
weibo_gadbench,hgb_graph_features,zero_exposure,moderate,pooled_stratum,9,0.01,0.0012244897959183673,0.32,0.04,2418.92,2035.8361925659337,7.421666773637519,37.05015504058162,1.0,0.9193877551020408
weibo_gadbench,hgb_graph_features,zero_exposure,moderate,size_alpha,0,0.00890282131661442,0.0064646464646464655,1.44,0.12,2430.04,2083.5756011865733,7.44008161255112,37.141971215378305,1.0,0.8272727272727274
weibo_gadbench,hgb_graph_features,zero_exposure,moderate,size_alpha,1,0.01,0.0015384615384615385,0.4,0.04,2441.68,2127.7327585537487,7.441300021322264,37.14800698989889,1.0,0.9374358974358975
weibo_gadbench,hgb_graph_features,zero_exposure,moderate,size_alpha,2,0.023535353535353538,0.006358974358974359,1.5,0.14,2291.96,1677.0551921599485,7.374538503935427,36.815238286673136,1.0,0.9282051282051281
weibo_gadbench,hgb_graph_features,zero_exposure,moderate,size_alpha,3,0.015192307692307692,0.002929292929292929,0.74,0.08,2439.28,2121.9309215827675,7.448125931416246,37.18206312323114,1.0,0.9161616161616162
weibo_gadbench,hgb_graph_features,zero_exposure,moderate,size_alpha,4,0.0,0.009948717948717949,1.94,0.18,2332.24,1792.6463280949113,7.421313499250598,37.04838334333286,1.0,0.923076923076923
weibo_gadbench,hgb_graph_features,zero_exposure,moderate,size_alpha,5,0.013692307692307693,0.0128,2.72,0.24,2281.7,1709.8265940237452,7.497841733936556,37.42982224040532,1.0,0.903
weibo_gadbench,hgb_graph_features,zero_exposure,moderate,size_alpha,6,0.02705555555555556,0.015025906735751295,3.16,0.32,2377.08,1925.8574592427,7.445022549714272,37.16656391619942,1.0,0.9243523316062177
weibo_gadbench,hgb_graph_features,zero_exposure,moderate,size_alpha,7,0.07231418519560934,0.08255102040816327,17.54,1.0,2401.9,1991.1655122716984,7.432525832647837,37.104280603224446,1.0,0.8653061224489796
weibo_gadbench,hgb_graph_features,zero_exposure,moderate,size_alpha,8,0.0,0.0,0.0,0.0,2265.18,1659.155321553173,7.464942180426756,37.265839331269156,1.0,0.9515463917525773
weibo_gadbench,hgb_graph_features,zero_exposure,moderate,size_alpha,9,0.01,0.0012244897959183673,0.32,0.04,2418.92,2035.8361925659337,7.421666773637519,37.05015504058162,1.0,0.9193877551020408
weibo_gadbench,hgb_graph_features,zero_exposure,moderate,wcs_deterministic,0,0.015854963596083252,0.1787878787878788,38.2,0.22,2430.04,2083.5756011865733,7.44008161255112,37.141971215378305,1.0,0.8272727272727274
weibo_gadbench,hgb_graph_features,zero_exposure,moderate,wcs_deterministic,1,0.02269034687577365,0.18615384615384617,40.62,0.22,2441.68,2127.7327585537487,7.441300021322264,37.14800698989889,1.0,0.9374358974358975
weibo_gadbench,hgb_graph_features,zero_exposure,moderate,wcs_deterministic,2,0.028003051960458582,0.25015384615384617,53.98,0.3,2291.96,1677.0551921599485,7.374538503935427,36.815238286673136,1.0,0.9282051282051281
weibo_gadbench,hgb_graph_features,zero_exposure,moderate,wcs_deterministic,3,0.012373965264135804,0.12212121212121213,26.4,0.16,2439.28,2121.9309215827675,7.448125931416246,37.18206312323114,1.0,0.9161616161616162
weibo_gadbench,hgb_graph_features,zero_exposure,moderate,wcs_deterministic,4,0.008687931721510824,0.1474871794871795,30.26,0.18,2332.24,1792.6463280949113,7.421313499250598,37.04838334333286,1.0,0.923076923076923
weibo_gadbench,hgb_graph_features,zero_exposure,moderate,wcs_deterministic,5,0.021533022297097214,0.18899999999999997,42.1,0.22,2281.7,1709.8265940237452,7.497841733936556,37.42982224040532,1.0,0.903
weibo_gadbench,hgb_graph_features,zero_exposure,moderate,wcs_deterministic,6,0.012746993173211167,0.10321243523316062,22.42,0.12,2377.08,1925.8574592427,7.445022549714272,37.16656391619942,1.0,0.9243523316062177
weibo_gadbench,hgb_graph_features,zero_exposure,moderate,wcs_deterministic,7,0.013766445171139896,0.16867346938775513,35.54,0.2,2401.9,1991.1655122716984,7.432525832647837,37.104280603224446,1.0,0.8653061224489796
weibo_gadbench,hgb_graph_features,zero_exposure,moderate,wcs_deterministic,8,0.008770848275177927,0.07010309278350516,15.28,0.08,2265.18,1659.155321553173,7.464942180426756,37.265839331269156,1.0,0.9515463917525773
weibo_gadbench,hgb_graph_features,zero_exposure,moderate,wcs_deterministic,9,0.02685684738337124,0.22489795918367345,49.28,0.26,2418.92,2035.8361925659337,7.421666773637519,37.05015504058162,1.0,0.9193877551020408
weibo_gadbench,hgb_graph_features,zero_exposure,moderate,wcs_homogeneous,0,0.07094719641750119,0.7453535353535353,159.76,0.96,2430.04,2083.5756011865733,7.44008161255112,37.141971215378305,1.0,0.8272727272727274
weibo_gadbench,hgb_graph_features,zero_exposure,moderate,wcs_homogeneous,1,0.084612031106484,0.7401025641025641,159.86,0.92,2441.68,2127.7327585537487,7.441300021322264,37.14800698989889,1.0,0.9374358974358975
weibo_gadbench,hgb_graph_features,zero_exposure,moderate,wcs_homogeneous,2,0.08273520398332491,0.7450256410256411,160.38,0.92,2291.96,1677.0551921599485,7.374538503935427,36.815238286673136,1.0,0.9282051282051281
weibo_gadbench,hgb_graph_features,zero_exposure,moderate,wcs_homogeneous,3,0.07504640651754521,0.7097979797979798,153.74,0.94,2439.28,2121.9309215827675,7.448125931416246,37.18206312323114,1.0,0.9161616161616162
weibo_gadbench,hgb_graph_features,zero_exposure,moderate,wcs_homogeneous,4,0.06208681850106951,0.774051282051282,162.24,0.94,2332.24,1792.6463280949113,7.421313499250598,37.04838334333286,1.0,0.923076923076923
weibo_gadbench,hgb_graph_features,zero_exposure,moderate,wcs_homogeneous,5,0.09508863055412893,0.7607,170.78,0.92,2281.7,1709.8265940237452,7.497841733936556,37.42982224040532,1.0,0.903
weibo_gadbench,hgb_graph_features,zero_exposure,moderate,wcs_homogeneous,6,0.09133256425391854,0.7860103626943006,168.62,0.96,2377.08,1925.8574592427,7.445022549714272,37.16656391619942,1.0,0.9243523316062177
weibo_gadbench,hgb_graph_features,zero_exposure,moderate,wcs_homogeneous,7,0.07055506978650757,0.8108163265306122,172.06,0.96,2401.9,1991.1655122716984,7.432525832647837,37.104280603224446,1.0,0.8653061224489796
weibo_gadbench,hgb_graph_features,zero_exposure,moderate,wcs_homogeneous,8,0.103337697607339,0.8119587628865979,177.0,0.98,2265.18,1659.155321553173,7.464942180426756,37.265839331269156,1.0,0.9515463917525773
weibo_gadbench,hgb_graph_features,zero_exposure,moderate,wcs_homogeneous,9,0.08826972922870974,0.784795918367347,170.28,0.94,2418.92,2035.8361925659337,7.421666773637519,37.05015504058162,1.0,0.9193877551020408
weibo_gadbench,hgb_graph_features,zero_exposure,moderate,wcs_rand_deterministic,0,0.02798383618716631,0.3044444444444444,65.28,0.38,2430.04,2083.5756011865733,7.44008161255112,37.141971215378305,1.0,0.8272727272727274
weibo_gadbench,hgb_graph_features,zero_exposure,moderate,wcs_rand_deterministic,1,0.028099765830243924,0.2355897435897436,51.22,0.28,2441.68,2127.7327585537487,7.441300021322264,37.14800698989889,1.0,0.9374358974358975
weibo_gadbench,hgb_graph_features,zero_exposure,moderate,wcs_rand_deterministic,2,0.044079105927533266,0.38892307692307687,84.14,0.46,2291.96,1677.0551921599485,7.374538503935427,36.815238286673136,1.0,0.9282051282051281
weibo_gadbench,hgb_graph_features,zero_exposure,moderate,wcs_rand_deterministic,3,0.02036634376429365,0.20050505050505052,43.34,0.26,2439.28,2121.9309215827675,7.448125931416246,37.18206312323114,1.0,0.9161616161616162
weibo_gadbench,hgb_graph_features,zero_exposure,moderate,wcs_rand_deterministic,4,0.0152207331276488,0.20184615384615384,42.18,0.24,2332.24,1792.6463280949113,7.421313499250598,37.04838334333286,1.0,0.923076923076923
weibo_gadbench,hgb_graph_features,zero_exposure,moderate,wcs_rand_deterministic,5,0.03947071468823825,0.32480000000000003,73.04,0.38,2281.7,1709.8265940237452,7.497841733936556,37.42982224040532,1.0,0.903
weibo_gadbench,hgb_graph_features,zero_exposure,moderate,wcs_rand_deterministic,6,0.050476792461739695,0.41005181347150255,88.74,0.48,2377.08,1925.8574592427,7.445022549714272,37.16656391619942,1.0,0.9243523316062177
weibo_gadbench,hgb_graph_features,zero_exposure,moderate,wcs_rand_deterministic,7,0.018184602773347394,0.23479591836734695,49.28,0.28,2401.9,1991.1655122716984,7.432525832647837,37.104280603224446,1.0,0.8653061224489796
weibo_gadbench,hgb_graph_features,zero_exposure,moderate,wcs_rand_deterministic,8,0.025252614514413425,0.19123711340206184,42.0,0.22,2265.18,1659.155321553173,7.464942180426756,37.265839331269156,1.0,0.9515463917525773
weibo_gadbench,hgb_graph_features,zero_exposure,moderate,wcs_rand_deterministic,9,0.0444230430930924,0.37693877551020405,82.44,0.44,2418.92,2035.8361925659337,7.421666773637519,37.05015504058162,1.0,0.9193877551020408
weibo_gadbench,hgb_graph_features,zero_exposure,moderate,wcs_rand_homogeneous,0,0.07463894750185347,0.7724242424242425,165.96,0.98,2430.04,2083.5756011865733,7.44008161255112,37.141971215378305,1.0,0.8272727272727274
weibo_gadbench,hgb_graph_features,zero_exposure,moderate,wcs_rand_homogeneous,1,0.09379350007389181,0.7714871794871795,168.14,0.94,2441.68,2127.7327585537487,7.441300021322264,37.14800698989889,1.0,0.9374358974358975
weibo_gadbench,hgb_graph_features,zero_exposure,moderate,wcs_rand_homogeneous,2,0.08608177930177918,0.7584615384615384,163.84,0.92,2291.96,1677.0551921599485,7.374538503935427,36.815238286673136,1.0,0.9282051282051281
weibo_gadbench,hgb_graph_features,zero_exposure,moderate,wcs_rand_homogeneous,3,0.07864655141252462,0.7237373737373737,157.46,0.94,2439.28,2121.9309215827675,7.448125931416246,37.18206312323114,1.0,0.9161616161616162
weibo_gadbench,hgb_graph_features,zero_exposure,moderate,wcs_rand_homogeneous,4,0.06595809241413021,0.789948717948718,166.3,0.94,2332.24,1792.6463280949113,7.421313499250598,37.04838334333286,1.0,0.923076923076923
weibo_gadbench,hgb_graph_features,zero_exposure,moderate,wcs_rand_homogeneous,5,0.09953860376946645,0.7918000000000001,178.22,0.94,2281.7,1709.8265940237452,7.497841733936556,37.42982224040532,1.0,0.903
weibo_gadbench,hgb_graph_features,zero_exposure,moderate,wcs_rand_homogeneous,6,0.09985407547819573,0.8176165803108809,176.7,0.98,2377.08,1925.8574592427,7.445022549714272,37.16656391619942,1.0,0.9243523316062177
weibo_gadbench,hgb_graph_features,zero_exposure,moderate,wcs_rand_homogeneous,7,0.07543881856074985,0.838265306122449,178.58,0.98,2401.9,1991.1655122716984,7.432525832647837,37.104280603224446,1.0,0.8653061224489796
weibo_gadbench,hgb_graph_features,zero_exposure,moderate,wcs_rand_homogeneous,8,0.10987536758335521,0.8303092783505154,182.26,0.98,2265.18,1659.155321553173,7.464942180426756,37.265839331269156,1.0,0.9515463917525773
weibo_gadbench,hgb_graph_features,zero_exposure,moderate,wcs_rand_homogeneous,9,0.0966901917544254,0.8317346938775511,181.4,0.98,2418.92,2035.8361925659337,7.421666773637519,37.05015504058162,1.0,0.9193877551020408
weibo_gadbench,hgb_graph_features,zero_exposure,moderate,weighted_bh,0,0.07073786873298084,0.7731313131313131,165.38,1.0,2430.04,2083.5756011865733,7.44008161255112,37.141971215378305,1.0,0.8272727272727274
weibo_gadbench,hgb_graph_features,zero_exposure,moderate,weighted_bh,1,0.09532947878130912,0.8114871794871794,176.12,1.0,2441.68,2127.7327585537487,7.441300021322264,37.14800698989889,1.0,0.9374358974358975
weibo_gadbench,hgb_graph_features,zero_exposure,moderate,weighted_bh,2,0.08752900456800282,0.8017435897435896,172.3,1.0,2291.96,1677.0551921599485,7.374538503935427,36.815238286673136,1.0,0.9282051282051281
weibo_gadbench,hgb_graph_features,zero_exposure,moderate,weighted_bh,3,0.07438517757867132,0.7506060606060606,161.66,1.0,2439.28,2121.9309215827675,7.448125931416246,37.18206312323114,1.0,0.9161616161616162
weibo_gadbench,hgb_graph_features,zero_exposure,moderate,weighted_bh,4,0.06221718661676197,0.8179487179487179,170.84,1.0,2332.24,1792.6463280949113,7.421313499250598,37.04838334333286,1.0,0.923076923076923
weibo_gadbench,hgb_graph_features,zero_exposure,moderate,weighted_bh,5,0.09797564585655642,0.8271000000000001,184.58,1.0,2281.7,1709.8265940237452,7.497841733936556,37.42982224040532,1.0,0.903
weibo_gadbench,hgb_graph_features,zero_exposure,moderate,weighted_bh,6,0.09628861653601878,0.8209326424870466,176.34,1.0,2377.08,1925.8574592427,7.445022549714272,37.16656391619942,1.0,0.9243523316062177
weibo_gadbench,hgb_graph_features,zero_exposure,moderate,weighted_bh,7,0.07217492712018016,0.8448979591836735,179.0,1.0,2401.9,1991.1655122716984,7.432525832647837,37.104280603224446,1.0,0.8653061224489796
weibo_gadbench,hgb_graph_features,zero_exposure,moderate,weighted_bh,8,0.10024267354468933,0.8130927835051547,176.68,0.98,2265.18,1659.155321553173,7.464942180426756,37.265839331269156,1.0,0.9515463917525773
weibo_gadbench,hgb_graph_features,zero_exposure,moderate,weighted_bh,9,0.09127572648015177,0.8345918367346938,180.58,1.0,2418.92,2035.8361925659337,7.421666773637519,37.05015504058162,1.0,0.9193877551020408
weibo_gadbench,hgb_graph_features,zero_exposure,moderate,weighted_bh_rand,0,0.07399236210941154,0.7861616161616162,168.74,1.0,2430.04,2083.5756011865733,7.44008161255112,37.141971215378305,1.0,0.8272727272727274
weibo_gadbench,hgb_graph_features,zero_exposure,moderate,weighted_bh_rand,1,0.10261978077281513,0.8256410256410257,180.64,1.0,2441.68,2127.7327585537487,7.441300021322264,37.14800698989889,1.0,0.9374358974358975
weibo_gadbench,hgb_graph_features,zero_exposure,moderate,weighted_bh_rand,2,0.09091846042973163,0.8184615384615384,176.42,1.0,2291.96,1677.0551921599485,7.374538503935427,36.815238286673136,1.0,0.9282051282051281
weibo_gadbench,hgb_graph_features,zero_exposure,moderate,weighted_bh_rand,3,0.07870160521820217,0.7646464646464647,165.5,1.0,2439.28,2121.9309215827675,7.448125931416246,37.18206312323114,1.0,0.9161616161616162
weibo_gadbench,hgb_graph_features,zero_exposure,moderate,weighted_bh_rand,4,0.06767868237805391,0.8374358974358974,175.88,1.0,2332.24,1792.6463280949113,7.421313499250598,37.04838334333286,1.0,0.923076923076923
weibo_gadbench,hgb_graph_features,zero_exposure,moderate,weighted_bh_rand,5,0.10231733117492886,0.8407000000000001,188.5,1.0,2281.7,1709.8265940237452,7.497841733936556,37.42982224040532,1.0,0.903
weibo_gadbench,hgb_graph_features,zero_exposure,moderate,weighted_bh_rand,6,0.10144589881289903,0.8335751295336787,180.08,1.0,2377.08,1925.8574592427,7.445022549714272,37.16656391619942,1.0,0.9243523316062177
weibo_gadbench,hgb_graph_features,zero_exposure,moderate,weighted_bh_rand,7,0.0762480829399041,0.8555102040816327,182.1,1.0,2401.9,1991.1655122716984,7.432525832647837,37.104280603224446,1.0,0.8653061224489796
weibo_gadbench,hgb_graph_features,zero_exposure,moderate,weighted_bh_rand,8,0.11013443213375783,0.8374226804123711,183.8,0.98,2265.18,1659.155321553173,7.464942180426756,37.265839331269156,1.0,0.9515463917525773
weibo_gadbench,hgb_graph_features,zero_exposure,moderate,weighted_bh_rand,9,0.09756004098700163,0.849795918367347,185.12,1.0,2418.92,2035.8361925659337,7.421666773637519,37.05015504058162,1.0,0.9193877551020408
weibo_gadbench,hgb_graph_features,zero_exposure,moderate,weighted_by,0,0.0,0.0,0.0,0.0,2430.04,2083.5756011865733,7.44008161255112,37.141971215378305,1.0,0.8272727272727274
weibo_gadbench,hgb_graph_features,zero_exposure,moderate,weighted_by,1,0.0,0.0,0.0,0.0,2441.68,2127.7327585537487,7.441300021322264,37.14800698989889,1.0,0.9374358974358975
weibo_gadbench,hgb_graph_features,zero_exposure,moderate,weighted_by,2,0.0,0.0,0.0,0.0,2291.96,1677.0551921599485,7.374538503935427,36.815238286673136,1.0,0.9282051282051281
weibo_gadbench,hgb_graph_features,zero_exposure,moderate,weighted_by,3,0.0,0.0,0.0,0.0,2439.28,2121.9309215827675,7.448125931416246,37.18206312323114,1.0,0.9161616161616162
weibo_gadbench,hgb_graph_features,zero_exposure,moderate,weighted_by,4,0.0,0.0,0.0,0.0,2332.24,1792.6463280949113,7.421313499250598,37.04838334333286,1.0,0.923076923076923
weibo_gadbench,hgb_graph_features,zero_exposure,moderate,weighted_by,5,0.0,0.0,0.0,0.0,2281.7,1709.8265940237452,7.497841733936556,37.42982224040532,1.0,0.903
weibo_gadbench,hgb_graph_features,zero_exposure,moderate,weighted_by,6,0.0,0.0,0.0,0.0,2377.08,1925.8574592427,7.445022549714272,37.16656391619942,1.0,0.9243523316062177
weibo_gadbench,hgb_graph_features,zero_exposure,moderate,weighted_by,7,0.0,0.0,0.0,0.0,2401.9,1991.1655122716984,7.432525832647837,37.104280603224446,1.0,0.8653061224489796
weibo_gadbench,hgb_graph_features,zero_exposure,moderate,weighted_by,8,0.0,0.0,0.0,0.0,2265.18,1659.155321553173,7.464942180426756,37.265839331269156,1.0,0.9515463917525773
weibo_gadbench,hgb_graph_features,zero_exposure,moderate,weighted_by,9,0.0,0.0,0.0,0.0,2418.92,2035.8361925659337,7.421666773637519,37.05015504058162,1.0,0.9193877551020408
weibo_gadbench,hgb_graph_features,zero_exposure,neutral,equal_alpha,0,0.015099284785924599,0.41727272727272724,84.5,0.74,2542.74,2542.74,7.439050556098595,7.439050556098595,1.0,0.8272727272727274
weibo_gadbench,hgb_graph_features,zero_exposure,neutral,equal_alpha,1,0.012576298004221892,0.3616410256410256,71.96,0.76,2540.36,2540.36,7.442352224682518,7.442352224682518,1.0,0.9374358974358975
weibo_gadbench,hgb_graph_features,zero_exposure,neutral,equal_alpha,2,0.023738192588100726,0.525025641025641,105.22,1.0,2555.28,2555.28,7.398679993587697,7.398679993587697,1.0,0.9282051282051281
weibo_gadbench,hgb_graph_features,zero_exposure,neutral,equal_alpha,3,0.006228216485046198,0.10949494949494949,22.22,0.26,2536.74,2536.74,7.456812776362,7.456812776362,1.0,0.9161616161616162
weibo_gadbench,hgb_graph_features,zero_exposure,neutral,equal_alpha,4,0.028604979908046165,0.6742564102564103,135.58,1.0,2554.2,2554.2,7.402040096295383,7.402040096295383,1.0,0.923076923076923
weibo_gadbench,hgb_graph_features,zero_exposure,neutral,equal_alpha,5,0.0302708002662941,0.6456000000000001,133.32,1.0,2525.08,2525.08,7.487294616493954,7.487294616493954,1.0,0.903
weibo_gadbench,hgb_graph_features,zero_exposure,neutral,equal_alpha,6,0.027928452316535166,0.566321243523316,112.78,1.0,2536.04,2536.04,7.454961260627589,7.454961260627589,1.0,0.9243523316062177
weibo_gadbench,hgb_graph_features,zero_exposure,neutral,equal_alpha,7,0.025631263910538615,0.423469387755102,85.06,0.9,2545.72,2545.72,7.426139909118375,7.426139909118375,1.0,0.8653061224489796
weibo_gadbench,hgb_graph_features,zero_exposure,neutral,equal_alpha,8,0.03375399012772144,0.541958762886598,109.64,0.88,2539.0,2539.0,7.446439642785763,7.446439642785763,1.0,0.9515463917525773
weibo_gadbench,hgb_graph_features,zero_exposure,neutral,equal_alpha,9,0.02362715238789618,0.6492857142857144,130.6,1.0,2550.76,2550.76,7.412083627922109,7.412083627922109,1.0,0.9193877551020408
weibo_gadbench,hgb_graph_features,zero_exposure,neutral,pooled_reference,0,0.07850751593450753,0.8237373737373737,177.06,1.0,2542.74,2542.74,7.439050556098595,7.439050556098595,1.0,0.8272727272727274
weibo_gadbench,hgb_graph_features,zero_exposure,neutral,pooled_reference,1,0.10380815051702032,0.8554871794871794,186.28,1.0,2540.36,2540.36,7.442352224682518,7.442352224682518,1.0,0.9374358974358975
weibo_gadbench,hgb_graph_features,zero_exposure,neutral,pooled_reference,2,0.09849363164216879,0.848,183.64,1.0,2555.28,2555.28,7.398679993587697,7.398679993587697,1.0,0.9282051282051281
weibo_gadbench,hgb_graph_features,zero_exposure,neutral,pooled_reference,3,0.08729471784056148,0.7958585858585859,173.26,1.0,2536.74,2536.74,7.456812776362,7.456812776362,1.0,0.9161616161616162
weibo_gadbench,hgb_graph_features,zero_exposure,neutral,pooled_reference,4,0.06807421619342839,0.8664615384615385,181.52,1.0,2554.2,2554.2,7.402040096295383,7.402040096295383,1.0,0.923076923076923
weibo_gadbench,hgb_graph_features,zero_exposure,neutral,pooled_reference,5,0.10357852134600534,0.8534,191.2,1.0,2525.08,2525.08,7.487294616493954,7.487294616493954,1.0,0.903
weibo_gadbench,hgb_graph_features,zero_exposure,neutral,pooled_reference,6,0.09834265754592962,0.8383419689119171,179.74,1.0,2536.04,2536.04,7.454961260627589,7.454961260627589,1.0,0.9243523316062177
weibo_gadbench,hgb_graph_features,zero_exposure,neutral,pooled_reference,7,0.07970910665024471,0.8598979591836735,183.38,1.0,2545.72,2545.72,7.426139909118375,7.426139909118375,1.0,0.8653061224489796
weibo_gadbench,hgb_graph_features,zero_exposure,neutral,pooled_reference,8,0.10805095288142974,0.8661855670103092,188.54,1.0,2539.0,2539.0,7.446439642785763,7.446439642785763,1.0,0.9515463917525773
weibo_gadbench,hgb_graph_features,zero_exposure,neutral,pooled_reference,9,0.09960324953847605,0.8687755102040816,189.32,1.0,2550.76,2550.76,7.412083627922109,7.412083627922109,1.0,0.9193877551020408
weibo_gadbench,hgb_graph_features,zero_exposure,neutral,pooled_stratum,0,0.01348236098080525,0.059494949494949496,12.58,0.2,2542.74,2542.74,7.439050556098595,7.439050556098595,1.0,0.8272727272727274
weibo_gadbench,hgb_graph_features,zero_exposure,neutral,pooled_stratum,1,0.01,0.0015384615384615385,0.4,0.04,2540.36,2540.36,7.442352224682518,7.442352224682518,1.0,0.9374358974358975
weibo_gadbench,hgb_graph_features,zero_exposure,neutral,pooled_stratum,2,0.04500855837725839,0.15846153846153846,34.28,0.4,2555.28,2555.28,7.398679993587697,7.398679993587697,1.0,0.9282051282051281
weibo_gadbench,hgb_graph_features,zero_exposure,neutral,pooled_stratum,3,0.015192307692307692,0.002929292929292929,0.74,0.08,2536.74,2536.74,7.456812776362,7.456812776362,1.0,0.9161616161616162
weibo_gadbench,hgb_graph_features,zero_exposure,neutral,pooled_stratum,4,0.05942603899442281,0.5157948717948718,109.16,0.82,2554.2,2554.2,7.402040096295383,7.402040096295383,1.0,0.923076923076923
weibo_gadbench,hgb_graph_features,zero_exposure,neutral,pooled_stratum,5,0.10215952155192948,0.5695,127.26,1.0,2525.08,2525.08,7.487294616493954,7.487294616493954,1.0,0.903
weibo_gadbench,hgb_graph_features,zero_exposure,neutral,pooled_stratum,6,0.06390940476536776,0.24849740932642486,53.28,0.58,2536.04,2536.04,7.454961260627589,7.454961260627589,1.0,0.9243523316062177
weibo_gadbench,hgb_graph_features,zero_exposure,neutral,pooled_stratum,7,0.0758846956278001,0.11244897959183672,24.02,1.0,2545.72,2545.72,7.426139909118375,7.426139909118375,1.0,0.8653061224489796
weibo_gadbench,hgb_graph_features,zero_exposure,neutral,pooled_stratum,8,0.04434492771810441,0.1807216494845361,40.06,0.34,2539.0,2539.0,7.446439642785763,7.446439642785763,1.0,0.9515463917525773
weibo_gadbench,hgb_graph_features,zero_exposure,neutral,pooled_stratum,9,0.03745286784507209,0.2103061224489796,46.74,0.34,2550.76,2550.76,7.412083627922109,7.412083627922109,1.0,0.9193877551020408
weibo_gadbench,hgb_graph_features,zero_exposure,neutral,size_alpha,0,0.00890282131661442,0.0064646464646464655,1.44,0.12,2542.74,2542.74,7.439050556098595,7.439050556098595,1.0,0.8272727272727274
weibo_gadbench,hgb_graph_features,zero_exposure,neutral,size_alpha,1,0.01,0.0015384615384615385,0.4,0.04,2540.36,2540.36,7.442352224682518,7.442352224682518,1.0,0.9374358974358975
weibo_gadbench,hgb_graph_features,zero_exposure,neutral,size_alpha,2,0.022603571399479466,0.11066666666666666,22.2,0.34,2555.28,2555.28,7.398679993587697,7.398679993587697,1.0,0.9282051282051281
weibo_gadbench,hgb_graph_features,zero_exposure,neutral,size_alpha,3,0.015192307692307692,0.002929292929292929,0.74,0.08,2536.74,2536.74,7.456812776362,7.456812776362,1.0,0.9161616161616162
weibo_gadbench,hgb_graph_features,zero_exposure,neutral,size_alpha,4,0.01698278089929395,0.43005128205128207,86.0,0.78,2554.2,2554.2,7.402040096295383,7.402040096295383,1.0,0.923076923076923
weibo_gadbench,hgb_graph_features,zero_exposure,neutral,size_alpha,5,0.010053384709500996,0.4814,97.36,1.0,2525.08,2525.08,7.487294616493954,7.487294616493954,1.0,0.903
weibo_gadbench,hgb_graph_features,zero_exposure,neutral,size_alpha,6,0.024998239201306775,0.07585492227979275,15.28,0.36,2536.04,2536.04,7.454961260627589,7.454961260627589,1.0,0.9243523316062177
weibo_gadbench,hgb_graph_features,zero_exposure,neutral,size_alpha,7,0.07267782155924571,0.0926530612244898,19.56,1.0,2545.72,2545.72,7.426139909118375,7.426139909118375,1.0,0.8653061224489796
weibo_gadbench,hgb_graph_features,zero_exposure,neutral,size_alpha,8,0.011224690235512534,0.15628865979381443,31.62,0.28,2539.0,2539.0,7.446439642785763,7.446439642785763,1.0,0.9515463917525773
weibo_gadbench,hgb_graph_features,zero_exposure,neutral,size_alpha,9,0.006339597214570697,0.11591836734693878,23.56,0.2,2550.76,2550.76,7.412083627922109,7.412083627922109,1.0,0.9193877551020408
weibo_gadbench,hgb_graph_features,zero_exposure,neutral,wcs_deterministic,0,0.07850751593450753,0.8237373737373737,177.06,1.0,2542.74,2542.74,7.439050556098595,7.439050556098595,1.0,0.8272727272727274
weibo_gadbench,hgb_graph_features,zero_exposure,neutral,wcs_deterministic,1,0.10380815051702032,0.8554871794871794,186.28,1.0,2540.36,2540.36,7.442352224682518,7.442352224682518,1.0,0.9374358974358975
weibo_gadbench,hgb_graph_features,zero_exposure,neutral,wcs_deterministic,2,0.09849363164216879,0.848,183.64,1.0,2555.28,2555.28,7.398679993587697,7.398679993587697,1.0,0.9282051282051281
weibo_gadbench,hgb_graph_features,zero_exposure,neutral,wcs_deterministic,3,0.08729471784056148,0.7958585858585859,173.26,1.0,2536.74,2536.74,7.456812776362,7.456812776362,1.0,0.9161616161616162
weibo_gadbench,hgb_graph_features,zero_exposure,neutral,wcs_deterministic,4,0.06807421619342839,0.8664615384615385,181.52,1.0,2554.2,2554.2,7.402040096295383,7.402040096295383,1.0,0.923076923076923
weibo_gadbench,hgb_graph_features,zero_exposure,neutral,wcs_deterministic,5,0.10357852134600534,0.8534,191.2,1.0,2525.08,2525.08,7.487294616493954,7.487294616493954,1.0,0.903
weibo_gadbench,hgb_graph_features,zero_exposure,neutral,wcs_deterministic,6,0.09834265754592962,0.8383419689119171,179.74,1.0,2536.04,2536.04,7.454961260627589,7.454961260627589,1.0,0.9243523316062177
weibo_gadbench,hgb_graph_features,zero_exposure,neutral,wcs_deterministic,7,0.07970910665024471,0.8598979591836735,183.38,1.0,2545.72,2545.72,7.426139909118375,7.426139909118375,1.0,0.8653061224489796
weibo_gadbench,hgb_graph_features,zero_exposure,neutral,wcs_deterministic,8,0.10805095288142974,0.8661855670103092,188.54,1.0,2539.0,2539.0,7.446439642785763,7.446439642785763,1.0,0.9515463917525773
weibo_gadbench,hgb_graph_features,zero_exposure,neutral,wcs_deterministic,9,0.09960324953847605,0.8687755102040816,189.32,1.0,2550.76,2550.76,7.412083627922109,7.412083627922109,1.0,0.9193877551020408
weibo_gadbench,hgb_graph_features,zero_exposure,neutral,wcs_homogeneous,0,0.07850751593450753,0.8237373737373737,177.06,1.0,2542.74,2542.74,7.439050556098595,7.439050556098595,1.0,0.8272727272727274
weibo_gadbench,hgb_graph_features,zero_exposure,neutral,wcs_homogeneous,1,0.10380815051702032,0.8554871794871794,186.28,1.0,2540.36,2540.36,7.442352224682518,7.442352224682518,1.0,0.9374358974358975
weibo_gadbench,hgb_graph_features,zero_exposure,neutral,wcs_homogeneous,2,0.09849363164216879,0.848,183.64,1.0,2555.28,2555.28,7.398679993587697,7.398679993587697,1.0,0.9282051282051281
weibo_gadbench,hgb_graph_features,zero_exposure,neutral,wcs_homogeneous,3,0.08729471784056148,0.7958585858585859,173.26,1.0,2536.74,2536.74,7.456812776362,7.456812776362,1.0,0.9161616161616162
weibo_gadbench,hgb_graph_features,zero_exposure,neutral,wcs_homogeneous,4,0.06807421619342839,0.8664615384615385,181.52,1.0,2554.2,2554.2,7.402040096295383,7.402040096295383,1.0,0.923076923076923
weibo_gadbench,hgb_graph_features,zero_exposure,neutral,wcs_homogeneous,5,0.10357852134600534,0.8534,191.2,1.0,2525.08,2525.08,7.487294616493954,7.487294616493954,1.0,0.903
weibo_gadbench,hgb_graph_features,zero_exposure,neutral,wcs_homogeneous,6,0.09834265754592962,0.8383419689119171,179.74,1.0,2536.04,2536.04,7.454961260627589,7.454961260627589,1.0,0.9243523316062177
weibo_gadbench,hgb_graph_features,zero_exposure,neutral,wcs_homogeneous,7,0.07970910665024471,0.8598979591836735,183.38,1.0,2545.72,2545.72,7.426139909118375,7.426139909118375,1.0,0.8653061224489796
weibo_gadbench,hgb_graph_features,zero_exposure,neutral,wcs_homogeneous,8,0.10805095288142974,0.8661855670103092,188.54,1.0,2539.0,2539.0,7.446439642785763,7.446439642785763,1.0,0.9515463917525773
weibo_gadbench,hgb_graph_features,zero_exposure,neutral,wcs_homogeneous,9,0.09960324953847605,0.8687755102040816,189.32,1.0,2550.76,2550.76,7.412083627922109,7.412083627922109,1.0,0.9193877551020408
weibo_gadbench,hgb_graph_features,zero_exposure,neutral,wcs_rand_deterministic,0,0.07938667244440457,0.8247474747474748,177.44,1.0,2542.74,2542.74,7.439050556098595,7.439050556098595,1.0,0.8272727272727274
weibo_gadbench,hgb_graph_features,zero_exposure,neutral,wcs_rand_deterministic,1,0.10423804754618851,0.8565128205128205,186.6,1.0,2540.36,2540.36,7.442352224682518,7.442352224682518,1.0,0.9374358974358975
weibo_gadbench,hgb_graph_features,zero_exposure,neutral,wcs_rand_deterministic,2,0.09922298799106853,0.8488205128205127,183.96,1.0,2555.28,2555.28,7.398679993587697,7.398679993587697,1.0,0.9282051282051281
weibo_gadbench,hgb_graph_features,zero_exposure,neutral,wcs_rand_deterministic,3,0.08767086953171598,0.7982828282828283,173.86,1.0,2536.74,2536.74,7.456812776362,7.456812776362,1.0,0.9161616161616162
weibo_gadbench,hgb_graph_features,zero_exposure,neutral,wcs_rand_deterministic,4,0.06910410628613048,0.8681025641025641,182.06,1.0,2554.2,2554.2,7.402040096295383,7.402040096295383,1.0,0.923076923076923
weibo_gadbench,hgb_graph_features,zero_exposure,neutral,wcs_rand_deterministic,5,0.10447202680751827,0.8541,191.54,1.0,2525.08,2525.08,7.487294616493954,7.487294616493954,1.0,0.903
weibo_gadbench,hgb_graph_features,zero_exposure,neutral,wcs_rand_deterministic,6,0.09884913994047807,0.8391709844559585,180.02,1.0,2536.04,2536.04,7.454961260627589,7.454961260627589,1.0,0.9243523316062177
weibo_gadbench,hgb_graph_features,zero_exposure,neutral,wcs_rand_deterministic,7,0.08044098440941762,0.8606122448979592,183.68,1.0,2545.72,2545.72,7.426139909118375,7.426139909118375,1.0,0.8653061224489796
weibo_gadbench,hgb_graph_features,zero_exposure,neutral,wcs_rand_deterministic,8,0.10842735199138553,0.8680412371134021,189.02,1.0,2539.0,2539.0,7.446439642785763,7.446439642785763,1.0,0.9515463917525773
weibo_gadbench,hgb_graph_features,zero_exposure,neutral,wcs_rand_deterministic,9,0.10056940171374079,0.8705102040816327,189.9,1.0,2550.76,2550.76,7.412083627922109,7.412083627922109,1.0,0.9193877551020408
weibo_gadbench,hgb_graph_features,zero_exposure,neutral,wcs_rand_homogeneous,0,0.08007166430030078,0.8264646464646465,177.94,1.0,2542.74,2542.74,7.439050556098595,7.439050556098595,1.0,0.8272727272727274
weibo_gadbench,hgb_graph_features,zero_exposure,neutral,wcs_rand_homogeneous,1,0.10479243450025358,0.8573333333333334,186.9,1.0,2540.36,2540.36,7.442352224682518,7.442352224682518,1.0,0.9374358974358975
weibo_gadbench,hgb_graph_features,zero_exposure,neutral,wcs_rand_homogeneous,2,0.1001298929124956,0.8507692307692308,184.56,1.0,2555.28,2555.28,7.398679993587697,7.398679993587697,1.0,0.9282051282051281
weibo_gadbench,hgb_graph_features,zero_exposure,neutral,wcs_rand_homogeneous,3,0.08814106717330723,0.7994949494949495,174.22,1.0,2536.74,2536.74,7.456812776362,7.456812776362,1.0,0.9161616161616162
weibo_gadbench,hgb_graph_features,zero_exposure,neutral,wcs_rand_homogeneous,4,0.06947244951996516,0.8689230769230769,182.3,1.0,2554.2,2554.2,7.402040096295383,7.402040096295383,1.0,0.923076923076923
weibo_gadbench,hgb_graph_features,zero_exposure,neutral,wcs_rand_homogeneous,5,0.10526079410045176,0.8558,192.1,1.0,2525.08,2525.08,7.487294616493954,7.487294616493954,1.0,0.903
weibo_gadbench,hgb_graph_features,zero_exposure,neutral,wcs_rand_homogeneous,6,0.09909763137194873,0.8403108808290155,180.32,1.0,2536.04,2536.04,7.454961260627589,7.454961260627589,1.0,0.9243523316062177
weibo_gadbench,hgb_graph_features,zero_exposure,neutral,wcs_rand_homogeneous,7,0.08101024484057547,0.8611224489795919,183.9,1.0,2545.72,2545.72,7.426139909118375,7.426139909118375,1.0,0.8653061224489796
weibo_gadbench,hgb_graph_features,zero_exposure,neutral,wcs_rand_homogeneous,8,0.10917732144667275,0.8689690721649483,189.38,1.0,2539.0,2539.0,7.446439642785763,7.446439642785763,1.0,0.9515463917525773
weibo_gadbench,hgb_graph_features,zero_exposure,neutral,wcs_rand_homogeneous,9,0.10097720560168882,0.8712244897959184,190.14,1.0,2550.76,2550.76,7.412083627922109,7.412083627922109,1.0,0.9193877551020408
weibo_gadbench,hgb_graph_features,zero_exposure,neutral,weighted_bh,0,0.07850751593450753,0.8237373737373737,177.06,1.0,2542.74,2542.74,7.439050556098595,7.439050556098595,1.0,0.8272727272727274
weibo_gadbench,hgb_graph_features,zero_exposure,neutral,weighted_bh,1,0.10380815051702032,0.8554871794871794,186.28,1.0,2540.36,2540.36,7.442352224682518,7.442352224682518,1.0,0.9374358974358975
weibo_gadbench,hgb_graph_features,zero_exposure,neutral,weighted_bh,2,0.09849363164216879,0.848,183.64,1.0,2555.28,2555.28,7.398679993587697,7.398679993587697,1.0,0.9282051282051281
weibo_gadbench,hgb_graph_features,zero_exposure,neutral,weighted_bh,3,0.08729471784056148,0.7958585858585859,173.26,1.0,2536.74,2536.74,7.456812776362,7.456812776362,1.0,0.9161616161616162
weibo_gadbench,hgb_graph_features,zero_exposure,neutral,weighted_bh,4,0.06807421619342839,0.8664615384615385,181.52,1.0,2554.2,2554.2,7.402040096295383,7.402040096295383,1.0,0.923076923076923
weibo_gadbench,hgb_graph_features,zero_exposure,neutral,weighted_bh,5,0.10357852134600534,0.8534,191.2,1.0,2525.08,2525.08,7.487294616493954,7.487294616493954,1.0,0.903
weibo_gadbench,hgb_graph_features,zero_exposure,neutral,weighted_bh,6,0.09834265754592962,0.8383419689119171,179.74,1.0,2536.04,2536.04,7.454961260627589,7.454961260627589,1.0,0.9243523316062177
weibo_gadbench,hgb_graph_features,zero_exposure,neutral,weighted_bh,7,0.07970910665024471,0.8598979591836735,183.38,1.0,2545.72,2545.72,7.426139909118375,7.426139909118375,1.0,0.8653061224489796
weibo_gadbench,hgb_graph_features,zero_exposure,neutral,weighted_bh,8,0.10805095288142974,0.8661855670103092,188.54,1.0,2539.0,2539.0,7.446439642785763,7.446439642785763,1.0,0.9515463917525773
weibo_gadbench,hgb_graph_features,zero_exposure,neutral,weighted_bh,9,0.09960324953847605,0.8687755102040816,189.32,1.0,2550.76,2550.76,7.412083627922109,7.412083627922109,1.0,0.9193877551020408
weibo_gadbench,hgb_graph_features,zero_exposure,neutral,weighted_bh_rand,0,0.08000406514380096,0.8270707070707072,178.06,1.0,2542.74,2542.74,7.439050556098595,7.439050556098595,1.0,0.8272727272727274
weibo_gadbench,hgb_graph_features,zero_exposure,neutral,weighted_bh_rand,1,0.10483876812181758,0.8569230769230769,186.82,1.0,2540.36,2540.36,7.442352224682518,7.442352224682518,1.0,0.9374358974358975
weibo_gadbench,hgb_graph_features,zero_exposure,neutral,weighted_bh_rand,2,0.10003137092183056,0.8511794871794872,184.64,1.0,2555.28,2555.28,7.398679993587697,7.398679993587697,1.0,0.9282051282051281
weibo_gadbench,hgb_graph_features,zero_exposure,neutral,weighted_bh_rand,3,0.08811227210467062,0.7998989898989899,174.3,1.0,2536.74,2536.74,7.456812776362,7.456812776362,1.0,0.9161616161616162
weibo_gadbench,hgb_graph_features,zero_exposure,neutral,weighted_bh_rand,4,0.06981173133453136,0.8689230769230769,182.36,1.0,2554.2,2554.2,7.402040096295383,7.402040096295383,1.0,0.923076923076923
weibo_gadbench,hgb_graph_features,zero_exposure,neutral,weighted_bh_rand,5,0.10501759915604328,0.8556,192.0,1.0,2525.08,2525.08,7.487294616493954,7.487294616493954,1.0,0.903
weibo_gadbench,hgb_graph_features,zero_exposure,neutral,weighted_bh_rand,6,0.09919962928684578,0.8401036269430051,180.3,1.0,2536.04,2536.04,7.454961260627589,7.454961260627589,1.0,0.9243523316062177
weibo_gadbench,hgb_graph_features,zero_exposure,neutral,weighted_bh_rand,7,0.08081872581060484,0.8612244897959184,183.88,1.0,2545.72,2545.72,7.426139909118375,7.426139909118375,1.0,0.8653061224489796
weibo_gadbench,hgb_graph_features,zero_exposure,neutral,weighted_bh_rand,8,0.1089872263925067,0.8687628865979381,189.3,1.0,2539.0,2539.0,7.446439642785763,7.446439642785763,1.0,0.9515463917525773
weibo_gadbench,hgb_graph_features,zero_exposure,neutral,weighted_bh_rand,9,0.10088709819825661,0.8712244897959184,190.12,1.0,2550.76,2550.76,7.412083627922109,7.412083627922109,1.0,0.9193877551020408
weibo_gadbench,hgb_graph_features,zero_exposure,neutral,weighted_by,0,0.0005414304005853302,0.05111111111111111,10.16,0.14,2542.74,2542.74,7.439050556098595,7.439050556098595,1.0,0.8272727272727274
weibo_gadbench,hgb_graph_features,zero_exposure,neutral,weighted_by,1,0.005009713870012533,0.2151794871794872,42.4,0.52,2540.36,2540.36,7.442352224682518,7.442352224682518,1.0,0.9374358974358975
weibo_gadbench,hgb_graph_features,zero_exposure,neutral,weighted_by,2,0.003037136193752907,0.10594871794871795,20.98,0.22,2555.28,2555.28,7.398679993587697,7.398679993587697,1.0,0.9282051282051281
weibo_gadbench,hgb_graph_features,zero_exposure,neutral,weighted_by,3,0.0032807864797859587,0.05757575757575758,11.68,0.14,2536.74,2536.74,7.456812776362,7.456812776362,1.0,0.9161616161616162
weibo_gadbench,hgb_graph_features,zero_exposure,neutral,weighted_by,4,0.015478230507203948,0.4353846153846154,86.9,0.7,2554.2,2554.2,7.402040096295383,7.402040096295383,1.0,0.923076923076923
weibo_gadbench,hgb_graph_features,zero_exposure,neutral,weighted_by,5,0.00849972416945817,0.3204,65.04,0.62,2525.08,2525.08,7.487294616493954,7.487294616493954,1.0,0.903
weibo_gadbench,hgb_graph_features,zero_exposure,neutral,weighted_by,6,0.013537307227281404,0.42207253886010365,82.76,1.0,2536.04,2536.04,7.454961260627589,7.454961260627589,1.0,0.9243523316062177
weibo_gadbench,hgb_graph_features,zero_exposure,neutral,weighted_by,7,0.011375573289006577,0.22387755102040818,44.7,0.62,2545.72,2545.72,7.426139909118375,7.426139909118375,1.0,0.8653061224489796
weibo_gadbench,hgb_graph_features,zero_exposure,neutral,weighted_by,8,0.008822203847781504,0.08742268041237113,18.1,0.14,2539.0,2539.0,7.446439642785763,7.446439642785763,1.0,0.9515463917525773
weibo_gadbench,hgb_graph_features,zero_exposure,neutral,weighted_by,9,0.010580533221659605,0.175,35.48,0.36,2550.76,2550.76,7.412083627922109,7.412083627922109,1.0,0.9193877551020408
weibo_gadbench,hgb_graph_features,zero_exposure,severe,equal_alpha,0,0.0,0.0,0.0,0.0,2409.1,1258.1624503511057,7.432267798944663,147.54359553454285,1.0,0.8272727272727274
weibo_gadbench,hgb_graph_features,zero_exposure,severe,equal_alpha,1,0.0,0.0,0.0,0.0,2422.72,1396.0661006643222,7.461947696137824,148.12765484208228,1.0,0.9374358974358975
weibo_gadbench,hgb_graph_features,zero_exposure,severe,equal_alpha,2,0.0,0.0,0.0,0.0,2240.66,744.2469755029294,7.391454200307435,146.73824130038312,1.0,0.9282051282051281
weibo_gadbench,hgb_graph_features,zero_exposure,severe,equal_alpha,3,0.0,0.0,0.0,0.0,2419.8,1408.7246114676316,7.485571907040595,148.59374725216605,1.0,0.9161616161616162
weibo_gadbench,hgb_graph_features,zero_exposure,severe,equal_alpha,4,0.0,0.0,0.0,0.0,2291.9,866.6403662299738,7.4185495663553835,147.27196845375727,1.0,0.923076923076923
weibo_gadbench,hgb_graph_features,zero_exposure,severe,equal_alpha,5,0.0,0.0014000000000000002,0.28,0.02,2236.86,783.809354571164,7.488754206131386,148.65553256993047,1.0,0.903
weibo_gadbench,hgb_graph_features,zero_exposure,severe,equal_alpha,6,0.0,0.0,0.0,0.0,2347.24,1000.0792141689242,7.409192390459935,147.08817901257467,1.0,0.9243523316062177
weibo_gadbench,hgb_graph_features,zero_exposure,severe,equal_alpha,7,0.047926103136629455,0.05591836734693877,11.86,0.66,2375.4,1124.5212959876762,7.428664459784823,147.47192521131663,1.0,0.8653061224489796
weibo_gadbench,hgb_graph_features,zero_exposure,severe,equal_alpha,8,0.0,0.0,0.0,0.0,2214.7,741.330102211732,7.481738141024648,148.51706602821878,1.0,0.9515463917525773
weibo_gadbench,hgb_graph_features,zero_exposure,severe,equal_alpha,9,0.0,0.0,0.0,0.0,2394.82,1184.5283623292328,7.421879330297763,147.3383853613168,1.0,0.9193877551020408
weibo_gadbench,hgb_graph_features,zero_exposure,severe,pooled_reference,0,0.11406484453689,0.8874747474747474,198.58,1.0,2409.1,1258.1624503511057,7.432267798944663,147.54359553454285,1.0,0.8272727272727274
weibo_gadbench,hgb_graph_features,zero_exposure,severe,pooled_reference,1,0.21856749859122393,0.9482051282051281,236.94,1.0,2422.72,1396.0661006643222,7.461947696137824,148.12765484208228,1.0,0.9374358974358975
weibo_gadbench,hgb_graph_features,zero_exposure,severe,pooled_reference,2,0.2211402748569819,0.9704615384615384,243.24,1.0,2240.66,744.2469755029294,7.391454200307435,146.73824130038312,1.0,0.9282051282051281
weibo_gadbench,hgb_graph_features,zero_exposure,severe,pooled_reference,3,0.17483370034228216,0.9165656565656566,220.22,1.0,2419.8,1408.7246114676316,7.485571907040595,148.59374725216605,1.0,0.9161616161616162
weibo_gadbench,hgb_graph_features,zero_exposure,severe,pooled_reference,4,0.15193854769984752,0.9466666666666668,218.52,1.0,2291.9,866.6403662299738,7.4185495663553835,147.27196845375727,1.0,0.923076923076923
weibo_gadbench,hgb_graph_features,zero_exposure,severe,pooled_reference,5,0.16618928206581746,0.9235000000000001,222.06,1.0,2236.86,783.809354571164,7.488754206131386,148.65553256993047,1.0,0.903
weibo_gadbench,hgb_graph_features,zero_exposure,severe,pooled_reference,6,0.23625556100898057,0.9689119170984456,245.18,1.0,2347.24,1000.0792141689242,7.409192390459935,147.08817901257467,1.0,0.9243523316062177
weibo_gadbench,hgb_graph_features,zero_exposure,severe,pooled_reference,7,0.15881199811868751,0.9445918367346938,220.76,1.0,2375.4,1124.5212959876762,7.428664459784823,147.47192521131663,1.0,0.8653061224489796
weibo_gadbench,hgb_graph_features,zero_exposure,severe,pooled_reference,8,0.21806366559454365,0.9675257731958763,240.34,1.0,2214.7,741.330102211732,7.481738141024648,148.51706602821878,1.0,0.9515463917525773
weibo_gadbench,hgb_graph_features,zero_exposure,severe,pooled_reference,9,0.15556038395654304,0.9294897959183673,215.98,1.0,2394.82,1184.5283623292328,7.421879330297763,147.3383853613168,1.0,0.9193877551020408
weibo_gadbench,hgb_graph_features,zero_exposure,severe,pooled_stratum,0,0.00890282131661442,0.0064646464646464655,1.44,0.12,2409.1,1258.1624503511057,7.432267798944663,147.54359553454285,1.0,0.8272727272727274
weibo_gadbench,hgb_graph_features,zero_exposure,severe,pooled_stratum,1,0.01,0.0015384615384615385,0.4,0.04,2422.72,1396.0661006643222,7.461947696137824,148.12765484208228,1.0,0.9374358974358975
weibo_gadbench,hgb_graph_features,zero_exposure,severe,pooled_stratum,2,0.023535353535353538,0.006358974358974359,1.5,0.14,2240.66,744.2469755029294,7.391454200307435,146.73824130038312,1.0,0.9282051282051281
weibo_gadbench,hgb_graph_features,zero_exposure,severe,pooled_stratum,3,0.015192307692307692,0.002929292929292929,0.74,0.08,2419.8,1408.7246114676316,7.485571907040595,148.59374725216605,1.0,0.9161616161616162
weibo_gadbench,hgb_graph_features,zero_exposure,severe,pooled_stratum,4,0.0,0.009948717948717949,1.94,0.18,2291.9,866.6403662299738,7.4185495663553835,147.27196845375727,1.0,0.923076923076923
weibo_gadbench,hgb_graph_features,zero_exposure,severe,pooled_stratum,5,0.013692307692307693,0.0128,2.72,0.24,2236.86,783.809354571164,7.488754206131386,148.65553256993047,1.0,0.903
weibo_gadbench,hgb_graph_features,zero_exposure,severe,pooled_stratum,6,0.02705555555555556,0.015025906735751295,3.16,0.32,2347.24,1000.0792141689242,7.409192390459935,147.08817901257467,1.0,0.9243523316062177
weibo_gadbench,hgb_graph_features,zero_exposure,severe,pooled_stratum,7,0.07231418519560934,0.08255102040816327,17.54,1.0,2375.4,1124.5212959876762,7.428664459784823,147.47192521131663,1.0,0.8653061224489796
weibo_gadbench,hgb_graph_features,zero_exposure,severe,pooled_stratum,8,0.0,0.0,0.0,0.0,2214.7,741.330102211732,7.481738141024648,148.51706602821878,1.0,0.9515463917525773
weibo_gadbench,hgb_graph_features,zero_exposure,severe,pooled_stratum,9,0.01,0.0012244897959183673,0.32,0.04,2394.82,1184.5283623292328,7.421879330297763,147.3383853613168,1.0,0.9193877551020408
weibo_gadbench,hgb_graph_features,zero_exposure,severe,size_alpha,0,0.00890282131661442,0.0064646464646464655,1.44,0.12,2409.1,1258.1624503511057,7.432267798944663,147.54359553454285,1.0,0.8272727272727274
weibo_gadbench,hgb_graph_features,zero_exposure,severe,size_alpha,1,0.01,0.0015384615384615385,0.4,0.04,2422.72,1396.0661006643222,7.461947696137824,148.12765484208228,1.0,0.9374358974358975
weibo_gadbench,hgb_graph_features,zero_exposure,severe,size_alpha,2,0.023535353535353538,0.006358974358974359,1.5,0.14,2240.66,744.2469755029294,7.391454200307435,146.73824130038312,1.0,0.9282051282051281
weibo_gadbench,hgb_graph_features,zero_exposure,severe,size_alpha,3,0.015192307692307692,0.002929292929292929,0.74,0.08,2419.8,1408.7246114676316,7.485571907040595,148.59374725216605,1.0,0.9161616161616162
weibo_gadbench,hgb_graph_features,zero_exposure,severe,size_alpha,4,0.0,0.009948717948717949,1.94,0.18,2291.9,866.6403662299738,7.4185495663553835,147.27196845375727,1.0,0.923076923076923
weibo_gadbench,hgb_graph_features,zero_exposure,severe,size_alpha,5,0.013692307692307693,0.0128,2.72,0.24,2236.86,783.809354571164,7.488754206131386,148.65553256993047,1.0,0.903
weibo_gadbench,hgb_graph_features,zero_exposure,severe,size_alpha,6,0.02705555555555556,0.015025906735751295,3.16,0.32,2347.24,1000.0792141689242,7.409192390459935,147.08817901257467,1.0,0.9243523316062177
weibo_gadbench,hgb_graph_features,zero_exposure,severe,size_alpha,7,0.07231418519560934,0.08255102040816327,17.54,1.0,2375.4,1124.5212959876762,7.428664459784823,147.47192521131663,1.0,0.8653061224489796
weibo_gadbench,hgb_graph_features,zero_exposure,severe,size_alpha,8,0.0,0.0,0.0,0.0,2214.7,741.330102211732,7.481738141024648,148.51706602821878,1.0,0.9515463917525773
weibo_gadbench,hgb_graph_features,zero_exposure,severe,size_alpha,9,0.01,0.0012244897959183673,0.32,0.04,2394.82,1184.5283623292328,7.421879330297763,147.3383853613168,1.0,0.9193877551020408
weibo_gadbench,hgb_graph_features,zero_exposure,severe,wcs_deterministic,0,0.0,0.0,0.0,0.0,2409.1,1258.1624503511057,7.432267798944663,147.54359553454285,1.0,0.8272727272727274
weibo_gadbench,hgb_graph_features,zero_exposure,severe,wcs_deterministic,1,0.004307909604519774,0.03517948717948718,7.7,0.04,2422.72,1396.0661006643222,7.461947696137824,148.12765484208228,1.0,0.9374358974358975
weibo_gadbench,hgb_graph_features,zero_exposure,severe,wcs_deterministic,2,0.003944094272403398,0.03538461538461538,7.66,0.04,2240.66,744.2469755029294,7.391454200307435,146.73824130038312,1.0,0.9282051282051281
weibo_gadbench,hgb_graph_features,zero_exposure,severe,wcs_deterministic,3,0.0,0.0,0.0,0.0,2419.8,1408.7246114676316,7.485571907040595,148.59374725216605,1.0,0.9161616161616162
weibo_gadbench,hgb_graph_features,zero_exposure,severe,wcs_deterministic,4,0.0,0.0,0.0,0.0,2291.9,866.6403662299738,7.4185495663553835,147.27196845375727,1.0,0.923076923076923
weibo_gadbench,hgb_graph_features,zero_exposure,severe,wcs_deterministic,5,0.0,0.0,0.0,0.0,2236.86,783.809354571164,7.488754206131386,148.65553256993047,1.0,0.903
weibo_gadbench,hgb_graph_features,zero_exposure,severe,wcs_deterministic,6,0.010040297291105678,0.05647668393782384,13.1,0.06,2347.24,1000.0792141689242,7.409192390459935,147.08817901257467,1.0,0.9243523316062177
weibo_gadbench,hgb_graph_features,zero_exposure,severe,wcs_deterministic,7,0.0015527426160337554,0.03020408163265306,6.16,0.04,2375.4,1124.5212959876762,7.428664459784823,147.47192521131663,1.0,0.8653061224489796
weibo_gadbench,hgb_graph_features,zero_exposure,severe,wcs_deterministic,8,0.003106796116504854,0.017938144329896908,4.12,0.02,2214.7,741.330102211732,7.481738141024648,148.51706602821878,1.0,0.9515463917525773
weibo_gadbench,hgb_graph_features,zero_exposure,severe,wcs_deterministic,9,0.0,0.0,0.0,0.0,2394.82,1184.5283623292328,7.421879330297763,147.3383853613168,1.0,0.9193877551020408
weibo_gadbench,hgb_graph_features,zero_exposure,severe,wcs_homogeneous,0,0.03166774488065736,0.012727272727272728,3.44,0.12,2409.1,1258.1624503511057,7.432267798944663,147.54359553454285,1.0,0.8272727272727274
weibo_gadbench,hgb_graph_features,zero_exposure,severe,wcs_homogeneous,1,0.06631539984389953,0.27415384615384614,62.28,0.36,2422.72,1396.0661006643222,7.461947696137824,148.12765484208228,1.0,0.9374358974358975
weibo_gadbench,hgb_graph_features,zero_exposure,severe,wcs_homogeneous,2,0.05375410929569866,0.370051282051282,83.34,0.42,2240.66,744.2469755029294,7.391454200307435,146.73824130038312,1.0,0.9282051282051281
weibo_gadbench,hgb_graph_features,zero_exposure,severe,wcs_homogeneous,3,0.0419268648420698,0.036565656565656565,9.16,0.14,2419.8,1408.7246114676316,7.485571907040595,148.59374725216605,1.0,0.9161616161616162
weibo_gadbench,hgb_graph_features,zero_exposure,severe,wcs_homogeneous,4,0.10019827207573608,0.11425641025641026,27.02,0.32,2291.9,866.6403662299738,7.4185495663553835,147.27196845375727,1.0,0.923076923076923
weibo_gadbench,hgb_graph_features,zero_exposure,severe,wcs_homogeneous,5,0.03873140536545908,0.083,20.36,0.16,2236.86,783.809354571164,7.488754206131386,148.65553256993047,1.0,0.903
weibo_gadbench,hgb_graph_features,zero_exposure,severe,wcs_homogeneous,6,0.05261403168779473,0.3353367875647668,75.4,0.38,2347.24,1000.0792141689242,7.409192390459935,147.08817901257467,1.0,0.9243523316062177
weibo_gadbench,hgb_graph_features,zero_exposure,severe,wcs_homogeneous,7,0.03590760128822821,0.376530612244898,79.7,0.52,2375.4,1124.5212959876762,7.428664459784823,147.47192521131663,1.0,0.8653061224489796
weibo_gadbench,hgb_graph_features,zero_exposure,severe,wcs_homogeneous,8,0.06289969711199447,0.2949484536082474,66.36,0.38,2214.7,741.330102211732,7.481738141024648,148.51706602821878,1.0,0.9515463917525773
weibo_gadbench,hgb_graph_features,zero_exposure,severe,wcs_homogeneous,9,0.08014214800470726,0.026122448979591838,7.74,0.18,2394.82,1184.5283623292328,7.421879330297763,147.3383853613168,1.0,0.9193877551020408
weibo_gadbench,hgb_graph_features,zero_exposure,severe,wcs_rand_deterministic,0,0.0,0.0,0.0,0.0,2409.1,1258.1624503511057,7.432267798944663,147.54359553454285,1.0,0.8272727272727274
weibo_gadbench,hgb_graph_features,zero_exposure,severe,wcs_rand_deterministic,1,0.01608085689161979,0.1237948717948718,27.34,0.14,2422.72,1396.0661006643222,7.461947696137824,148.12765484208228,1.0,0.9374358974358975
weibo_gadbench,hgb_graph_features,zero_exposure,severe,wcs_rand_deterministic,2,0.009372289265815783,0.07138461538461538,15.78,0.1,2240.66,744.2469755029294,7.391454200307435,146.73824130038312,1.0,0.9282051282051281
weibo_gadbench,hgb_graph_features,zero_exposure,severe,wcs_rand_deterministic,3,0.0,0.0,0.0,0.0,2419.8,1408.7246114676316,7.485571907040595,148.59374725216605,1.0,0.9161616161616162
weibo_gadbench,hgb_graph_features,zero_exposure,severe,wcs_rand_deterministic,4,0.005191405770411295,0.05251282051282051,11.22,0.06,2291.9,866.6403662299738,7.4185495663553835,147.27196845375727,1.0,0.923076923076923
weibo_gadbench,hgb_graph_features,zero_exposure,severe,wcs_rand_deterministic,5,0.0009467455621301775,0.0161,3.38,0.02,2236.86,783.809354571164,7.488754206131386,148.65553256993047,1.0,0.903
weibo_gadbench,hgb_graph_features,zero_exposure,severe,wcs_rand_deterministic,6,0.029508127666917874,0.18196891191709846,41.3,0.2,2347.24,1000.0792141689242,7.409192390459935,147.08817901257467,1.0,0.9243523316062177
weibo_gadbench,hgb_graph_features,zero_exposure,severe,wcs_rand_deterministic,7,0.005420313586068109,0.09591836734693877,19.7,0.12,2375.4,1124.5212959876762,7.428664459784823,147.47192521131663,1.0,0.8653061224489796
weibo_gadbench,hgb_graph_features,zero_exposure,severe,wcs_rand_deterministic,8,0.0049749279846367225,0.03494845360824742,7.76,0.04,2214.7,741.330102211732,7.481738141024648,148.51706602821878,1.0,0.9515463917525773
weibo_gadbench,hgb_graph_features,zero_exposure,severe,wcs_rand_deterministic,9,0.0,0.0001020408163265306,0.02,0.02,2394.82,1184.5283623292328,7.421879330297763,147.3383853613168,1.0,0.9193877551020408
weibo_gadbench,hgb_graph_features,zero_exposure,severe,wcs_rand_homogeneous,0,0.06291938183267036,0.18575757575757573,42.92,0.48,2409.1,1258.1624503511057,7.432267798944663,147.54359553454285,1.0,0.8272727272727274
weibo_gadbench,hgb_graph_features,zero_exposure,severe,wcs_rand_homogeneous,1,0.08829455096038905,0.3985641025641026,92.42,0.6,2422.72,1396.0661006643222,7.461947696137824,148.12765484208228,1.0,0.9374358974358975
weibo_gadbench,hgb_graph_features,zero_exposure,severe,wcs_rand_homogeneous,2,0.09972588713479859,0.5061538461538462,115.82,0.74,2240.66,744.2469755029294,7.391454200307435,146.73824130038312,1.0,0.9282051282051281
weibo_gadbench,hgb_graph_features,zero_exposure,severe,wcs_rand_homogeneous,3,0.060470024978896995,0.17626262626262626,42.74,0.44,2419.8,1408.7246114676316,7.485571907040595,148.59374725216605,1.0,0.9161616161616162
weibo_gadbench,hgb_graph_features,zero_exposure,severe,wcs_rand_homogeneous,4,0.09160699061395043,0.3342564102564103,77.44,0.6,2291.9,866.6403662299738,7.4185495663553835,147.27196845375727,1.0,0.923076923076923
weibo_gadbench,hgb_graph_features,zero_exposure,severe,wcs_rand_homogeneous,5,0.09272692595055808,0.2847,70.22,0.56,2236.86,783.809354571164,7.488754206131386,148.65553256993047,1.0,0.903
weibo_gadbench,hgb_graph_features,zero_exposure,severe,wcs_rand_homogeneous,6,0.11212165311944405,0.5318134715025906,121.92,0.78,2347.24,1000.0792141689242,7.409192390459935,147.08817901257467,1.0,0.9243523316062177
weibo_gadbench,hgb_graph_features,zero_exposure,severe,wcs_rand_homogeneous,7,0.06635666214198994,0.521734693877551,112.96,0.78,2375.4,1124.5212959876762,7.428664459784823,147.47192521131663,1.0,0.8653061224489796
weibo_gadbench,hgb_graph_features,zero_exposure,severe,wcs_rand_homogeneous,8,0.0906790142708708,0.42670103092783507,97.72,0.68,2214.7,741.330102211732,7.481738141024648,148.51706602821878,1.0,0.9515463917525773
weibo_gadbench,hgb_graph_features,zero_exposure,severe,wcs_rand_homogeneous,9,0.10260768872375929,0.2761224489795918,65.96,0.66,2394.82,1184.5283623292328,7.421879330297763,147.3383853613168,1.0,0.9193877551020408
weibo_gadbench,hgb_graph_features,zero_exposure,severe,weighted_bh,0,0.008247841543930929,0.019595959595959597,4.44,0.12,2409.1,1258.1624503511057,7.432267798944663,147.54359553454285,1.0,0.8272727272727274
weibo_gadbench,hgb_graph_features,zero_exposure,severe,weighted_bh,1,0.05779093924207748,0.3642051282051282,82.72,0.42,2422.72,1396.0661006643222,7.461947696137824,148.12765484208228,1.0,0.9374358974358975
weibo_gadbench,hgb_graph_features,zero_exposure,severe,weighted_bh,2,0.06286076212556169,0.42328205128205126,95.22,0.5,2240.66,744.2469755029294,7.391454200307435,146.73824130038312,1.0,0.9282051282051281
weibo_gadbench,hgb_graph_features,zero_exposure,severe,weighted_bh,3,0.03861973010638927,0.16555555555555557,38.3,0.28,2419.8,1408.7246114676316,7.485571907040595,148.59374725216605,1.0,0.9161616161616162
weibo_gadbench,hgb_graph_features,zero_exposure,severe,weighted_bh,4,0.03377237444040015,0.22512820512820514,48.78,0.48,2291.9,866.6403662299738,7.4185495663553835,147.27196845375727,1.0,0.923076923076923
weibo_gadbench,hgb_graph_features,zero_exposure,severe,weighted_bh,5,0.06145448438738451,0.35969999999999996,83.76,0.54,2236.86,783.809354571164,7.488754206131386,148.65553256993047,1.0,0.903
weibo_gadbench,hgb_graph_features,zero_exposure,severe,weighted_bh,6,0.08456370666462376,0.47761658031088083,106.7,0.68,2347.24,1000.0792141689242,7.409192390459935,147.08817901257467,1.0,0.9243523316062177
weibo_gadbench,hgb_graph_features,zero_exposure,severe,weighted_bh,7,0.057336089971290506,0.5148979591836735,108.72,0.96,2375.4,1124.5212959876762,7.428664459784823,147.47192521131663,1.0,0.8653061224489796
weibo_gadbench,hgb_graph_features,zero_exposure,severe,weighted_bh,8,0.0523441953812179,0.3331958762886598,75.3,0.38,2214.7,741.330102211732,7.481738141024648,148.51706602821878,1.0,0.9515463917525773
weibo_gadbench,hgb_graph_features,zero_exposure,severe,weighted_bh,9,0.014148233482118987,0.08336734693877551,19.04,0.12,2394.82,1184.5283623292328,7.421879330297763,147.3383853613168,1.0,0.9193877551020408
weibo_gadbench,hgb_graph_features,zero_exposure,severe,weighted_bh_rand,0,0.06907194792776267,0.53,115.04,0.92,2409.1,1258.1624503511057,7.432267798944663,147.54359553454285,1.0,0.8272727272727274
weibo_gadbench,hgb_graph_features,zero_exposure,severe,weighted_bh_rand,1,0.09428839073987173,0.6093333333333334,137.06,0.94,2422.72,1396.0661006643222,7.461947696137824,148.12765484208228,1.0,0.9374358974358975
weibo_gadbench,hgb_graph_features,zero_exposure,severe,weighted_bh_rand,2,0.10217213902387401,0.686974358974359,153.0,1.0,2240.66,744.2469755029294,7.391454200307435,146.73824130038312,1.0,0.9282051282051281
weibo_gadbench,hgb_graph_features,zero_exposure,severe,weighted_bh_rand,3,0.10347559636093155,0.5824242424242424,134.56,0.94,2419.8,1408.7246114676316,7.485571907040595,148.59374725216605,1.0,0.9161616161616162
weibo_gadbench,hgb_graph_features,zero_exposure,severe,weighted_bh_rand,4,0.081710116463324,0.7167179487179487,155.36,0.96,2291.9,866.6403662299738,7.4185495663553835,147.27196845375727,1.0,0.923076923076923
weibo_gadbench,hgb_graph_features,zero_exposure,severe,weighted_bh_rand,5,0.1072710941389278,0.7009000000000001,161.88,1.0,2236.86,783.809354571164,7.488754206131386,148.65553256993047,1.0,0.903
weibo_gadbench,hgb_graph_features,zero_exposure,severe,weighted_bh_rand,6,0.10493027823250425,0.7338860103626943,163.12,0.98,2347.24,1000.0792141689242,7.409192390459935,147.08817901257467,1.0,0.9243523316062177
weibo_gadbench,hgb_graph_features,zero_exposure,severe,weighted_bh_rand,7,0.06881899461692326,0.6837755102040817,145.84,1.0,2375.4,1124.5212959876762,7.428664459784823,147.47192521131663,1.0,0.8653061224489796
weibo_gadbench,hgb_graph_features,zero_exposure,severe,weighted_bh_rand,8,0.09953023482280293,0.6224742268041237,139.46,0.94,2214.7,741.330102211732,7.481738141024648,148.51706602821878,1.0,0.9515463917525773
weibo_gadbench,hgb_graph_features,zero_exposure,severe,weighted_bh_rand,9,0.10659769549617729,0.7023469387755102,156.2,0.98,2394.82,1184.5283623292328,7.421879330297763,147.3383853613168,1.0,0.9193877551020408
weibo_gadbench,hgb_graph_features,zero_exposure,severe,weighted_by,0,0.0,0.0,0.0,0.0,2409.1,1258.1624503511057,7.432267798944663,147.54359553454285,1.0,0.8272727272727274
weibo_gadbench,hgb_graph_features,zero_exposure,severe,weighted_by,1,0.0,0.0,0.0,0.0,2422.72,1396.0661006643222,7.461947696137824,148.12765484208228,1.0,0.9374358974358975
weibo_gadbench,hgb_graph_features,zero_exposure,severe,weighted_by,2,0.0,0.0,0.0,0.0,2240.66,744.2469755029294,7.391454200307435,146.73824130038312,1.0,0.9282051282051281
weibo_gadbench,hgb_graph_features,zero_exposure,severe,weighted_by,3,0.0,0.0,0.0,0.0,2419.8,1408.7246114676316,7.485571907040595,148.59374725216605,1.0,0.9161616161616162
weibo_gadbench,hgb_graph_features,zero_exposure,severe,weighted_by,4,0.0,0.0,0.0,0.0,2291.9,866.6403662299738,7.4185495663553835,147.27196845375727,1.0,0.923076923076923
weibo_gadbench,hgb_graph_features,zero_exposure,severe,weighted_by,5,0.0,0.0,0.0,0.0,2236.86,783.809354571164,7.488754206131386,148.65553256993047,1.0,0.903
weibo_gadbench,hgb_graph_features,zero_exposure,severe,weighted_by,6,0.0,0.0,0.0,0.0,2347.24,1000.0792141689242,7.409192390459935,147.08817901257467,1.0,0.9243523316062177
weibo_gadbench,hgb_graph_features,zero_exposure,severe,weighted_by,7,0.0,0.0,0.0,0.0,2375.4,1124.5212959876762,7.428664459784823,147.47192521131663,1.0,0.8653061224489796
weibo_gadbench,hgb_graph_features,zero_exposure,severe,weighted_by,8,0.0,0.0,0.0,0.0,2214.7,741.330102211732,7.481738141024648,148.51706602821878,1.0,0.9515463917525773
weibo_gadbench,hgb_graph_features,zero_exposure,severe,weighted_by,9,0.0,0.0,0.0,0.0,2394.82,1184.5283623292328,7.421879330297763,147.3383853613168,1.0,0.9193877551020408
