dataset,model,label_fraction,removed,method,seed,fdp,power,discoveries,nonempty,n_calib,pool_size
weibo_gadbench,hgb_attributes,0.25,0.0,exposure,0,0.0882876776362008,0.6333333333333333,137.6,1.0,1265.2,1265.2
weibo_gadbench,hgb_attributes,0.25,0.0,exposure,1,0.0770457544715238,0.635897435897436,135.0,1.0,1276.0,1276.0
weibo_gadbench,hgb_attributes,0.25,0.0,exposure,2,0.09749789629231001,0.6112820512820514,132.2,1.0,1287.0,1287.0
weibo_gadbench,hgb_attributes,0.25,0.0,exposure,3,0.09985263558351941,0.6666666666666667,147.0,1.0,1292.0,1292.0
weibo_gadbench,hgb_attributes,0.25,0.0,exposure,4,0.08601200669712783,0.6820512820512821,145.6,1.0,1255.8,1255.8
weibo_gadbench,hgb_attributes,0.25,0.0,exposure,5,0.0894439720130163,0.696,153.2,1.0,1243.8,1243.8
weibo_gadbench,hgb_attributes,0.25,0.0,exposure,6,0.10119181754507978,0.6404145077720207,137.6,1.0,1274.0,1274.0
weibo_gadbench,hgb_attributes,0.25,0.0,exposure,7,0.08468092997709938,0.6255102040816326,134.0,1.0,1265.8,1265.8
weibo_gadbench,hgb_attributes,0.25,0.0,exposure,8,0.11634795731008123,0.7494845360824742,165.2,1.0,1284.6,1284.6
weibo_gadbench,hgb_attributes,0.25,0.0,exposure,9,0.09236889484596023,0.6959183673469388,150.4,1.0,1234.8,1234.8
weibo_gadbench,hgb_attributes,0.25,0.0,random,0,0.0882876776362008,0.6333333333333333,137.6,1.0,1265.2,1265.2
weibo_gadbench,hgb_attributes,0.25,0.0,random,1,0.0770457544715238,0.635897435897436,135.0,1.0,1276.0,1276.0
weibo_gadbench,hgb_attributes,0.25,0.0,random,2,0.09749789629231001,0.6112820512820514,132.2,1.0,1287.0,1287.0
weibo_gadbench,hgb_attributes,0.25,0.0,random,3,0.09985263558351941,0.6666666666666667,147.0,1.0,1292.0,1292.0
weibo_gadbench,hgb_attributes,0.25,0.0,random,4,0.08601200669712783,0.6820512820512821,145.6,1.0,1255.8,1255.8
weibo_gadbench,hgb_attributes,0.25,0.0,random,5,0.0894439720130163,0.696,153.2,1.0,1243.8,1243.8
weibo_gadbench,hgb_attributes,0.25,0.0,random,6,0.10119181754507978,0.6404145077720207,137.6,1.0,1274.0,1274.0
weibo_gadbench,hgb_attributes,0.25,0.0,random,7,0.08468092997709938,0.6255102040816326,134.0,1.0,1265.8,1265.8
weibo_gadbench,hgb_attributes,0.25,0.0,random,8,0.11634795731008123,0.7494845360824742,165.2,1.0,1284.6,1284.6
weibo_gadbench,hgb_attributes,0.25,0.0,random,9,0.09236889484596023,0.6959183673469388,150.4,1.0,1234.8,1234.8
weibo_gadbench,hgb_attributes,0.25,0.05,exposure,0,0.13871997047640408,0.7294949494949494,168.44,1.0,1202.6,1265.2
weibo_gadbench,hgb_attributes,0.25,0.05,exposure,1,0.1596202089745619,0.7435897435897436,173.4,1.0,1212.8,1276.0
weibo_gadbench,hgb_attributes,0.25,0.05,exposure,2,0.17874385318045788,0.7687384615384614,183.304,1.0,1223.2,1287.0
weibo_gadbench,hgb_attributes,0.25,0.05,exposure,3,0.18312451050382988,0.7777777777777779,189.6,1.0,1227.6,1292.0
weibo_gadbench,hgb_attributes,0.25,0.05,exposure,4,0.16134682040886483,0.7619897435897436,177.832,1.0,1193.4,1255.8
weibo_gadbench,hgb_attributes,0.25,0.05,exposure,5,0.16776746979865134,0.78424,189.94400000000002,1.0,1182.0,1243.8
weibo_gadbench,hgb_attributes,0.25,0.05,exposure,6,0.14490632961318312,0.6785077720207254,154.304,1.0,1210.8,1274.0
weibo_gadbench,hgb_attributes,0.25,0.05,exposure,7,0.15152408250933175,0.7469795918367347,173.32,1.0,1203.0,1265.8
weibo_gadbench,hgb_attributes,0.25,0.05,exposure,8,0.168518592292988,0.8164948453608247,191.6,1.0,1221.0,1284.6
weibo_gadbench,hgb_attributes,0.25,0.05,exposure,9,0.1447360541728032,0.7530612244897958,173.4,1.0,1173.6,1234.8
weibo_gadbench,hgb_attributes,0.25,0.05,random,0,0.09309941304067194,0.642,140.368,1.0,1202.6,1265.2
weibo_gadbench,hgb_attributes,0.25,0.05,random,1,0.07648495586609974,0.6369641025641026,135.192,1.0,1212.8,1276.0
weibo_gadbench,hgb_attributes,0.25,0.05,random,2,0.08759771270386638,0.5860102564102565,125.48400000000001,1.0,1223.2,1287.0
weibo_gadbench,hgb_attributes,0.25,0.05,random,3,0.1016604837882076,0.6708888888888889,148.276,1.0,1227.6,1292.0
weibo_gadbench,hgb_attributes,0.25,0.05,random,4,0.08621189171898008,0.6796923076923077,145.208,1.0,1193.4,1255.8
weibo_gadbench,hgb_attributes,0.25,0.05,random,5,0.08806102155418363,0.69438,152.584,1.0,1182.0,1243.8
weibo_gadbench,hgb_attributes,0.25,0.05,random,6,0.1005104805766408,0.6420932642487046,137.852,1.0,1210.8,1274.0
weibo_gadbench,hgb_attributes,0.25,0.05,random,7,0.08673393327928619,0.627734693877551,134.936,1.0,1203.0,1265.8
weibo_gadbench,hgb_attributes,0.25,0.05,random,8,0.11521379571634764,0.7481443298969073,164.66,1.0,1221.0,1284.6
weibo_gadbench,hgb_attributes,0.25,0.05,random,9,0.09308083188212161,0.6949183673469388,150.324,1.0,1173.6,1234.8
weibo_gadbench,hgb_attributes,0.25,0.1,exposure,0,0.137594795228139,0.7282828282828283,168.0,1.0,1139.2,1265.2
weibo_gadbench,hgb_attributes,0.25,0.1,exposure,1,0.15407451378880913,0.7395897435897435,172.644,1.0,1149.0,1276.0
weibo_gadbench,hgb_attributes,0.25,0.1,exposure,2,0.2158545332220227,0.8051282051282052,200.8,1.0,1158.8,1287.0
weibo_gadbench,hgb_attributes,0.25,0.1,exposure,3,0.19943325500523676,0.794949494949495,197.4,1.0,1163.2,1292.0
weibo_gadbench,hgb_attributes,0.25,0.1,exposure,4,0.17751896739329695,0.7794871794871794,185.6,1.0,1130.6,1255.8
weibo_gadbench,hgb_attributes,0.25,0.1,exposure,5,0.1830439184364332,0.7991400000000001,197.132,1.0,1119.8,1243.8
weibo_gadbench,hgb_attributes,0.25,0.1,exposure,6,0.14761993278822189,0.681181347150259,155.73600000000002,1.0,1147.2,1274.0
weibo_gadbench,hgb_attributes,0.25,0.1,exposure,7,0.15126437600523623,0.7459183673469388,173.0,1.0,1139.6,1265.8
weibo_gadbench,hgb_attributes,0.25,0.1,exposure,8,0.17003824212723323,0.8164123711340207,191.752,1.0,1156.6,1284.6
weibo_gadbench,hgb_attributes,0.25,0.1,exposure,9,0.15242047431558509,0.7581632653061225,176.6,1.0,1111.8,1234.8
weibo_gadbench,hgb_attributes,0.25,0.1,random,0,0.08927761238981327,0.6331313131313131,137.816,1.0,1139.2,1265.2
weibo_gadbench,hgb_attributes,0.25,0.1,random,1,0.07645158484757573,0.6353435897435898,134.768,1.0,1149.0,1276.0
weibo_gadbench,hgb_attributes,0.25,0.1,random,2,0.08994208963031017,0.5932717948717949,127.34,1.0,1158.8,1287.0
weibo_gadbench,hgb_attributes,0.25,0.1,random,3,0.09803277506380338,0.6668282828282828,146.816,1.0,1163.2,1292.0
weibo_gadbench,hgb_attributes,0.25,0.1,random,4,0.08826720521054443,0.6821538461538461,146.1,1.0,1130.6,1255.8
weibo_gadbench,hgb_attributes,0.25,0.1,random,5,0.09047682649117714,0.69732,153.632,1.0,1119.8,1243.8
weibo_gadbench,hgb_attributes,0.25,0.1,random,6,0.10192411469795695,0.641740932642487,138.00799999999998,1.0,1147.2,1274.0
weibo_gadbench,hgb_attributes,0.25,0.1,random,7,0.08468421483258179,0.6242448979591837,133.88,1.0,1139.6,1265.8
weibo_gadbench,hgb_attributes,0.25,0.1,random,8,0.1164613026001616,0.7484948453608247,165.044,1.0,1156.6,1284.6
weibo_gadbench,hgb_attributes,0.25,0.1,random,9,0.09238001050764011,0.6956734693877551,150.384,1.0,1111.8,1234.8
weibo_gadbench,hgb_attributes,0.25,0.2,exposure,0,0.13853601624236492,0.7275353535353535,168.03199999999998,1.0,1012.6,1265.2
weibo_gadbench,hgb_attributes,0.25,0.2,exposure,1,0.1491493404857434,0.7337435897435898,170.112,1.0,1021.4,1276.0
weibo_gadbench,hgb_attributes,0.25,0.2,exposure,2,0.19727502071807462,0.789251282051282,192.544,1.0,1030.2,1287.0
weibo_gadbench,hgb_attributes,0.25,0.2,exposure,3,0.188978260341467,0.7856565656565657,192.332,1.0,1034.0,1292.0
weibo_gadbench,hgb_attributes,0.25,0.2,exposure,4,0.17841760426027015,0.7740923076923076,184.832,1.0,1005.0,1255.8
weibo_gadbench,hgb_attributes,0.25,0.2,exposure,5,0.17472580829537362,0.7963799999999999,194.012,1.0,995.4,1243.8
weibo_gadbench,hgb_attributes,0.25,0.2,exposure,6,0.14227985371491528,0.672621761658031,152.704,1.0,1019.8,1274.0
weibo_gadbench,hgb_attributes,0.25,0.2,exposure,7,0.1474060780571193,0.7363673469387756,170.392,1.0,1013.2,1265.8
weibo_gadbench,hgb_attributes,0.25,0.2,exposure,8,0.1674517431215016,0.8141030927835052,190.768,1.0,1028.0,1284.6
weibo_gadbench,hgb_attributes,0.25,0.2,exposure,9,0.15101471337938072,0.7560408163265306,175.544,1.0,988.4,1234.8
weibo_gadbench,hgb_attributes,0.25,0.2,random,0,0.08749807102284671,0.6306060606060606,137.00799999999998,1.0,1012.6,1265.2
weibo_gadbench,hgb_attributes,0.25,0.2,random,1,0.07584549802935776,0.6348923076923076,134.66400000000002,1.0,1021.4,1276.0
weibo_gadbench,hgb_attributes,0.25,0.2,random,2,0.08877062390212458,0.5905641025641026,126.708,1.0,1030.2,1287.0
weibo_gadbench,hgb_attributes,0.25,0.2,random,3,0.09678106527803675,0.6634545454545454,146.028,1.0,1034.0,1292.0
weibo_gadbench,hgb_attributes,0.25,0.2,random,4,0.08810656373156445,0.6818461538461538,146.068,1.0,1005.0,1255.8
weibo_gadbench,hgb_attributes,0.25,0.2,random,5,0.08931977165960232,0.69464,152.884,1.0,995.4,1243.8
weibo_gadbench,hgb_attributes,0.25,0.2,random,6,0.10038111660084215,0.6395854922279792,137.352,1.0,1019.8,1274.0
weibo_gadbench,hgb_attributes,0.25,0.2,random,7,0.08611160001623187,0.627061224489796,134.83200000000002,1.0,1013.2,1265.8
weibo_gadbench,hgb_attributes,0.25,0.2,random,8,0.11582466665730591,0.7457319587628867,164.448,1.0,1028.0,1284.6
weibo_gadbench,hgb_attributes,0.25,0.2,random,9,0.08999463207432222,0.6947959183673469,149.836,1.0,988.4,1234.8
weibo_gadbench,hgb_attributes,0.25,0.4,exposure,0,0.1330070204647829,0.7224646464646465,165.928,1.0,759.6,1265.2
weibo_gadbench,hgb_attributes,0.25,0.4,exposure,1,0.1338529223976424,0.7111794871794871,162.536,1.0,766.2,1276.0
weibo_gadbench,hgb_attributes,0.25,0.4,exposure,2,0.2004073774323098,0.7879384615384616,193.93200000000002,1.0,772.6,1287.0
weibo_gadbench,hgb_attributes,0.25,0.4,exposure,3,0.19055542050248192,0.7856363636363637,193.048,1.0,775.8,1292.0
weibo_gadbench,hgb_attributes,0.25,0.4,exposure,4,0.16567040653360238,0.7630358974358974,179.52,1.0,753.8,1255.8
weibo_gadbench,hgb_attributes,0.25,0.4,exposure,5,0.17541798305670456,0.7921199999999999,193.648,1.0,746.8,1243.8
weibo_gadbench,hgb_attributes,0.25,0.4,exposure,6,0.14205533918039476,0.6729533678756476,152.94,1.0,764.8,1274.0
weibo_gadbench,hgb_attributes,0.25,0.4,exposure,7,0.14360027874333955,0.7313061224489796,168.664,1.0,760.0,1265.8
weibo_gadbench,hgb_attributes,0.25,0.4,exposure,8,0.16882215796848515,0.8088247422680412,189.99200000000002,1.0,771.0,1284.6
weibo_gadbench,hgb_attributes,0.25,0.4,exposure,9,0.14815566920268136,0.7550204081632652,174.796,1.0,741.2,1234.8
weibo_gadbench,hgb_attributes,0.25,0.4,random,0,0.08662290928851302,0.6222626262626262,135.284,1.0,759.6,1265.2
weibo_gadbench,hgb_attributes,0.25,0.4,random,1,0.07639250781028353,0.6342974358974359,134.736,1.0,766.2,1276.0
weibo_gadbench,hgb_attributes,0.25,0.4,random,2,0.08511929663045997,0.5729641025641026,122.768,1.0,772.6,1287.0
weibo_gadbench,hgb_attributes,0.25,0.4,random,3,0.09430559652510298,0.6545454545454545,143.8,1.0,775.8,1292.0
weibo_gadbench,hgb_attributes,0.25,0.4,random,4,0.08900323286231082,0.6760410256410256,145.096,1.0,753.8,1255.8
weibo_gadbench,hgb_attributes,0.25,0.4,random,5,0.0891872094262209,0.6925199999999999,152.704,1.0,746.8,1243.8
weibo_gadbench,hgb_attributes,0.25,0.4,random,6,0.09874046038618498,0.6375751295336787,136.80800000000002,1.0,764.8,1274.0
weibo_gadbench,hgb_attributes,0.25,0.4,random,7,0.08289013177902013,0.6157959183673469,132.244,1.0,760.0,1265.8
weibo_gadbench,hgb_attributes,0.25,0.4,random,8,0.1153083294734288,0.7408453608247422,163.504,1.0,771.0,1284.6
weibo_gadbench,hgb_attributes,0.25,0.4,random,9,0.08895746379696204,0.6922653061224489,149.368,1.0,741.2,1234.8
weibo_gadbench,hgb_attributes,0.25,0.6,exposure,0,0.12941529706353466,0.7084444444444444,162.456,1.0,506.4,1265.2
weibo_gadbench,hgb_attributes,0.25,0.6,exposure,1,0.1257279026611629,0.7008410256410256,158.868,1.0,510.8,1276.0
weibo_gadbench,hgb_attributes,0.25,0.6,exposure,2,0.19137026376002456,0.7741333333333333,189.73600000000002,1.0,515.2,1287.0
weibo_gadbench,hgb_attributes,0.25,0.6,exposure,3,0.1822812916302426,0.775919191919192,189.116,1.0,517.2,1292.0
weibo_gadbench,hgb_attributes,0.25,0.6,exposure,4,0.15879118096307177,0.7575589743589742,177.78400000000002,1.0,502.6,1255.8
weibo_gadbench,hgb_attributes,0.25,0.6,exposure,5,0.17229861633144333,0.78634,191.928,1.0,498.0,1243.8
weibo_gadbench,hgb_attributes,0.25,0.6,exposure,6,0.13530596945436457,0.665658031088083,150.524,1.0,510.2,1274.0
weibo_gadbench,hgb_attributes,0.25,0.6,exposure,7,0.13788736738790425,0.7192448979591836,165.608,1.0,506.8,1265.8
weibo_gadbench,hgb_attributes,0.25,0.6,exposure,8,0.16612978547957263,0.8048865979381443,188.78400000000002,1.0,514.4,1284.6
weibo_gadbench,hgb_attributes,0.25,0.6,exposure,9,0.14731597504825106,0.7493469387755102,174.01600000000002,1.0,494.4,1234.8
weibo_gadbench,hgb_attributes,0.25,0.6,random,0,0.07955830443572798,0.5990505050505049,129.544,1.0,506.4,1265.2
weibo_gadbench,hgb_attributes,0.25,0.6,random,1,0.07620895928520806,0.626974358974359,133.44,1.0,510.8,1276.0
weibo_gadbench,hgb_attributes,0.25,0.6,random,2,0.08246684753844125,0.563897435897436,121.256,1.0,515.2,1287.0
weibo_gadbench,hgb_attributes,0.25,0.6,random,3,0.09259413159716964,0.6374747474747475,140.256,1.0,517.2,1292.0
weibo_gadbench,hgb_attributes,0.25,0.6,random,4,0.08964022509646588,0.6658871794871795,143.26799999999997,1.0,502.6,1255.8
weibo_gadbench,hgb_attributes,0.25,0.6,random,5,0.08824379688983205,0.6859400000000001,151.6,1.0,498.0,1243.8
weibo_gadbench,hgb_attributes,0.25,0.6,random,6,0.09641424593110495,0.6339689119170984,136.084,1.0,510.2,1274.0
weibo_gadbench,hgb_attributes,0.25,0.6,random,7,0.07330041600274535,0.5593061224489796,120.16,0.96,506.8,1265.8
weibo_gadbench,hgb_attributes,0.25,0.6,random,8,0.10951707893031612,0.723979381443299,159.18,1.0,514.4,1284.6
weibo_gadbench,hgb_attributes,0.25,0.6,random,9,0.09004409593377773,0.6878979591836735,148.98,1.0,494.4,1234.8
weibo_gadbench,hgb_attributes,0.25,0.8,exposure,0,0.11702113897546869,0.6656969696969697,151.78799999999998,1.0,253.4,1265.2
weibo_gadbench,hgb_attributes,0.25,0.8,exposure,1,0.10709260086867642,0.6479794871794871,146.26399999999998,1.0,255.6,1276.0
weibo_gadbench,hgb_attributes,0.25,0.8,exposure,2,0.18482448672369972,0.7539282051282051,185.5,1.0,257.6,1287.0
weibo_gadbench,hgb_attributes,0.25,0.8,exposure,3,0.15985724583285923,0.7353939393939394,176.476,1.0,259.0,1292.0
weibo_gadbench,hgb_attributes,0.25,0.8,exposure,4,0.14310256059420795,0.7345230769230768,170.436,1.0,251.4,1255.8
weibo_gadbench,hgb_attributes,0.25,0.8,exposure,5,0.1495948292694778,0.7493400000000001,179.948,1.0,249.4,1243.8
weibo_gadbench,hgb_attributes,0.25,0.8,exposure,6,0.11821315553489149,0.639523316062176,143.868,1.0,255.2,1274.0
weibo_gadbench,hgb_attributes,0.25,0.8,exposure,7,0.12516756385695493,0.6703877551020408,153.95999999999998,0.9719999999999999,253.6,1265.8
weibo_gadbench,hgb_attributes,0.25,0.8,exposure,8,0.1568083226245463,0.7820206185567009,182.956,1.0,257.4,1284.6
weibo_gadbench,hgb_attributes,0.25,0.8,exposure,9,0.13721090941647554,0.7214285714285713,168.084,1.0,247.2,1234.8
weibo_gadbench,hgb_attributes,0.25,0.8,random,0,0.06950285050220735,0.5318383838383838,115.256,0.9279999999999999,253.4,1265.2
weibo_gadbench,hgb_attributes,0.25,0.8,random,1,0.07205035526099839,0.5856615384615385,125.492,0.96,255.6,1276.0
weibo_gadbench,hgb_attributes,0.25,0.8,random,2,0.07422233796969964,0.4737230769230769,103.12,0.8320000000000001,257.6,1287.0
weibo_gadbench,hgb_attributes,0.25,0.8,random,3,0.0724637571402503,0.504020202020202,111.224,0.8039999999999999,259.0,1292.0
weibo_gadbench,hgb_attributes,0.25,0.8,random,4,0.08185316433390065,0.6150358974358975,132.712,1.0,251.4,1255.8
weibo_gadbench,hgb_attributes,0.25,0.8,random,5,0.07311196300321954,0.6450400000000001,141.224,1.0,249.4,1243.8
weibo_gadbench,hgb_attributes,0.25,0.8,random,6,0.08201542949197042,0.6051191709844559,128.764,1.0,255.2,1274.0
weibo_gadbench,hgb_attributes,0.25,0.8,random,7,0.06461332418605822,0.4311632653061225,94.61200000000001,0.692,253.6,1265.8
weibo_gadbench,hgb_attributes,0.25,0.8,random,8,0.0917586378157044,0.6453608247422681,140.612,0.96,257.4,1284.6
weibo_gadbench,hgb_attributes,0.25,0.8,random,9,0.08753964425355831,0.6630204081632654,144.664,1.0,247.2,1234.8
weibo_gadbench,hgb_attributes,0.25,0.9,exposure,0,0.09707430777050338,0.4388080808080808,105.02799999999999,0.592,127.0,1265.2
weibo_gadbench,hgb_attributes,0.25,0.9,exposure,1,0.08595941883062849,0.3490051282051282,86.12,0.44400000000000006,128.0,1276.0
weibo_gadbench,hgb_attributes,0.25,0.9,exposure,2,0.14601300615792184,0.5373333333333333,137.196,0.6599999999999999,129.0,1287.0
weibo_gadbench,hgb_attributes,0.25,0.9,exposure,3,0.13073321901144352,0.5671515151515152,138.432,0.74,129.8,1292.0
weibo_gadbench,hgb_attributes,0.25,0.9,exposure,4,0.12137381376442473,0.5181128205128205,126.9,0.6679999999999999,126.0,1255.8
weibo_gadbench,hgb_attributes,0.25,0.9,exposure,5,0.12685652811538434,0.5352,134.04000000000002,0.6679999999999999,125.0,1243.8
weibo_gadbench,hgb_attributes,0.25,0.9,exposure,6,0.08306673261578641,0.27823834196891195,69.93599999999999,0.38,127.8,1274.0
weibo_gadbench,hgb_attributes,0.25,0.9,exposure,7,0.08264795888611354,0.34881632653061223,85.352,0.44400000000000006,127.2,1265.8
weibo_gadbench,hgb_attributes,0.25,0.9,exposure,8,0.13232771386824774,0.637340206185567,150.2,0.796,128.8,1284.6
weibo_gadbench,hgb_attributes,0.25,0.9,exposure,9,0.11941073453979181,0.5088571428571429,124.828,0.656,123.8,1234.8
weibo_gadbench,hgb_attributes,0.25,0.9,random,0,0.04419960650478104,0.21729292929292932,50.727999999999994,0.3,127.0,1265.2
weibo_gadbench,hgb_attributes,0.25,0.9,random,1,0.051020395848133504,0.2561025641025641,59.136,0.34,128.0,1276.0
weibo_gadbench,hgb_attributes,0.25,0.9,random,2,0.054558243198556976,0.23472820512820514,56.15599999999999,0.312,129.0,1287.0
weibo_gadbench,hgb_attributes,0.25,0.9,random,3,0.05644147179345207,0.2746262626262626,64.53999999999999,0.372,129.8,1292.0
weibo_gadbench,hgb_attributes,0.25,0.9,random,4,0.0625153931677428,0.2957128205128205,69.62,0.392,126.0,1255.8
weibo_gadbench,hgb_attributes,0.25,0.9,random,5,0.06312506363056417,0.33059999999999995,78.164,0.43600000000000005,125.0,1243.8
weibo_gadbench,hgb_attributes,0.25,0.9,random,6,0.053198087161617155,0.20147150259067356,48.444,0.27999999999999997,127.8,1274.0
weibo_gadbench,hgb_attributes,0.25,0.9,random,7,0.044658314243568406,0.2166938775510204,50.348,0.292,127.2,1265.8
weibo_gadbench,hgb_attributes,0.25,0.9,random,8,0.07386715648877283,0.3924742268041237,90.356,0.504,128.8,1284.6
weibo_gadbench,hgb_attributes,0.25,0.9,random,9,0.06543898928443537,0.32724489795918366,75.97999999999999,0.44000000000000006,123.8,1234.8
weibo_gadbench,hgb_attributes,0.25,0.97,exposure,0,0.0,0.0,0.0,0.0,38.6,1265.2
weibo_gadbench,hgb_attributes,0.25,0.97,exposure,1,0.005083456409597809,0.007917948717948719,4.236,0.008,38.8,1276.0
weibo_gadbench,hgb_attributes,0.25,0.97,exposure,2,0.002438631790744467,0.00397948717948718,1.988,0.004,39.2,1287.0
weibo_gadbench,hgb_attributes,0.25,0.97,exposure,3,0.0,0.0,0.0,0.0,39.4,1292.0
weibo_gadbench,hgb_attributes,0.25,0.97,exposure,4,0.010026795738563594,0.015897435897435898,8.34,0.016,38.0,1255.8
weibo_gadbench,hgb_attributes,0.25,0.97,exposure,5,0.0024444444444444444,0.00392,2.016,0.004,37.8,1243.8
weibo_gadbench,hgb_attributes,0.25,0.97,exposure,6,0.0023949579831932773,0.003958549222797927,1.904,0.004,39.0,1274.0
weibo_gadbench,hgb_attributes,0.25,0.97,exposure,7,0.0,0.0,0.0,0.0,38.4,1265.8
weibo_gadbench,hgb_attributes,0.25,0.97,exposure,8,0.007404901960784313,0.01179381443298969,5.996,0.012,39.2,1284.6
weibo_gadbench,hgb_attributes,0.25,0.97,exposure,9,0.0024529058116232465,0.0039387755102040815,1.996,0.004,37.6,1234.8
weibo_gadbench,hgb_attributes,0.25,0.97,random,0,0.0,0.0,0.0,0.0,38.6,1265.2
weibo_gadbench,hgb_attributes,0.25,0.97,random,1,0.0,0.0,0.0,0.0,38.8,1276.0
weibo_gadbench,hgb_attributes,0.25,0.97,random,2,0.0,0.0,0.0,0.0,39.2,1287.0
weibo_gadbench,hgb_attributes,0.25,0.97,random,3,0.0,0.0,0.0,0.0,39.4,1292.0
weibo_gadbench,hgb_attributes,0.25,0.97,random,4,0.0,0.0,0.0,0.0,38.0,1255.8
weibo_gadbench,hgb_attributes,0.25,0.97,random,5,0.0,0.0,0.0,0.0,37.8,1243.8
weibo_gadbench,hgb_attributes,0.25,0.97,random,6,0.0,0.0,0.0,0.0,39.0,1274.0
weibo_gadbench,hgb_attributes,0.25,0.97,random,7,0.0,0.0,0.0,0.0,38.4,1265.8
weibo_gadbench,hgb_attributes,0.25,0.97,random,8,0.0024033264033264034,0.0039587628865979385,1.924,0.004,39.2,1284.6
weibo_gadbench,hgb_attributes,0.25,0.97,random,9,0.0,0.0,0.0,0.0,37.6,1234.8
weibo_gadbench,hgb_attributes,0.5,0.0,exposure,0,0.08789777852323744,0.6323232323232323,137.6,1.0,2569.4,2569.4
weibo_gadbench,hgb_attributes,0.5,0.0,exposure,1,0.07287231533390785,0.6317948717948718,133.2,1.0,2563.4,2563.4
weibo_gadbench,hgb_attributes,0.5,0.0,exposure,2,0.10159874945686094,0.6133333333333333,133.4,1.0,2576.6,2576.6
weibo_gadbench,hgb_attributes,0.5,0.0,exposure,3,0.1022576730155739,0.6747474747474748,149.0,1.0,2557.4,2557.4
weibo_gadbench,hgb_attributes,0.5,0.0,exposure,4,0.08423124905907461,0.676923076923077,144.2,1.0,2523.0,2523.0
weibo_gadbench,hgb_attributes,0.5,0.0,exposure,5,0.0989232347497002,0.7060000000000001,156.8,1.0,2494.6,2494.6
weibo_gadbench,hgb_attributes,0.5,0.0,exposure,6,0.10276807676649409,0.6435233160621762,138.6,1.0,2559.6,2559.6
weibo_gadbench,hgb_attributes,0.5,0.0,exposure,7,0.10287451324175212,0.6520408163265305,142.8,1.0,2539.2,2539.2
weibo_gadbench,hgb_attributes,0.5,0.0,exposure,8,0.10632505011940489,0.731958762886598,159.6,1.0,2549.0,2549.0
weibo_gadbench,hgb_attributes,0.5,0.0,exposure,9,0.0993175129025349,0.6979591836734694,152.0,1.0,2516.0,2516.0
weibo_gadbench,hgb_attributes,0.5,0.0,random,0,0.08789777852323744,0.6323232323232323,137.6,1.0,2569.4,2569.4
weibo_gadbench,hgb_attributes,0.5,0.0,random,1,0.07287231533390785,0.6317948717948718,133.2,1.0,2563.4,2563.4
weibo_gadbench,hgb_attributes,0.5,0.0,random,2,0.10159874945686094,0.6133333333333333,133.4,1.0,2576.6,2576.6
weibo_gadbench,hgb_attributes,0.5,0.0,random,3,0.1022576730155739,0.6747474747474748,149.0,1.0,2557.4,2557.4
weibo_gadbench,hgb_attributes,0.5,0.0,random,4,0.08423124905907461,0.676923076923077,144.2,1.0,2523.0,2523.0
weibo_gadbench,hgb_attributes,0.5,0.0,random,5,0.0989232347497002,0.7060000000000001,156.8,1.0,2494.6,2494.6
weibo_gadbench,hgb_attributes,0.5,0.0,random,6,0.10276807676649409,0.6435233160621762,138.6,1.0,2559.6,2559.6
weibo_gadbench,hgb_attributes,0.5,0.0,random,7,0.10287451324175212,0.6520408163265305,142.8,1.0,2539.2,2539.2
weibo_gadbench,hgb_attributes,0.5,0.0,random,8,0.10632505011940489,0.731958762886598,159.6,1.0,2549.0,2549.0
weibo_gadbench,hgb_attributes,0.5,0.0,random,9,0.0993175129025349,0.6979591836734694,152.0,1.0,2516.0,2516.0
weibo_gadbench,hgb_attributes,0.5,0.05,exposure,0,0.16225550043640996,0.7474747474747474,177.0,1.0,2441.4,2569.4
weibo_gadbench,hgb_attributes,0.5,0.05,exposure,1,0.17540233750329692,0.7856410256410256,185.8,1.0,2435.8,2563.4
weibo_gadbench,hgb_attributes,0.5,0.05,exposure,2,0.16764871017941396,0.7573128205128205,177.752,1.0,2448.0,2576.6
weibo_gadbench,hgb_attributes,0.5,0.05,exposure,3,0.20316725116659762,0.8037575757575759,200.52,1.0,2430.0,2557.4
weibo_gadbench,hgb_attributes,0.5,0.05,exposure,4,0.15066196972360363,0.7487179487179486,172.2,1.0,2397.4,2523.0
weibo_gadbench,hgb_attributes,0.5,0.05,exposure,5,0.18236923751935258,0.8029999999999999,197.8,1.0,2370.2,2494.6
weibo_gadbench,hgb_attributes,0.5,0.05,exposure,6,0.15303452266664794,0.6837098445595855,156.55599999999998,1.0,2432.0,2559.6
weibo_gadbench,hgb_attributes,0.5,0.05,exposure,7,0.15707841678604478,0.7561224489795919,176.4,1.0,2412.8,2539.2
weibo_gadbench,hgb_attributes,0.5,0.05,exposure,8,0.1720204567743065,0.8141855670103093,192.176,1.0,2422.0,2549.0
weibo_gadbench,hgb_attributes,0.5,0.05,exposure,9,0.17598280763888163,0.7857142857142858,188.0,1.0,2390.8,2516.0
weibo_gadbench,hgb_attributes,0.5,0.05,random,0,0.08733675186200339,0.6347272727272728,138.036,1.0,2441.4,2569.4
weibo_gadbench,hgb_attributes,0.5,0.05,random,1,0.07369357923010007,0.6316307692307693,133.304,1.0,2435.8,2563.4
weibo_gadbench,hgb_attributes,0.5,0.05,random,2,0.10224481098317684,0.618523076923077,134.608,1.0,2448.0,2576.6
weibo_gadbench,hgb_attributes,0.5,0.05,random,3,0.10278788369242235,0.6752929292929293,149.232,1.0,2430.0,2557.4
weibo_gadbench,hgb_attributes,0.5,0.05,random,4,0.08059146118458498,0.671651282051282,142.548,1.0,2397.4,2523.0
weibo_gadbench,hgb_attributes,0.5,0.05,random,5,0.09926312323115058,0.70602,156.9,1.0,2370.2,2494.6
weibo_gadbench,hgb_attributes,0.5,0.05,random,6,0.10005181014131234,0.6399585492227978,137.388,1.0,2432.0,2559.6
weibo_gadbench,hgb_attributes,0.5,0.05,random,7,0.09780898693287518,0.6484897959183673,141.16,1.0,2412.8,2539.2
weibo_gadbench,hgb_attributes,0.5,0.05,random,8,0.10695370000142154,0.7330103092783504,159.916,1.0,2422.0,2549.0
weibo_gadbench,hgb_attributes,0.5,0.05,random,9,0.09788870344062478,0.6965918367346939,151.464,1.0,2390.8,2516.0
weibo_gadbench,hgb_attributes,0.5,0.1,exposure,0,0.16979569551726414,0.7523030303030303,179.956,1.0,2313.0,2569.4
weibo_gadbench,hgb_attributes,0.5,0.1,exposure,1,0.18397967837378992,0.7866666666666665,188.2,1.0,2307.6,2563.4
weibo_gadbench,hgb_attributes,0.5,0.1,exposure,2,0.22814206056647982,0.8246153846153845,209.0,1.0,2319.4,2576.6
weibo_gadbench,hgb_attributes,0.5,0.1,exposure,3,0.22409160918432042,0.8222222222222223,210.16799999999998,1.0,2302.0,2557.4
weibo_gadbench,hgb_attributes,0.5,0.1,exposure,4,0.17380875441077143,0.7772307692307692,184.32,1.0,2271.2,2523.0
weibo_gadbench,hgb_attributes,0.5,0.1,exposure,5,0.18670969200725102,0.8025800000000001,198.916,1.0,2245.6,2494.6
weibo_gadbench,hgb_attributes,0.5,0.1,exposure,6,0.16198410762672072,0.6887461139896374,159.52,1.0,2304.0,2559.6
weibo_gadbench,hgb_attributes,0.5,0.1,exposure,7,0.1648704659694062,0.7704081632653061,181.6,1.0,2285.6,2539.2
weibo_gadbench,hgb_attributes,0.5,0.1,exposure,8,0.18815767927769714,0.8309278350515464,200.0,1.0,2294.6,2549.0
weibo_gadbench,hgb_attributes,0.5,0.1,exposure,9,0.20456556607899187,0.8054285714285715,200.476,1.0,2265.0,2516.0
weibo_gadbench,hgb_attributes,0.5,0.1,random,0,0.08668165330052509,0.6292323232323233,136.8,1.0,2313.0,2569.4
weibo_gadbench,hgb_attributes,0.5,0.1,random,1,0.07655597235903802,0.6325948717948718,133.95999999999998,1.0,2307.6,2563.4
weibo_gadbench,hgb_attributes,0.5,0.1,random,2,0.10388407479736539,0.6189948717948719,134.952,1.0,2319.4,2576.6
weibo_gadbench,hgb_attributes,0.5,0.1,random,3,0.10194250329477857,0.6743434343434342,148.88,1.0,2302.0,2557.4
weibo_gadbench,hgb_attributes,0.5,0.1,random,4,0.08070384414412632,0.6711794871794872,142.472,1.0,2271.2,2523.0
weibo_gadbench,hgb_attributes,0.5,0.1,random,5,0.09849587162202228,0.70504,156.592,1.0,2245.6,2494.6
weibo_gadbench,hgb_attributes,0.5,0.1,random,6,0.09940162060294747,0.6398963730569948,137.276,1.0,2304.0,2559.6
weibo_gadbench,hgb_attributes,0.5,0.1,random,7,0.09664474825580599,0.6461428571428571,140.496,1.0,2285.6,2539.2
weibo_gadbench,hgb_attributes,0.5,0.1,random,8,0.10656703267666141,0.7334639175257732,159.92000000000002,1.0,2294.6,2549.0
weibo_gadbench,hgb_attributes,0.5,0.1,random,9,0.09697012146000669,0.6963673469387756,151.276,1.0,2265.0,2516.0
weibo_gadbench,hgb_attributes,0.5,0.2,exposure,0,0.16856945888656089,0.7565252525252525,180.784,1.0,2056.0,2569.4
weibo_gadbench,hgb_attributes,0.5,0.2,exposure,1,0.17058515077114816,0.7702974358974359,181.416,1.0,2051.2,2563.4
weibo_gadbench,hgb_attributes,0.5,0.2,exposure,2,0.22248915604033578,0.8133333333333332,205.0,1.0,2061.8,2576.6
weibo_gadbench,hgb_attributes,0.5,0.2,exposure,3,0.21697113117064296,0.8212121212121213,208.0,1.0,2046.4,2557.4
weibo_gadbench,hgb_attributes,0.5,0.2,exposure,4,0.16667500977028843,0.7702564102564102,181.208,1.0,2018.8,2523.0
weibo_gadbench,hgb_attributes,0.5,0.2,exposure,5,0.194390647313412,0.8160000000000001,204.2,1.0,1996.2,2494.6
weibo_gadbench,hgb_attributes,0.5,0.2,exposure,6,0.15338054666926149,0.6831502590673575,156.5,1.0,2048.0,2559.6
weibo_gadbench,hgb_attributes,0.5,0.2,exposure,7,0.16019658824156818,0.763673469387755,178.988,1.0,2031.8,2539.2
weibo_gadbench,hgb_attributes,0.5,0.2,exposure,8,0.1826491456242068,0.8278350515463918,197.8,1.0,2039.6,2549.0
weibo_gadbench,hgb_attributes,0.5,0.2,exposure,9,0.20789473463056515,0.8061224489795918,201.2,1.0,2013.2,2516.0
weibo_gadbench,hgb_attributes,0.5,0.2,random,0,0.08710250055228977,0.6272727272727272,136.43200000000002,1.0,2056.0,2569.4
weibo_gadbench,hgb_attributes,0.5,0.2,random,1,0.07876724573180162,0.6338871794871795,134.576,1.0,2051.2,2563.4
weibo_gadbench,hgb_attributes,0.5,0.2,random,2,0.10237548693734004,0.6140717948717949,133.704,1.0,2061.8,2576.6
weibo_gadbench,hgb_attributes,0.5,0.2,random,3,0.10156091613798693,0.6731515151515152,148.552,1.0,2046.4,2557.4
weibo_gadbench,hgb_attributes,0.5,0.2,random,4,0.08132737503495568,0.6705846153846153,142.452,1.0,2018.8,2523.0
weibo_gadbench,hgb_attributes,0.5,0.2,random,5,0.09676846999754571,0.7042600000000001,156.192,1.0,1996.2,2494.6
weibo_gadbench,hgb_attributes,0.5,0.2,random,6,0.09847659042776227,0.6386943005181347,136.924,1.0,2048.0,2559.6
weibo_gadbench,hgb_attributes,0.5,0.2,random,7,0.09521448289938231,0.6438979591836734,139.856,1.0,2031.8,2539.2
weibo_gadbench,hgb_attributes,0.5,0.2,random,8,0.10587910357460015,0.7330309278350515,159.672,1.0,2039.6,2549.0
weibo_gadbench,hgb_attributes,0.5,0.2,random,9,0.0956556374167915,0.695795918367347,150.936,1.0,2013.2,2516.0
weibo_gadbench,hgb_attributes,0.5,0.4,exposure,0,0.1611578507902149,0.7506060606060607,177.972,1.0,1542.0,2569.4
weibo_gadbench,hgb_attributes,0.5,0.4,exposure,1,0.16627503988917103,0.7650461538461538,179.408,1.0,1538.4,2563.4
weibo_gadbench,hgb_attributes,0.5,0.4,exposure,2,0.21579127974308726,0.8085128205128205,202.296,1.0,1546.6,2576.6
weibo_gadbench,hgb_attributes,0.5,0.4,exposure,3,0.21383573817002793,0.8160202020202021,206.064,1.0,1534.8,2557.4
weibo_gadbench,hgb_attributes,0.5,0.4,exposure,4,0.1600597513573287,0.7632615384615383,177.99200000000002,1.0,1514.2,2523.0
weibo_gadbench,hgb_attributes,0.5,0.4,exposure,5,0.19434611439541033,0.81282,203.436,1.0,1497.2,2494.6
weibo_gadbench,hgb_attributes,0.5,0.4,exposure,6,0.14995186388951512,0.6804145077720207,155.452,1.0,1536.2,2559.6
weibo_gadbench,hgb_attributes,0.5,0.4,exposure,7,0.16340676241002788,0.7658163265306122,180.328,1.0,1524.0,2539.2
weibo_gadbench,hgb_attributes,0.5,0.4,exposure,8,0.17871434468378594,0.8201030927835051,194.908,1.0,1529.6,2549.0
weibo_gadbench,hgb_attributes,0.5,0.4,exposure,9,0.19897168931928189,0.8005510204081633,197.752,1.0,1510.0,2516.0
weibo_gadbench,hgb_attributes,0.5,0.4,random,0,0.08668587167033825,0.6199191919191919,134.89600000000002,1.0,1542.0,2569.4
weibo_gadbench,hgb_attributes,0.5,0.4,random,1,0.08037453024280734,0.6360410256410257,135.368,1.0,1538.4,2563.4
weibo_gadbench,hgb_attributes,0.5,0.4,random,2,0.10118789406696604,0.6114051282051283,133.048,1.0,1546.6,2576.6
weibo_gadbench,hgb_attributes,0.5,0.4,random,3,0.099684439028362,0.6692323232323232,147.436,1.0,1534.8,2557.4
weibo_gadbench,hgb_attributes,0.5,0.4,random,4,0.08226926163053691,0.6693333333333333,142.368,1.0,1514.2,2523.0
weibo_gadbench,hgb_attributes,0.5,0.4,random,5,0.09593041740606899,0.7033400000000001,155.976,1.0,1497.2,2494.6
weibo_gadbench,hgb_attributes,0.5,0.4,random,6,0.09627162709496911,0.6389430051813471,136.76399999999998,1.0,1536.2,2559.6
weibo_gadbench,hgb_attributes,0.5,0.4,random,7,0.09288580610774184,0.6381428571428571,138.28,1.0,1524.0,2539.2
weibo_gadbench,hgb_attributes,0.5,0.4,random,8,0.10562240718979143,0.7294432989690722,158.972,1.0,1529.6,2549.0
weibo_gadbench,hgb_attributes,0.5,0.4,random,9,0.09398402180307863,0.6953469387755102,150.624,1.0,1510.0,2516.0
weibo_gadbench,hgb_attributes,0.5,0.6,exposure,0,0.15704431221095608,0.7478383838383839,176.816,1.0,1028.4,2569.4
weibo_gadbench,hgb_attributes,0.5,0.6,exposure,1,0.1632643472689249,0.7613128205128205,178.536,1.0,1026.0,2563.4
weibo_gadbench,hgb_attributes,0.5,0.6,exposure,2,0.20583259953673588,0.7958564102564102,196.952,1.0,1031.0,2576.6
weibo_gadbench,hgb_attributes,0.5,0.6,exposure,3,0.21061864006360892,0.810787878787879,204.196,1.0,1023.4,2557.4
weibo_gadbench,hgb_attributes,0.5,0.6,exposure,4,0.1628950376516403,0.7628512820512819,178.832,1.0,1009.6,2523.0
weibo_gadbench,hgb_attributes,0.5,0.6,exposure,5,0.1910407564797085,0.8082,201.50799999999998,1.0,998.2,2494.6
weibo_gadbench,hgb_attributes,0.5,0.6,exposure,6,0.15032708207607426,0.684580310880829,156.89600000000002,1.0,1024.4,2559.6
weibo_gadbench,hgb_attributes,0.5,0.6,exposure,7,0.16095621488520168,0.7623265306122449,179.16799999999998,1.0,1016.0,2539.2
weibo_gadbench,hgb_attributes,0.5,0.6,exposure,8,0.1783932252215073,0.8175463917525774,194.364,1.0,1020.0,2549.0
weibo_gadbench,hgb_attributes,0.5,0.6,exposure,9,0.19331218721135307,0.7937346938775509,194.924,1.0,1006.6,2516.0
weibo_gadbench,hgb_attributes,0.5,0.6,random,0,0.08917779917028701,0.6233535353535353,136.148,1.0,1028.4,2569.4
weibo_gadbench,hgb_attributes,0.5,0.6,random,1,0.0805800493809791,0.6356307692307693,135.5,1.0,1026.0,2563.4
weibo_gadbench,hgb_attributes,0.5,0.6,random,2,0.09899016802732012,0.6055384615384616,131.672,1.0,1031.0,2576.6
weibo_gadbench,hgb_attributes,0.5,0.6,random,3,0.09810362745449527,0.6618585858585858,145.856,1.0,1023.4,2557.4
weibo_gadbench,hgb_attributes,0.5,0.6,random,4,0.08246657186783932,0.6654153846153846,141.648,1.0,1009.6,2523.0
weibo_gadbench,hgb_attributes,0.5,0.6,random,5,0.09395792496621862,0.70028,155.132,1.0,998.2,2494.6
weibo_gadbench,hgb_attributes,0.5,0.6,random,6,0.0967590447680172,0.6374093264248705,136.612,1.0,1024.4,2559.6
weibo_gadbench,hgb_attributes,0.5,0.6,random,7,0.09252027666052363,0.633673469387755,137.56400000000002,1.0,1016.0,2539.2
weibo_gadbench,hgb_attributes,0.5,0.6,random,8,0.10259105810124466,0.724556701030928,157.408,1.0,1020.0,2549.0
weibo_gadbench,hgb_attributes,0.5,0.6,random,9,0.09283455173665464,0.6957959183673469,150.656,1.0,1006.6,2516.0
weibo_gadbench,hgb_attributes,0.5,0.8,exposure,0,0.15455916395552266,0.7344848484848485,174.244,1.0,514.4,2569.4
weibo_gadbench,hgb_attributes,0.5,0.8,exposure,1,0.15035271389450605,0.7362461538461538,171.46800000000002,1.0,513.2,2563.4
weibo_gadbench,hgb_attributes,0.5,0.8,exposure,2,0.20123085530302443,0.787548717948718,194.91199999999998,1.0,515.8,2576.6
weibo_gadbench,hgb_attributes,0.5,0.8,exposure,3,0.1997622580740346,0.7938787878787879,198.044,1.0,511.8,2557.4
weibo_gadbench,hgb_attributes,0.5,0.8,exposure,4,0.1545739452103781,0.7527179487179486,175.28,1.0,505.0,2523.0
weibo_gadbench,hgb_attributes,0.5,0.8,exposure,5,0.1786967643965221,0.79,195.124,1.0,499.2,2494.6
weibo_gadbench,hgb_attributes,0.5,0.8,exposure,6,0.15006127922840323,0.682341968911917,157.324,1.0,512.6,2559.6
weibo_gadbench,hgb_attributes,0.5,0.8,exposure,7,0.1542315796817057,0.7465714285714287,174.656,1.0,508.2,2539.2
weibo_gadbench,hgb_attributes,0.5,0.8,exposure,8,0.1744761120243063,0.8097113402061856,192.1,1.0,510.0,2549.0
weibo_gadbench,hgb_attributes,0.5,0.8,exposure,9,0.18471373078521516,0.7839183673469388,191.392,1.0,503.4,2516.0
weibo_gadbench,hgb_attributes,0.5,0.8,random,0,0.08535660523473776,0.6038383838383838,132.004,1.0,514.4,2569.4
weibo_gadbench,hgb_attributes,0.5,0.8,random,1,0.07631546362197553,0.6263794871794872,133.336,1.0,513.2,2563.4
weibo_gadbench,hgb_attributes,0.5,0.8,random,2,0.0905467971060682,0.5729025641025641,124.14000000000001,1.0,515.8,2576.6
weibo_gadbench,hgb_attributes,0.5,0.8,random,3,0.09153884601506061,0.6173333333333334,136.31599999999997,0.984,511.8,2557.4
weibo_gadbench,hgb_attributes,0.5,0.8,random,4,0.08233064140843319,0.6485333333333333,138.624,1.0,505.0,2523.0
weibo_gadbench,hgb_attributes,0.5,0.8,random,5,0.08713306017766895,0.6827,150.784,1.0,499.2,2494.6
weibo_gadbench,hgb_attributes,0.5,0.8,random,6,0.08584214691348464,0.6205388601036269,131.888,1.0,512.6,2559.6
weibo_gadbench,hgb_attributes,0.5,0.8,random,7,0.08609827460916579,0.603204081632653,130.92800000000003,0.9960000000000001,508.2,2539.2
weibo_gadbench,hgb_attributes,0.5,0.8,random,8,0.09602158384982602,0.6980206185567011,151.03199999999998,1.0,510.0,2549.0
weibo_gadbench,hgb_attributes,0.5,0.8,random,9,0.09186239197322423,0.693204081632653,150.292,1.0,503.4,2516.0
weibo_gadbench,hgb_attributes,0.5,0.9,exposure,0,0.15284292135865357,0.7092727272727274,170.01600000000002,1.0,257.4,2569.4
weibo_gadbench,hgb_attributes,0.5,0.9,exposure,1,0.14007500999940461,0.6929435897435897,163.048,0.9800000000000001,256.8,2563.4
weibo_gadbench,hgb_attributes,0.5,0.9,exposure,2,0.19070105313425637,0.7587282051282052,187.68800000000002,1.0,258.2,2576.6
weibo_gadbench,hgb_attributes,0.5,0.9,exposure,3,0.18278649370984873,0.767030303030303,189.368,0.992,256.2,2557.4
weibo_gadbench,hgb_attributes,0.5,0.9,exposure,4,0.14438603149178672,0.7078974358974358,165.196,0.9559999999999998,252.8,2523.0
weibo_gadbench,hgb_attributes,0.5,0.9,exposure,5,0.15815200582049657,0.75448,183.932,1.0,249.8,2494.6
weibo_gadbench,hgb_attributes,0.5,0.9,exposure,6,0.13465311634471125,0.6577823834196892,151.924,1.0,256.6,2559.6
weibo_gadbench,hgb_attributes,0.5,0.9,exposure,7,0.14376295662324073,0.7185102040816327,167.348,1.0,254.4,2539.2
weibo_gadbench,hgb_attributes,0.5,0.9,exposure,8,0.16057788952243027,0.7895051546391751,185.13600000000002,1.0,255.2,2549.0
weibo_gadbench,hgb_attributes,0.5,0.9,exposure,9,0.17911437361552257,0.7723265306122449,188.956,1.0,252.0,2516.0
weibo_gadbench,hgb_attributes,0.5,0.9,random,0,0.07606271022028041,0.5557979797979798,121.744,0.9800000000000001,257.4,2569.4
weibo_gadbench,hgb_attributes,0.5,0.9,random,1,0.0635659318018266,0.567548717948718,120.18800000000002,0.9559999999999998,256.8,2563.4
weibo_gadbench,hgb_attributes,0.5,0.9,random,2,0.07610163468631727,0.4625435897435898,101.06,0.8,258.2,2576.6
weibo_gadbench,hgb_attributes,0.5,0.9,random,3,0.0809635606576182,0.5231313131313131,116.72,0.8240000000000001,256.2,2557.4
weibo_gadbench,hgb_attributes,0.5,0.9,random,4,0.07775783523345794,0.5996102564102564,128.676,0.96,252.8,2523.0
weibo_gadbench,hgb_attributes,0.5,0.9,random,5,0.07883961134438822,0.64736,143.244,1.0,249.8,2494.6
weibo_gadbench,hgb_attributes,0.5,0.9,random,6,0.07124704017686978,0.5868186528497409,123.928,1.0,256.6,2559.6
weibo_gadbench,hgb_attributes,0.5,0.9,random,7,0.07021221628414209,0.48183673469387756,105.292,0.796,254.4,2539.2
weibo_gadbench,hgb_attributes,0.5,0.9,random,8,0.08750968251141641,0.6327835051546391,137.164,0.9399999999999998,255.2,2549.0
weibo_gadbench,hgb_attributes,0.5,0.9,random,9,0.08791784488909775,0.6591428571428571,143.836,1.0,252.0,2516.0
weibo_gadbench,hgb_attributes,0.5,0.97,exposure,0,0.05921652217517672,0.13884848484848486,43.896,0.16,77.6,2569.4
weibo_gadbench,hgb_attributes,0.5,0.97,exposure,1,0.06705935658365729,0.17120000000000002,52.444,0.188,77.6,2563.4
weibo_gadbench,hgb_attributes,0.5,0.97,exposure,2,0.08086553152165546,0.22453333333333333,66.436,0.24,77.8,2576.6
weibo_gadbench,hgb_attributes,0.5,0.97,exposure,3,0.06137505507947734,0.171010101010101,51.071999999999996,0.188,77.2,2557.4
weibo_gadbench,hgb_attributes,0.5,0.97,exposure,4,0.040245880048809864,0.10929230769230769,32.18,0.12,76.2,2523.0
weibo_gadbench,hgb_attributes,0.5,0.97,exposure,5,0.055262481352311967,0.1409,44.012,0.156,75.4,2494.6
weibo_gadbench,hgb_attributes,0.5,0.97,exposure,6,0.05418850828641773,0.133139896373057,40.82000000000001,0.148,77.4,2559.6
weibo_gadbench,hgb_attributes,0.5,0.97,exposure,7,0.04459221195618613,0.10924489795918366,34.408,0.12,76.6,2539.2
weibo_gadbench,hgb_attributes,0.5,0.97,exposure,8,0.043871678153702263,0.11632989690721648,34.456,0.128,77.0,2549.0
weibo_gadbench,hgb_attributes,0.5,0.97,exposure,9,0.0724627676683131,0.17897959183673467,56.14,0.196,75.8,2516.0
weibo_gadbench,hgb_attributes,0.5,0.97,random,0,0.011719725780639161,0.027979797979797983,8.852,0.032,77.6,2569.4
weibo_gadbench,hgb_attributes,0.5,0.97,random,1,0.01863932173751056,0.05093333333333333,14.952000000000002,0.05600000000000001,77.6,2563.4
weibo_gadbench,hgb_attributes,0.5,0.97,random,2,0.01771565045577276,0.051712820512820515,14.784,0.05600000000000001,77.8,2576.6
weibo_gadbench,hgb_attributes,0.5,0.97,random,3,0.01407224299103722,0.03983838383838384,11.636,0.044,77.2,2557.4
weibo_gadbench,hgb_attributes,0.5,0.97,random,4,0.0038938865749889376,0.011056410256410257,3.2079999999999997,0.012,76.2,2523.0
weibo_gadbench,hgb_attributes,0.5,0.97,random,5,0.013879115225837036,0.035960000000000006,11.075999999999999,0.04,75.4,2494.6
weibo_gadbench,hgb_attributes,0.5,0.97,random,6,0.014943702241611184,0.039067357512953364,11.443999999999999,0.044,77.4,2559.6
weibo_gadbench,hgb_attributes,0.5,0.97,random,7,0.014734069601526335,0.03920408163265306,11.62,0.044,76.6,2539.2
weibo_gadbench,hgb_attributes,0.5,0.97,random,8,0.012339328821538532,0.03270103092783505,9.668,0.036,77.0,2549.0
weibo_gadbench,hgb_attributes,0.5,0.97,random,9,0.020198560779391698,0.053714285714285714,15.928,0.06000000000000001,75.8,2516.0
weibo_gadbench,hgb_attributes,1.0,0.0,exposure,0,0.08842834435919104,0.6363636363636364,138.6,1.0,5081.0,5081.0
weibo_gadbench,hgb_attributes,1.0,0.0,exposure,1,0.09399188135217654,0.6543589743589744,141.0,1.0,5089.0,5089.0
weibo_gadbench,hgb_attributes,1.0,0.0,exposure,2,0.08605909462846656,0.5723076923076923,122.4,1.0,5088.0,5088.0
weibo_gadbench,hgb_attributes,1.0,0.0,exposure,3,0.08625882272690784,0.6616161616161615,143.4,1.0,5081.0,5081.0
weibo_gadbench,hgb_attributes,1.0,0.0,exposure,4,0.08530767172337779,0.678974358974359,144.8,1.0,5089.0,5089.0
weibo_gadbench,hgb_attributes,1.0,0.0,exposure,5,0.08873456917872517,0.7060000000000001,155.0,1.0,5074.0,5074.0
weibo_gadbench,hgb_attributes,1.0,0.0,exposure,6,0.09929743720332329,0.6466321243523316,138.6,1.0,5094.0,5094.0
weibo_gadbench,hgb_attributes,1.0,0.0,exposure,7,0.10574533586303474,0.653061224489796,143.4,1.0,5085.0,5085.0
weibo_gadbench,hgb_attributes,1.0,0.0,exposure,8,0.10006517130439974,0.7278350515463917,157.2,1.0,5091.0,5091.0
weibo_gadbench,hgb_attributes,1.0,0.0,exposure,9,0.09934381797847368,0.6989795918367347,152.2,1.0,5086.0,5086.0
weibo_gadbench,hgb_attributes,1.0,0.0,random,0,0.08842834435919104,0.6363636363636364,138.6,1.0,5081.0,5081.0
weibo_gadbench,hgb_attributes,1.0,0.0,random,1,0.09399188135217654,0.6543589743589744,141.0,1.0,5089.0,5089.0
weibo_gadbench,hgb_attributes,1.0,0.0,random,2,0.08605909462846656,0.5723076923076923,122.4,1.0,5088.0,5088.0
weibo_gadbench,hgb_attributes,1.0,0.0,random,3,0.08625882272690784,0.6616161616161615,143.4,1.0,5081.0,5081.0
weibo_gadbench,hgb_attributes,1.0,0.0,random,4,0.08530767172337779,0.678974358974359,144.8,1.0,5089.0,5089.0
weibo_gadbench,hgb_attributes,1.0,0.0,random,5,0.08873456917872517,0.7060000000000001,155.0,1.0,5074.0,5074.0
weibo_gadbench,hgb_attributes,1.0,0.0,random,6,0.09929743720332329,0.6466321243523316,138.6,1.0,5094.0,5094.0
weibo_gadbench,hgb_attributes,1.0,0.0,random,7,0.10574533586303474,0.653061224489796,143.4,1.0,5085.0,5085.0
weibo_gadbench,hgb_attributes,1.0,0.0,random,8,0.10006517130439974,0.7278350515463917,157.2,1.0,5091.0,5091.0
weibo_gadbench,hgb_attributes,1.0,0.0,random,9,0.09934381797847368,0.6989795918367347,152.2,1.0,5086.0,5086.0
weibo_gadbench,hgb_attributes,1.0,0.05,exposure,0,0.17150806819891615,0.7606060606060606,182.0,1.0,4827.0,5081.0
weibo_gadbench,hgb_attributes,1.0,0.05,exposure,1,0.1854098472449536,0.7979487179487178,191.0,1.0,4835.0,5089.0
weibo_gadbench,hgb_attributes,1.0,0.05,exposure,2,0.18643628060168688,0.7764102564102564,186.2,1.0,4834.0,5088.0
weibo_gadbench,hgb_attributes,1.0,0.05,exposure,3,0.20522526180546255,0.8010101010101011,199.8,1.0,4827.0,5081.0
weibo_gadbench,hgb_attributes,1.0,0.05,exposure,4,0.15756921853227376,0.7587692307692306,175.848,1.0,4835.0,5089.0
weibo_gadbench,hgb_attributes,1.0,0.05,exposure,5,0.17415948896285113,0.80266,194.51600000000002,1.0,4821.0,5074.0
weibo_gadbench,hgb_attributes,1.0,0.05,exposure,6,0.177957343818176,0.6932642487046632,163.2,1.0,4840.0,5094.0
weibo_gadbench,hgb_attributes,1.0,0.05,exposure,7,0.16970630722271224,0.763265306122449,181.0,1.0,4831.0,5085.0
weibo_gadbench,hgb_attributes,1.0,0.05,exposure,8,0.18426043667597275,0.8288659793814434,198.73600000000002,1.0,4837.0,5091.0
weibo_gadbench,hgb_attributes,1.0,0.05,exposure,9,0.18700006359424912,0.7887755102040817,190.6,1.0,4832.0,5086.0
weibo_gadbench,hgb_attributes,1.0,0.05,random,0,0.08939264238958475,0.6361010101010101,138.696,1.0,4827.0,5081.0
weibo_gadbench,hgb_attributes,1.0,0.05,random,1,0.0936962764120726,0.6561846153846155,141.368,1.0,4835.0,5089.0
weibo_gadbench,hgb_attributes,1.0,0.05,random,2,0.084096321092499,0.5718153846153846,121.992,1.0,4834.0,5088.0
weibo_gadbench,hgb_attributes,1.0,0.05,random,3,0.08667687365046088,0.6601818181818182,143.18,1.0,4827.0,5081.0
weibo_gadbench,hgb_attributes,1.0,0.05,random,4,0.08471742994251963,0.679876923076923,144.904,1.0,4835.0,5089.0
weibo_gadbench,hgb_attributes,1.0,0.05,random,5,0.08786781458288248,0.7047199999999999,154.584,1.0,4821.0,5074.0
weibo_gadbench,hgb_attributes,1.0,0.05,random,6,0.1004689851656626,0.647502590673575,138.976,1.0,4840.0,5094.0
weibo_gadbench,hgb_attributes,1.0,0.05,random,7,0.10093084486575454,0.6519387755102042,142.388,1.0,4831.0,5085.0
weibo_gadbench,hgb_attributes,1.0,0.05,random,8,0.09866444468445093,0.7263092783505154,156.64000000000001,1.0,4837.0,5091.0
weibo_gadbench,hgb_attributes,1.0,0.05,random,9,0.09655673073559604,0.6981632653061224,151.584,1.0,4832.0,5086.0
weibo_gadbench,hgb_attributes,1.0,0.1,exposure,0,0.1960526866687778,0.7828282828282829,193.0,1.0,4573.0,5081.0
weibo_gadbench,hgb_attributes,1.0,0.1,exposure,1,0.23639661932601252,0.8266666666666665,211.4,1.0,4581.0,5089.0
weibo_gadbench,hgb_attributes,1.0,0.1,exposure,2,0.24573282182515443,0.8494564102564102,219.792,1.0,4580.0,5088.0
weibo_gadbench,hgb_attributes,1.0,0.1,exposure,3,0.24895704572284066,0.8440000000000001,223.112,1.0,4573.0,5081.0
weibo_gadbench,hgb_attributes,1.0,0.1,exposure,4,0.20379273109041582,0.8054564102564102,197.728,1.0,4581.0,5089.0
weibo_gadbench,hgb_attributes,1.0,0.1,exposure,5,0.19628964220963813,0.81986,204.34,1.0,4567.0,5074.0
weibo_gadbench,hgb_attributes,1.0,0.1,exposure,6,0.1912694797771713,0.7082279792746113,169.376,1.0,4585.0,5094.0
weibo_gadbench,hgb_attributes,1.0,0.1,exposure,7,0.18829217599134662,0.7948979591836733,193.0,1.0,4577.0,5085.0
weibo_gadbench,hgb_attributes,1.0,0.1,exposure,8,0.21144472731569505,0.8533195876288661,211.21599999999998,1.0,4582.0,5091.0
weibo_gadbench,hgb_attributes,1.0,0.1,exposure,9,0.23460391293823038,0.8138979591836734,209.06,1.0,4578.0,5086.0
weibo_gadbench,hgb_attributes,1.0,0.1,random,0,0.08972502031030108,0.6330505050505051,138.07999999999998,1.0,4573.0,5081.0
weibo_gadbench,hgb_attributes,1.0,0.1,random,1,0.0937416721490758,0.6555282051282051,141.23600000000002,1.0,4581.0,5089.0
weibo_gadbench,hgb_attributes,1.0,0.1,random,2,0.08560722810047962,0.5732923076923078,122.508,1.0,4580.0,5088.0
weibo_gadbench,hgb_attributes,1.0,0.1,random,3,0.08669501786109948,0.6587070707070707,142.876,1.0,4573.0,5081.0
weibo_gadbench,hgb_attributes,1.0,0.1,random,4,0.08393385069974123,0.6791794871794872,144.64000000000001,1.0,4581.0,5089.0
weibo_gadbench,hgb_attributes,1.0,0.1,random,5,0.087682176087128,0.7035199999999999,154.3,1.0,4567.0,5074.0
weibo_gadbench,hgb_attributes,1.0,0.1,random,6,0.10076194168700443,0.6472953367875648,138.99200000000002,1.0,4585.0,5094.0
weibo_gadbench,hgb_attributes,1.0,0.1,random,7,0.10014974760495762,0.6518163265306123,142.272,1.0,4577.0,5085.0
weibo_gadbench,hgb_attributes,1.0,0.1,random,8,0.09975233063282833,0.7269896907216495,157.01600000000002,1.0,4582.0,5091.0
weibo_gadbench,hgb_attributes,1.0,0.1,random,9,0.09571977278855777,0.6976938775510204,151.348,1.0,4578.0,5086.0
weibo_gadbench,hgb_attributes,1.0,0.2,exposure,0,0.1969116229475071,0.7818181818181819,193.0,1.0,4065.0,5081.0
weibo_gadbench,hgb_attributes,1.0,0.2,exposure,1,0.23123980840518094,0.8246153846153845,209.4,1.0,4072.0,5089.0
weibo_gadbench,hgb_attributes,1.0,0.2,exposure,2,0.2454845754845755,0.8441025641025641,218.4,1.0,4071.0,5088.0
weibo_gadbench,hgb_attributes,1.0,0.2,exposure,3,0.2488643991455078,0.8497373737373739,224.64000000000001,1.0,4065.0,5081.0
weibo_gadbench,hgb_attributes,1.0,0.2,exposure,4,0.19652629428685037,0.7969435897435897,194.004,1.0,4072.0,5089.0
weibo_gadbench,hgb_attributes,1.0,0.2,exposure,5,0.20783937023336643,0.826,209.0,1.0,4060.0,5074.0
weibo_gadbench,hgb_attributes,1.0,0.2,exposure,6,0.18679097505873798,0.7025906735751295,167.2,1.0,4076.0,5094.0
weibo_gadbench,hgb_attributes,1.0,0.2,exposure,7,0.18555609327456515,0.7979591836734693,192.6,1.0,4068.0,5085.0
weibo_gadbench,hgb_attributes,1.0,0.2,exposure,8,0.20402133554190377,0.8463917525773196,207.4,1.0,4073.0,5091.0
weibo_gadbench,hgb_attributes,1.0,0.2,exposure,9,0.2374540822374212,0.8163265306122449,210.6,1.0,4069.0,5086.0
weibo_gadbench,hgb_attributes,1.0,0.2,random,0,0.089545568901056,0.6329494949494949,138.04000000000002,1.0,4065.0,5081.0
weibo_gadbench,hgb_attributes,1.0,0.2,random,1,0.09392715376433357,0.655774358974359,141.31599999999997,1.0,4072.0,5089.0
weibo_gadbench,hgb_attributes,1.0,0.2,random,2,0.08551895707981727,0.5755282051282051,123.0,1.0,4071.0,5088.0
weibo_gadbench,hgb_attributes,1.0,0.2,random,3,0.08616767220364996,0.6575555555555554,142.56,1.0,4065.0,5081.0
weibo_gadbench,hgb_attributes,1.0,0.2,random,4,0.08417959920198967,0.6788923076923077,144.628,1.0,4072.0,5089.0
weibo_gadbench,hgb_attributes,1.0,0.2,random,5,0.08796515918750364,0.70196,154.024,1.0,4060.0,5074.0
weibo_gadbench,hgb_attributes,1.0,0.2,random,6,0.10124069293908686,0.6459689119170984,138.788,1.0,4076.0,5094.0
weibo_gadbench,hgb_attributes,1.0,0.2,random,7,0.09876888806859611,0.6500204081632653,141.676,1.0,4068.0,5085.0
weibo_gadbench,hgb_attributes,1.0,0.2,random,8,0.09798274549817126,0.7250309278350515,156.288,1.0,4073.0,5091.0
weibo_gadbench,hgb_attributes,1.0,0.2,random,9,0.09447960316898804,0.6977142857142857,151.172,1.0,4069.0,5086.0
weibo_gadbench,hgb_attributes,1.0,0.4,exposure,0,0.18969870053379995,0.7756969696969698,189.936,1.0,3049.0,5081.0
weibo_gadbench,hgb_attributes,1.0,0.4,exposure,1,0.20250078408441982,0.8049435897435897,196.95999999999998,1.0,3054.0,5089.0
weibo_gadbench,hgb_attributes,1.0,0.4,exposure,2,0.22541677484915326,0.8242051282051281,207.988,1.0,3053.0,5088.0
weibo_gadbench,hgb_attributes,1.0,0.4,exposure,3,0.2411744472752942,0.835858585858586,218.71599999999998,1.0,3049.0,5081.0
weibo_gadbench,hgb_attributes,1.0,0.4,exposure,4,0.17777750997846348,0.7817641025641026,185.952,1.0,3054.0,5089.0
weibo_gadbench,hgb_attributes,1.0,0.4,exposure,5,0.1976594859481874,0.8208399999999999,205.064,1.0,3045.0,5074.0
weibo_gadbench,hgb_attributes,1.0,0.4,exposure,6,0.17212066062080564,0.6906943005181347,161.448,1.0,3057.0,5094.0
weibo_gadbench,hgb_attributes,1.0,0.4,exposure,7,0.18077864469221638,0.7836734693877551,188.33200000000002,1.0,3051.0,5085.0
weibo_gadbench,hgb_attributes,1.0,0.4,exposure,8,0.1929105194928759,0.8370103092783505,202.052,1.0,3055.0,5091.0
weibo_gadbench,hgb_attributes,1.0,0.4,exposure,9,0.2094629603072961,0.8047142857142857,200.28,1.0,3052.0,5086.0
weibo_gadbench,hgb_attributes,1.0,0.4,random,0,0.0890675123044691,0.6308282828282828,137.524,1.0,3049.0,5081.0
weibo_gadbench,hgb_attributes,1.0,0.4,random,1,0.09510294562500521,0.657825641025641,142.00799999999998,1.0,3054.0,5089.0
weibo_gadbench,hgb_attributes,1.0,0.4,random,2,0.08684346930452831,0.5802666666666667,124.25999999999999,1.0,3053.0,5088.0
weibo_gadbench,hgb_attributes,1.0,0.4,random,3,0.08794370043591763,0.6555151515151515,142.41199999999998,1.0,3049.0,5081.0
weibo_gadbench,hgb_attributes,1.0,0.4,random,4,0.08453785326942402,0.6759179487179486,144.076,1.0,3054.0,5089.0
weibo_gadbench,hgb_attributes,1.0,0.4,random,5,0.0890297040970623,0.69958,153.752,1.0,3045.0,5074.0
weibo_gadbench,hgb_attributes,1.0,0.4,random,6,0.10223115039649304,0.645740932642487,138.928,1.0,3057.0,5094.0
weibo_gadbench,hgb_attributes,1.0,0.4,random,7,0.09820081726641691,0.6478979591836735,141.23200000000003,1.0,3051.0,5085.0
weibo_gadbench,hgb_attributes,1.0,0.4,random,8,0.09677750792189785,0.7231752577319588,155.748,1.0,3055.0,5091.0
weibo_gadbench,hgb_attributes,1.0,0.4,random,9,0.09675308693835245,0.6989795918367346,151.832,1.0,3052.0,5086.0
weibo_gadbench,hgb_attributes,1.0,0.6,exposure,0,0.18913358902118568,0.7756161616161616,190.01999999999998,1.0,2033.0,5081.0
weibo_gadbench,hgb_attributes,1.0,0.6,exposure,1,0.20339862817407622,0.8045948717948719,197.364,1.0,2036.0,5089.0
weibo_gadbench,hgb_attributes,1.0,0.6,exposure,2,0.21927888969754122,0.8142564102564102,204.092,1.0,2036.0,5088.0
weibo_gadbench,hgb_attributes,1.0,0.6,exposure,3,0.23829829955197335,0.8341818181818181,217.57199999999997,1.0,2033.0,5081.0
weibo_gadbench,hgb_attributes,1.0,0.6,exposure,4,0.17318168956395893,0.7764923076923076,183.9,1.0,2036.0,5089.0
weibo_gadbench,hgb_attributes,1.0,0.6,exposure,5,0.1972224504513205,0.82006,204.81599999999997,1.0,2030.0,5074.0
weibo_gadbench,hgb_attributes,1.0,0.6,exposure,6,0.16839055404098555,0.6912538860103626,161.06400000000002,1.0,2038.0,5094.0
weibo_gadbench,hgb_attributes,1.0,0.6,exposure,7,0.18035748386100386,0.7826734693877551,188.064,1.0,2034.0,5085.0
weibo_gadbench,hgb_attributes,1.0,0.6,exposure,8,0.19189576081792048,0.8342680412371134,201.38799999999998,1.0,2037.0,5091.0
weibo_gadbench,hgb_attributes,1.0,0.6,exposure,9,0.20714267763723634,0.8023265306122449,199.464,1.0,2035.0,5086.0
weibo_gadbench,hgb_attributes,1.0,0.6,random,0,0.08813988068125758,0.6268282828282828,136.644,1.0,2033.0,5081.0
weibo_gadbench,hgb_attributes,1.0,0.6,random,1,0.09209804614443143,0.6553435897435897,141.092,1.0,2036.0,5089.0
weibo_gadbench,hgb_attributes,1.0,0.6,random,2,0.0875567451039808,0.5832,125.056,1.0,2036.0,5088.0
weibo_gadbench,hgb_attributes,1.0,0.6,random,3,0.08857549303729134,0.6526060606060605,141.92000000000002,1.0,2033.0,5081.0
weibo_gadbench,hgb_attributes,1.0,0.6,random,4,0.08478208804093046,0.6712820512820513,143.18,1.0,2036.0,5089.0
weibo_gadbench,hgb_attributes,1.0,0.6,random,5,0.08831131178508426,0.69686,153.11200000000002,1.0,2030.0,5074.0
weibo_gadbench,hgb_attributes,1.0,0.6,random,6,0.10373962338612046,0.6449533678756476,139.14000000000001,1.0,2038.0,5094.0
weibo_gadbench,hgb_attributes,1.0,0.6,random,7,0.09900022700706336,0.6474285714285715,141.39600000000002,1.0,2034.0,5085.0
weibo_gadbench,hgb_attributes,1.0,0.6,random,8,0.09485257939260076,0.7185773195876289,154.464,1.0,2037.0,5091.0
weibo_gadbench,hgb_attributes,1.0,0.6,random,9,0.09398596347078947,0.6989591836734694,151.452,1.0,2035.0,5086.0
weibo_gadbench,hgb_attributes,1.0,0.8,exposure,0,0.19014477008546815,0.7752121212121212,190.66,1.0,1017.0,5081.0
weibo_gadbench,hgb_attributes,1.0,0.8,exposure,1,0.19972422588474162,0.7986666666666666,195.888,1.0,1018.0,5089.0
weibo_gadbench,hgb_attributes,1.0,0.8,exposure,2,0.20684670917312728,0.7969846153846153,197.792,1.0,1018.0,5088.0
weibo_gadbench,hgb_attributes,1.0,0.8,exposure,3,0.23096281987914571,0.8289090909090909,214.66,1.0,1017.0,5081.0
weibo_gadbench,hgb_attributes,1.0,0.8,exposure,4,0.17397876197952006,0.7732307692307692,183.736,1.0,1018.0,5089.0
weibo_gadbench,hgb_attributes,1.0,0.8,exposure,5,0.19485933078671397,0.8168799999999999,203.796,1.0,1015.0,5074.0
weibo_gadbench,hgb_attributes,1.0,0.8,exposure,6,0.1601407904447631,0.6896373056994819,159.804,1.0,1019.0,5094.0
weibo_gadbench,hgb_attributes,1.0,0.8,exposure,7,0.17775000742242206,0.7764489795918367,186.23200000000003,1.0,1017.0,5085.0
weibo_gadbench,hgb_attributes,1.0,0.8,exposure,8,0.19030536292166098,0.8305154639175258,200.3,1.0,1019.0,5091.0
weibo_gadbench,hgb_attributes,1.0,0.8,exposure,9,0.20717658810089717,0.8003469387755102,199.64000000000001,1.0,1018.0,5086.0
weibo_gadbench,hgb_attributes,1.0,0.8,random,0,0.08467646957678229,0.6088282828282828,132.64000000000001,1.0,1017.0,5081.0
weibo_gadbench,hgb_attributes,1.0,0.8,random,1,0.09278164406051086,0.6563897435897437,141.71200000000002,1.0,1018.0,5089.0
weibo_gadbench,hgb_attributes,1.0,0.8,random,2,0.08639564688068732,0.5743589743589743,123.34400000000001,1.0,1018.0,5088.0
weibo_gadbench,hgb_attributes,1.0,0.8,random,3,0.08600148964694893,0.6432727272727272,139.63600000000002,1.0,1017.0,5081.0
weibo_gadbench,hgb_attributes,1.0,0.8,random,4,0.08266792103825164,0.6599999999999999,140.632,1.0,1018.0,5089.0
weibo_gadbench,hgb_attributes,1.0,0.8,random,5,0.08927351571942667,0.6957,153.268,1.0,1015.0,5074.0
weibo_gadbench,hgb_attributes,1.0,0.8,random,6,0.10575290777391393,0.6452849740932642,139.772,1.0,1019.0,5094.0
weibo_gadbench,hgb_attributes,1.0,0.8,random,7,0.09571592589454128,0.6353265306122448,138.472,1.0,1017.0,5085.0
weibo_gadbench,hgb_attributes,1.0,0.8,random,8,0.09154754375861461,0.709340206185567,152.148,1.0,1019.0,5091.0
weibo_gadbench,hgb_attributes,1.0,0.8,random,9,0.09201841320148633,0.6978163265306122,151.068,1.0,1018.0,5086.0
weibo_gadbench,hgb_attributes,1.0,0.9,exposure,0,0.1808182977886833,0.7603434343434343,186.14000000000001,1.0,509.0,5081.0
weibo_gadbench,hgb_attributes,1.0,0.9,exposure,1,0.18505242322987192,0.7762871794871794,188.74,1.0,509.0,5089.0
weibo_gadbench,hgb_attributes,1.0,0.9,exposure,2,0.2032124758899609,0.7876307692307691,196.01600000000002,1.0,509.0,5088.0
weibo_gadbench,hgb_attributes,1.0,0.9,exposure,3,0.22346070808774426,0.8194343434343436,210.88000000000002,1.0,509.0,5081.0
weibo_gadbench,hgb_attributes,1.0,0.9,exposure,4,0.16621181336242605,0.764225641025641,180.576,1.0,509.0,5089.0
weibo_gadbench,hgb_attributes,1.0,0.9,exposure,5,0.18849083519505788,0.80602,200.48,1.0,508.0,5074.0
weibo_gadbench,hgb_attributes,1.0,0.9,exposure,6,0.15006235264997717,0.6816580310880829,156.99200000000002,1.0,510.0,5094.0
weibo_gadbench,hgb_attributes,1.0,0.9,exposure,7,0.17186529914766674,0.7629591836734694,182.45999999999998,1.0,509.0,5085.0
weibo_gadbench,hgb_attributes,1.0,0.9,exposure,8,0.18366930041854165,0.8207010309278349,196.772,1.0,510.0,5091.0
weibo_gadbench,hgb_attributes,1.0,0.9,exposure,9,0.1999484134282114,0.7928979591836735,197.06,1.0,509.0,5086.0
weibo_gadbench,hgb_attributes,1.0,0.9,random,0,0.07636227092213274,0.5769898989898989,125.39200000000001,1.0,509.0,5081.0
weibo_gadbench,hgb_attributes,1.0,0.9,random,1,0.08166117873569169,0.6337435897435897,135.572,1.0,509.0,5089.0
weibo_gadbench,hgb_attributes,1.0,0.9,random,2,0.08299786467461874,0.5511589743589743,118.824,1.0,509.0,5088.0
weibo_gadbench,hgb_attributes,1.0,0.9,random,3,0.08192204865142282,0.6129494949494949,133.268,0.9879999999999999,509.0,5081.0
weibo_gadbench,hgb_attributes,1.0,0.9,random,4,0.0813201677732072,0.6411076923076923,136.844,1.0,509.0,5089.0
weibo_gadbench,hgb_attributes,1.0,0.9,random,5,0.08604591497329345,0.68538,151.0,1.0,508.0,5074.0
weibo_gadbench,hgb_attributes,1.0,0.9,random,6,0.09978618542842414,0.6356476683937824,137.28,1.0,510.0,5094.0
weibo_gadbench,hgb_attributes,1.0,0.9,random,7,0.08790852123262166,0.6080204081632654,132.10399999999998,0.992,509.0,5085.0
weibo_gadbench,hgb_attributes,1.0,0.9,random,8,0.08936276000262425,0.6916701030927834,148.504,1.0,510.0,5091.0
weibo_gadbench,hgb_attributes,1.0,0.9,random,9,0.0869444574330166,0.6851632653061224,147.928,1.0,509.0,5086.0
weibo_gadbench,hgb_attributes,1.0,0.97,exposure,0,0.1444126944063276,0.6001616161616161,149.452,0.8,153.0,5081.0
weibo_gadbench,hgb_attributes,1.0,0.97,exposure,1,0.15511173455336164,0.6363076923076922,158.352,0.836,153.0,5089.0
weibo_gadbench,hgb_attributes,1.0,0.97,exposure,2,0.16048662346345877,0.6285128205128204,158.068,0.812,153.0,5088.0
weibo_gadbench,hgb_attributes,1.0,0.97,exposure,3,0.18455475764616136,0.752909090909091,188.512,0.9719999999999999,153.0,5081.0
weibo_gadbench,hgb_attributes,1.0,0.97,exposure,4,0.14411572573323975,0.7074666666666666,166.244,0.9560000000000001,153.0,5089.0
weibo_gadbench,hgb_attributes,1.0,0.97,exposure,5,0.14331378468938763,0.69386,169.464,0.9119999999999999,153.0,5074.0
weibo_gadbench,hgb_attributes,1.0,0.97,exposure,6,0.11460826359528764,0.5224455958549223,121.56800000000001,0.76,153.0,5094.0
weibo_gadbench,hgb_attributes,1.0,0.97,exposure,7,0.13477259920426707,0.6261020408163265,149.39600000000002,0.86,153.0,5085.0
weibo_gadbench,hgb_attributes,1.0,0.97,exposure,8,0.14762828213654183,0.7744123711340206,179.368,1.0,153.0,5091.0
weibo_gadbench,hgb_attributes,1.0,0.97,exposure,9,0.1678249826020994,0.7447755102040816,182.536,0.9719999999999999,153.0,5086.0
weibo_gadbench,hgb_attributes,1.0,0.97,random,0,0.060376445375108924,0.3236767676767677,74.484,0.4720000000000001,153.0,5081.0
weibo_gadbench,hgb_attributes,1.0,0.97,random,1,0.06029899444079532,0.37314871794871796,82.4,0.544,153.0,5089.0
weibo_gadbench,hgb_attributes,1.0,0.97,random,2,0.05737301291033161,0.29052307692307694,66.212,0.42400000000000004,153.0,5088.0
weibo_gadbench,hgb_attributes,1.0,0.97,random,3,0.06274637540371004,0.4140606060606061,91.97999999999999,0.62,153.0,5081.0
weibo_gadbench,hgb_attributes,1.0,0.97,random,4,0.06405777827824141,0.42332307692307697,92.94,0.616,153.0,5089.0
weibo_gadbench,hgb_attributes,1.0,0.97,random,5,0.06465814624683615,0.46404000000000006,104.03600000000002,0.6639999999999999,153.0,5074.0
weibo_gadbench,hgb_attributes,1.0,0.97,random,6,0.07390637503899888,0.39282901554404137,87.59200000000001,0.592,153.0,5094.0
weibo_gadbench,hgb_attributes,1.0,0.97,random,7,0.057594310748342724,0.3290408163265306,73.76,0.48,153.0,5085.0
weibo_gadbench,hgb_attributes,1.0,0.97,random,8,0.073973760496046,0.5395670103092783,116.99600000000001,0.756,153.0,5091.0
weibo_gadbench,hgb_attributes,1.0,0.97,random,9,0.07151651063092644,0.5224081632653061,114.17999999999999,0.744,153.0,5086.0
weibo_gadbench,hgb_graph_features,0.25,0.0,exposure,0,0.0837474082062159,0.8393939393939395,181.4,1.0,1265.2,1265.2
weibo_gadbench,hgb_graph_features,0.25,0.0,exposure,1,0.09759375116706216,0.8369230769230768,181.4,1.0,1276.0,1276.0
weibo_gadbench,hgb_graph_features,0.25,0.0,exposure,2,0.09187515935644017,0.8051282051282052,174.2,1.0,1287.0,1287.0
weibo_gadbench,hgb_graph_features,0.25,0.0,exposure,3,0.10702712539311529,0.8434343434343434,187.2,1.0,1292.0,1292.0
weibo_gadbench,hgb_graph_features,0.25,0.0,exposure,4,0.07602396114829711,0.8687179487179486,183.6,1.0,1255.8,1255.8
weibo_gadbench,hgb_graph_features,0.25,0.0,exposure,5,0.09684924126784591,0.834,186.4,1.0,1243.8,1243.8
weibo_gadbench,hgb_graph_features,0.25,0.0,exposure,6,0.09435885361644665,0.8196891191709845,175.4,1.0,1274.0,1274.0
weibo_gadbench,hgb_graph_features,0.25,0.0,exposure,7,0.08766914453170949,0.8755102040816327,188.4,1.0,1265.8,1265.8
weibo_gadbench,hgb_graph_features,0.25,0.0,exposure,8,0.09142214793389473,0.8329896907216495,178.0,1.0,1284.6,1284.6
weibo_gadbench,hgb_graph_features,0.25,0.0,exposure,9,0.1165206623499285,0.8979591836734693,199.4,1.0,1234.8,1234.8
weibo_gadbench,hgb_graph_features,0.25,0.0,random,0,0.0837474082062159,0.8393939393939395,181.4,1.0,1265.2,1265.2
weibo_gadbench,hgb_graph_features,0.25,0.0,random,1,0.09759375116706216,0.8369230769230768,181.4,1.0,1276.0,1276.0
weibo_gadbench,hgb_graph_features,0.25,0.0,random,2,0.09187515935644017,0.8051282051282052,174.2,1.0,1287.0,1287.0
weibo_gadbench,hgb_graph_features,0.25,0.0,random,3,0.10702712539311529,0.8434343434343434,187.2,1.0,1292.0,1292.0
weibo_gadbench,hgb_graph_features,0.25,0.0,random,4,0.07602396114829711,0.8687179487179486,183.6,1.0,1255.8,1255.8
weibo_gadbench,hgb_graph_features,0.25,0.0,random,5,0.09684924126784591,0.834,186.4,1.0,1243.8,1243.8
weibo_gadbench,hgb_graph_features,0.25,0.0,random,6,0.09435885361644665,0.8196891191709845,175.4,1.0,1274.0,1274.0
weibo_gadbench,hgb_graph_features,0.25,0.0,random,7,0.08766914453170949,0.8755102040816327,188.4,1.0,1265.8,1265.8
weibo_gadbench,hgb_graph_features,0.25,0.0,random,8,0.09142214793389473,0.8329896907216495,178.0,1.0,1284.6,1284.6
weibo_gadbench,hgb_graph_features,0.25,0.0,random,9,0.1165206623499285,0.8979591836734693,199.4,1.0,1234.8,1234.8
weibo_gadbench,hgb_graph_features,0.25,0.05,exposure,0,0.23095160820420874,0.9565656565656566,246.6,1.0,1202.6,1265.2
weibo_gadbench,hgb_graph_features,0.25,0.05,exposure,1,0.24425010099208508,0.962051282051282,248.6,1.0,1212.8,1276.0
weibo_gadbench,hgb_graph_features,0.25,0.05,exposure,2,0.2533892301775082,0.9733333333333333,254.652,1.0,1223.2,1287.0
weibo_gadbench,hgb_graph_features,0.25,0.05,exposure,3,0.2742317712687632,0.9626262626262626,263.2,1.0,1227.6,1292.0
weibo_gadbench,hgb_graph_features,0.25,0.05,exposure,4,0.2346707620668858,0.9712820512820513,247.6,1.0,1193.4,1255.8
weibo_gadbench,hgb_graph_features,0.25,0.05,exposure,5,0.2603760477122929,0.952,259.2,1.0,1182.0,1243.8
weibo_gadbench,hgb_graph_features,0.25,0.05,exposure,6,0.2838508437401216,0.9761658031088084,263.96,1.0,1210.8,1274.0
weibo_gadbench,hgb_graph_features,0.25,0.05,exposure,7,0.21960796990545273,0.9693877551020409,244.0,1.0,1203.0,1265.8
weibo_gadbench,hgb_graph_features,0.25,0.05,exposure,8,0.2605546024878408,0.9762886597938143,256.2,1.0,1221.0,1284.6
weibo_gadbench,hgb_graph_features,0.25,0.05,exposure,9,0.24031349576373023,0.9724489795918367,252.0,1.0,1173.6,1234.8
weibo_gadbench,hgb_graph_features,0.25,0.05,random,0,0.08408324015363544,0.8410707070707073,181.828,1.0,1202.6,1265.2
weibo_gadbench,hgb_graph_features,0.25,0.05,random,1,0.09891922266785338,0.8345846153846154,181.2,1.0,1212.8,1276.0
weibo_gadbench,hgb_graph_features,0.25,0.05,random,2,0.09303812104703375,0.8027076923076922,173.964,1.0,1223.2,1287.0
weibo_gadbench,hgb_graph_features,0.25,0.05,random,3,0.10877940392394578,0.8376565656565657,186.404,1.0,1227.6,1292.0
weibo_gadbench,hgb_graph_features,0.25,0.05,random,4,0.07504281738934553,0.8705025641025641,183.768,1.0,1193.4,1255.8
weibo_gadbench,hgb_graph_features,0.25,0.05,random,5,0.10102181313779875,0.8417600000000001,189.04000000000002,1.0,1182.0,1243.8
weibo_gadbench,hgb_graph_features,0.25,0.05,random,6,0.09493697597520342,0.8223834196891193,176.152,1.0,1210.8,1274.0
weibo_gadbench,hgb_graph_features,0.25,0.05,random,7,0.08742438499279534,0.8759387755102039,188.484,1.0,1203.0,1265.8
weibo_gadbench,hgb_graph_features,0.25,0.05,random,8,0.09047443673578992,0.8330927835051545,177.936,1.0,1221.0,1284.6
weibo_gadbench,hgb_graph_features,0.25,0.05,random,9,0.11796573108144397,0.8989795918367346,199.956,1.0,1173.6,1234.8
weibo_gadbench,hgb_graph_features,0.25,0.1,exposure,0,0.2334161223183273,0.9565656565656566,247.6,1.0,1139.2,1265.2
weibo_gadbench,hgb_graph_features,0.25,0.1,exposure,1,0.2479114483227002,0.9604923076923078,249.7,1.0,1149.0,1276.0
weibo_gadbench,hgb_graph_features,0.25,0.1,exposure,2,0.27569512513563305,0.9774358974358973,263.6,1.0,1158.8,1287.0
weibo_gadbench,hgb_graph_features,0.25,0.1,exposure,3,0.2871989868416599,0.9666666666666666,269.0,1.0,1163.2,1292.0
weibo_gadbench,hgb_graph_features,0.25,0.1,exposure,4,0.2525057630146699,0.9733333333333333,254.2,1.0,1130.6,1255.8
weibo_gadbench,hgb_graph_features,0.25,0.1,exposure,5,0.2652049386143881,0.9540000000000001,260.8,1.0,1119.8,1243.8
weibo_gadbench,hgb_graph_features,0.25,0.1,exposure,6,0.28967111926591815,0.9772020725388602,266.4,1.0,1147.2,1274.0
weibo_gadbench,hgb_graph_features,0.25,0.1,exposure,7,0.21568088888133224,0.9693877551020409,242.8,1.0,1139.6,1265.8
weibo_gadbench,hgb_graph_features,0.25,0.1,exposure,8,0.26806237027905977,0.9762886597938143,258.98400000000004,1.0,1156.6,1284.6
weibo_gadbench,hgb_graph_features,0.25,0.1,exposure,9,0.24925750877103453,0.9734693877551021,255.8,1.0,1111.8,1234.8
weibo_gadbench,hgb_graph_features,0.25,0.1,random,0,0.08444282119539899,0.8383030303030303,181.324,1.0,1139.2,1265.2
weibo_gadbench,hgb_graph_features,0.25,0.1,random,1,0.09367628035748803,0.8217641025641026,177.84,1.0,1149.0,1276.0
weibo_gadbench,hgb_graph_features,0.25,0.1,random,2,0.09269958959269309,0.8076717948717949,174.81199999999998,1.0,1158.8,1287.0
weibo_gadbench,hgb_graph_features,0.25,0.1,random,3,0.10954464862634694,0.8347272727272728,186.04000000000002,1.0,1163.2,1292.0
weibo_gadbench,hgb_graph_features,0.25,0.1,random,4,0.07473809970488657,0.869702564102564,183.544,1.0,1130.6,1255.8
weibo_gadbench,hgb_graph_features,0.25,0.1,random,5,0.09807460051563903,0.83934,187.732,1.0,1119.8,1243.8
weibo_gadbench,hgb_graph_features,0.25,0.1,random,6,0.08737363075885726,0.8152953367875648,173.24,1.0,1147.2,1274.0
weibo_gadbench,hgb_graph_features,0.25,0.1,random,7,0.086652268512219,0.8738979591836735,187.88,1.0,1139.6,1265.8
weibo_gadbench,hgb_graph_features,0.25,0.1,random,8,0.09139911198216501,0.8352164948453608,178.576,1.0,1156.6,1284.6
weibo_gadbench,hgb_graph_features,0.25,0.1,random,9,0.11726334703536549,0.8971428571428571,199.38400000000001,1.0,1111.8,1234.8
weibo_gadbench,hgb_graph_features,0.25,0.2,exposure,0,0.22689350314373896,0.9516161616161615,244.16,1.0,1012.6,1265.2
weibo_gadbench,hgb_graph_features,0.25,0.2,exposure,1,0.24347677035496754,0.9571692307692308,247.408,1.0,1021.4,1276.0
weibo_gadbench,hgb_graph_features,0.25,0.2,exposure,2,0.27364821233059095,0.9771076923076922,262.788,1.0,1030.2,1287.0
weibo_gadbench,hgb_graph_features,0.25,0.2,exposure,3,0.28790076244762147,0.9627676767676767,268.372,1.0,1034.0,1292.0
weibo_gadbench,hgb_graph_features,0.25,0.2,exposure,4,0.2476686620614393,0.9733333333333333,252.51999999999998,1.0,1005.0,1255.8
weibo_gadbench,hgb_graph_features,0.25,0.2,exposure,5,0.25492396045318777,0.95304,257.116,1.0,995.4,1243.8
weibo_gadbench,hgb_graph_features,0.25,0.2,exposure,6,0.2871522451811707,0.9768497409326425,265.264,1.0,1019.8,1274.0
weibo_gadbench,hgb_graph_features,0.25,0.2,exposure,7,0.21440495741219623,0.9663673469387755,241.84,1.0,1013.2,1265.8
weibo_gadbench,hgb_graph_features,0.25,0.2,exposure,8,0.26470461591610334,0.9755463917525772,257.712,1.0,1028.0,1284.6
weibo_gadbench,hgb_graph_features,0.25,0.2,exposure,9,0.2458835522362565,0.9726938775510204,254.28400000000002,1.0,988.4,1234.8
weibo_gadbench,hgb_graph_features,0.25,0.2,random,0,0.08512440192031916,0.8395757575757576,181.784,1.0,1012.6,1265.2
weibo_gadbench,hgb_graph_features,0.25,0.2,random,1,0.09506977704978647,0.8195282051282051,178.02,1.0,1021.4,1276.0
weibo_gadbench,hgb_graph_features,0.25,0.2,random,2,0.08917217733929943,0.7998974358974359,172.54000000000002,1.0,1030.2,1287.0
weibo_gadbench,hgb_graph_features,0.25,0.2,random,3,0.10798096801261108,0.8336161616161617,185.55599999999998,1.0,1034.0,1292.0
weibo_gadbench,hgb_graph_features,0.25,0.2,random,4,0.07432641684544461,0.8678564102564102,183.108,1.0,1005.0,1255.8
weibo_gadbench,hgb_graph_features,0.25,0.2,random,5,0.10008388157471951,0.84148,188.68800000000002,1.0,995.4,1243.8
weibo_gadbench,hgb_graph_features,0.25,0.2,random,6,0.08630550440657334,0.8107564766839378,172.168,1.0,1019.8,1274.0
weibo_gadbench,hgb_graph_features,0.25,0.2,random,7,0.08584279628033802,0.871265306122449,187.21200000000002,1.0,1013.2,1265.8
weibo_gadbench,hgb_graph_features,0.25,0.2,random,8,0.0900146798397031,0.8279793814432989,176.89600000000002,1.0,1028.0,1284.6
weibo_gadbench,hgb_graph_features,0.25,0.2,random,9,0.11629843354528453,0.8921632653061223,198.152,1.0,988.4,1234.8
weibo_gadbench,hgb_graph_features,0.25,0.4,exposure,0,0.22207366118291505,0.951030303030303,242.708,1.0,759.6,1265.2
weibo_gadbench,hgb_graph_features,0.25,0.4,exposure,1,0.23699636130168508,0.9547897435897437,245.248,1.0,766.2,1276.0
weibo_gadbench,hgb_graph_features,0.25,0.4,exposure,2,0.27158312538656765,0.9773743589743589,262.248,1.0,772.6,1287.0
weibo_gadbench,hgb_graph_features,0.25,0.4,exposure,3,0.28110375483067995,0.9623838383838382,266.172,1.0,775.8,1292.0
weibo_gadbench,hgb_graph_features,0.25,0.4,exposure,4,0.24025579593908017,0.9726974358974358,250.348,1.0,753.8,1255.8
weibo_gadbench,hgb_graph_features,0.25,0.4,exposure,5,0.25390800104138844,0.9516600000000001,256.352,1.0,746.8,1243.8
weibo_gadbench,hgb_graph_features,0.25,0.4,exposure,6,0.2842837820129299,0.9764145077720208,264.144,1.0,764.8,1274.0
weibo_gadbench,hgb_graph_features,0.25,0.4,exposure,7,0.21206527017638735,0.963673469387755,240.648,1.0,760.0,1265.8
weibo_gadbench,hgb_graph_features,0.25,0.4,exposure,8,0.2591882719733743,0.9741649484536081,255.712,1.0,771.0,1284.6
weibo_gadbench,hgb_graph_features,0.25,0.4,exposure,9,0.24730056926236635,0.9710408163265306,254.56800000000004,1.0,741.2,1234.8
weibo_gadbench,hgb_graph_features,0.25,0.4,random,0,0.08244698704658912,0.8304646464646466,179.54000000000002,1.0,759.6,1265.2
weibo_gadbench,hgb_graph_features,0.25,0.4,random,1,0.09616798964772257,0.8186666666666665,178.392,1.0,766.2,1276.0
weibo_gadbench,hgb_graph_features,0.25,0.4,random,2,0.08634745296111741,0.7900717948717948,170.11599999999999,1.0,772.6,1287.0
weibo_gadbench,hgb_graph_features,0.25,0.4,random,3,0.10120226075543451,0.8194949494949494,181.336,1.0,775.8,1292.0
weibo_gadbench,hgb_graph_features,0.25,0.4,random,4,0.07446455609688454,0.8634461538461539,182.35999999999999,1.0,753.8,1255.8
weibo_gadbench,hgb_graph_features,0.25,0.4,random,5,0.1008074193261779,0.83772,188.16,1.0,746.8,1243.8
weibo_gadbench,hgb_graph_features,0.25,0.4,random,6,0.08398125622660928,0.8042487046632125,170.476,1.0,764.8,1274.0
weibo_gadbench,hgb_graph_features,0.25,0.4,random,7,0.08232983041479502,0.8645918367346939,185.18800000000002,1.0,760.0,1265.8
weibo_gadbench,hgb_graph_features,0.25,0.4,random,8,0.08837366278312993,0.8132783505154639,173.816,1.0,771.0,1284.6
weibo_gadbench,hgb_graph_features,0.25,0.4,random,9,0.11252451784455705,0.8783469387755101,194.456,1.0,741.2,1234.8
weibo_gadbench,hgb_graph_features,0.25,0.6,exposure,0,0.21404872247028212,0.9484444444444444,240.012,1.0,506.4,1265.2
weibo_gadbench,hgb_graph_features,0.25,0.6,exposure,1,0.23410839071254377,0.951425641025641,243.808,1.0,510.8,1276.0
weibo_gadbench,hgb_graph_features,0.25,0.6,exposure,2,0.26789404158391894,0.9767794871794871,261.148,1.0,515.2,1287.0
weibo_gadbench,hgb_graph_features,0.25,0.6,exposure,3,0.27989156962956974,0.9612727272727273,265.672,1.0,517.2,1292.0
weibo_gadbench,hgb_graph_features,0.25,0.6,exposure,4,0.23024135512417937,0.968348717948718,246.808,1.0,502.6,1255.8
weibo_gadbench,hgb_graph_features,0.25,0.6,exposure,5,0.2482146401110501,0.9492,254.17200000000003,1.0,498.0,1243.8
weibo_gadbench,hgb_graph_features,0.25,0.6,exposure,6,0.2794143470399123,0.9760621761658032,262.384,1.0,510.2,1274.0
weibo_gadbench,hgb_graph_features,0.25,0.6,exposure,7,0.21127911300694632,0.9609183673469388,240.148,1.0,506.8,1265.8
weibo_gadbench,hgb_graph_features,0.25,0.6,exposure,8,0.2577836075376444,0.9706391752577319,254.608,1.0,514.4,1284.6
weibo_gadbench,hgb_graph_features,0.25,0.6,exposure,9,0.24832132581748967,0.9684081632653061,254.74,1.0,494.4,1234.8
weibo_gadbench,hgb_graph_features,0.25,0.6,random,0,0.077106640597034,0.7972525252525252,171.8,1.0,506.4,1265.2
weibo_gadbench,hgb_graph_features,0.25,0.6,random,1,0.09486641976632555,0.8073230769230768,176.00799999999998,1.0,510.8,1276.0
weibo_gadbench,hgb_graph_features,0.25,0.6,random,2,0.08090534513924849,0.7711794871794871,165.356,1.0,515.2,1287.0
weibo_gadbench,hgb_graph_features,0.25,0.6,random,3,0.08967672564138628,0.7713333333333334,169.496,0.976,517.2,1292.0
weibo_gadbench,hgb_graph_features,0.25,0.6,random,4,0.07442224728435891,0.849230769230769,179.808,1.0,502.6,1255.8
weibo_gadbench,hgb_graph_features,0.25,0.6,random,5,0.09674744219944945,0.82186,184.024,1.0,498.0,1243.8
weibo_gadbench,hgb_graph_features,0.25,0.6,random,6,0.07823187702002109,0.786238341968912,165.85999999999999,1.0,510.2,1274.0
weibo_gadbench,hgb_graph_features,0.25,0.6,random,7,0.08133842024158783,0.8614285714285714,184.44,1.0,506.8,1265.8
weibo_gadbench,hgb_graph_features,0.25,0.6,random,8,0.08968841773692024,0.8036288659793815,172.296,1.0,514.4,1284.6
weibo_gadbench,hgb_graph_features,0.25,0.6,random,9,0.10905191649597283,0.8609387755102041,190.4,1.0,494.4,1234.8
weibo_gadbench,hgb_graph_features,0.25,0.8,exposure,0,0.20192452961607685,0.9394141414141414,234.904,1.0,253.4,1265.2
weibo_gadbench,hgb_graph_features,0.25,0.8,exposure,1,0.22358903231043548,0.941025641025641,239.33199999999997,1.0,255.6,1276.0
weibo_gadbench,hgb_graph_features,0.25,0.8,exposure,2,0.2483473663143317,0.9549743589743589,251.964,1.0,257.6,1287.0
weibo_gadbench,hgb_graph_features,0.25,0.8,exposure,3,0.26676777010806274,0.9552525252525251,260.264,1.0,259.0,1292.0
weibo_gadbench,hgb_graph_features,0.25,0.8,exposure,4,0.20338024185786074,0.9385435897435898,234.02399999999997,0.9879999999999999,251.4,1255.8
weibo_gadbench,hgb_graph_features,0.25,0.8,exposure,5,0.23304060696733236,0.9375200000000001,247.908,1.0,249.4,1243.8
weibo_gadbench,hgb_graph_features,0.25,0.8,exposure,6,0.26563067988417316,0.970901554404145,256.9,1.0,255.2,1274.0
weibo_gadbench,hgb_graph_features,0.25,0.8,exposure,7,0.19845281786041755,0.9502857142857144,234.64000000000001,1.0,253.6,1265.8
weibo_gadbench,hgb_graph_features,0.25,0.8,exposure,8,0.23135966512409242,0.9499381443298969,242.68399999999997,1.0,257.4,1284.6
weibo_gadbench,hgb_graph_features,0.25,0.8,exposure,9,0.2419730325032173,0.9598163265306123,251.724,1.0,247.2,1234.8
weibo_gadbench,hgb_graph_features,0.25,0.8,random,0,0.0720024255079557,0.7064242424242424,153.32,0.9039999999999999,253.4,1265.2
weibo_gadbench,hgb_graph_features,0.25,0.8,random,1,0.09060388622928156,0.762625641025641,166.812,0.9640000000000001,255.6,1276.0
weibo_gadbench,hgb_graph_features,0.25,0.8,random,2,0.06957079217826981,0.688225641025641,147.112,0.892,257.6,1287.0
weibo_gadbench,hgb_graph_features,0.25,0.8,random,3,0.08235574618963311,0.7045050505050504,155.296,0.916,259.0,1292.0
weibo_gadbench,hgb_graph_features,0.25,0.8,random,4,0.06695917285779594,0.7661948717948717,162.54000000000002,0.9279999999999999,251.4,1255.8
weibo_gadbench,hgb_graph_features,0.25,0.8,random,5,0.09190172176743025,0.77622,174.432,1.0,249.4,1243.8
weibo_gadbench,hgb_graph_features,0.25,0.8,random,6,0.06530820116983858,0.686860103626943,144.388,0.9199999999999999,255.2,1274.0
weibo_gadbench,hgb_graph_features,0.25,0.8,random,7,0.0687391004554225,0.7897551020408163,167.872,0.9719999999999999,253.6,1265.8
weibo_gadbench,hgb_graph_features,0.25,0.8,random,8,0.08078544648416502,0.7357525773195877,157.372,0.9640000000000001,257.4,1284.6
weibo_gadbench,hgb_graph_features,0.25,0.8,random,9,0.09724226863794777,0.7595918367346939,168.904,0.9,247.2,1234.8
weibo_gadbench,hgb_graph_features,0.25,0.9,exposure,0,0.15758837582029686,0.8655353535353536,207.956,0.944,127.0,1265.2
weibo_gadbench,hgb_graph_features,0.25,0.9,exposure,1,0.1944024493693115,0.9122051282051281,225.92800000000003,1.0,128.0,1276.0
weibo_gadbench,hgb_graph_features,0.25,0.9,exposure,2,0.19977272972388255,0.8293538461538462,214.544,0.8800000000000001,129.0,1287.0
weibo_gadbench,hgb_graph_features,0.25,0.9,exposure,3,0.23392884483997411,0.9028282828282828,240.83999999999997,0.9640000000000001,129.8,1292.0
weibo_gadbench,hgb_graph_features,0.25,0.9,exposure,4,0.15825037544736267,0.8383179487179488,203.78,0.908,126.0,1255.8
weibo_gadbench,hgb_graph_features,0.25,0.9,exposure,5,0.18517921066497417,0.8414400000000001,216.336,0.924,125.0,1243.8
weibo_gadbench,hgb_graph_features,0.25,0.9,exposure,6,0.2207678531807033,0.9236891191709844,235.05599999999998,0.984,127.8,1274.0
weibo_gadbench,hgb_graph_features,0.25,0.9,exposure,7,0.14797732476903325,0.9142653061224489,213.64000000000001,1.0,127.2,1265.8
weibo_gadbench,hgb_graph_features,0.25,0.9,exposure,8,0.17437892487378442,0.8059587628865981,199.188,0.86,128.8,1284.6
weibo_gadbench,hgb_graph_features,0.25,0.9,exposure,9,0.19361161038227187,0.875,222.78000000000003,0.9359999999999999,123.8,1234.8
weibo_gadbench,hgb_graph_features,0.25,0.9,random,0,0.057927116221394105,0.5065454545454546,111.516,0.6,127.0,1265.2
weibo_gadbench,hgb_graph_features,0.25,0.9,random,1,0.07321981984101147,0.5737230769230769,126.34400000000001,0.6799999999999999,128.0,1276.0
weibo_gadbench,hgb_graph_features,0.25,0.9,random,2,0.061450004050852124,0.47983589743589744,106.00399999999999,0.564,129.0,1287.0
weibo_gadbench,hgb_graph_features,0.25,0.9,random,3,0.06935491351931287,0.5156363636363637,115.728,0.62,129.8,1292.0
weibo_gadbench,hgb_graph_features,0.25,0.9,random,4,0.059470171573118805,0.576328205128205,124.92,0.6679999999999999,126.0,1255.8
weibo_gadbench,hgb_graph_features,0.25,0.9,random,5,0.0751424891916066,0.56444,128.796,0.6719999999999999,125.0,1243.8
weibo_gadbench,hgb_graph_features,0.25,0.9,random,6,0.055205788150071856,0.4601658031088084,99.28,0.548,127.8,1274.0
weibo_gadbench,hgb_graph_features,0.25,0.9,random,7,0.05321014125795681,0.593469387755102,126.68400000000001,0.7,127.2,1265.8
weibo_gadbench,hgb_graph_features,0.25,0.9,random,8,0.06674978812357729,0.5158969072164948,113.28800000000001,0.608,128.8,1284.6
weibo_gadbench,hgb_graph_features,0.25,0.9,random,9,0.08178458091887417,0.5847142857142857,131.856,0.6679999999999999,123.8,1234.8
weibo_gadbench,hgb_graph_features,0.25,0.97,exposure,0,0.002301724137931035,0.00397979797979798,1.8559999999999999,0.004,38.6,1265.2
weibo_gadbench,hgb_graph_features,0.25,0.97,exposure,1,0.004874354478418562,0.008,4.004,0.008,38.8,1276.0
weibo_gadbench,hgb_graph_features,0.25,0.97,exposure,2,0.0078116736946400285,0.012,6.94,0.012,39.2,1287.0
weibo_gadbench,hgb_graph_features,0.25,0.97,exposure,3,0.010031187318676475,0.01593939393939394,8.496,0.016,39.4,1292.0
weibo_gadbench,hgb_graph_features,0.25,0.97,exposure,4,0.0077306541825365015,0.011917948717948717,6.539999999999999,0.012,38.0,1255.8
weibo_gadbench,hgb_graph_features,0.25,0.97,exposure,5,0.0,0.0,0.0,0.0,37.8,1243.8
weibo_gadbench,hgb_graph_features,0.25,0.97,exposure,6,0.005236972114647332,0.007958549222797926,4.448,0.008,39.0,1274.0
weibo_gadbench,hgb_graph_features,0.25,0.97,exposure,7,0.0072096565382444005,0.01195918367346939,5.872,0.012,38.4,1265.8
weibo_gadbench,hgb_graph_features,0.25,0.97,exposure,8,0.0,0.0,0.0,0.0,39.2,1284.6
weibo_gadbench,hgb_graph_features,0.25,0.97,exposure,9,0.005432875100625426,0.007979591836734695,5.0920000000000005,0.008,37.6,1234.8
weibo_gadbench,hgb_graph_features,0.25,0.97,random,0,0.0,0.0,0.0,0.0,38.6,1265.2
weibo_gadbench,hgb_graph_features,0.25,0.97,random,1,0.0,0.0,0.0,0.0,38.8,1276.0
weibo_gadbench,hgb_graph_features,0.25,0.97,random,2,0.0,0.0,0.0,0.0,39.2,1287.0
weibo_gadbench,hgb_graph_features,0.25,0.97,random,3,0.0,0.0,0.0,0.0,39.4,1292.0
weibo_gadbench,hgb_graph_features,0.25,0.97,random,4,0.0,0.0,0.0,0.0,38.0,1255.8
weibo_gadbench,hgb_graph_features,0.25,0.97,random,5,0.0,0.0,0.0,0.0,37.8,1243.8
weibo_gadbench,hgb_graph_features,0.25,0.97,random,6,0.0,0.0,0.0,0.0,39.0,1274.0
weibo_gadbench,hgb_graph_features,0.25,0.97,random,7,0.0,0.0,0.0,0.0,38.4,1265.8
weibo_gadbench,hgb_graph_features,0.25,0.97,random,8,0.0,0.0,0.0,0.0,39.2,1284.6
weibo_gadbench,hgb_graph_features,0.25,0.97,random,9,0.0,0.0,0.0,0.0,37.6,1234.8
weibo_gadbench,hgb_graph_features,0.5,0.0,exposure,0,0.07865997824061109,0.8232323232323232,177.0,1.0,2569.4,2569.4
weibo_gadbench,hgb_graph_features,0.5,0.0,exposure,1,0.09811101038453961,0.8338461538461537,180.6,1.0,2563.4,2563.4
weibo_gadbench,hgb_graph_features,0.5,0.0,exposure,2,0.0915931896332183,0.8358974358974358,179.8,1.0,2576.6,2576.6
weibo_gadbench,hgb_graph_features,0.5,0.0,exposure,3,0.09450586070528655,0.8131313131313131,178.2,1.0,2557.4,2557.4
weibo_gadbench,hgb_graph_features,0.5,0.0,exposure,4,0.06948044170987393,0.8635897435897437,181.2,1.0,2523.0,2523.0
weibo_gadbench,hgb_graph_features,0.5,0.0,exposure,5,0.09335525512840233,0.8409999999999999,186.2,1.0,2494.6,2494.6
weibo_gadbench,hgb_graph_features,0.5,0.0,exposure,6,0.0915424977174313,0.8383419689119173,178.6,1.0,2559.6,2559.6
weibo_gadbench,hgb_graph_features,0.5,0.0,exposure,7,0.0887056378745594,0.8765306122448978,188.8,1.0,2539.2,2539.2
weibo_gadbench,hgb_graph_features,0.5,0.0,exposure,8,0.10081169849808884,0.8608247422680412,185.8,1.0,2549.0,2549.0
weibo_gadbench,hgb_graph_features,0.5,0.0,exposure,9,0.09757116911484268,0.8734693877551021,189.8,1.0,2516.0,2516.0
weibo_gadbench,hgb_graph_features,0.5,0.0,random,0,0.07865997824061109,0.8232323232323232,177.0,1.0,2569.4,2569.4
weibo_gadbench,hgb_graph_features,0.5,0.0,random,1,0.09811101038453961,0.8338461538461537,180.6,1.0,2563.4,2563.4
weibo_gadbench,hgb_graph_features,0.5,0.0,random,2,0.0915931896332183,0.8358974358974358,179.8,1.0,2576.6,2576.6
weibo_gadbench,hgb_graph_features,0.5,0.0,random,3,0.09450586070528655,0.8131313131313131,178.2,1.0,2557.4,2557.4
weibo_gadbench,hgb_graph_features,0.5,0.0,random,4,0.06948044170987393,0.8635897435897437,181.2,1.0,2523.0,2523.0
weibo_gadbench,hgb_graph_features,0.5,0.0,random,5,0.09335525512840233,0.8409999999999999,186.2,1.0,2494.6,2494.6
weibo_gadbench,hgb_graph_features,0.5,0.0,random,6,0.0915424977174313,0.8383419689119173,178.6,1.0,2559.6,2559.6
weibo_gadbench,hgb_graph_features,0.5,0.0,random,7,0.0887056378745594,0.8765306122448978,188.8,1.0,2539.2,2539.2
weibo_gadbench,hgb_graph_features,0.5,0.0,random,8,0.10081169849808884,0.8608247422680412,185.8,1.0,2549.0,2549.0
weibo_gadbench,hgb_graph_features,0.5,0.0,random,9,0.09757116911484268,0.8734693877551021,189.8,1.0,2516.0,2516.0
weibo_gadbench,hgb_graph_features,0.5,0.05,exposure,0,0.24329992867337263,0.9585858585858587,251.4,1.0,2441.4,2569.4
weibo_gadbench,hgb_graph_features,0.5,0.05,exposure,1,0.2601000381760971,0.9740717948717948,257.088,1.0,2435.8,2563.4
weibo_gadbench,hgb_graph_features,0.5,0.05,exposure,2,0.2657830428728546,0.9764102564102564,259.6,1.0,2448.0,2576.6
weibo_gadbench,hgb_graph_features,0.5,0.05,exposure,3,0.2752277050869769,0.9624646464646464,263.752,1.0,2430.0,2557.4
weibo_gadbench,hgb_graph_features,0.5,0.05,exposure,4,0.24364591935057037,0.9753846153846153,251.68,1.0,2397.4,2523.0
weibo_gadbench,hgb_graph_features,0.5,0.05,exposure,5,0.27613567462433164,0.9570000000000001,264.8,1.0,2370.2,2494.6
weibo_gadbench,hgb_graph_features,0.5,0.05,exposure,6,0.29549637400402784,0.9772020725388602,268.67600000000004,1.0,2432.0,2559.6
weibo_gadbench,hgb_graph_features,0.5,0.05,exposure,7,0.26030885513136554,0.9744897959183675,258.27200000000005,1.0,2412.8,2539.2
weibo_gadbench,hgb_graph_features,0.5,0.05,exposure,8,0.2636069139012912,0.9755876288659792,257.088,1.0,2422.0,2549.0
weibo_gadbench,hgb_graph_features,0.5,0.05,exposure,9,0.2755839482798554,0.9775510204081634,265.2,1.0,2390.8,2516.0
weibo_gadbench,hgb_graph_features,0.5,0.05,random,0,0.07908515715608147,0.8243434343434345,177.304,1.0,2441.4,2569.4
weibo_gadbench,hgb_graph_features,0.5,0.05,random,1,0.0961426032582812,0.8354871794871794,180.568,1.0,2435.8,2563.4
weibo_gadbench,hgb_graph_features,0.5,0.05,random,2,0.09098841016675134,0.8257435897435897,177.54000000000002,1.0,2448.0,2576.6
weibo_gadbench,hgb_graph_features,0.5,0.05,random,3,0.0961842795981529,0.8133535353535354,178.57999999999998,1.0,2430.0,2557.4
weibo_gadbench,hgb_graph_features,0.5,0.05,random,4,0.0712438110012417,0.8656820512820513,182.01600000000002,1.0,2397.4,2523.0
weibo_gadbench,hgb_graph_features,0.5,0.05,random,5,0.09662389373029387,0.8423200000000002,187.424,1.0,2370.2,2494.6
weibo_gadbench,hgb_graph_features,0.5,0.05,random,6,0.09174066185954652,0.8368290155440417,178.424,1.0,2432.0,2559.6
weibo_gadbench,hgb_graph_features,0.5,0.05,random,7,0.08802805006658113,0.8760408163265305,188.55599999999998,1.0,2412.8,2539.2
weibo_gadbench,hgb_graph_features,0.5,0.05,random,8,0.10222400748450977,0.8610103092783504,186.148,1.0,2422.0,2549.0
weibo_gadbench,hgb_graph_features,0.5,0.05,random,9,0.09795417858688842,0.8718367346938776,189.54000000000002,1.0,2390.8,2516.0
weibo_gadbench,hgb_graph_features,0.5,0.1,exposure,0,0.27009156433749804,0.9656565656565658,262.2,1.0,2313.0,2569.4
weibo_gadbench,hgb_graph_features,0.5,0.1,exposure,1,0.27421312882694804,0.9743589743589742,262.4,1.0,2307.6,2563.4
weibo_gadbench,hgb_graph_features,0.5,0.1,exposure,2,0.2960538774604252,0.9815384615384615,272.2,1.0,2319.4,2576.6
weibo_gadbench,hgb_graph_features,0.5,0.1,exposure,3,0.3214934159800639,0.9701616161616162,283.692,1.0,2302.0,2557.4
weibo_gadbench,hgb_graph_features,0.5,0.1,exposure,4,0.2727253218814143,0.9774358974358973,262.2,1.0,2271.2,2523.0
weibo_gadbench,hgb_graph_features,0.5,0.1,exposure,5,0.2827133637843429,0.959,267.8,1.0,2245.6,2494.6
weibo_gadbench,hgb_graph_features,0.5,0.1,exposure,6,0.31640214277857803,0.9792746113989637,277.4,1.0,2304.0,2559.6
weibo_gadbench,hgb_graph_features,0.5,0.1,exposure,7,0.267766569223988,0.9755102040816327,261.2,1.0,2285.6,2539.2
weibo_gadbench,hgb_graph_features,0.5,0.1,exposure,8,0.2923357217358128,0.9773195876288658,268.17600000000004,1.0,2294.6,2549.0
weibo_gadbench,hgb_graph_features,0.5,0.1,exposure,9,0.2955459039215292,0.9806122448979593,273.4,1.0,2265.0,2516.0
weibo_gadbench,hgb_graph_features,0.5,0.1,random,0,0.07981235924209766,0.8236565656565655,177.3,1.0,2313.0,2569.4
weibo_gadbench,hgb_graph_features,0.5,0.1,random,1,0.09698551826690287,0.8353846153846153,180.704,1.0,2307.6,2563.4
weibo_gadbench,hgb_graph_features,0.5,0.1,random,2,0.0903376233194891,0.8267897435897436,177.62,1.0,2319.4,2576.6
weibo_gadbench,hgb_graph_features,0.5,0.1,random,3,0.09713589985384034,0.8143232323232323,179.04000000000002,1.0,2302.0,2557.4
weibo_gadbench,hgb_graph_features,0.5,0.1,random,4,0.07046393983281055,0.8635692307692308,181.424,1.0,2271.2,2523.0
weibo_gadbench,hgb_graph_features,0.5,0.1,random,5,0.0954228345969208,0.8416600000000001,186.892,1.0,2245.6,2494.6
weibo_gadbench,hgb_graph_features,0.5,0.1,random,6,0.0924757434393055,0.8367875647668395,178.56,1.0,2304.0,2559.6
weibo_gadbench,hgb_graph_features,0.5,0.1,random,7,0.08788118738569667,0.8756530612244896,188.46800000000002,1.0,2285.6,2539.2
weibo_gadbench,hgb_graph_features,0.5,0.1,random,8,0.10211618816654353,0.8597938144329896,185.88,1.0,2294.6,2549.0
weibo_gadbench,hgb_graph_features,0.5,0.1,random,9,0.0991856439963312,0.8718775510204082,189.82,1.0,2265.0,2516.0
weibo_gadbench,hgb_graph_features,0.5,0.2,exposure,0,0.2648607148178284,0.9636363636363636,260.088,1.0,2056.0,2569.4
weibo_gadbench,hgb_graph_features,0.5,0.2,exposure,1,0.26710998062558766,0.9712820512820513,259.06,1.0,2051.2,2563.4
weibo_gadbench,hgb_graph_features,0.5,0.2,exposure,2,0.297096705492515,0.9805128205128204,272.4,1.0,2061.8,2576.6
weibo_gadbench,hgb_graph_features,0.5,0.2,exposure,3,0.32958068519122186,0.9707070707070707,287.0,1.0,2046.4,2557.4
weibo_gadbench,hgb_graph_features,0.5,0.2,exposure,4,0.2741333558651903,0.9784615384615384,263.008,1.0,2018.8,2523.0
weibo_gadbench,hgb_graph_features,0.5,0.2,exposure,5,0.271288924528182,0.9570000000000001,263.2,1.0,1996.2,2494.6
weibo_gadbench,hgb_graph_features,0.5,0.2,exposure,6,0.31551644285637803,0.9792746113989637,277.03200000000004,1.0,2048.0,2559.6
weibo_gadbench,hgb_graph_features,0.5,0.2,exposure,7,0.2626344207145276,0.9749795918367348,259.212,1.0,2031.8,2539.2
weibo_gadbench,hgb_graph_features,0.5,0.2,exposure,8,0.2857388764965496,0.9773195876288658,265.6,1.0,2039.6,2549.0
weibo_gadbench,hgb_graph_features,0.5,0.2,exposure,9,0.2952511313752629,0.9806122448979593,273.6,1.0,2013.2,2516.0
weibo_gadbench,hgb_graph_features,0.5,0.2,random,0,0.07658318699508318,0.8195959595959597,175.852,1.0,2056.0,2569.4
weibo_gadbench,hgb_graph_features,0.5,0.2,random,1,0.09737891288844408,0.8375589743589742,181.256,1.0,2051.2,2563.4
weibo_gadbench,hgb_graph_features,0.5,0.2,random,2,0.09038820594427019,0.8267282051282052,177.652,1.0,2061.8,2576.6
weibo_gadbench,hgb_graph_features,0.5,0.2,random,3,0.09606821199292914,0.8128080808080809,178.572,1.0,2046.4,2557.4
weibo_gadbench,hgb_graph_features,0.5,0.2,random,4,0.07157025595765239,0.8636307692307692,181.66,1.0,2018.8,2523.0
weibo_gadbench,hgb_graph_features,0.5,0.2,random,5,0.09587535170526221,0.8422799999999999,187.192,1.0,1996.2,2494.6
weibo_gadbench,hgb_graph_features,0.5,0.2,random,6,0.09229790532457845,0.8340725388601037,177.988,1.0,2048.0,2559.6
weibo_gadbench,hgb_graph_features,0.5,0.2,random,7,0.08776263613823473,0.8743265306122447,188.18800000000002,1.0,2031.8,2539.2
weibo_gadbench,hgb_graph_features,0.5,0.2,random,8,0.10252377466990634,0.8594639175257731,185.94400000000002,1.0,2039.6,2549.0
weibo_gadbench,hgb_graph_features,0.5,0.2,random,9,0.0988462311932241,0.869673469387755,189.296,1.0,2013.2,2516.0
weibo_gadbench,hgb_graph_features,0.5,0.4,exposure,0,0.255955502718557,0.9628080808080808,256.84399999999994,1.0,1542.0,2569.4
weibo_gadbench,hgb_graph_features,0.5,0.4,exposure,1,0.2602676418124986,0.9697025641025642,256.288,1.0,1538.4,2563.4
weibo_gadbench,hgb_graph_features,0.5,0.4,exposure,2,0.2901139817042583,0.9803487179487178,269.72799999999995,1.0,1546.6,2576.6
weibo_gadbench,hgb_graph_features,0.5,0.4,exposure,3,0.32422194561437834,0.9704242424242423,284.78000000000003,1.0,1534.8,2557.4
weibo_gadbench,hgb_graph_features,0.5,0.4,exposure,4,0.2664236273752187,0.9770666666666667,259.936,1.0,1514.2,2523.0
weibo_gadbench,hgb_graph_features,0.5,0.4,exposure,5,0.27118072726747117,0.95612,262.91999999999996,1.0,1497.2,2494.6
weibo_gadbench,hgb_graph_features,0.5,0.4,exposure,6,0.3108970971282054,0.9790051813471503,275.092,1.0,1536.2,2559.6
weibo_gadbench,hgb_graph_features,0.5,0.4,exposure,7,0.2594793353825116,0.9743877551020408,258.02,1.0,1524.0,2539.2
weibo_gadbench,hgb_graph_features,0.5,0.4,exposure,8,0.27665206856920094,0.9766391752577318,262.116,1.0,1529.6,2549.0
weibo_gadbench,hgb_graph_features,0.5,0.4,exposure,9,0.28469177253839495,0.9800816326530611,269.48400000000004,1.0,1510.0,2516.0
weibo_gadbench,hgb_graph_features,0.5,0.4,random,0,0.07482011367424904,0.8082626262626263,173.256,1.0,1542.0,2569.4
weibo_gadbench,hgb_graph_features,0.5,0.4,random,1,0.09586329616460951,0.8328615384615384,180.08800000000002,1.0,1538.4,2563.4
weibo_gadbench,hgb_graph_features,0.5,0.4,random,2,0.08678001000556913,0.8196923076923076,175.55599999999998,1.0,1546.6,2576.6
weibo_gadbench,hgb_graph_features,0.5,0.4,random,3,0.09436559511694098,0.8061818181818182,177.05599999999998,1.0,1534.8,2557.4
weibo_gadbench,hgb_graph_features,0.5,0.4,random,4,0.07131428220341837,0.860348717948718,180.988,1.0,1514.2,2523.0
weibo_gadbench,hgb_graph_features,0.5,0.4,random,5,0.09606504207476675,0.8394600000000001,186.74,1.0,1497.2,2494.6
weibo_gadbench,hgb_graph_features,0.5,0.4,random,6,0.09213153806530205,0.8316062176165804,177.476,1.0,1536.2,2559.6
weibo_gadbench,hgb_graph_features,0.5,0.4,random,7,0.08698467479230096,0.8725306122448979,187.728,1.0,1524.0,2539.2
weibo_gadbench,hgb_graph_features,0.5,0.4,random,8,0.10305577871732856,0.8551958762886599,185.292,1.0,1529.6,2549.0
weibo_gadbench,hgb_graph_features,0.5,0.4,random,9,0.0999221831964325,0.8658571428571428,188.76,1.0,1510.0,2516.0
weibo_gadbench,hgb_graph_features,0.5,0.6,exposure,0,0.2536356970045812,0.9613737373737374,255.872,1.0,1028.4,2569.4
weibo_gadbench,hgb_graph_features,0.5,0.6,exposure,1,0.261214423257346,0.9695179487179487,256.724,1.0,1026.0,2563.4
weibo_gadbench,hgb_graph_features,0.5,0.6,exposure,2,0.28496558521436904,0.9793846153846154,267.688,1.0,1031.0,2576.6
weibo_gadbench,hgb_graph_features,0.5,0.6,exposure,3,0.32049795889778104,0.9703030303030303,283.356,1.0,1023.4,2557.4
weibo_gadbench,hgb_graph_features,0.5,0.6,exposure,4,0.2660246602490095,0.9770051282051282,259.988,1.0,1009.6,2523.0
weibo_gadbench,hgb_graph_features,0.5,0.6,exposure,5,0.2684782024913009,0.95594,262.276,1.0,998.2,2494.6
weibo_gadbench,hgb_graph_features,0.5,0.6,exposure,6,0.30984617791539043,0.9787357512953369,274.704,1.0,1024.4,2559.6
weibo_gadbench,hgb_graph_features,0.5,0.6,exposure,7,0.2559671434089098,0.9741428571428571,256.87600000000003,1.0,1016.0,2539.2
weibo_gadbench,hgb_graph_features,0.5,0.6,exposure,8,0.276818914357927,0.9763092783505154,262.188,1.0,1020.0,2549.0
weibo_gadbench,hgb_graph_features,0.5,0.6,exposure,9,0.28348250493477983,0.9791224489795919,269.036,1.0,1006.6,2516.0
weibo_gadbench,hgb_graph_features,0.5,0.6,random,0,0.07423945496051643,0.7956969696969697,170.724,1.0,1028.4,2569.4
weibo_gadbench,hgb_graph_features,0.5,0.6,random,1,0.09402608518160506,0.8223179487179486,177.828,1.0,1026.0,2563.4
weibo_gadbench,hgb_graph_features,0.5,0.6,random,2,0.08437491048137748,0.810071794871795,173.308,1.0,1031.0,2576.6
weibo_gadbench,hgb_graph_features,0.5,0.6,random,3,0.09192731430754131,0.799959595959596,175.38799999999998,1.0,1023.4,2557.4
weibo_gadbench,hgb_graph_features,0.5,0.6,random,4,0.06964578381812543,0.8533333333333333,179.356,1.0,1009.6,2523.0
weibo_gadbench,hgb_graph_features,0.5,0.6,random,5,0.0962276547509343,0.8374,186.628,1.0,998.2,2494.6
weibo_gadbench,hgb_graph_features,0.5,0.6,random,6,0.09085213274768379,0.8243316062176167,175.81199999999998,1.0,1024.4,2559.6
weibo_gadbench,hgb_graph_features,0.5,0.6,random,7,0.08686804378894,0.8704081632653061,187.364,1.0,1016.0,2539.2
weibo_gadbench,hgb_graph_features,0.5,0.6,random,8,0.09884790957924139,0.8406804123711339,181.44,1.0,1020.0,2549.0
weibo_gadbench,hgb_graph_features,0.5,0.6,random,9,0.09956179591572428,0.8581020408163266,187.172,1.0,1006.6,2516.0
weibo_gadbench,hgb_graph_features,0.5,0.8,exposure,0,0.24985436322010238,0.9587676767676768,254.664,1.0,514.4,2569.4
weibo_gadbench,hgb_graph_features,0.5,0.8,exposure,1,0.2583473280094185,0.9656820512820513,255.192,1.0,513.2,2563.4
weibo_gadbench,hgb_graph_features,0.5,0.8,exposure,2,0.27715708810524725,0.9773948717948718,264.9,1.0,515.8,2576.6
weibo_gadbench,hgb_graph_features,0.5,0.8,exposure,3,0.3095017554865559,0.9676161616161616,278.716,1.0,511.8,2557.4
weibo_gadbench,hgb_graph_features,0.5,0.8,exposure,4,0.2581514818091024,0.9753435897435898,257.42400000000004,1.0,505.0,2523.0
weibo_gadbench,hgb_graph_features,0.5,0.8,exposure,5,0.26468877303089655,0.95382,261.196,1.0,499.2,2494.6
weibo_gadbench,hgb_graph_features,0.5,0.8,exposure,6,0.3064774645057359,0.9781761658031088,273.648,1.0,512.6,2559.6
weibo_gadbench,hgb_graph_features,0.5,0.8,exposure,7,0.24552151776936926,0.9713061224489795,253.044,1.0,508.2,2539.2
weibo_gadbench,hgb_graph_features,0.5,0.8,exposure,8,0.27340472346608297,0.9745773195876287,260.996,1.0,510.0,2549.0
weibo_gadbench,hgb_graph_features,0.5,0.8,exposure,9,0.27772052348489573,0.976469387755102,266.768,1.0,503.4,2516.0
weibo_gadbench,hgb_graph_features,0.5,0.8,random,0,0.07067748101037492,0.7536969696969698,162.06,0.9960000000000001,514.4,2569.4
weibo_gadbench,hgb_graph_features,0.5,0.8,random,1,0.08772344019529252,0.7921435897435898,171.0,0.9960000000000001,513.2,2563.4
weibo_gadbench,hgb_graph_features,0.5,0.8,random,2,0.07972630541638079,0.7795897435897435,166.692,0.992,515.8,2576.6
weibo_gadbench,hgb_graph_features,0.5,0.8,random,3,0.08703661762833512,0.7613535353535354,167.07999999999998,0.9800000000000001,511.8,2557.4
weibo_gadbench,hgb_graph_features,0.5,0.8,random,4,0.07150474720541708,0.843302564102564,177.99200000000002,1.0,505.0,2523.0
weibo_gadbench,hgb_graph_features,0.5,0.8,random,5,0.09009222538404163,0.81436,180.708,1.0,499.2,2494.6
weibo_gadbench,hgb_graph_features,0.5,0.8,random,6,0.0890839704147802,0.8066735751295339,172.252,1.0,512.6,2559.6
weibo_gadbench,hgb_graph_features,0.5,0.8,random,7,0.08140963264031206,0.8554897959183674,183.44400000000002,1.0,508.2,2539.2
weibo_gadbench,hgb_graph_features,0.5,0.8,random,8,0.09002069270663798,0.7949896907216495,170.92000000000002,1.0,510.0,2549.0
weibo_gadbench,hgb_graph_features,0.5,0.8,random,9,0.09318310142485402,0.8338571428571429,181.16,1.0,503.4,2516.0
weibo_gadbench,hgb_graph_features,0.5,0.9,exposure,0,0.23394132362629438,0.9513333333333334,248.512,1.0,257.4,2569.4
weibo_gadbench,hgb_graph_features,0.5,0.9,exposure,1,0.23917064313833283,0.9517128205128206,246.352,1.0,256.8,2563.4
weibo_gadbench,hgb_graph_features,0.5,0.9,exposure,2,0.26153621079992456,0.9685128205128205,258.88800000000003,1.0,258.2,2576.6
weibo_gadbench,hgb_graph_features,0.5,0.9,exposure,3,0.2948344832074382,0.9624646464646464,272.93199999999996,1.0,256.2,2557.4
weibo_gadbench,hgb_graph_features,0.5,0.9,exposure,4,0.2355121414464305,0.9631179487179488,248.67600000000002,1.0,252.8,2523.0
weibo_gadbench,hgb_graph_features,0.5,0.9,exposure,5,0.24340212957632207,0.9423400000000001,252.644,1.0,249.8,2494.6
weibo_gadbench,hgb_graph_features,0.5,0.9,exposure,6,0.2931574102774009,0.9740310880829016,268.65999999999997,1.0,256.6,2559.6
weibo_gadbench,hgb_graph_features,0.5,0.9,exposure,7,0.2277771123530981,0.9638571428571427,246.42,1.0,254.4,2539.2
weibo_gadbench,hgb_graph_features,0.5,0.9,exposure,8,0.2595806726310782,0.9661855670103092,255.208,1.0,255.2,2549.0
weibo_gadbench,hgb_graph_features,0.5,0.9,exposure,9,0.2705988586469376,0.9700408163265306,263.776,1.0,252.0,2516.0
weibo_gadbench,hgb_graph_features,0.5,0.9,random,0,0.06541119933932175,0.6744646464646464,145.9,0.9119999999999999,257.4,2569.4
weibo_gadbench,hgb_graph_features,0.5,0.9,random,1,0.0833430545459023,0.7435487179487178,161.14000000000001,0.9640000000000001,256.8,2563.4
weibo_gadbench,hgb_graph_features,0.5,0.9,random,2,0.07206506344943184,0.7013128205128205,150.41199999999998,0.9199999999999999,258.2,2576.6
weibo_gadbench,hgb_graph_features,0.5,0.9,random,3,0.07776208762310402,0.6612727272727273,146.028,0.868,256.2,2557.4
weibo_gadbench,hgb_graph_features,0.5,0.9,random,4,0.06919701439649896,0.7904820512820512,167.684,0.952,252.8,2523.0
weibo_gadbench,hgb_graph_features,0.5,0.9,random,5,0.08524929857779798,0.76752,170.668,0.9879999999999999,249.8,2494.6
weibo_gadbench,hgb_graph_features,0.5,0.9,random,6,0.08183499524430449,0.7416373056994819,158.788,0.9800000000000001,256.6,2559.6
weibo_gadbench,hgb_graph_features,0.5,0.9,random,7,0.06729283915355863,0.7727755102040816,164.352,0.952,254.4,2539.2
weibo_gadbench,hgb_graph_features,0.5,0.9,random,8,0.082227528869916,0.7033195876288658,151.93599999999998,0.916,255.2,2549.0
weibo_gadbench,hgb_graph_features,0.5,0.9,random,9,0.08217190412719025,0.7562448979591837,163.948,0.9480000000000001,252.0,2516.0
weibo_gadbench,hgb_graph_features,0.5,0.97,exposure,0,0.12694897623784332,0.4149494949494949,117.55999999999999,0.42800000000000005,77.6,2569.4
weibo_gadbench,hgb_graph_features,0.5,0.97,exposure,1,0.14109633575682196,0.47206153846153853,131.252,0.484,77.6,2563.4
weibo_gadbench,hgb_graph_features,0.5,0.97,exposure,2,0.16980119455442605,0.5260102564102564,151.628,0.536,77.8,2576.6
weibo_gadbench,hgb_graph_features,0.5,0.97,exposure,3,0.22246886482527706,0.6704646464646464,197.736,0.692,77.2,2557.4
weibo_gadbench,hgb_graph_features,0.5,0.97,exposure,4,0.16730158864538108,0.5183589743589744,149.204,0.528,76.2,2523.0
weibo_gadbench,hgb_graph_features,0.5,0.97,exposure,5,0.16361447585640482,0.49711999999999995,147.04000000000002,0.516,75.4,2494.6
weibo_gadbench,hgb_graph_features,0.5,0.97,exposure,6,0.22707682060534254,0.6618031088082903,195.244,0.6759999999999999,77.4,2559.6
weibo_gadbench,hgb_graph_features,0.5,0.97,exposure,7,0.1537754782061971,0.519795918367347,144.424,0.532,76.6,2539.2
weibo_gadbench,hgb_graph_features,0.5,0.97,exposure,8,0.1758931692919975,0.5702474226804124,159.56,0.584,77.0,2549.0
weibo_gadbench,hgb_graph_features,0.5,0.97,exposure,9,0.1866853920049,0.5714489795918368,165.928,0.584,75.8,2516.0
weibo_gadbench,hgb_graph_features,0.5,0.97,random,0,0.029953196833271946,0.10834343434343434,29.403999999999996,0.11200000000000002,77.6,2569.4
weibo_gadbench,hgb_graph_features,0.5,0.97,random,1,0.03305740321770045,0.11275897435897438,30.932,0.11600000000000002,77.6,2563.4
weibo_gadbench,hgb_graph_features,0.5,0.97,random,2,0.023100967407150477,0.08194871794871796,22.156,0.084,77.8,2576.6
weibo_gadbench,hgb_graph_features,0.5,0.97,random,3,0.02512381541265708,0.08103030303030304,23.056,0.08399999999999999,77.2,2557.4
weibo_gadbench,hgb_graph_features,0.5,0.97,random,4,0.019556174196130982,0.06654358974358975,18.312,0.068,76.2,2523.0
weibo_gadbench,hgb_graph_features,0.5,0.97,random,5,0.034259504870597784,0.11095999999999999,31.884000000000004,0.11599999999999999,75.4,2494.6
weibo_gadbench,hgb_graph_features,0.5,0.97,random,6,0.032332515302952974,0.10858031088082902,29.608000000000004,0.11200000000000002,77.4,2559.6
weibo_gadbench,hgb_graph_features,0.5,0.97,random,7,0.022244970037016098,0.07789795918367347,21.244,0.08,76.6,2539.2
weibo_gadbench,hgb_graph_features,0.5,0.97,random,8,0.01950220433523988,0.07024742268041237,18.872,0.072,77.0,2549.0
weibo_gadbench,hgb_graph_features,0.5,0.97,random,9,0.014409542520725233,0.05071428571428571,13.788,0.052000000000000005,75.8,2516.0
weibo_gadbench,hgb_graph_features,1.0,0.0,exposure,0,0.08157571428224322,0.8313131313131314,179.2,1.0,5081.0,5081.0
weibo_gadbench,hgb_graph_features,1.0,0.0,exposure,1,0.10160356599132081,0.8564102564102564,186.0,1.0,5089.0,5089.0
weibo_gadbench,hgb_graph_features,1.0,0.0,exposure,2,0.10035698970361073,0.8512820512820513,184.6,1.0,5088.0,5088.0
weibo_gadbench,hgb_graph_features,1.0,0.0,exposure,3,0.08395224726177215,0.78989898989899,171.0,1.0,5081.0,5081.0
weibo_gadbench,hgb_graph_features,1.0,0.0,exposure,4,0.07281790010572067,0.8676923076923077,182.6,1.0,5089.0,5089.0
weibo_gadbench,hgb_graph_features,1.0,0.0,exposure,5,0.1088415384445713,0.8540000000000001,192.4,1.0,5074.0,5074.0
weibo_gadbench,hgb_graph_features,1.0,0.0,exposure,6,0.0990904951838997,0.8373056994818654,179.6,1.0,5094.0,5094.0
weibo_gadbench,hgb_graph_features,1.0,0.0,exposure,7,0.07791167660759583,0.8581632653061225,182.6,1.0,5085.0,5085.0
weibo_gadbench,hgb_graph_features,1.0,0.0,exposure,8,0.10338064713064712,0.8649484536082473,187.2,1.0,5091.0,5091.0
weibo_gadbench,hgb_graph_features,1.0,0.0,exposure,9,0.10008263591661293,0.8724489795918366,190.2,1.0,5086.0,5086.0
weibo_gadbench,hgb_graph_features,1.0,0.0,random,0,0.08157571428224322,0.8313131313131314,179.2,1.0,5081.0,5081.0
weibo_gadbench,hgb_graph_features,1.0,0.0,random,1,0.10160356599132081,0.8564102564102564,186.0,1.0,5089.0,5089.0
weibo_gadbench,hgb_graph_features,1.0,0.0,random,2,0.10035698970361073,0.8512820512820513,184.6,1.0,5088.0,5088.0
weibo_gadbench,hgb_graph_features,1.0,0.0,random,3,0.08395224726177215,0.78989898989899,171.0,1.0,5081.0,5081.0
weibo_gadbench,hgb_graph_features,1.0,0.0,random,4,0.07281790010572067,0.8676923076923077,182.6,1.0,5089.0,5089.0
weibo_gadbench,hgb_graph_features,1.0,0.0,random,5,0.1088415384445713,0.8540000000000001,192.4,1.0,5074.0,5074.0
weibo_gadbench,hgb_graph_features,1.0,0.0,random,6,0.0990904951838997,0.8373056994818654,179.6,1.0,5094.0,5094.0
weibo_gadbench,hgb_graph_features,1.0,0.0,random,7,0.07791167660759583,0.8581632653061225,182.6,1.0,5085.0,5085.0
weibo_gadbench,hgb_graph_features,1.0,0.0,random,8,0.10338064713064712,0.8649484536082473,187.2,1.0,5091.0,5091.0
weibo_gadbench,hgb_graph_features,1.0,0.0,random,9,0.10008263591661293,0.8724489795918366,190.2,1.0,5086.0,5086.0
weibo_gadbench,hgb_graph_features,1.0,0.05,exposure,0,0.2757585213982444,0.9686868686868687,265.2,1.0,4827.0,5081.0
weibo_gadbench,hgb_graph_features,1.0,0.05,exposure,1,0.283056632526326,0.9815384615384615,267.056,1.0,4835.0,5089.0
weibo_gadbench,hgb_graph_features,1.0,0.05,exposure,2,0.2691884825337243,0.9753846153846153,260.6,1.0,4834.0,5088.0
weibo_gadbench,hgb_graph_features,1.0,0.05,exposure,3,0.285545084630748,0.9669494949494949,268.492,1.0,4827.0,5081.0
weibo_gadbench,hgb_graph_features,1.0,0.05,exposure,4,0.2594675116701928,0.9753846153846153,256.93199999999996,1.0,4835.0,5089.0
weibo_gadbench,hgb_graph_features,1.0,0.05,exposure,5,0.2841397230137104,0.958,268.0,1.0,4821.0,5074.0
weibo_gadbench,hgb_graph_features,1.0,0.05,exposure,6,0.2985236327308974,0.978238341968912,269.6,1.0,4840.0,5094.0
weibo_gadbench,hgb_graph_features,1.0,0.05,exposure,7,0.26670311671925495,0.9744897959183675,260.556,1.0,4831.0,5085.0
weibo_gadbench,hgb_graph_features,1.0,0.05,exposure,8,0.2781845632680251,0.9762886597938143,262.8,1.0,4837.0,5091.0
weibo_gadbench,hgb_graph_features,1.0,0.05,exposure,9,0.2886889936141817,0.9785714285714286,269.768,1.0,4832.0,5086.0
weibo_gadbench,hgb_graph_features,1.0,0.05,random,0,0.08017591993178166,0.8280202020202021,178.216,1.0,4827.0,5081.0
weibo_gadbench,hgb_graph_features,1.0,0.05,random,1,0.10178404951022632,0.8531282051282052,185.304,1.0,4835.0,5089.0
weibo_gadbench,hgb_graph_features,1.0,0.05,random,2,0.1008325804709282,0.8503179487179487,184.496,1.0,4834.0,5088.0
weibo_gadbench,hgb_graph_features,1.0,0.05,random,3,0.08313544518433229,0.7926666666666666,171.452,1.0,4827.0,5081.0
weibo_gadbench,hgb_graph_features,1.0,0.05,random,4,0.07233721543961415,0.8724923076923078,183.528,1.0,4835.0,5089.0
weibo_gadbench,hgb_graph_features,1.0,0.05,random,5,0.10747350574104049,0.8548600000000001,192.272,1.0,4821.0,5074.0
weibo_gadbench,hgb_graph_features,1.0,0.05,random,6,0.09876380499843722,0.8372849740932644,179.512,1.0,4840.0,5094.0
weibo_gadbench,hgb_graph_features,1.0,0.05,random,7,0.0771592342519302,0.8577755102040816,182.324,1.0,4831.0,5085.0
weibo_gadbench,hgb_graph_features,1.0,0.05,random,8,0.10438214921499797,0.8670103092783504,187.852,1.0,4837.0,5091.0
weibo_gadbench,hgb_graph_features,1.0,0.05,random,9,0.09985808162978697,0.8710204081632653,189.852,1.0,4832.0,5086.0
weibo_gadbench,hgb_graph_features,1.0,0.1,exposure,0,0.3126766961791928,0.9717171717171716,280.12399999999997,1.0,4573.0,5081.0
weibo_gadbench,hgb_graph_features,1.0,0.1,exposure,1,0.32175781939644155,0.9846153846153847,283.2,1.0,4581.0,5089.0
weibo_gadbench,hgb_graph_features,1.0,0.1,exposure,2,0.30010456963963056,0.9825641025641024,274.0,1.0,4580.0,5088.0
weibo_gadbench,hgb_graph_features,1.0,0.1,exposure,3,0.3490978074692078,0.9747474747474747,296.616,1.0,4573.0,5081.0
weibo_gadbench,hgb_graph_features,1.0,0.1,exposure,4,0.30662777781961226,0.9825641025641024,276.4,1.0,4581.0,5089.0
weibo_gadbench,hgb_graph_features,1.0,0.1,exposure,5,0.31461923939428377,0.9649999999999999,282.2,1.0,4567.0,5074.0
weibo_gadbench,hgb_graph_features,1.0,0.1,exposure,6,0.3467389586684895,0.9823834196891191,290.616,1.0,4585.0,5094.0
weibo_gadbench,hgb_graph_features,1.0,0.1,exposure,7,0.2912991684241768,0.9806122448979592,271.4,1.0,4577.0,5085.0
weibo_gadbench,hgb_graph_features,1.0,0.1,exposure,8,0.30849058165074517,0.9783505154639174,274.688,1.0,4582.0,5091.0
weibo_gadbench,hgb_graph_features,1.0,0.1,exposure,9,0.31356215767531476,0.9816326530612246,280.4,1.0,4578.0,5086.0
weibo_gadbench,hgb_graph_features,1.0,0.1,random,0,0.07995966280564841,0.8265252525252527,177.864,1.0,4573.0,5081.0
weibo_gadbench,hgb_graph_features,1.0,0.1,random,1,0.10246023940977766,0.8544615384615384,185.744,1.0,4581.0,5089.0
weibo_gadbench,hgb_graph_features,1.0,0.1,random,2,0.10103984243196126,0.8513435897435897,184.752,1.0,4580.0,5088.0
weibo_gadbench,hgb_graph_features,1.0,0.1,random,3,0.08311448236207589,0.7924040404040404,171.41199999999998,1.0,4573.0,5081.0
weibo_gadbench,hgb_graph_features,1.0,0.1,random,4,0.0711481569548677,0.8706051282051283,182.908,1.0,4581.0,5089.0
weibo_gadbench,hgb_graph_features,1.0,0.1,random,5,0.10616035558603296,0.85612,192.24,1.0,4567.0,5074.0
weibo_gadbench,hgb_graph_features,1.0,0.1,random,6,0.09881610877880545,0.8372435233160622,179.51600000000002,1.0,4585.0,5094.0
weibo_gadbench,hgb_graph_features,1.0,0.1,random,7,0.07771825817299466,0.8576734693877551,182.428,1.0,4577.0,5085.0
weibo_gadbench,hgb_graph_features,1.0,0.1,random,8,0.10421706684194346,0.867319587628866,187.888,1.0,4582.0,5091.0
weibo_gadbench,hgb_graph_features,1.0,0.1,random,9,0.0999436516116007,0.8701020408163267,189.668,1.0,4578.0,5086.0
weibo_gadbench,hgb_graph_features,1.0,0.2,exposure,0,0.3147311208395208,0.9717171717171716,281.024,1.0,4065.0,5081.0
weibo_gadbench,hgb_graph_features,1.0,0.2,exposure,1,0.31586912513739956,0.9846153846153847,280.8,1.0,4072.0,5089.0
weibo_gadbench,hgb_graph_features,1.0,0.2,exposure,2,0.31311097488672734,0.9835897435897435,279.4,1.0,4071.0,5088.0
weibo_gadbench,hgb_graph_features,1.0,0.2,exposure,3,0.3645843712215585,0.9747474747474747,303.8,1.0,4065.0,5081.0
weibo_gadbench,hgb_graph_features,1.0,0.2,exposure,4,0.31135471205151044,0.9835897435897435,278.58000000000004,1.0,4072.0,5089.0
weibo_gadbench,hgb_graph_features,1.0,0.2,exposure,5,0.3072469264490724,0.9639999999999999,278.8,1.0,4060.0,5074.0
weibo_gadbench,hgb_graph_features,1.0,0.2,exposure,6,0.3526061562798703,0.9823834196891191,293.416,1.0,4076.0,5094.0
weibo_gadbench,hgb_graph_features,1.0,0.2,exposure,7,0.28493912086714224,0.9806122448979592,269.0,1.0,4068.0,5085.0
weibo_gadbench,hgb_graph_features,1.0,0.2,exposure,8,0.3199678148367321,0.9793814432989689,279.6,1.0,4073.0,5091.0
weibo_gadbench,hgb_graph_features,1.0,0.2,exposure,9,0.3155443614395872,0.9816326530612246,281.236,1.0,4069.0,5086.0
weibo_gadbench,hgb_graph_features,1.0,0.2,random,0,0.07869987507338658,0.8241616161616161,177.128,1.0,4065.0,5081.0
weibo_gadbench,hgb_graph_features,1.0,0.2,random,1,0.10338885178885852,0.8543179487179486,185.92000000000002,1.0,4072.0,5089.0
weibo_gadbench,hgb_graph_features,1.0,0.2,random,2,0.1007014433108959,0.8513641025641026,184.704,1.0,4071.0,5088.0
weibo_gadbench,hgb_graph_features,1.0,0.2,random,3,0.08308349189111572,0.7922020202020202,171.408,1.0,4065.0,5081.0
weibo_gadbench,hgb_graph_features,1.0,0.2,random,4,0.07015569425703098,0.8679589743589744,182.16,1.0,4072.0,5089.0
weibo_gadbench,hgb_graph_features,1.0,0.2,random,5,0.10518207835934996,0.8549000000000001,191.784,1.0,4060.0,5074.0
weibo_gadbench,hgb_graph_features,1.0,0.2,random,6,0.09847758344114474,0.8384870466321244,179.71599999999998,1.0,4076.0,5094.0
weibo_gadbench,hgb_graph_features,1.0,0.2,random,7,0.0777547933440246,0.8574693877551021,182.4,1.0,4068.0,5085.0
weibo_gadbench,hgb_graph_features,1.0,0.2,random,8,0.1040565526873642,0.8659793814432989,187.584,1.0,4073.0,5091.0
weibo_gadbench,hgb_graph_features,1.0,0.2,random,9,0.09987071459157959,0.8683265306122449,189.28,1.0,4069.0,5086.0
weibo_gadbench,hgb_graph_features,1.0,0.4,exposure,0,0.30656120583650526,0.9717979797979798,277.848,1.0,3049.0,5081.0
weibo_gadbench,hgb_graph_features,1.0,0.4,exposure,1,0.3036663862990511,0.982851282051282,275.32800000000003,1.0,3054.0,5089.0
weibo_gadbench,hgb_graph_features,1.0,0.4,exposure,2,0.30218960055469296,0.9821128205128205,274.696,1.0,3053.0,5088.0
weibo_gadbench,hgb_graph_features,1.0,0.4,exposure,3,0.35989450697552616,0.9748080808080808,301.624,1.0,3049.0,5081.0
weibo_gadbench,hgb_graph_features,1.0,0.4,exposure,4,0.3045938339828459,0.9819897435897434,275.44,1.0,3054.0,5089.0
weibo_gadbench,hgb_graph_features,1.0,0.4,exposure,5,0.29386578263503854,0.9607399999999998,272.63599999999997,1.0,3045.0,5074.0
weibo_gadbench,hgb_graph_features,1.0,0.4,exposure,6,0.34306348802752923,0.9823005181347151,289.248,1.0,3057.0,5094.0
weibo_gadbench,hgb_graph_features,1.0,0.4,exposure,7,0.2724729416876518,0.9774285714285714,263.512,1.0,3051.0,5085.0
weibo_gadbench,hgb_graph_features,1.0,0.4,exposure,8,0.3118540406068762,0.9783711340206184,276.004,1.0,3055.0,5091.0
weibo_gadbench,hgb_graph_features,1.0,0.4,exposure,9,0.31132709583672685,0.9816326530612246,279.54,1.0,3052.0,5086.0
weibo_gadbench,hgb_graph_features,1.0,0.4,random,0,0.07692349820328248,0.8178383838383839,175.52,1.0,3049.0,5081.0
weibo_gadbench,hgb_graph_features,1.0,0.4,random,1,0.10362468536202125,0.8551384615384615,186.176,1.0,3054.0,5089.0
weibo_gadbench,hgb_graph_features,1.0,0.4,random,2,0.09979754360689244,0.8479589743589744,183.832,1.0,3053.0,5088.0
weibo_gadbench,hgb_graph_features,1.0,0.4,random,3,0.0826389676083334,0.7909292929292929,171.076,1.0,3049.0,5081.0
weibo_gadbench,hgb_graph_features,1.0,0.4,random,4,0.06907739985520489,0.8673846153846153,181.85999999999999,1.0,3054.0,5089.0
weibo_gadbench,hgb_graph_features,1.0,0.4,random,5,0.1036910982700476,0.8513999999999999,190.73600000000002,1.0,3045.0,5074.0
weibo_gadbench,hgb_graph_features,1.0,0.4,random,6,0.09735853653144058,0.8385699481865286,179.548,1.0,3057.0,5094.0
weibo_gadbench,hgb_graph_features,1.0,0.4,random,7,0.07718183314676652,0.8566938775510204,182.124,1.0,3051.0,5085.0
weibo_gadbench,hgb_graph_features,1.0,0.4,random,8,0.10335188723625643,0.8625567010309277,186.728,1.0,3055.0,5091.0
weibo_gadbench,hgb_graph_features,1.0,0.4,random,9,0.10036838511467439,0.8652448979591837,188.752,1.0,3052.0,5086.0
weibo_gadbench,hgb_graph_features,1.0,0.6,exposure,0,0.3055877891826117,0.9717575757575757,277.568,1.0,2033.0,5081.0
weibo_gadbench,hgb_graph_features,1.0,0.6,exposure,1,0.3012152137786887,0.9824410256410256,274.416,1.0,2036.0,5089.0
weibo_gadbench,hgb_graph_features,1.0,0.6,exposure,2,0.3001094594554984,0.9817435897435896,273.872,1.0,2036.0,5088.0
weibo_gadbench,hgb_graph_features,1.0,0.6,exposure,3,0.35963166096801863,0.9748484848484849,301.6,1.0,2033.0,5081.0
weibo_gadbench,hgb_graph_features,1.0,0.6,exposure,4,0.30302191238221515,0.9816820512820511,274.884,1.0,2036.0,5089.0
weibo_gadbench,hgb_graph_features,1.0,0.6,exposure,5,0.2940021209863499,0.96032,272.764,1.0,2030.0,5074.0
weibo_gadbench,hgb_graph_features,1.0,0.6,exposure,6,0.34244774982316833,0.9821554404145078,288.992,1.0,2038.0,5094.0
weibo_gadbench,hgb_graph_features,1.0,0.6,exposure,7,0.2729618520389073,0.9771428571428572,263.672,1.0,2034.0,5085.0
weibo_gadbench,hgb_graph_features,1.0,0.6,exposure,8,0.310376684509269,0.978164948453608,275.444,1.0,2037.0,5091.0
weibo_gadbench,hgb_graph_features,1.0,0.6,exposure,9,0.3109820778667407,0.9815714285714285,279.46799999999996,1.0,2035.0,5086.0
weibo_gadbench,hgb_graph_features,1.0,0.6,random,0,0.07551944986117769,0.8128282828282829,174.248,1.0,2033.0,5081.0
weibo_gadbench,hgb_graph_features,1.0,0.6,random,1,0.10617699088541344,0.8553641025641026,186.9,1.0,2036.0,5089.0
weibo_gadbench,hgb_graph_features,1.0,0.6,random,2,0.09709192951835831,0.8429948717948719,182.336,1.0,2036.0,5088.0
weibo_gadbench,hgb_graph_features,1.0,0.6,random,3,0.08284244419023268,0.7866262626262627,170.248,1.0,2033.0,5081.0
weibo_gadbench,hgb_graph_features,1.0,0.6,random,4,0.06985095319829411,0.8670358974358974,181.996,1.0,2036.0,5089.0
weibo_gadbench,hgb_graph_features,1.0,0.6,random,5,0.10322396897887635,0.85084,190.724,1.0,2030.0,5074.0
weibo_gadbench,hgb_graph_features,1.0,0.6,random,6,0.09654392084840975,0.8391709844559585,179.592,1.0,2038.0,5094.0
weibo_gadbench,hgb_graph_features,1.0,0.6,random,7,0.07795977076341895,0.858204081632653,182.644,1.0,2034.0,5085.0
weibo_gadbench,hgb_graph_features,1.0,0.6,random,8,0.1049877669956015,0.8590515463917525,186.4,1.0,2037.0,5091.0
weibo_gadbench,hgb_graph_features,1.0,0.6,random,9,0.1002228084358741,0.8614285714285714,187.952,1.0,2035.0,5086.0
weibo_gadbench,hgb_graph_features,1.0,0.8,exposure,0,0.3043424084726929,0.9713939393939393,277.504,1.0,1017.0,5081.0
weibo_gadbench,hgb_graph_features,1.0,0.8,exposure,1,0.2983898610850242,0.9813948717948717,273.232,1.0,1018.0,5089.0
weibo_gadbench,hgb_graph_features,1.0,0.8,exposure,2,0.297303480628723,0.9810051282051283,272.744,1.0,1018.0,5088.0
weibo_gadbench,hgb_graph_features,1.0,0.8,exposure,3,0.35973074204432776,0.9745252525252525,301.8,1.0,1017.0,5081.0
weibo_gadbench,hgb_graph_features,1.0,0.8,exposure,4,0.29683783178200657,0.980676923076923,272.5,1.0,1018.0,5089.0
weibo_gadbench,hgb_graph_features,1.0,0.8,exposure,5,0.2883214015671004,0.9590799999999999,270.668,1.0,1015.0,5074.0
weibo_gadbench,hgb_graph_features,1.0,0.8,exposure,6,0.34089046758579045,0.9815336787564768,288.5,1.0,1019.0,5094.0
weibo_gadbench,hgb_graph_features,1.0,0.8,exposure,7,0.2692103804836101,0.9764489795918367,262.396,1.0,1017.0,5085.0
weibo_gadbench,hgb_graph_features,1.0,0.8,exposure,8,0.3081208686206794,0.9781855670103091,274.772,1.0,1019.0,5091.0
weibo_gadbench,hgb_graph_features,1.0,0.8,exposure,9,0.30810808866058415,0.9808163265306122,278.38,1.0,1018.0,5086.0
weibo_gadbench,hgb_graph_features,1.0,0.8,random,0,0.0715241643045885,0.7816363636363637,167.324,1.0,1017.0,5081.0
weibo_gadbench,hgb_graph_features,1.0,0.8,random,1,0.10655025352844201,0.8462564102564102,185.41199999999998,1.0,1018.0,5089.0
weibo_gadbench,hgb_graph_features,1.0,0.8,random,2,0.09001789268392028,0.8246974358974357,177.356,1.0,1018.0,5088.0
weibo_gadbench,hgb_graph_features,1.0,0.8,random,3,0.08070119071966246,0.7740404040404041,167.612,1.0,1017.0,5081.0
weibo_gadbench,hgb_graph_features,1.0,0.8,random,4,0.07022590083093791,0.8624820512820511,181.268,1.0,1018.0,5089.0
weibo_gadbench,hgb_graph_features,1.0,0.8,random,5,0.10076213149057762,0.84346,188.748,1.0,1015.0,5074.0
weibo_gadbench,hgb_graph_features,1.0,0.8,random,6,0.09616342812373467,0.83539896373057,178.972,1.0,1019.0,5094.0
weibo_gadbench,hgb_graph_features,1.0,0.8,random,7,0.07490620133509181,0.8536326530612245,181.244,1.0,1017.0,5085.0
weibo_gadbench,hgb_graph_features,1.0,0.8,random,8,0.10188525113608675,0.8445567010309277,182.972,1.0,1019.0,5091.0
weibo_gadbench,hgb_graph_features,1.0,0.8,random,9,0.0991001156601593,0.8511428571428571,185.736,1.0,1018.0,5086.0
weibo_gadbench,hgb_graph_features,1.0,0.9,exposure,0,0.29595084649544456,0.9676363636363636,274.464,1.0,509.0,5081.0
weibo_gadbench,hgb_graph_features,1.0,0.9,exposure,1,0.2966467270222947,0.9800615384615385,272.528,1.0,509.0,5089.0
weibo_gadbench,hgb_graph_features,1.0,0.9,exposure,2,0.29063501964374183,0.9796717948717948,270.316,1.0,509.0,5088.0
weibo_gadbench,hgb_graph_features,1.0,0.9,exposure,3,0.3529082753421104,0.9736565656565656,299.024,1.0,509.0,5081.0
weibo_gadbench,hgb_graph_features,1.0,0.9,exposure,4,0.2912450274332249,0.9791384615384615,270.856,1.0,509.0,5089.0
weibo_gadbench,hgb_graph_features,1.0,0.9,exposure,5,0.27918563386055234,0.9574400000000001,267.404,1.0,508.0,5074.0
weibo_gadbench,hgb_graph_features,1.0,0.9,exposure,6,0.34102131743555736,0.9812849740932643,288.692,1.0,510.0,5094.0
weibo_gadbench,hgb_graph_features,1.0,0.9,exposure,7,0.26288593198147214,0.9739795918367348,260.116,1.0,509.0,5085.0
weibo_gadbench,hgb_graph_features,1.0,0.9,exposure,8,0.29949484975501683,0.9772371134020617,271.524,1.0,510.0,5091.0
weibo_gadbench,hgb_graph_features,1.0,0.9,exposure,9,0.30474164699429024,0.9798979591836734,277.12399999999997,1.0,509.0,5086.0
weibo_gadbench,hgb_graph_features,1.0,0.9,random,0,0.0706025962718527,0.7445252525252526,160.06,0.976,509.0,5081.0
weibo_gadbench,hgb_graph_features,1.0,0.9,random,1,0.10281304922371279,0.8251282051282051,180.724,1.0,509.0,5089.0
weibo_gadbench,hgb_graph_features,1.0,0.9,random,2,0.0826874821280805,0.7892307692307692,169.23200000000003,0.992,509.0,5088.0
weibo_gadbench,hgb_graph_features,1.0,0.9,random,3,0.07829282100494785,0.7368686868686869,160.08800000000002,0.9719999999999999,509.0,5081.0
weibo_gadbench,hgb_graph_features,1.0,0.9,random,4,0.06408947483164792,0.8320820512820513,174.07999999999998,1.0,509.0,5089.0
weibo_gadbench,hgb_graph_features,1.0,0.9,random,5,0.09611255885697947,0.8184799999999999,182.988,1.0,508.0,5074.0
weibo_gadbench,hgb_graph_features,1.0,0.9,random,6,0.09174549203926921,0.8138445595854924,174.24,1.0,510.0,5094.0
weibo_gadbench,hgb_graph_features,1.0,0.9,random,7,0.06900583745902134,0.8361836734693877,176.792,1.0,509.0,5085.0
weibo_gadbench,hgb_graph_features,1.0,0.9,random,8,0.10035672358166332,0.8225360824742267,178.668,0.9960000000000001,510.0,5091.0
weibo_gadbench,hgb_graph_features,1.0,0.9,random,9,0.09259145323091884,0.8214285714285715,178.692,0.9879999999999999,509.0,5086.0
weibo_gadbench,hgb_graph_features,1.0,0.97,exposure,0,0.27804198553502507,0.9541414141414142,267.97200000000004,1.0,153.0,5081.0
weibo_gadbench,hgb_graph_features,1.0,0.97,exposure,1,0.26041854026628186,0.9488615384615384,255.42,1.0,153.0,5089.0
weibo_gadbench,hgb_graph_features,1.0,0.97,exposure,2,0.25546056820920604,0.9413538461538462,253.42399999999998,0.992,153.0,5088.0
weibo_gadbench,hgb_graph_features,1.0,0.97,exposure,3,0.3220459906690934,0.9667272727272727,286.256,1.0,153.0,5081.0
weibo_gadbench,hgb_graph_features,1.0,0.97,exposure,4,0.24020949927915997,0.9483897435897435,249.848,1.0,153.0,5089.0
weibo_gadbench,hgb_graph_features,1.0,0.97,exposure,5,0.23360796787572222,0.9259000000000001,247.73200000000003,1.0,153.0,5074.0
weibo_gadbench,hgb_graph_features,1.0,0.97,exposure,6,0.31187191162076294,0.9716062176165803,277.592,1.0,153.0,5094.0
weibo_gadbench,hgb_graph_features,1.0,0.97,exposure,7,0.22451259475523755,0.9473265306122449,244.37600000000003,1.0,153.0,5085.0
weibo_gadbench,hgb_graph_features,1.0,0.97,exposure,8,0.2724792050891025,0.9504329896907215,258.548,1.0,153.0,5091.0
weibo_gadbench,hgb_graph_features,1.0,0.97,exposure,9,0.27318591388495383,0.9659795918367345,264.22799999999995,1.0,153.0,5086.0
weibo_gadbench,hgb_graph_features,1.0,0.97,random,0,0.055570714791972786,0.48884848484848487,107.796,0.624,153.0,5081.0
weibo_gadbench,hgb_graph_features,1.0,0.97,random,1,0.07192684168570049,0.5691897435897436,125.44000000000001,0.708,153.0,5089.0
weibo_gadbench,hgb_graph_features,1.0,0.97,random,2,0.06292711026438054,0.5537435897435898,120.44000000000001,0.692,153.0,5088.0
weibo_gadbench,hgb_graph_features,1.0,0.97,random,3,0.056882780335004476,0.5525050505050505,119.80799999999999,0.732,153.0,5081.0
weibo_gadbench,hgb_graph_features,1.0,0.97,random,4,0.05725798120035606,0.718851282051282,151.26,0.9119999999999999,153.0,5089.0
weibo_gadbench,hgb_graph_features,1.0,0.97,random,5,0.06843506950671645,0.61634,137.18800000000002,0.788,153.0,5074.0
weibo_gadbench,hgb_graph_features,1.0,0.97,random,6,0.06844463979926681,0.6223212435233161,133.26,0.784,153.0,5094.0
weibo_gadbench,hgb_graph_features,1.0,0.97,random,7,0.0516265764157526,0.6426122448979592,135.836,0.792,153.0,5085.0
weibo_gadbench,hgb_graph_features,1.0,0.97,random,8,0.07980820906440893,0.605340206185567,133.488,0.752,153.0,5091.0
weibo_gadbench,hgb_graph_features,1.0,0.97,random,9,0.06795970701018858,0.6256326530612245,135.664,0.792,153.0,5086.0
